Workbook

Sheet README
A1: Buccaneer — DPS Calculator: How to Use This Workbook
A3: How to use this workbook
A4: Only edit the yellow-highlighted cells on the Inputs sheet — every other sheet is computed from those values and will be overwritten if you rebuild the workbook.
A5: Summary shows Total DPS, a Per-Skill DPS Breakdown (damage-dealing skills only — buffs/passives that never deal their own damage are omitted), and a Marginal DPS & Stat Value table showing the DPS gained per +1 of each stat.
A6: Sensitivity has the full detail behind that marginal-value table — one self-contained block per stat, showing exactly how bumping that stat by +1 changes every downstream number.
A7: CubeData/PotentialCubes model your current gear's Potential Cube lines and drive cube-reroll expected-value decisions. For the full standalone Potential Cube EV calculator (exact optimal-stopping math, works from this workbook alone), see tools/potential_cubes_ev.py in the project repo.
A9: Design decisions & assumptions
A10: Shadow Heart, Quick Motion's AS component, Agile Knuckles, Dark Clarity, Knuckle Mastery, and Physical Training are always-on passives assumed to already be reflected in your own Inputs stat entries — only their Sensitivity marginal delta is modeled live, matching this project's established convention. Perseverance's own HP-regen has no DPS mechanic; its Mastery Lv.49 '+5% Attack when HP>=50%' needs HP tracking that doesn't exist anywhere in this project — not modeled, flagged. Admiral's Wings (damage-taken reduction) is purely defensive, not modeled. Mastery Lv.54 'Advanced Dash - Protection' references a skill absent from the entire skill overview list — flagged, unmodeled, no base skill to attach it to.
A11: This class has NO individual wiki pages at all (worse than Bishop) — every scaling skill's (baseDamage, factorIndex) is a FLAGGED ASSUMPTION derived from its single known level-1 value using the per-skill-type factorIndex convention, not a verified curve. Hook Bomber (basic attack) is the one exception, reusing the universal cross-class 4th-job-basic-attack constant (2900, 21). The Mastery table (Lv.12-138) IS real and confirmed — its discrete level-gated deltas are layered on top of the assumed base curves as genuine SkillMasteryBonus%/MasteryBossDamage% contributions.
A12: Sea Serpent Burst / Serpent Assault / Serpent Scale model Buccaneer's 'Assault Mode' resource economy (5 Serpent Scales -> 10s Assault Mode, swapping the basic-attack proc and adding +25% Final Damage) as a steady-state duty cycle, not an exact stack-gain/mode-toggle state machine — a documented approximation, reusing the existing ProcChance% machinery rather than inventing new state tracking. Because Corkscrew Blow (Lv.73+) costs its own action-slot time, unlocking it slightly *reduces* total DPS at that exact level boundary (verified numerically, not a bug) — it eats into Hook Bomber's own cast rate, which lowers Assault Mode uptime, and Serpent Assault loses more DPS from that than Corkscrew Blow itself adds.
A13: Octopunch + Sea Serpent's Rage + Raging Serpent Assault: Sea Serpent's Rage triggers unconditionally on every Octopunch cast (folded additively into Octopunch's own coefficient) plus its own extra-hits tick (Raging Serpent Assault) gated by the same Assault-Mode-uptime fraction above, since it only fires while in Assault Mode.
A14: Nautilus Strike (1950% dmg/15 targets/5 hits) is confirmed SHARED verbatim with Corsair (byte-identical wiki description) — a FLAGGED ASSUMPTION tuple (no cooldown stated anywhere either, 45s assumed by convention), reused directly by Corsair's own build rather than re-derived. Its own Mastery 'Nautilus Strike - Final Attack' (Lv.113, patched 15%->30% trigger chance, cooldown set to 1s) procs off basic attacks, modeled as its own row, same machinery as Bowmaster's Flash Mirage.
... A19: Not modeled (out of scope): all forms of crowd control (Corkscrew Blow's stun), Accuracy, Evasion, Defense, HP recovery, movement speed, and Companion Summoning Time.

Sheet Inputs
A1: Buccaneer — DPS Calculator Inputs
A3: Character Level | B3: 200
A4: Monster Type ("boss", "normal", "breakthrough", or "pvp") | B4: boss
A5: Flat ATTACK | B5: 10000
A6: ATTACK % | B6: 0
A7: Monster Defense (flat, post-x100/x10 scaling) | B7: 0
A8: CRIT_RATE % | B8: 0
A9: CRIT_DAMAGE % | B9: 0
A10: ATTACK_SPEED % (base, excludes Weapon Acceleration) | B10: 0
A11: Flat STR (include Iron Body's own +30 if unlocked) | B11: 0
A12: STR % | B12: 0
A13: DEX | B13: 0
A14: DAMAGE % | B14: 0
A15: DAMAGE_AMP % | B15: 0
A16: BASIC_ATTACK_DAMAGE % | B16: 0
... A28: Skill Level Bonus — All Skills | B28: 0
A30: Additional Bonuses
A31: Skill Cooldown Decrease (seconds, only skills/buffs the character actively casts) | B31: 0
A32: Basic Attack Target Increase (flat, adds to the 6-target normal-monster base) | B32: 1
A33: Buff Duration Increase % | B33: 0
A34: Companion Summoning Time Increase % (companions not modeled — always 0 DPS impact) | B34: 0
A35: Fixed Fight Duration (seconds, boss or normal — leave 0 for steady-state DPS; ignored for pvp) | B35: 0
A36: Chapter Breakthrough: Normal-Monster Weight % (only used when Monster Type = breakthrough) | B36: 60
A37: Max Enemies Actually In Range (normal monsters only; default 999 = uncapped) | B37: 999

Sheet FactorTable
A1: Level | B1: F0 | C1: F1 | D1: F2 | E1: F3 | F1: F4 | G1: F5 | H1: F6 | I1: F7 | J1: F8 | K1: F9 | L1: F10 | M1: F11 | N1: F12 | O1: F13 | P1: F14 | Q1: F15 | R1: F16 | S1: F17 | T1: F18 | U1: F19 | V1: F20 | W1: F21 | X1: F22 | Y1: F23
A2: 1 | B2: 0 | C2: 1000 | D2: 1000 | E2: 1000 | F2: 1000 | G2: 1000 | H2: 1000 | I2: 1000 | J2: 1000 | K2: 1000 | L2: 1000 | M2: 1000 | N2: 1000 | O2: 1000 | P2: 1000 | Q2: 1000 | R2: 1000 | S2: 1000 | T2: 1000 | U2: 1000 | V2: 1000 | W2: 1000 | X2: 1000 | Y2: 1000
A3: 2 | B3: 0 | C3: 1015 | D3: 1020 | E3: 1030 | F3: 1040 | G3: 1050 | H3: 1060 | I3: 1070 | J3: 1020 | K3: 1020 | L3: 1020 | M3: 1000 | N3: 1010 | O3: 1020 | P3: 1030 | Q3: 1040 | R3: 1050 | S3: 1060 | T3: 1070 | U3: 1080 | V3: 1010 | W3: 1008 | X3: 1006 | Y3: 1100
A4: 3 | B4: 0 | C4: 1031 | D4: 1041 | E4: 1061 | F4: 1082 | G4: 1103 | H4: 1124 | I4: 1145 | J4: 1030 | K4: 1041 | L4: 1030 | M4: 1000 | N4: 1015 | O4: 1030 | P4: 1045 | Q4: 1060 | R4: 1075 | S4: 1090 | T4: 1105 | U4: 1120 | V4: 1020 | W4: 1012 | X4: 1009 | Y4: 1150
A5: 4 | B5: 0 | C5: 1047 | D5: 1062 | E5: 1093 | F5: 1126 | G5: 1159 | H5: 1192 | I5: 1226 | J5: 1040 | K5: 1062 | L5: 1040 | M5: 1000 | N5: 1020 | O5: 1040 | P5: 1060 | Q5: 1080 | R5: 1100 | S5: 1120 | T5: 1140 | U5: 1160 | V5: 1030 | W5: 1016 | X5: 1012 | Y5: 1200
A6: 5 | B6: 0 | C6: 1063 | D6: 1084 | E6: 1126 | F6: 1172 | G6: 1217 | H6: 1264 | I6: 1312 | J6: 1050 | K6: 1084 | L6: 1050 | M6: 1000 | N6: 1025 | O6: 1050 | P6: 1075 | Q6: 1100 | R6: 1125 | S6: 1150 | T6: 1175 | U6: 1200 | V6: 1040 | W6: 1020 | X6: 1015 | Y6: 1250
A7: 6 | B7: 0 | C7: 1079 | D7: 1106 | E7: 1160 | F7: 1219 | G7: 1278 | H7: 1340 | I7: 1404 | J7: 1060 | K7: 1106 | L7: 1060 | M7: 1000 | N7: 1030 | O7: 1060 | P7: 1090 | Q7: 1120 | R7: 1150 | S7: 1180 | T7: 1210 | U7: 1240 | V7: 1050 | W7: 1024 | X7: 1018 | Y7: 1300
A8: 7 | B8: 0 | C8: 1096 | D8: 1129 | E8: 1195 | F8: 1268 | G8: 1342 | H8: 1421 | I8: 1503 | J8: 1070 | K8: 1129 | L8: 1070 | M8: 1000 | N8: 1035 | O8: 1070 | P8: 1105 | Q8: 1140 | R8: 1175 | S8: 1210 | T8: 1245 | U8: 1280 | V8: 1060 | W8: 1028 | X8: 1021 | Y8: 1350
A9: 8 | B9: 0 | C9: 1113 | D9: 1152 | E9: 1231 | F9: 1319 | G9: 1410 | H9: 1507 | I9: 1609 | J9: 1080 | K9: 1152 | L9: 1080 | M9: 1000 | N9: 1040 | O9: 1080 | P9: 1120 | Q9: 1160 | R9: 1200 | S9: 1240 | T9: 1280 | U9: 1320 | V9: 1070 | W9: 1032 | X9: 1024 | Y9: 1400
A10: 9 | B10: 0 | C10: 1130 | D10: 1176 | E10: 1268 | F10: 1372 | G10: 1481 | H10: 1598 | I10: 1722 | J10: 1090 | K10: 1176 | L10: 1090 | M10: 1000 | N10: 1045 | O10: 1090 | P10: 1135 | Q10: 1180 | R10: 1225 | S10: 1270 | T10: 1315 | U10: 1360 | V10: 1080 | W10: 1036 | X10: 1027 | Y10: 1450
A11: 10 | B11: 0 | C11: 1147 | D11: 1200 | E11: 1307 | F11: 1427 | G11: 1556 | H11: 1694 | I11: 1843 | J11: 1100 | K11: 1200 | L11: 1100 | M11: 1000 | N11: 1050 | O11: 1100 | P11: 1150 | Q11: 1200 | R11: 1250 | S11: 1300 | T11: 1350 | U11: 1400 | V11: 1090 | W11: 1040 | X11: 1030 | Y11: 1500
A12: 11 | B12: 0 | C12: 1165 | D12: 1224 | E12: 1347 | F12: 1485 | G12: 1634 | H12: 1796 | I12: 1973 | J12: 1110 | K12: 1224 | L12: 1110 | M12: 1000 | N12: 1055 | O12: 1110 | P12: 1165 | Q12: 1220 | R12: 1275 | S12: 1330 | T12: 1385 | U12: 1440 | V12: 1100 | W12: 1044 | X12: 1033 | Y12: 1550
A13: 12 | B13: 0 | C13: 1183 | D13: 1249 | E13: 1388 | F13: 1545 | G13: 1716 | H13: 1904 | I13: 2112 | J13: 1120 | K13: 1249 | L13: 1120 | M13: 1000 | N13: 1060 | O13: 1120 | P13: 1180 | Q13: 1240 | R13: 1300 | S13: 1360 | T13: 1420 | U13: 1480 | V13: 1110 | W13: 1048 | X13: 1036 | Y13: 1600
... A301: 300 | B301: 0 | C301: 88573 | D301: 381637 | E301: 6991522 | F301: 125363453 | G301: 2185120762 | H301: 37157073039 | I301: 614631863830 | J301: 2000 | K301: 53326 | L301: 2500 | M301: 1100 | N301: 2500 | O301: 4000 | P301: 5500 | Q301: 7000 | R301: 8500 | S301: 10000 | T301: 11500 | U301: 13000 | V301: 7558 | W301: 2200 | X301: 1900 | Y301: 8800

Sheet Skills
A1: Key | B1: Name | C1: JobStep | D1: Cooldown(s) | E1: CostsActionSlot | F1: ActionsPerCast | G1: HitsPerCast | H1: ICD(s) | I1: ActiveWindow(s) | J1: ProcChance% | K1: RollsPerCast | L1: BaseDamage(tenths%) | M1: FactorIndex | N1: ScalesWithLevel | O1: SkillMasteryBonus% | P1: MasteryBossDamage% | Q1: MasteryNormalDamage% | R1: NormalMonsterTargets | S1: BuffTargetStat | T1: BuffDuration(s) | U1: MapleHeroBase(tenths%) | V1: MapleHeroFactorIndex | W1: Note
A2: HOOK_BOMBER | B2: Hook Bomber | C2: 4 | E2: FALSE | F2: 1 | G2: =IF(Inputs!$B$3>=136,6,5) | H2: 0 | I2: 0 | J2: 100 | K2: 1 | L2: 2900 | M2: 21 | N2: TRUE | O2: =SUMPRODUCT((Inputs!$B$3>={102,106,116,120,128,132})*{10,1,1,1,1,1}) | P2: =SUMPRODUCT((Inputs!$B$3>={111,124})*{10,10}) | Q2: 0 | R2: =6+Inputs!$B$32 | T2: 0 | W2: 4th-job basic-attack effect (supersedes Somersault Kick/Shotgun Punch/Turning Kick, confirmed identical wiki wording — 290% damage to 6 target(s) in front 5 time(s) — to every other class's own 4th-job basic attack). factorIndex 21, baseDamage 2900 tenths%. HitsPerCast=5, bumping to 6 once Mastery Lv.136 'Hook Bomber - Strike' unlocks. Real Damage mastery chain (102/106/116/120/128/132, DELTAS not cumulative) and Boss Monster Damage chain (111/124, +10% each) — same level breakpoints as Hero's own Hook Bomber chain. No 'Final Attack' skill exists anywhere in Buccaneer's own kit, so unlike Hero/Dark Knight/Bowmaster/Marksman there is no two-stage Final-Attack-folding helper needed here.
A3: SEA_SERPENT_BURST | B3: Sea Serpent Burst | C3: 2 | E3: FALSE | F3: 1 | G3: 2 | H3: 0 | I3: 0 | J3: =100*(1-((10+IF(Inputs!$B$3>=94,5,0))/((10+IF(Inputs!$B$3>=94,5,0))+5/(Summary!$B$63*(1+IF(Inputs!$B$3>=104,1,0)))))) | K3: 1 | L3: 1300 | M3: 12 | N3: TRUE | O3: 0 | P3: 0 | Q3: 0 | R3: 5 | T3: 0 | W3: FLAGGED ASSUMPTION (no individual wiki page exists — only the level-1 value is known): 'When attacking with Basic Attack, Sea Serpent's waves spread...to deal 130% additional damage to 5 target(s) in front 2 time(s).' factorIndex 12 (burst convention), baseDamage 1300 tenths%. PATCHED: 40% chance -> guaranteed on basic attack. Modeled as the 'out of Assault Mode' half of this project's own Assault-Mode duty-cycle approximation (see assault_uptime_expr) — ProcChance% below is set to 100*(1-uptime), reusing the existing ProcProbability machinery to represent 'fraction of basic attacks NOT spent in Assault Mode' rather than a flat RNG chance. Greater Sea Serpent I (a slottable upgrade skill, not a mastery-table row — assumed always-equipped once unlocked, same convention as every other permanent passive-if-equipped skill in this project) changes targets to 7 and damage to 430% — folded directly into this row's own baseDamage/targets rather than modeled as a separate row, since it's a straight replacement of Sea Serpent Burst's own numbers, not an additive bonus.
A4: SERPENT_ASSAULT | B4: Serpent Assault | C4: 2 | E4: FALSE | F4: 1 | G4: 3 | H4: 0 | I4: 0 | J4: =100*((10+IF(Inputs!$B$3>=94,5,0))/((10+IF(Inputs!$B$3>=94,5,0))+5/(Summary!$B$63*(1+IF(Inputs!$B$3>=104,1,0))))) | K4: 1 | L4: 4800 | M4: 12 | N4: TRUE | O4: 0 | P4: 0 | Q4: 0 | R4: 12 | T4: 0 | U4: 600 | V4: 23 | W4: FLAGGED ASSUMPTION (no individual wiki page exists): 'When attacking with Basic Attack in Assault Mode, activates instead of Sea Serpent Burst to deal 480% additional damage to 12 nearby target(s) 3 time(s).' factorIndex 12, baseDamage 4800 tenths%. ProcChance% below is set to 100*uptime (see assault_uptime_expr) — the complementary half of Sea Serpent Burst's own duty-cycle split. Greater Sea Serpent II (slottable upgrade, assumed always-equipped once unlocked) adds +100% Final Damage and more targets ('spreads farther', exact new target count not stated anywhere on the wiki) — the +100% FD is folded in as a flat x2 multiplier baked into this row's own baseDamage (4800 already reflects it: raw level-1 value would be 2400, doubled here) since the target-count increase has no stated number to use. Maple Hero target (own confirmed 60% share, ratio 1.0) — see MAPLE_HERO_RATIOS.
A5: SERPENT_SCALE_FD | B5: Serpent Scale (Assault Mode Final Damage) | C5: 2 | E5: FALSE | F5: 1 | G5: 1 | H5: 0 | I5: 0 | J5: 100 | K5: 1 | L5: 250 | M5: 22 | N5: TRUE | O5: 0 | P5: 0 | Q5: 0 | R5: 0 | S5: FINAL_DAMAGE | T5: 0 | W5: FLAGGED ASSUMPTION (no individual wiki page exists): '[5 Serpent Scales Required] Consumes all Serpent Scales to enter Assault Mode...increases Final Damage by 25%.' factorIndex 22, baseDamage 250 tenths%. Modeled as active for exactly the assault_uptime_expr() fraction of the time (NOT the standard cooldown-driven buff_uptime() helper — this is a resource-stack economy, not a player cooldown, same category of deviation as Bowmaster's own AS-scaled Quiver Cartridge cooldown). The OTHER stated effect ('[Serpent Scale in Slot] when Sea Serpent Burst is activated, obtains Serpent Scale and increases Final Damage by 2%, stacks up to 5 times' — a SEPARATE, smaller FD buff active BEFORE reaching Assault Mode) is NOT modeled — stacking an approximation on top of an already-approximated resource economy was judged out of scope for this session.
A6: CORKSCREW_BLOW | B6: Corkscrew Blow | C6: 3 | D6: 20 | E6: TRUE | F6: 1 | G6: 2 | H6: 0 | I6: 0 | J6: 100 | K6: 1 | L6: 3400 | M6: 12 | N6: TRUE | O6: =SUMPRODUCT((Inputs!$B$3>={73})*{80}) | P6: 0 | Q6: 0 | R6: 7 | T6: 0 | W6: FLAGGED ASSUMPTION (no individual wiki page exists, no cooldown stated anywhere on the wiki either — 20s assumed by convention matching similarly-shaped 3rd-job burst skills elsewhere in this project): 'Charges to the front...to deal 340% damage to 7 target(s) 2 time(s) and stun them' (stun not modeled). factorIndex 12, baseDamage 3400 tenths%. Mastery Lv.73 'Corkscrew Blow - Damage' +80% (real SkillMasteryBonus%). CONFIRMED, EXPLAINED level-boundary DPS DIP at unlock (Lv.63, not a bug): this skill's own CostsActionSlot=True consumes basic-attack action-slot time, lowering Hook Bomber's own cast rate (Summary!$B$R_BAPS) — which the Assault-Mode duty cycle (assault_uptime_expr) is inversely sensitive to, since regen_time=5/(BAPS*scalesPerProc) grows as BAPS shrinks. Because Serpent Assault (riding on that same uptime) deals far more DPS than Corkscrew Blow itself adds, the net effect at Lv.63 is a small TOTAL DPS decrease versus Lv.62 — verified directly (Lv.62: 153242 total, uptime 0.6667; Lv.63: 148737 total, uptime 0.6552, Corkscrew Blow's own +5476 outweighed by Serpent Assault's -9725 and Sea Serpent Burst's -256). A genuine emergent consequence of the resource-economy approximation interacting with the shared action-slot budget, not a coding error — flagged explicitly here rather than silently accepted or hidden, per this project's own level-boundary-sweep rigor bar.
A7: OCTOPUNCH | B7: Octopunch | C7: 4 | D7: 15 | E7: TRUE | F7: 1 | G7: =3+IF(OR(Inputs!$B$4="boss",Inputs!$B$4="pvp"),2,0) | H7: 0 | I7: 0 | J7: 100 | K7: 1 | L7: 9000 | M7: 12 | N7: TRUE | O7: =SUMPRODUCT((Inputs!$B$3>={108})*{50}) | P7: 0 | Q7: 0 | R7: 4 | T7: 0 | W7: FLAGGED ASSUMPTION (no individual wiki page exists, no cooldown stated — 15s assumed by convention matching similarly-shaped 4th-job burst skills elsewhere): 'Throws a series of punches to deal 900% damage to 4 target(s) in front 3 time(s).' factorIndex 12, baseDamage 9000 tenths%. Mastery Lv.108 'Octopunch - Damage' +50% (real SkillMasteryBonus%). The skill's own 'if the target is a boss, deals the same damage 2 more time(s)' clause is modeled via HitsPerCast (see below), NOT via this row's own NormalMonsterTargets field.
A8: SEA_SERPENTS_RAGE | B8: Sea Serpent's Rage | C8: 4 | D8: 15 | E8: FALSE | F8: 1 | G8: 2 | H8: 0 | I8: 0 | J8: 100 | K8: 1 | L8: 17000 | M8: 12 | N8: TRUE | O8: 0 | P8: 0 | Q8: 0 | R8: 8 | T8: 0 | W8: FLAGGED ASSUMPTION (no individual wiki page exists): 'When Octopunch is activated, a Sea Serpent appears and deals 1700% additional damage to 8 target(s) in front 2 time(s)' — UNCONDITIONAL on every Octopunch cast (own damage-taken-increase debuff on hit targets, 15% for 5s, not modeled). Modeled as its own row sharing Octopunch's own Cooldown(s) value with CostsActionSlot=False and effectively guaranteed (ProcChance 100, RollsPerCast 1) — same 'shares parent's cast timing, doesn't double-count in the action economy' pattern as Hero's own PUNCTURE_WOUND sharing PUNCTURE's cooldown, chosen over folding into Octopunch's own coefficient because the two skills' target counts/hit counts differ (4/3 vs 8/2) and coefficient-folding assumes a shared target/hit shape. factorIndex 12, baseDamage 17000 tenths%.
A9: RAGING_SERPENT_ASSAULT | B9: Raging Serpent Assault | C9: 4 | D9: 15 | E9: FALSE | F9: 1 | G9: 1 | H9: 1 | I9: 5 | J9: =100*((10+IF(Inputs!$B$3>=94,5,0))/((10+IF(Inputs!$B$3>=94,5,0))+5/(Summary!$B$63*(1+IF(Inputs!$B$3>=104,1,0))))) | K9: 1 | L9: 13000 | M9: 12 | N9: TRUE | O9: 0 | P9: 0 | Q9: 0 | R9: 9 | T9: 0 | W9: FLAGGED ASSUMPTION (no individual wiki page exists): 'When attacking with Sea Serpent's Rage in Assault Mode, calls upon an enraged Sea Serpent...to deal 1300% damage to 9 nearby target(s) every 1 sec' for 5 sec (EffectiveHits = ActiveWindow/ICD = 5 ticks/cast). Shares SEA_SERPENTS_RAGE's own Cooldown(s) (same cast timing, CostsActionSlot=False) — gated ADDITIONALLY by the SAME Assault-Mode-uptime fraction as SEA_SERPENT_BURST/SERPENT_ASSAULT (ProcChance% = 100*uptime, see assault_uptime_expr) since this effect only fires while in Assault Mode, on top of Sea Serpent's Rage's own already-guaranteed trigger. factorIndex 12, baseDamage 13000 tenths%.
A10: NAUTILUS_STRIKE | B10: Nautilus Strike | C10: 4 | D10: 45 | E10: TRUE | F10: 1 | G10: 5 | H10: 0 | I10: 0 | J10: 100 | K10: 1 | L10: 19500 | M10: 12 | N10: TRUE | O10: 0 | P10: 0 | Q10: 0 | R10: 15 | T10: 0 | W10: FLAGGED ASSUMPTION (no individual wiki page exists, no cooldown stated — 45s assumed by convention matching similarly-shaped big single-cast 4th-job nukes elsewhere): 'Orders the Nautilus to attack to deal 1950% damage to 15 nearby target(s) 5 time(s).' factorIndex 12, baseDamage 19500 tenths%. CONFIRMED SHARED VERBATIM WITH CORSAIR (byte-identical wiki description on both classes' overview pages) — Corsair's own build should reuse this exact (19500, 12) tuple directly rather than re-deriving it.
A11: NAUTILUS_FINAL_ATTACK | B11: Nautilus Strike - Final Attack | C11: 4 | D11: 1 | E11: FALSE | F11: 1 | G11: 1 | H11: 0 | I11: 0 | J11: 30 | K11: 1 | L11: 8500 | M11: 21 | N11: TRUE | O11: 0 | P11: 0 | Q11: 0 | R11: 1 | T11: 0 | W11: Mastery Lv.113 proc, not a base skill: '[Nautilus Strike in Slot] When attacking, deals 850% additional damage' — PATCHED: trigger chance 15%->30%, 'cooldown set to 1s' (both baked in directly: ProcChance%=30, Cooldown(s)=1). Triggers off basic attacks generically (same Cooldown+ProcChance-gated machinery as Bowmaster's own Flash Mirage), CostsActionSlot=False so it doesn't compete with Hook Bomber's own action economy. factorIndex 21 (Final-Attack-style convention, matching every other 'additional damage on attack' proc in this project), baseDamage 8500 tenths%. Gated at Lv.113 (the mastery's own unlock level, not Nautilus Strike's base unlock) since the proc doesn't exist until this specific mastery tier is slotted.
A12: MAPLE_HERO_HELPER | B12: Maple Hero (helper) | C12: 4 | E12: FALSE | F12: 1 | G12: 1 | H12: 0 | I12: 0 | J12: 100 | K12: 1 | L12: 600 | M12: 23 | N12: TRUE | O12: 0 | P12: 0 | Q12: 0 | R12: 0 | T12: 0 | W12: Shared ratio-feeder row (see MAPLE_HERO_RATIOS) for Serpent Assault's own Final Damage chain — mirrors every other class's own Maple Hero mechanism. FLAGGED ASSUMPTION: the wiki's own source text for this row is genuinely TRUNCATED mid-sentence ('Serpent Assault 60%, Corkscrew...') and no individual Maple_Hero_(Buccaneer) page exists to confirm a real growth curve — factorIndex 23 assumed by convention (matches the universal Maple Hero 'growth-reduction after Lv.120' shape confirmed on every other class), baseDamage 600 tenths% anchored to the one confirmed level-1 value (60%). Corkscrew Blow's own share and a likely third buffed skill are completely unmodeled — a known incomplete gap, not guessed, per direct user decision. No independent DPS row of its own (Calc columns J-N blank/0, only D/E/F computed, read directly by Serpent Assault's own K-column formula).
A13: ROLL_OF_THE_DICE_DICE | B13: Roll of the Dice (dice component) | C13: 2 | E13: FALSE | F13: 1 | G13: 1 | H13: 0 | I13: 0 | J13: 100 | K13: 1 | L13: 25 | M13: 0 | N13: FALSE | O13: 0 | P13: 0 | Q13: 0 | R13: 0 | S13: ATTACK | T13: 0 | W13: FLAGGED ASSUMPTION (no individual wiki page exists, no cooldown stated): 'Rolls a six-sided die every 7 sec to increase Attack by 0-5% in proportion to the number on the die for 5 sec.' The flat, unconditional '+20% Attack' base effect of this same skill is Magic-Critical-pattern (assumed already reflected in your own Inputs!ATTACK_PCT, see PASSIVE_DELTA_SLOT) — this row models ONLY the random dice component, approximated at its average roll (2.5%, the midpoint of 0-5%) treated as an always-active flat bonus once unlocked, rather than an actual RNG/duty-cycle process (the 'no repeat within 30s' rule and the 7s-roll/5s-duration timing are not modeled). factorIndex 0 (non-scaling placeholder — no data exists on whether the 0-5% range itself grows with level), baseDamage 25 tenths%.
A14: CROSSBONES_FD | B14: Crossbones | C14: 4 | E14: FALSE | F14: 1 | G14: 1 | H14: 0 | I14: 0 | J14: 100 | K14: 1 | L14: 100 | M14: 22 | N14: TRUE | O14: 0 | P14: 0 | Q14: 0 | R14: 0 | S14: FINAL_DAMAGE | T14: 0 | W14: FLAGGED ASSUMPTION (no individual wiki page exists, no cooldown/duration mechanics stated beyond 'for 12 sec' — modeled as always-active steady-state once unlocked rather than duty-cycled, since no cooldown is known to compute a real uptime fraction): 'Increases Final Damage by 10% and Defense Penetration by 5% for 12 sec.' Only the Final Damage component is modeled — this project has no live per-skill Defense-Penetration-bucket mechanism anywhere to reuse (Def Pen is normally a static Inputs field with its own diminishing-returns formula, not something a skill can contribute to live). factorIndex 22, baseDamage 100 tenths%.
A15: TIME_LEAP_FD | B15: Time Leap | C15: 4 | E15: FALSE | F15: 1 | G15: 1 | H15: 0 | I15: 0 | J15: 100 | K15: 1 | L15: 150 | M15: 22 | N15: TRUE | O15: 0 | P15: 0 | Q15: 0 | R15: 0 | S15: FINAL_DAMAGE | T15: 0 | W15: FLAGGED ASSUMPTION (no individual wiki page exists, no real cooldown stated beyond 'a 12-sec cooldown is applied at the start of battle when this skill is in slot' — modeled as always-active steady-state once unlocked after that initial delay, since no repeat-cast cooldown is known): 'Instantly decreases the cooldown of Active Skills by 50% and increases Final Damage by 30% for 40 sec.' PATCHED: Final Damage 30%->15% (a nerf) — modeled value already reflects the patch. The cooldown-reduction-for-other-skills effect is not modeled (no mechanic exists in this project for one skill's cooldown to modify another's). factorIndex 22, baseDamage 150 tenths% (already the patched 15%).
A16: SHADOW_HEART | B16: Shadow Heart | C16: 1 | E16: FALSE | F16: 1 | G16: 1 | H16: 0 | I16: 0 | J16: 100 | K16: 1 | L16: 50 | M16: 22 | N16: TRUE | O16: 0 | P16: 0 | Q16: 0 | R16: 0 | S16: CRIT_RATE | T16: 0 | W16: Magic Critical pattern — already baked into Inputs!CRIT_RATE%; feeds the 1st-Job Skill Level Bonus delta. FLAGGED ASSUMPTION (no individual wiki page exists): 'Increases Critical Rate by 5%.' factorIndex 22, baseDamage 50 tenths%.
A17: QUICK_MOTION | B17: Quick Motion | C17: 1 | E17: FALSE | F17: 1 | G17: 1 | H17: 0 | I17: 0 | J17: 100 | K17: 1 | L17: 60 | M17: 22 | N17: TRUE | O17: 0 | P17: 0 | Q17: 0 | R17: 0 | S17: ATTACK_SPEED | T17: 0 | W17: Magic Critical pattern — already baked into Inputs!ATTACK_SPEED%; feeds the 1st-Job Skill Level Bonus delta. FLAGGED ASSUMPTION (no individual wiki page exists): 'Increases Attack Speed by 6% and Speed by 8%' (Speed component not modeled). Unlike every other class in this project, Buccaneer has NO Nimble-Feet-style live AS buff at all — Quick Motion is a flat passive instead, confirmed by its own overview text having no duration/cooldown language whatsoever (unlike Nimble Feet's explicit 'for 15 sec'). factorIndex 22, baseDamage 60 tenths%.
A18: AGILE_KNUCKLES | B18: Agile Knuckles | C18: 2 | E18: FALSE | F18: 1 | G18: 1 | H18: 0 | I18: 0 | J18: 100 | K18: 1 | L18: 50 | M18: 22 | N18: TRUE | O18: =SUMPRODUCT((Inputs!$B$3>={44})*{7}) | P18: 0 | Q18: 0 | R18: 0 | S18: ATTACK_SPEED | T18: 0 | W18: Magic Critical pattern — already baked into Inputs!ATTACK_SPEED%; feeds the 2nd-Job Skill Level Bonus delta. FLAGGED ASSUMPTION (no individual wiki page exists): 'Increases Attack Speed by 5%.' factorIndex 22, baseDamage 50 tenths%. Mastery Lv.44 'Agile Knuckles - Speed' +7 (percentage points, real SkillMasteryBonus%).
A19: DARK_CLARITY | B19: Dark Clarity | C19: 2 | E19: FALSE | F19: 1 | G19: 1 | H19: 0 | I19: 0 | J19: 100 | K19: 1 | L19: 120 | M19: 22 | N19: TRUE | O19: 0 | P19: 0 | Q19: 0 | R19: 0 | S19: ATTACK | T19: 0 | W19: Magic Critical pattern — already baked into Inputs!ATTACK_PCT (folds into the attack_mult delta bucket, same slot as Shadower's own Channel Karma/Bowmaster's own Soul Arrow: Bow). FLAGGED ASSUMPTION (no individual wiki page exists): 'Increases Attack by 12%.' factorIndex 22, baseDamage 120 tenths%.
A20: KNUCKLE_MASTERY | B20: Knuckle Mastery | C20: 2 | E20: FALSE | F20: 1 | G20: 1 | H20: 0 | I20: 0 | J20: 100 | K20: 1 | L20: 150 | M20: 22 | N20: TRUE | O20: 0 | P20: 0 | Q20: 0 | R20: 0 | S20: MIN_DAMAGE | T20: 0 | W20: Magic Critical pattern — already baked into Inputs!MIN_DAMAGE%; feeds the 2nd-Job Skill Level Bonus delta. FLAGGED ASSUMPTION (no individual wiki page exists): 'Increases Min Damage Multiplier by 15%.' factorIndex 22, baseDamage 150 tenths%.
A21: PHYSICAL_TRAINING | B21: Physical Training | C21: 2 | E21: FALSE | F21: 1 | G21: 1 | H21: 0 | I21: 0 | J21: 100 | K21: 1 | L21: 100 | M21: 22 | N21: TRUE | O21: 0 | P21: 0 | Q21: 0 | R21: 0 | S21: BASIC_ATTACK_DAMAGE | T21: 0 | W21: Magic Critical pattern — already baked into Inputs!BASIC_ATTACK_DAMAGE%; feeds the 2nd-Job Skill Level Bonus delta. FLAGGED ASSUMPTION (no individual wiki page exists, though byte-identical wording to every other class's own Physical Training): 'Increases Basic Attack Damage by 10%.' factorIndex 22, baseDamage 100 tenths%.
A22: GROGGY_MASTERY_FD | B22: Groggy Mastery | C22: 2 | E22: FALSE | F22: 1 | G22: 1 | H22: 0 | I22: 0 | J22: 100 | K22: 1 | L22: 80 | M22: 22 | N22: TRUE | O22: 0 | P22: 0 | Q22: 0 | R22: 0 | S22: FINAL_DAMAGE | T22: 0 | W22: PATCHED — a mechanic-TYPE change, not just a number: pre-patch text reads 'Increases Status Effect Damage by 15% and damage by 25%' (generic damage bucket); the patch changes the second clause to 'Final Damage +8%' specifically. Modeled as +8% Final Damage per the patch (Status Effect Damage component not modeled, no such mechanic exists in this project). Magic Critical pattern — already baked into Inputs!FINAL_DAMAGE%; feeds the 2nd-Job Skill Level Bonus delta. FLAGGED ASSUMPTION (no individual wiki page exists). factorIndex 22, baseDamage 80 tenths% (already the patched 8%).

Sheet Calc
A1: Key | B1: Name | C1: Unlocked | D1: InputLevel | E1: Factor | F1: CoefficientPercent | G1: EffectiveHits | H1: ProcProbability | I1: MapleHeroMultiplier | J1: BaseDamage | K1: BaseHitDamage | L1: NonCritAvg | M1: CritAvg | N1: ExpectedDamage(perHit) | O1: DPS | P1: % of Total | Q1: InvCooldown | R1: CastsInFight | S1: HitRate(perSec)
A2: =Skills!A2 | B2: =Skills!B2 | C2: =Inputs!$B$3>=100 | F2: =Summary!$B$54+Skills!O2 | G2: =Skills!G2*IF(Skills!H2>0,Skills!I2/Skills!H2,1) | H2: =1-(1-Skills!J2/100)^Skills!K2 | I2: 1 | J2: =Summary!$B$50*(F2/100) | K2: =J2*(1+Summary!$B$51/100)*(1+Inputs!$B$14/100)*(1+IF(Inputs!$B$4="pvp",0,(1-Summary!$B$55)*(Inputs!$B$19+Skills!P2+Summary!$B$59)+Summary!$B$55*(Inputs!$B$20+Skills!Q2+Summary!$B$59))/100)*(1+Inputs!$B$15/100)*(5000/(6000+Inputs!$B$7*(1-Inputs!$B$18/100)))*(1+(Inputs!$B$23+Summary!$B$65)/100)*(1+(IF(Skills!A2="HOOK_BOMBER",Inputs!$B$16,Inputs!$B$17))/100)*(Summary!$B$57*I2) | L2: =K2*(MIN(Inputs!$B$21,Inputs!$B$22)/100+Inputs!$B$22/100)/2 | M2: =L2*(1+(Inputs!$B$9+Summary!$B$64)/100) | N2: =L2*(1-MIN((Inputs!$B$8+Summary!$B$58),100)/100)+M2*(MIN((Inputs!$B$8+Summary!$B$58),100)/100) | O2: =IF(C2,Skills!G2*N2*Summary!$B$63*IF(Inputs!$B$4="pvp",1,(1-Summary!$B$55)*(1)+Summary!$B$55*(MIN(Skills!R2,Inputs!$B$37))),0) | P2: =IF(Summary!$B$3=0,0,O2/Summary!$B$3) | Q2: 0 | R2: 0 | S2: =IFERROR(O2/N2,0)
A3: =Skills!A3 | B3: =Skills!B3 | C3: =Inputs!$B$3>=35 | D3: =IF(Skills!C3=1,60+Inputs!$B$24+Inputs!$B$28,IF(Skills!C3=2,90+Inputs!$B$25+Inputs!$B$28,IF(Skills!C3=3,120+Inputs!$B$26+Inputs!$B$28,MAX(0,(Inputs!$B$3-100)*3)+Inputs!$B$27+Inputs!$B$28))) | E3: =INDEX(FactorTable!$B$2:$Y$301, MATCH(ROUND(MIN(300,MAX(1,D3)),0), FactorTable!$A$2:$A$301,0), Skills!M3+1) | F3: =IF(Skills!N3=TRUE,(Skills!L3/10)*(E3/1000),Skills!L3/10)+Skills!O3 | G3: =Skills!G3*IF(Skills!H3>0,Skills!I3/Skills!H3,1) | H3: =1-(1-Skills!J3/100)^Skills!K3 | I3: 1 | J3: =Summary!$B$50*(F3/100) | K3: =J3*(1+Summary!$B$51/100)*(1+Inputs!$B$14/100)*(1+IF(Inputs!$B$4="pvp",0,(1-Summary!$B$55)*(Inputs!$B$19+Skills!P3+Summary!$B$59)+Summary!$B$55*(Inputs!$B$20+Skills!Q3+Summary!$B$59))/100)*(1+Inputs!$B$15/100)*(5000/(6000+Inputs!$B$7*(1-Inputs!$B$18/100)))*(1+(Inputs!$B$23+Summary!$B$65)/100)*(1+(IF(Skills!A3="HOOK_BOMBER",Inputs!$B$16,Inputs!$B$17))/100)*(Summary!$B$57*I3) | L3: =K3*(MIN(Inputs!$B$21,Inputs!$B$22)/100+Inputs!$B$22/100)/2 | M3: =L3*(1+(Inputs!$B$9+Summary!$B$64)/100) | N3: =L3*(1-MIN((Inputs!$B$8+Summary!$B$58),100)/100)+M3*(MIN((Inputs!$B$8+Summary!$B$58),100)/100) | O3: =IF(C3,Skills!G3*H3*N3*Summary!$B$63*IF(Inputs!$B$4="pvp",1,(1-Summary!$B$55)*(1)+Summary!$B$55*(MIN(Skills!R3,Inputs!$B$37))),0) | P3: =IF(Summary!$B$3=0,0,O3/Summary!$B$3) | Q3: 0 | R3: 0 | S3: =IFERROR(O3/N3,0)
A4: =Skills!A4 | B4: =Skills!B4 | C4: =Inputs!$B$3>=60 | D4: =IF(Skills!C4=1,60+Inputs!$B$24+Inputs!$B$28,IF(Skills!C4=2,90+Inputs!$B$25+Inputs!$B$28,IF(Skills!C4=3,120+Inputs!$B$26+Inputs!$B$28,MAX(0,(Inputs!$B$3-100)*3)+Inputs!$B$27+Inputs!$B$28))) | E4: =INDEX(FactorTable!$B$2:$Y$301, MATCH(ROUND(MIN(300,MAX(1,D4)),0), FactorTable!$A$2:$A$301,0), Skills!M4+1) | F4: =IF(Skills!N4=TRUE,(Skills!L4/10)*(E4/1000),Skills!L4/10)+Skills!O4 | G4: =Skills!G4*IF(Skills!H4>0,Skills!I4/Skills!H4,1) | H4: =1-(1-Skills!J4/100)^Skills!K4 | I4: 1 | J4: =Summary!$B$50*(F4/100) | K4: =J4*(1+Summary!$B$51/100)*(1+Inputs!$B$14/100)*(1+IF(Inputs!$B$4="pvp",0,(1-Summary!$B$55)*(Inputs!$B$19+Skills!P4+Summary!$B$59)+Summary!$B$55*(Inputs!$B$20+Skills!Q4+Summary!$B$59))/100)*(1+Inputs!$B$15/100)*(5000/(6000+Inputs!$B$7*(1-Inputs!$B$18/100)))*(1+(Inputs!$B$23+Summary!$B$65)/100)*(1+1.0*IF(C12=TRUE,F12,0)/100)*(1+(IF(Skills!A4="HOOK_BOMBER",Inputs!$B$16,Inputs!$B$17))/100)*(Summary!$B$57*I4) | L4: =K4*(MIN(Inputs!$B$21,Inputs!$B$22)/100+Inputs!$B$22/100)/2 | M4: =L4*(1+(Inputs!$B$9+Summary!$B$64)/100) | N4: =L4*(1-MIN((Inputs!$B$8+Summary!$B$58),100)/100)+M4*(MIN((Inputs!$B$8+Summary!$B$58),100)/100) | O4: =IF(C4,Skills!G4*H4*N4*Summary!$B$63*IF(Inputs!$B$4="pvp",1,(1-Summary!$B$55)*(1)+Summary!$B$55*(MIN(Skills!R4,Inputs!$B$37))),0) | P4: =IF(Summary!$B$3=0,0,O4/Summary!$B$3) | Q4: 0 | R4: 0 | S4: =IFERROR(O4/N4,0)
A5: =Skills!A5 | B5: =Skills!B5 | C5: =Inputs!$B$3>=60 | D5: =IF(Skills!C5=1,60+Inputs!$B$24+Inputs!$B$28,IF(Skills!C5=2,90+Inputs!$B$25+Inputs!$B$28,IF(Skills!C5=3,120+Inputs!$B$26+Inputs!$B$28,MAX(0,(Inputs!$B$3-100)*3)+Inputs!$B$27+Inputs!$B$28))) | E5: =INDEX(FactorTable!$B$2:$Y$301, MATCH(ROUND(MIN(300,MAX(1,D5)),0), FactorTable!$A$2:$A$301,0), Skills!M5+1) | F5: =IF(Skills!N5=TRUE,(Skills!L5/10)*(E5/1000),Skills!L5/10)+Skills!O5 | G5: =Skills!G5*IF(Skills!H5>0,Skills!I5/Skills!H5,1) | H5: =1-(1-Skills!J5/100)^Skills!K5 | I5: 1 | O5: 0 | P5: =IF(Summary!$B$3=0,0,O5/Summary!$B$3) | Q5: 0 | R5: 0 | S5: =IFERROR(O5/N5,0)
A6: =Skills!A6 | B6: =Skills!B6 | C6: =Inputs!$B$3>=63 | D6: =IF(Skills!C6=1,60+Inputs!$B$24+Inputs!$B$28,IF(Skills!C6=2,90+Inputs!$B$25+Inputs!$B$28,IF(Skills!C6=3,120+Inputs!$B$26+Inputs!$B$28,MAX(0,(Inputs!$B$3-100)*3)+Inputs!$B$27+Inputs!$B$28))) | E6: =INDEX(FactorTable!$B$2:$Y$301, MATCH(ROUND(MIN(300,MAX(1,D6)),0), FactorTable!$A$2:$A$301,0), Skills!M6+1) | F6: =IF(Skills!N6=TRUE,(Skills!L6/10)*(E6/1000),Skills!L6/10)+Skills!O6 | G6: =Skills!G6*IF(Skills!H6>0,Skills!I6/Skills!H6,1) | H6: =1-(1-Skills!J6/100)^Skills!K6 | I6: 1 | J6: =Summary!$B$50*(F6/100) | K6: =J6*(1+Summary!$B$51/100)*(1+Inputs!$B$14/100)*(1+IF(Inputs!$B$4="pvp",0,(1-Summary!$B$55)*(Inputs!$B$19+Skills!P6+Summary!$B$59)+Summary!$B$55*(Inputs!$B$20+Skills!Q6+Summary!$B$59))/100)*(1+Inputs!$B$15/100)*(5000/(6000+Inputs!$B$7*(1-Inputs!$B$18/100)))*(1+(Inputs!$B$23+Summary!$B$65)/100)*(1+(IF(Skills!A6="HOOK_BOMBER",Inputs!$B$16,Inputs!$B$17))/100)*(Summary!$B$57*I6) | L6: =K6*(MIN(Inputs!$B$21,Inputs!$B$22)/100+Inputs!$B$22/100)/2 | M6: =L6*(1+(Inputs!$B$9+Summary!$B$64)/100) | N6: =L6*(1-MIN((Inputs!$B$8+Summary!$B$58),100)/100)+M6*(MIN((Inputs!$B$8+Summary!$B$58),100)/100) | O6: =IF(C6,H6*N6*IF(AND(Inputs!$B$4<>"pvp",Inputs!$B$35>0),((Skills!G6*((R6-1)*IF(Skills!H6>0,Skills!I6/Skills!H6,1)+IF(Skills!H6>0,MIN(Skills!I6,MAX(0,Inputs!$B$35-((R6-1)*IF(Inputs!$B$4="pvp",15,MAX(0.1,Skills!D6-IF(Skills!E6=TRUE,Inputs!$B$31,0))))))/Skills!H6,1)))/Inputs!$B$35),G6*Q6)*IF(Inputs!$B$4="pvp",1,(1-Summary!$B$55)*(1)+Summary!$B$55*(MIN(Skills!R6,Inputs!$B$37))),0) | P6: =IF(Summary!$B$3=0,0,O6/Summary!$B$3) | Q6: =IFERROR(1/IF(Inputs!$B$4="pvp",15,MAX(0.1,Skills!D6-IF(Skills!E6=TRUE,Inputs!$B$31,0))),0) | R6: =IF(AND(Inputs!$B$4<>"pvp",Inputs!$B$35>0),(INT(Inputs!$B$35/IF(Inputs!$B$4="pvp",15,MAX(0.1,Skills!D6-IF(Skills!E6=TRUE,Inputs!$B$31,0))))+1),0) | S6: =IFERROR(O6/N6,0)
A7: =Skills!A7 | B7: =Skills!B7 | C7: =Inputs!$B$3>=100 | D7: =IF(Skills!C7=1,60+Inputs!$B$24+Inputs!$B$28,IF(Skills!C7=2,90+Inputs!$B$25+Inputs!$B$28,IF(Skills!C7=3,120+Inputs!$B$26+Inputs!$B$28,MAX(0,(Inputs!$B$3-100)*3)+Inputs!$B$27+Inputs!$B$28))) | E7: =INDEX(FactorTable!$B$2:$Y$301, MATCH(ROUND(MIN(300,MAX(1,D7)),0), FactorTable!$A$2:$A$301,0), Skills!M7+1) | F7: =IF(Skills!N7=TRUE,(Skills!L7/10)*(E7/1000),Skills!L7/10)+Skills!O7 | G7: =Skills!G7*IF(Skills!H7>0,Skills!I7/Skills!H7,1) | H7: =1-(1-Skills!J7/100)^Skills!K7 | I7: 1 | J7: =Summary!$B$50*(F7/100) | K7: =J7*(1+Summary!$B$51/100)*(1+Inputs!$B$14/100)*(1+IF(Inputs!$B$4="pvp",0,(1-Summary!$B$55)*(Inputs!$B$19+Skills!P7+Summary!$B$59)+Summary!$B$55*(Inputs!$B$20+Skills!Q7+Summary!$B$59))/100)*(1+Inputs!$B$15/100)*(5000/(6000+Inputs!$B$7*(1-Inputs!$B$18/100)))*(1+(Inputs!$B$23+Summary!$B$65)/100)*(1+(IF(Skills!A7="HOOK_BOMBER",Inputs!$B$16,Inputs!$B$17))/100)*(Summary!$B$57*I7) | L7: =K7*(MIN(Inputs!$B$21,Inputs!$B$22)/100+Inputs!$B$22/100)/2 | M7: =L7*(1+(Inputs!$B$9+Summary!$B$64)/100) | N7: =L7*(1-MIN((Inputs!$B$8+Summary!$B$58),100)/100)+M7*(MIN((Inputs!$B$8+Summary!$B$58),100)/100) | O7: =IF(C7,H7*N7*IF(AND(Inputs!$B$4<>"pvp",Inputs!$B$35>0),((Skills!G7*((R7-1)*IF(Skills!H7>0,Skills!I7/Skills!H7,1)+IF(Skills!H7>0,MIN(Skills!I7,MAX(0,Inputs!$B$35-((R7-1)*IF(Inputs!$B$4="pvp",15,MAX(0.1,Skills!D7-IF(Skills!E7=TRUE,Inputs!$B$31,0))))))/Skills!H7,1)))/Inputs!$B$35),G7*Q7)*IF(Inputs!$B$4="pvp",1,(1-Summary!$B$55)*(1)+Summary!$B$55*(MIN(Skills!R7,Inputs!$B$37))),0) | P7: =IF(Summary!$B$3=0,0,O7/Summary!$B$3) | Q7: =IFERROR(1/IF(Inputs!$B$4="pvp",15,MAX(0.1,Skills!D7-IF(Skills!E7=TRUE,Inputs!$B$31,0))),0) | R7: =IF(AND(Inputs!$B$4<>"pvp",Inputs!$B$35>0),(INT(Inputs!$B$35/IF(Inputs!$B$4="pvp",15,MAX(0.1,Skills!D7-IF(Skills!E7=TRUE,Inputs!$B$31,0))))+1),0) | S7: =IFERROR(O7/N7,0)
A8: =Skills!A8 | B8: =Skills!B8 | C8: =Inputs!$B$3>=110 | D8: =IF(Skills!C8=1,60+Inputs!$B$24+Inputs!$B$28,IF(Skills!C8=2,90+Inputs!$B$25+Inputs!$B$28,IF(Skills!C8=3,120+Inputs!$B$26+Inputs!$B$28,MAX(0,(Inputs!$B$3-100)*3)+Inputs!$B$27+Inputs!$B$28))) | E8: =INDEX(FactorTable!$B$2:$Y$301, MATCH(ROUND(MIN(300,MAX(1,D8)),0), FactorTable!$A$2:$A$301,0), Skills!M8+1) | F8: =IF(Skills!N8=TRUE,(Skills!L8/10)*(E8/1000),Skills!L8/10)+Skills!O8 | G8: =Skills!G8*IF(Skills!H8>0,Skills!I8/Skills!H8,1) | H8: =1-(1-Skills!J8/100)^Skills!K8 | I8: 1 | J8: =Summary!$B$50*(F8/100) | K8: =J8*(1+Summary!$B$51/100)*(1+Inputs!$B$14/100)*(1+IF(Inputs!$B$4="pvp",0,(1-Summary!$B$55)*(Inputs!$B$19+Skills!P8+Summary!$B$59)+Summary!$B$55*(Inputs!$B$20+Skills!Q8+Summary!$B$59))/100)*(1+Inputs!$B$15/100)*(5000/(6000+Inputs!$B$7*(1-Inputs!$B$18/100)))*(1+(Inputs!$B$23+Summary!$B$65)/100)*(1+(IF(Skills!A8="HOOK_BOMBER",Inputs!$B$16,Inputs!$B$17))/100)*(Summary!$B$57*I8) | L8: =K8*(MIN(Inputs!$B$21,Inputs!$B$22)/100+Inputs!$B$22/100)/2 | M8: =L8*(1+(Inputs!$B$9+Summary!$B$64)/100) | N8: =L8*(1-MIN((Inputs!$B$8+Summary!$B$58),100)/100)+M8*(MIN((Inputs!$B$8+Summary!$B$58),100)/100) | O8: =IF(C8,H8*N8*IF(AND(Inputs!$B$4<>"pvp",Inputs!$B$35>0),((Skills!G8*((R8-1)*IF(Skills!H8>0,Skills!I8/Skills!H8,1)+IF(Skills!H8>0,MIN(Skills!I8,MAX(0,Inputs!$B$35-((R8-1)*IF(Inputs!$B$4="pvp",15,MAX(0.1,Skills!D8-IF(Skills!E8=TRUE,Inputs!$B$31,0))))))/Skills!H8,1)))/Inputs!$B$35),G8*Q8)*IF(Inputs!$B$4="pvp",1,(1-Summary!$B$55)*(1)+Summary!$B$55*(MIN(Skills!R8,Inputs!$B$37))),0) | P8: =IF(Summary!$B$3=0,0,O8/Summary!$B$3) | Q8: =IFERROR(1/IF(Inputs!$B$4="pvp",15,MAX(0.1,Skills!D8-IF(Skills!E8=TRUE,Inputs!$B$31,0))),0) | R8: =IF(AND(Inputs!$B$4<>"pvp",Inputs!$B$35>0),(INT(Inputs!$B$35/IF(Inputs!$B$4="pvp",15,MAX(0.1,Skills!D8-IF(Skills!E8=TRUE,Inputs!$B$31,0))))+1),0) | S8: =IFERROR(O8/N8,0)
A9: =Skills!A9 | B9: =Skills!B9 | C9: =Inputs!$B$3>=110 | D9: =IF(Skills!C9=1,60+Inputs!$B$24+Inputs!$B$28,IF(Skills!C9=2,90+Inputs!$B$25+Inputs!$B$28,IF(Skills!C9=3,120+Inputs!$B$26+Inputs!$B$28,MAX(0,(Inputs!$B$3-100)*3)+Inputs!$B$27+Inputs!$B$28))) | E9: =INDEX(FactorTable!$B$2:$Y$301, MATCH(ROUND(MIN(300,MAX(1,D9)),0), FactorTable!$A$2:$A$301,0), Skills!M9+1) | F9: =IF(Skills!N9=TRUE,(Skills!L9/10)*(E9/1000),Skills!L9/10)+Skills!O9 | G9: =Skills!G9*IF(Skills!H9>0,Skills!I9/Skills!H9,1) | H9: =1-(1-Skills!J9/100)^Skills!K9 | I9: 1 | J9: =Summary!$B$50*(F9/100) | K9: =J9*(1+Summary!$B$51/100)*(1+Inputs!$B$14/100)*(1+IF(Inputs!$B$4="pvp",0,(1-Summary!$B$55)*(Inputs!$B$19+Skills!P9+Summary!$B$59)+Summary!$B$55*(Inputs!$B$20+Skills!Q9+Summary!$B$59))/100)*(1+Inputs!$B$15/100)*(5000/(6000+Inputs!$B$7*(1-Inputs!$B$18/100)))*(1+(Inputs!$B$23+Summary!$B$65)/100)*(1+(IF(Skills!A9="HOOK_BOMBER",Inputs!$B$16,Inputs!$B$17))/100)*(Summary!$B$57*I9) | L9: =K9*(MIN(Inputs!$B$21,Inputs!$B$22)/100+Inputs!$B$22/100)/2 | M9: =L9*(1+(Inputs!$B$9+Summary!$B$64)/100) | N9: =L9*(1-MIN((Inputs!$B$8+Summary!$B$58),100)/100)+M9*(MIN((Inputs!$B$8+Summary!$B$58),100)/100) | O9: =IF(C9,H9*N9*IF(AND(Inputs!$B$4<>"pvp",Inputs!$B$35>0),((Skills!G9*((R9-1)*IF(Skills!H9>0,Skills!I9/Skills!H9,1)+IF(Skills!H9>0,MIN(Skills!I9,MAX(0,Inputs!$B$35-((R9-1)*IF(Inputs!$B$4="pvp",15,MAX(0.1,Skills!D9-IF(Skills!E9=TRUE,Inputs!$B$31,0))))))/Skills!H9,1)))/Inputs!$B$35),G9*Q9)*IF(Inputs!$B$4="pvp",1,(1-Summary!$B$55)*(1)+Summary!$B$55*(MIN(Skills!R9,Inputs!$B$37))),0) | P9: =IF(Summary!$B$3=0,0,O9/Summary!$B$3) | Q9: =IFERROR(1/IF(Inputs!$B$4="pvp",15,MAX(0.1,Skills!D9-IF(Skills!E9=TRUE,Inputs!$B$31,0))),0) | R9: =IF(AND(Inputs!$B$4<>"pvp",Inputs!$B$35>0),(INT(Inputs!$B$35/IF(Inputs!$B$4="pvp",15,MAX(0.1,Skills!D9-IF(Skills!E9=TRUE,Inputs!$B$31,0))))+1),0) | S9: =IFERROR(O9/N9,0)
A10: =Skills!A10 | B10: =Skills!B10 | C10: =Inputs!$B$3>=103 | D10: =IF(Skills!C10=1,60+Inputs!$B$24+Inputs!$B$28,IF(Skills!C10=2,90+Inputs!$B$25+Inputs!$B$28,IF(Skills!C10=3,120+Inputs!$B$26+Inputs!$B$28,MAX(0,(Inputs!$B$3-100)*3)+Inputs!$B$27+Inputs!$B$28))) | E10: =INDEX(FactorTable!$B$2:$Y$301, MATCH(ROUND(MIN(300,MAX(1,D10)),0), FactorTable!$A$2:$A$301,0), Skills!M10+1) | F10: =IF(Skills!N10=TRUE,(Skills!L10/10)*(E10/1000),Skills!L10/10)+Skills!O10 | G10: =Skills!G10*IF(Skills!H10>0,Skills!I10/Skills!H10,1) | H10: =1-(1-Skills!J10/100)^Skills!K10 | I10: 1 | J10: =Summary!$B$50*(F10/100) | K10: =J10*(1+Summary!$B$51/100)*(1+Inputs!$B$14/100)*(1+IF(Inputs!$B$4="pvp",0,(1-Summary!$B$55)*(Inputs!$B$19+Skills!P10+Summary!$B$59)+Summary!$B$55*(Inputs!$B$20+Skills!Q10+Summary!$B$59))/100)*(1+Inputs!$B$15/100)*(5000/(6000+Inputs!$B$7*(1-Inputs!$B$18/100)))*(1+(Inputs!$B$23+Summary!$B$65)/100)*(1+(IF(Skills!A10="HOOK_BOMBER",Inputs!$B$16,Inputs!$B$17))/100)*(Summary!$B$57*I10) | L10: =K10*(MIN(Inputs!$B$21,Inputs!$B$22)/100+Inputs!$B$22/100)/2 | M10: =L10*(1+(Inputs!$B$9+Summary!$B$64)/100) | N10: =L10*(1-MIN((Inputs!$B$8+Summary!$B$58),100)/100)+M10*(MIN((Inputs!$B$8+Summary!$B$58),100)/100) | O10: =IF(C10,H10*N10*IF(AND(Inputs!$B$4<>"pvp",Inputs!$B$35>0),((Skills!G10*((R10-1)*IF(Skills!H10>0,Skills!I10/Skills!H10,1)+IF(Skills!H10>0,MIN(Skills!I10,MAX(0,Inputs!$B$35-((R10-1)*IF(Inputs!$B$4="pvp",15,MAX(0.1,Skills!D10-IF(Skills!E10=TRUE,Inputs!$B$31,0))))))/Skills!H10,1)))/Inputs!$B$35),G10*Q10)*IF(Inputs!$B$4="pvp",1,(1-Summary!$B$55)*(1)+Summary!$B$55*(MIN(Skills!R10,Inputs!$B$37))),0) | P10: =IF(Summary!$B$3=0,0,O10/Summary!$B$3) | Q10: =IFERROR(1/IF(Inputs!$B$4="pvp",15,MAX(0.1,Skills!D10-IF(Skills!E10=TRUE,Inputs!$B$31,0))),0) | R10: =IF(AND(Inputs!$B$4<>"pvp",Inputs!$B$35>0),(INT(Inputs!$B$35/IF(Inputs!$B$4="pvp",15,MAX(0.1,Skills!D10-IF(Skills!E10=TRUE,Inputs!$B$31,0))))+1),0) | S10: =IFERROR(O10/N10,0)
A11: =Skills!A11 | B11: =Skills!B11 | C11: =Inputs!$B$3>=113 | D11: =IF(Skills!C11=1,60+Inputs!$B$24+Inputs!$B$28,IF(Skills!C11=2,90+Inputs!$B$25+Inputs!$B$28,IF(Skills!C11=3,120+Inputs!$B$26+Inputs!$B$28,MAX(0,(Inputs!$B$3-100)*3)+Inputs!$B$27+Inputs!$B$28))) | E11: =INDEX(FactorTable!$B$2:$Y$301, MATCH(ROUND(MIN(300,MAX(1,D11)),0), FactorTable!$A$2:$A$301,0), Skills!M11+1) | F11: =IF(Skills!N11=TRUE,(Skills!L11/10)*(E11/1000),Skills!L11/10)+Skills!O11 | G11: =Skills!G11*IF(Skills!H11>0,Skills!I11/Skills!H11,1) | H11: =1-(1-Skills!J11/100)^Skills!K11 | I11: 1 | J11: =Summary!$B$50*(F11/100) | K11: =J11*(1+Summary!$B$51/100)*(1+Inputs!$B$14/100)*(1+IF(Inputs!$B$4="pvp",0,(1-Summary!$B$55)*(Inputs!$B$19+Skills!P11+Summary!$B$59)+Summary!$B$55*(Inputs!$B$20+Skills!Q11+Summary!$B$59))/100)*(1+Inputs!$B$15/100)*(5000/(6000+Inputs!$B$7*(1-Inputs!$B$18/100)))*(1+(Inputs!$B$23+Summary!$B$65)/100)*(1+(IF(Skills!A11="HOOK_BOMBER",Inputs!$B$16,Inputs!$B$17))/100)*(Summary!$B$57*I11) | L11: =K11*(MIN(Inputs!$B$21,Inputs!$B$22)/100+Inputs!$B$22/100)/2 | M11: =L11*(1+(Inputs!$B$9+Summary!$B$64)/100) | N11: =L11*(1-MIN((Inputs!$B$8+Summary!$B$58),100)/100)+M11*(MIN((Inputs!$B$8+Summary!$B$58),100)/100) | O11: =IF(C11,H11*N11*IF(AND(Inputs!$B$4<>"pvp",Inputs!$B$35>0),((Skills!G11*((R11-1)*IF(Skills!H11>0,Skills!I11/Skills!H11,1)+IF(Skills!H11>0,MIN(Skills!I11,MAX(0,Inputs!$B$35-((R11-1)*IF(Inputs!$B$4="pvp",15,MAX(0.1,Skills!D11-IF(Skills!E11=TRUE,Inputs!$B$31,0))))))/Skills!H11,1)))/Inputs!$B$35),G11*Q11)*IF(Inputs!$B$4="pvp",1,(1-Summary!$B$55)*(1)+Summary!$B$55*(MIN(Skills!R11,Inputs!$B$37))),0) | P11: =IF(Summary!$B$3=0,0,O11/Summary!$B$3) | Q11: =IFERROR(1/IF(Inputs!$B$4="pvp",15,MAX(0.1,Skills!D11-IF(Skills!E11=TRUE,Inputs!$B$31,0))),0) | R11: =IF(AND(Inputs!$B$4<>"pvp",Inputs!$B$35>0),(INT(Inputs!$B$35/IF(Inputs!$B$4="pvp",15,MAX(0.1,Skills!D11-IF(Skills!E11=TRUE,Inputs!$B$31,0))))+1),0) | S11: =IFERROR(O11/N11,0)
A12: =Skills!A12 | B12: =Skills!B12 | C12: =Inputs!$B$3>=100 | D12: =IF(Skills!C12=1,60+Inputs!$B$24+Inputs!$B$28,IF(Skills!C12=2,90+Inputs!$B$25+Inputs!$B$28,IF(Skills!C12=3,120+Inputs!$B$26+Inputs!$B$28,MAX(0,(Inputs!$B$3-100)*3)+Inputs!$B$27+Inputs!$B$28))) | E12: =INDEX(FactorTable!$B$2:$Y$301, MATCH(ROUND(MIN(300,MAX(1,D12)),0), FactorTable!$A$2:$A$301,0), Skills!M12+1) | F12: =IF(Skills!N12=TRUE,(Skills!L12/10)*(E12/1000),Skills!L12/10)+Skills!O12 | I12: 1
A13: =Skills!A13 | B13: =Skills!B13 | C13: =Inputs!$B$3>=66 | D13: =IF(Skills!C13=1,60+Inputs!$B$24+Inputs!$B$28,IF(Skills!C13=2,90+Inputs!$B$25+Inputs!$B$28,IF(Skills!C13=3,120+Inputs!$B$26+Inputs!$B$28,MAX(0,(Inputs!$B$3-100)*3)+Inputs!$B$27+Inputs!$B$28))) | E13: =INDEX(FactorTable!$B$2:$Y$301, MATCH(ROUND(MIN(300,MAX(1,D13)),0), FactorTable!$A$2:$A$301,0), Skills!M13+1) | F13: =IF(Skills!N13=TRUE,(Skills!L13/10)*(E13/1000),Skills!L13/10)+Skills!O13 | G13: =Skills!G13*IF(Skills!H13>0,Skills!I13/Skills!H13,1) | H13: =1-(1-Skills!J13/100)^Skills!K13 | I13: 1 | O13: 0 | P13: =IF(Summary!$B$3=0,0,O13/Summary!$B$3) | Q13: 0 | R13: 0 | S13: =IFERROR(O13/N13,0)
A14: =Skills!A14 | B14: =Skills!B14 | C14: =Inputs!$B$3>=107 | D14: =IF(Skills!C14=1,60+Inputs!$B$24+Inputs!$B$28,IF(Skills!C14=2,90+Inputs!$B$25+Inputs!$B$28,IF(Skills!C14=3,120+Inputs!$B$26+Inputs!$B$28,MAX(0,(Inputs!$B$3-100)*3)+Inputs!$B$27+Inputs!$B$28))) | E14: =INDEX(FactorTable!$B$2:$Y$301, MATCH(ROUND(MIN(300,MAX(1,D14)),0), FactorTable!$A$2:$A$301,0), Skills!M14+1) | F14: =IF(Skills!N14=TRUE,(Skills!L14/10)*(E14/1000),Skills!L14/10)+Skills!O14 | G14: =Skills!G14*IF(Skills!H14>0,Skills!I14/Skills!H14,1) | H14: =1-(1-Skills!J14/100)^Skills!K14 | I14: 1 | O14: 0 | P14: =IF(Summary!$B$3=0,0,O14/Summary!$B$3) | Q14: 0 | R14: 0 | S14: =IFERROR(O14/N14,0)
A15: =Skills!A15 | B15: =Skills!B15 | C15: =Inputs!$B$3>=115 | D15: =IF(Skills!C15=1,60+Inputs!$B$24+Inputs!$B$28,IF(Skills!C15=2,90+Inputs!$B$25+Inputs!$B$28,IF(Skills!C15=3,120+Inputs!$B$26+Inputs!$B$28,MAX(0,(Inputs!$B$3-100)*3)+Inputs!$B$27+Inputs!$B$28))) | E15: =INDEX(FactorTable!$B$2:$Y$301, MATCH(ROUND(MIN(300,MAX(1,D15)),0), FactorTable!$A$2:$A$301,0), Skills!M15+1) | F15: =IF(Skills!N15=TRUE,(Skills!L15/10)*(E15/1000),Skills!L15/10)+Skills!O15 | G15: =Skills!G15*IF(Skills!H15>0,Skills!I15/Skills!H15,1) | H15: =1-(1-Skills!J15/100)^Skills!K15 | I15: 1 | O15: 0 | P15: =IF(Summary!$B$3=0,0,O15/Summary!$B$3) | Q15: 0 | R15: 0 | S15: =IFERROR(O15/N15,0)
A16: =Skills!A16 | B16: =Skills!B16 | C16: =Inputs!$B$3>=15 | D16: =IF(Skills!C16=1,60+Inputs!$B$24+Inputs!$B$28,IF(Skills!C16=2,90+Inputs!$B$25+Inputs!$B$28,IF(Skills!C16=3,120+Inputs!$B$26+Inputs!$B$28,MAX(0,(Inputs!$B$3-100)*3)+Inputs!$B$27+Inputs!$B$28))) | E16: =INDEX(FactorTable!$B$2:$Y$301, MATCH(ROUND(MIN(300,MAX(1,D16)),0), FactorTable!$A$2:$A$301,0), Skills!M16+1) | F16: =IF(Skills!N16=TRUE,(Skills!L16/10)*(E16/1000),Skills!L16/10)+Skills!O16 | G16: =Skills!G16*IF(Skills!H16>0,Skills!I16/Skills!H16,1) | H16: =1-(1-Skills!J16/100)^Skills!K16 | I16: 1 | O16: 0 | P16: =IF(Summary!$B$3=0,0,O16/Summary!$B$3) | Q16: 0 | R16: 0 | S16: =IFERROR(O16/N16,0)
A17: =Skills!A17 | B17: =Skills!B17 | C17: =Inputs!$B$3>=10 | D17: =IF(Skills!C17=1,60+Inputs!$B$24+Inputs!$B$28,IF(Skills!C17=2,90+Inputs!$B$25+Inputs!$B$28,IF(Skills!C17=3,120+Inputs!$B$26+Inputs!$B$28,MAX(0,(Inputs!$B$3-100)*3)+Inputs!$B$27+Inputs!$B$28))) | E17: =INDEX(FactorTable!$B$2:$Y$301, MATCH(ROUND(MIN(300,MAX(1,D17)),0), FactorTable!$A$2:$A$301,0), Skills!M17+1) | F17: =IF(Skills!N17=TRUE,(Skills!L17/10)*(E17/1000),Skills!L17/10)+Skills!O17 | G17: =Skills!G17*IF(Skills!H17>0,Skills!I17/Skills!H17,1) | H17: =1-(1-Skills!J17/100)^Skills!K17 | I17: 1 | O17: 0 | P17: =IF(Summary!$B$3=0,0,O17/Summary!$B$3) | Q17: 0 | R17: 0 | S17: =IFERROR(O17/N17,0)
A18: =Skills!A18 | B18: =Skills!B18 | C18: =Inputs!$B$3>=33 | D18: =IF(Skills!C18=1,60+Inputs!$B$24+Inputs!$B$28,IF(Skills!C18=2,90+Inputs!$B$25+Inputs!$B$28,IF(Skills!C18=3,120+Inputs!$B$26+Inputs!$B$28,MAX(0,(Inputs!$B$3-100)*3)+Inputs!$B$27+Inputs!$B$28))) | E18: =INDEX(FactorTable!$B$2:$Y$301, MATCH(ROUND(MIN(300,MAX(1,D18)),0), FactorTable!$A$2:$A$301,0), Skills!M18+1) | F18: =IF(Skills!N18=TRUE,(Skills!L18/10)*(E18/1000),Skills!L18/10)+Skills!O18 | G18: =Skills!G18*IF(Skills!H18>0,Skills!I18/Skills!H18,1) | H18: =1-(1-Skills!J18/100)^Skills!K18 | I18: 1 | O18: 0 | P18: =IF(Summary!$B$3=0,0,O18/Summary!$B$3) | Q18: 0 | R18: 0 | S18: =IFERROR(O18/N18,0)
A19: =Skills!A19 | B19: =Skills!B19 | C19: =Inputs!$B$3>=40 | D19: =IF(Skills!C19=1,60+Inputs!$B$24+Inputs!$B$28,IF(Skills!C19=2,90+Inputs!$B$25+Inputs!$B$28,IF(Skills!C19=3,120+Inputs!$B$26+Inputs!$B$28,MAX(0,(Inputs!$B$3-100)*3)+Inputs!$B$27+Inputs!$B$28))) | E19: =INDEX(FactorTable!$B$2:$Y$301, MATCH(ROUND(MIN(300,MAX(1,D19)),0), FactorTable!$A$2:$A$301,0), Skills!M19+1) | F19: =IF(Skills!N19=TRUE,(Skills!L19/10)*(E19/1000),Skills!L19/10)+Skills!O19 | G19: =Skills!G19*IF(Skills!H19>0,Skills!I19/Skills!H19,1) | H19: =1-(1-Skills!J19/100)^Skills!K19 | I19: 1 | O19: 0 | P19: =IF(Summary!$B$3=0,0,O19/Summary!$B$3) | Q19: 0 | R19: 0 | S19: =IFERROR(O19/N19,0)
A20: =Skills!A20 | B20: =Skills!B20 | C20: =Inputs!$B$3>=43 | D20: =IF(Skills!C20=1,60+Inputs!$B$24+Inputs!$B$28,IF(Skills!C20=2,90+Inputs!$B$25+Inputs!$B$28,IF(Skills!C20=3,120+Inputs!$B$26+Inputs!$B$28,MAX(0,(Inputs!$B$3-100)*3)+Inputs!$B$27+Inputs!$B$28))) | E20: =INDEX(FactorTable!$B$2:$Y$301, MATCH(ROUND(MIN(300,MAX(1,D20)),0), FactorTable!$A$2:$A$301,0), Skills!M20+1) | F20: =IF(Skills!N20=TRUE,(Skills!L20/10)*(E20/1000),Skills!L20/10)+Skills!O20 | G20: =Skills!G20*IF(Skills!H20>0,Skills!I20/Skills!H20,1) | H20: =1-(1-Skills!J20/100)^Skills!K20 | I20: 1 | O20: 0 | P20: =IF(Summary!$B$3=0,0,O20/Summary!$B$3) | Q20: 0 | R20: 0 | S20: =IFERROR(O20/N20,0)
A21: =Skills!A21 | B21: =Skills!B21 | C21: =Inputs!$B$3>=38 | D21: =IF(Skills!C21=1,60+Inputs!$B$24+Inputs!$B$28,IF(Skills!C21=2,90+Inputs!$B$25+Inputs!$B$28,IF(Skills!C21=3,120+Inputs!$B$26+Inputs!$B$28,MAX(0,(Inputs!$B$3-100)*3)+Inputs!$B$27+Inputs!$B$28))) | E21: =INDEX(FactorTable!$B$2:$Y$301, MATCH(ROUND(MIN(300,MAX(1,D21)),0), FactorTable!$A$2:$A$301,0), Skills!M21+1) | F21: =IF(Skills!N21=TRUE,(Skills!L21/10)*(E21/1000),Skills!L21/10)+Skills!O21 | G21: =Skills!G21*IF(Skills!H21>0,Skills!I21/Skills!H21,1) | H21: =1-(1-Skills!J21/100)^Skills!K21 | I21: 1 | O21: 0 | P21: =IF(Summary!$B$3=0,0,O21/Summary!$B$3) | Q21: 0 | R21: 0 | S21: =IFERROR(O21/N21,0)
A22: =Skills!A22 | B22: =Skills!B22 | C22: =Inputs!$B$3>=75 | D22: =IF(Skills!C22=1,60+Inputs!$B$24+Inputs!$B$28,IF(Skills!C22=2,90+Inputs!$B$25+Inputs!$B$28,IF(Skills!C22=3,120+Inputs!$B$26+Inputs!$B$28,MAX(0,(Inputs!$B$3-100)*3)+Inputs!$B$27+Inputs!$B$28))) | E22: =INDEX(FactorTable!$B$2:$Y$301, MATCH(ROUND(MIN(300,MAX(1,D22)),0), FactorTable!$A$2:$A$301,0), Skills!M22+1) | F22: =IF(Skills!N22=TRUE,(Skills!L22/10)*(E22/1000),Skills!L22/10)+Skills!O22 | G22: =Skills!G22*IF(Skills!H22>0,Skills!I22/Skills!H22,1) | H22: =1-(1-Skills!J22/100)^Skills!K22 | I22: 1 | O22: 0 | P22: =IF(Summary!$B$3=0,0,O22/Summary!$B$3) | Q22: 0 | R22: 0 | S22: =IFERROR(O22/N22,0)

Sheet Summary
A1: Buccaneer — DPS Summary
A3: TOTAL DPS | B3: =SUM(Calc!O2:O22)
A5: Per-Skill DPS Breakdown
A6: Skill | B6: DPS | C6: % of Total
A7: =Calc!B2 | B7: =Calc!O2 | C7: =Calc!P2*100
A8: =Calc!B3 | B8: =Calc!O3 | C8: =Calc!P3*100
A9: =Calc!B4 | B9: =Calc!O4 | C9: =Calc!P4*100
A10: =Calc!B6 | B10: =Calc!O6 | C10: =Calc!P6*100
A11: =Calc!B7 | B11: =Calc!O7 | C11: =Calc!P7*100
A12: =Calc!B8 | B12: =Calc!O8 | C12: =Calc!P8*100
A13: =Calc!B9 | B13: =Calc!O9 | C13: =Calc!P9*100
A14: =Calc!B10 | B14: =Calc!O10 | C14: =Calc!P10*100
A15: =Calc!B11 | B15: =Calc!O11 | C15: =Calc!P11*100
A16: Marginal DPS & Stat Value (see Sensitivity for full detail)
A18: Stat | B18: DPS per +1 | C18: Units per +1% DPS
A19: =Sensitivity!A5 | B19: =Sensitivity!H5 | C19: =Sensitivity!B5
A20: =Sensitivity!A6 | B20: =Sensitivity!H6 | C20: =Sensitivity!B6
A21: =Sensitivity!A7 | B21: =Sensitivity!H7 | C21: =Sensitivity!B7
A22: =Sensitivity!A8 | B22: =Sensitivity!H8 | C22: =Sensitivity!B8
A23: =Sensitivity!A9 | B23: =Sensitivity!H9 | C23: =Sensitivity!B9
A24: =Sensitivity!A10 | B24: =Sensitivity!H10 | C24: =Sensitivity!B10
A25: =Sensitivity!A11 | B25: =Sensitivity!H11 | C25: =Sensitivity!B11
A26: =Sensitivity!A12 | B26: =Sensitivity!H12 | C26: =Sensitivity!B12
A27: =Sensitivity!A13 | B27: =Sensitivity!H13 | C27: =Sensitivity!B13
A28: =Sensitivity!A14 | B28: =Sensitivity!H14 | C28: =Sensitivity!B14
A29: =Sensitivity!A15 | B29: =Sensitivity!H15 | C29: =Sensitivity!B15
A30: =Sensitivity!A16 | B30: =Sensitivity!H16 | C30: =Sensitivity!B16
... A44: =Sensitivity!A30 | B44: =Sensitivity!H30 | C44: =Sensitivity!B30
A49: Derived Values (read-only, computed from Inputs)
A50: ATTACK (= Flat ATTACK x (1+ATTACK%/100)) | B50: =Inputs!$B$5*(1+Inputs!$B$6/100)
A51: STAT_DAMAGE % (= 1% of total STR + 0.25% of DEX) | B51: =(Inputs!$B$11*(1+Inputs!$B$12/100))*0.01+Inputs!$B$13*0.0025
A52: Basic Attack (Hook Bomber) Input Level (4th job formula) | B52: =MAX(0,(Inputs!$B$3-100)*3)+Inputs!$B$27+Inputs!$B$28
A53: Basic Attack Factor (factorIndex 21, universal 4th-job basic attack) | B53: =INDEX(FactorTable!$B$2:$Y$301, MATCH(ROUND(MIN(300,MAX(1,Summary!$B$52)),0), FactorTable!$A$2:$A$301,0), 22)
A54: SKILL_COEFFICIENT — Hook Bomber base coefficient % (before bonuses) | B54: =290*Summary!$B$53/1000
A55: Normal-Monster Weight (= 0 for boss, 1 for normal, Breakthrough Normal Weight % for breakthrough, 0 for pvp) | B55: =IF(Inputs!$B$4="normal",1,IF(Inputs!$B$4="breakthrough",Inputs!$B$36/100,0))
A57: Attack%% Bucket Multiplier (Roll of the Dice's dice component only) | B57: =1+(((Calc!C13=TRUE)*Calc!F13))/100
A58: Global Crit Rate Bonus % (unused — no live Crit-Rate-buff source exists) | B58: 0
A59: Global Monster Damage-Taken Bonus % (unused — no live source exists in this kit) | B59: 0
A60: Attack Speed Buff Bonus % (unused — Buccaneer has no Nimble-Feet-style live AS buff) | B60: 0
A61: Actions Per Second | B61: =1+MIN(150,150*(1-(1-Inputs!$B$10/150)*(1-B60/150)))/100
A62: Skill + Buff Cast Rate (subtracted from Hook Bomber, 1/s) | B62: =IF(AND(Inputs!$B$4<>"pvp",Inputs!$B$35>0),SUMPRODUCT((Skills!E2:E22=TRUE)*(Calc!C2:C22=TRUE)*Calc!R2:R22*Skills!F2:F22)/Inputs!$B$35,SUMPRODUCT((Skills!E2:E22=TRUE)*(Calc!C2:C22=TRUE)*Calc!Q2:Q22*Skills!F2:F22))
A63: Hook Bomber (Basic Attack) Casts Per Second | B63: =MAX(0,B61-B62)
A64: Global Critical Damage Bonus % (unused — no live Crit-Damage-buff source exists) | B64: 0
A65: Global Final Damage Bonus % (Serpent Scale + Crossbones + Time Leap + Speed Infusion) | B65: =((Calc!C5=TRUE)*Calc!F5*((10+IF(Inputs!$B$3>=94,5,0))/((10+IF(Inputs!$B$3>=94,5,0))+5/(Summary!$B$63*(1+IF(Inputs!$B$3>=104,1,0))))))+((Calc!C14=TRUE)*Calc!F14)+((Calc!C15=TRUE)*Calc!F15)+((Inputs!$B$3>=110)*20*(B61-1))
A66: Hook Bomber (Basic Attack) DPS | B66: =Calc!O2

Sheet Sensitivity
A1: Marginal DPS per +1 (percentage point / skill level / flat point)
A2: Attack Speed and Def Pen combine their +1 via the diminishing-returns formula (new = (1-(1-old/factor)*(1-1/factor))*factor), not a flat add.
A4: Stat | B4: Units per +1% DPS | C4: Type | D4: Current Value | E4: New Value | F4: Baseline Total DPS | G4: New Total DPS | H4: DPS Gain | I4: % Gain
A5: Flat STR | B5: =IFERROR(1/(I5-100),"n/a") | C5: flat | D5: =Inputs!$B$11 | E5: =(Inputs!$B$11+1) | F5: =Summary!$B$3 | G5: =B66 | H5: =G5-F5 | I5: =IF(F5=0,0,G5/F5*100)
A6: STR % | B6: =IFERROR(1/(I6-100),"n/a") | C6: pct | D6: =Inputs!$B$12 | E6: =(Inputs!$B$12+1) | F6: =Summary!$B$3 | G6: =B102 | H6: =G6-F6 | I6: =IF(F6=0,0,G6/F6*100)
A7: DEX | B7: =IFERROR(1/(I7-100),"n/a") | C7: flat | D7: =Inputs!$B$13 | E7: =(Inputs!$B$13+1) | F7: =Summary!$B$3 | G7: =B138 | H7: =G7-F7 | I7: =IF(F7=0,0,G7/F7*100)
A8: DAMAGE % | B8: =IFERROR(1/(I8-100),"n/a") | C8: pct | D8: =Inputs!$B$14 | E8: =(Inputs!$B$14+1) | F8: =Summary!$B$3 | G8: =B174 | H8: =G8-F8 | I8: =IF(F8=0,0,G8/F8*100)
A9: DAMAGE_AMP % | B9: =IFERROR(1/(I9-100),"n/a") | C9: pct | D9: =Inputs!$B$15 | E9: =(Inputs!$B$15+1) | F9: =Summary!$B$3 | G9: =B210 | H9: =G9-F9 | I9: =IF(F9=0,0,G9/F9*100)
A10: BOSS_DAMAGE % | B10: =IFERROR(1/(I10-100),"n/a") | C10: pct | D10: =Inputs!$B$19 | E10: =(Inputs!$B$19+1) | F10: =Summary!$B$3 | G10: =B246 | H10: =G10-F10 | I10: =IF(F10=0,0,G10/F10*100)
A11: NORMAL_DAMAGE % | B11: =IFERROR(1/(I11-100),"n/a") | C11: pct | D11: =Inputs!$B$20 | E11: =(Inputs!$B$20+1) | F11: =Summary!$B$3 | G11: =B282 | H11: =G11-F11 | I11: =IF(F11=0,0,G11/F11*100)
A12: FINAL_DAMAGE % (multiplicative source) | B12: =IFERROR(1/(I12-100),"n/a") | C12: mult | D12: =Inputs!$B$23 | E12: =((((1+Inputs!$B$23/100)*(1.01))-1)*100) | F12: =Summary!$B$3 | G12: =B318 | H12: =G12-F12 | I12: =IF(F12=0,0,G12/F12*100)
A13: MIN_DAMAGE % | B13: =IFERROR(1/(I13-100),"n/a") | C13: pct | D13: =Inputs!$B$21 | E13: =(Inputs!$B$21+1) | F13: =Summary!$B$3 | G13: =B354 | H13: =G13-F13 | I13: =IF(F13=0,0,G13/F13*100)
A14: MAX_DAMAGE % | B14: =IFERROR(1/(I14-100),"n/a") | C14: pct | D14: =Inputs!$B$22 | E14: =(Inputs!$B$22+1) | F14: =Summary!$B$3 | G14: =B390 | H14: =G14-F14 | I14: =IF(F14=0,0,G14/F14*100)
A15: CRIT_RATE % | B15: =IFERROR(1/(I15-100),"n/a") | C15: pct | D15: =Inputs!$B$8 | E15: =(Inputs!$B$8+1) | F15: =Summary!$B$3 | G15: =B426 | H15: =G15-F15 | I15: =IF(F15=0,0,G15/F15*100)
A16: CRIT_DAMAGE % | B16: =IFERROR(1/(I16-100),"n/a") | C16: pct | D16: =Inputs!$B$9 | E16: =(Inputs!$B$9+1) | F16: =Summary!$B$3 | G16: =B462 | H16: =G16-F16 | I16: =IF(F16=0,0,G16/F16*100)
A17: ATTACK_SPEED % (diminishing returns, factor 150) | B17: =IFERROR(1/(I17-100),"n/a") | C17: dr150 | D17: =Inputs!$B$10 | E17: =((1-(1-Inputs!$B$10/150)*(1-1/150))*150) | F17: =Summary!$B$3 | G17: =B498 | H17: =G17-F17 | I17: =IF(F17=0,0,G17/F17*100)
A18: DEF_PEN % (diminishing returns, factor 100) | B18: =IFERROR(1/(I18-100),"n/a") | C18: dr100 | D18: =Inputs!$B$18 | E18: =((1-(1-Inputs!$B$18/100)*(1-1/100))*100) | F18: =Summary!$B$3 | G18: =B534 | H18: =G18-F18 | I18: =IF(F18=0,0,G18/F18*100)
A19: BASIC_ATTACK_DAMAGE % | B19: =IFERROR(1/(I19-100),"n/a") | C19: pct | D19: =Inputs!$B$16 | E19: =(Inputs!$B$16+1) | F19: =Summary!$B$3 | G19: =B570 | H19: =G19-F19 | I19: =IF(F19=0,0,G19/F19*100)
A20: SKILL_DAMAGE % | B20: =IFERROR(1/(I20-100),"n/a") | C20: pct | D20: =Inputs!$B$17 | E20: =(Inputs!$B$17+1) | F20: =Summary!$B$3 | G20: =B606 | H20: =G20-F20 | I20: =IF(F20=0,0,G20/F20*100)
A21: Skill Level Bonus — 1st Job | B21: =IFERROR(1/(I21-100),"n/a") | C21: level | D21: =Inputs!$B$24 | E21: =(Inputs!$B$24+1) | F21: =Summary!$B$3 | G21: =B642 | H21: =G21-F21 | I21: =IF(F21=0,0,G21/F21*100)
A22: Skill Level Bonus — 2nd Job | B22: =IFERROR(1/(I22-100),"n/a") | C22: level | D22: =Inputs!$B$25 | E22: =(Inputs!$B$25+1) | F22: =Summary!$B$3 | G22: =B678 | H22: =G22-F22 | I22: =IF(F22=0,0,G22/F22*100)
A23: Skill Level Bonus — 3rd Job | B23: =IFERROR(1/(I23-100),"n/a") | C23: level | D23: =Inputs!$B$26 | E23: =(Inputs!$B$26+1) | F23: =Summary!$B$3 | G23: =B714 | H23: =G23-F23 | I23: =IF(F23=0,0,G23/F23*100)
A24: Skill Level Bonus — 4th Job | B24: =IFERROR(1/(I24-100),"n/a") | C24: level | D24: =Inputs!$B$27 | E24: =(Inputs!$B$27+1) | F24: =Summary!$B$3 | G24: =B750 | H24: =G24-F24 | I24: =IF(F24=0,0,G24/F24*100)
A25: Skill Level Bonus — All Skills | B25: =IFERROR(1/(I25-100),"n/a") | C25: level | D25: =Inputs!$B$28 | E25: =(Inputs!$B$28+1) | F25: =Summary!$B$3 | G25: =B786 | H25: =G25-F25 | I25: =IF(F25=0,0,G25/F25*100)
A26: Flat ATTACK | B26: =IFERROR(1/(I26-100),"n/a") | C26: flat | D26: =Inputs!$B$5 | E26: =(Inputs!$B$5+1) | F26: =Summary!$B$3 | G26: =B822 | H26: =G26-F26 | I26: =IF(F26=0,0,G26/F26*100)
A27: ATTACK % | B27: =IFERROR(1/(I27-100),"n/a") | C27: pct | D27: =Inputs!$B$6 | E27: =(Inputs!$B$6+1) | F27: =Summary!$B$3 | G27: =B858 | H27: =G27-F27 | I27: =IF(F27=0,0,G27/F27*100)
A28: Skill Cooldown Decrease (seconds) | B28: =IFERROR(1/(I28-100),"n/a") | C28: flat | D28: =Inputs!$B$31 | E28: =(Inputs!$B$31+1) | F28: =Summary!$B$3 | G28: =B894 | H28: =G28-F28 | I28: =IF(F28=0,0,G28/F28*100)
A29: Basic Attack Target Increase (flat) | B29: =IFERROR(1/(I29-100),"n/a") | C29: flat | D29: =Inputs!$B$32 | E29: =(Inputs!$B$32+1) | F29: =Summary!$B$3 | G29: =B930 | H29: =G29-F29 | I29: =IF(F29=0,0,G29/F29*100)
A30: Buff Duration Increase % | B30: =IFERROR(1/(I30-100),"n/a") | C30: pct | D30: =Inputs!$B$33 | E30: =(Inputs!$B$33+1) | F30: =Summary!$B$3 | G30: =B966 | H30: =G30-F30 | I30: =IF(F30=0,0,G30/F30*100)
A33: Stat: Flat STR
A34: Key | B34: Name | C34: Unlocked | D34: InputLevel | E34: Factor | F34: CoefficientPercent | G34: EffectiveHits | H34: ProcProbability | I34: MapleHeroMultiplier | J34: BaseDamage | K34: BaseHitDamage | L34: NonCritAvg | M34: CritAvg | N34: ExpectedDamage(perHit) | O34: DPS | P34: % of Total | Q34: InvCooldown | R34: CastsInFight | S34: HitRate(perSec) | U34: helpers
A35: =Skills!A2 | B35: =Skills!B2 | C35: =Inputs!$B$3>=100 | F35: =U37+Skills!O2 | G35: =Skills!G2*IF(Skills!H2>0,Skills!I2/Skills!H2,1) | H35: =1-(1-Skills!J2/100)^Skills!K2 | I35: 1 | J35: =(Inputs!$B$5*(1+Inputs!$B$6/100))*(F35/100) | K35: =J35*(1+(((Inputs!$B$11+1)*(1+Inputs!$B$12/100))*0.01+Inputs!$B$13*0.0025)/100)*(1+Inputs!$B$14/100)*(1+IF(Inputs!$B$4="pvp",0,(1-Summary!$B$55)*(Inputs!$B$19+0+Skills!P2)+Summary!$B$55*(Inputs!$B$20+Skills!Q2))/100)*(1+Inputs!$B$15/100)*(5000/(6000+Inputs!$B$7*(1-(Inputs!$B$18+0)/100)))*(1+(Inputs!$B$23+((C55=TRUE)*(F55-Calc!F22))+B64)/100)*(1+(IF(Skills!A2="HOOK_BOMBER",Inputs!$B$16+((C54=TRUE)*(F54-Calc!F21)),Inputs!$B$17+0))/100)*((1+(((C46=TRUE)*F46)+((C52=TRUE)*(F52-Calc!F19)))/100)*I35) | L35: =K35*(MIN(Inputs!$B$21+((C53=TRUE)*(F53-Calc!F20)),Inputs!$B$22+0)/100+(Inputs!$B$22+0)/100)/2 | M35: =L35*(1+(Inputs!$B$9+0+B63)/100) | N35: =L35*(1-MIN((Inputs!$B$8+((C49=TRUE)*(F49-Calc!F16))+B58),100)/100)+M35*(MIN((Inputs!$B$8+((C49=TRUE)*(F49-Calc!F16))+B58),100)/100) | O35: =IF(C35,Skills!G2*N35*B62*IF(Inputs!$B$4="pvp",1,(1-Summary!$B$55)*(1)+Summary!$B$55*(MIN((6+Inputs!$B$32),Inputs!$B$37))),0) | P35: =IF(B66=0,0,O35/B66) | Q35: 0 | R35: 0 | S35: =IFERROR(O35/N35,0) | U35: =MAX(0,(Inputs!$B$3-100)*3)+Inputs!$B$27+Inputs!$B$28
A36: =Skills!A3 | B36: =Skills!B3 | C36: =Inputs!$B$3>=35 | D36: =IF(Skills!C3=1,60+Inputs!$B$24+Inputs!$B$28,IF(Skills!C3=2,90+Inputs!$B$25+Inputs!$B$28,IF(Skills!C3=3,120+Inputs!$B$26+Inputs!$B$28,MAX(0,(Inputs!$B$3-100)*3)+Inputs!$B$27+Inputs!$B$28))) | E36: =INDEX(FactorTable!$B$2:$Y$301, MATCH(ROUND(MIN(300,MAX(1,D36)),0), FactorTable!$A$2:$A$301,0), Skills!M3+1) | F36: =IF(Skills!N3=TRUE,(Skills!L3/10)*(E36/1000),Skills!L3/10)+Skills!O3 | G36: =Skills!G3*IF(Skills!H3>0,Skills!I3/Skills!H3,1) | H36: =1-(1-Skills!J3/100)^Skills!K3 | I36: 1 | J36: =(Inputs!$B$5*(1+Inputs!$B$6/100))*(F36/100) | K36: =J36*(1+(((Inputs!$B$11+1)*(1+Inputs!$B$12/100))*0.01+Inputs!$B$13*0.0025)/100)*(1+Inputs!$B$14/100)*(1+IF(Inputs!$B$4="pvp",0,(1-Summary!$B$55)*(Inputs!$B$19+0+Skills!P3)+Summary!$B$55*(Inputs!$B$20+Skills!Q3))/100)*(1+Inputs!$B$15/100)*(5000/(6000+Inputs!$B$7*(1-(Inputs!$B$18+0)/100)))*(1+(Inputs!$B$23+((C55=TRUE)*(F55-Calc!F22))+B64)/100)*(1+(IF(Skills!A3="HOOK_BOMBER",Inputs!$B$16+((C54=TRUE)*(F54-Calc!F21)),Inputs!$B$17+0))/100)*((1+(((C46=TRUE)*F46)+((C52=TRUE)*(F52-Calc!F19)))/100)*I36) | L36: =K36*(MIN(Inputs!$B$21+((C53=TRUE)*(F53-Calc!F20)),Inputs!$B$22+0)/100+(Inputs!$B$22+0)/100)/2 | M36: =L36*(1+(Inputs!$B$9+0+B63)/100) | N36: =L36*(1-MIN((Inputs!$B$8+((C49=TRUE)*(F49-Calc!F16))+B58),100)/100)+M36*(MIN((Inputs!$B$8+((C49=TRUE)*(F49-Calc!F16))+B58),100)/100) | O36: =IF(C36,Skills!G3*H36*N36*B62*IF(Inputs!$B$4="pvp",1,(1-Summary!$B$55)*(1)+Summary!$B$55*(MIN(Skills!R3,Inputs!$B$37))),0) | P36: =IF(B66=0,0,O36/B66) | Q36: 0 | R36: 0 | S36: =IFERROR(O36/N36,0) | U36: =INDEX(FactorTable!$B$2:$Y$301, MATCH(ROUND(MIN(300,MAX(1,U35)),0), FactorTable!$A$2:$A$301,0), 22)
A37: =Skills!A4 | B37: =Skills!B4 | C37: =Inputs!$B$3>=60 | D37: =IF(Skills!C4=1,60+Inputs!$B$24+Inputs!$B$28,IF(Skills!C4=2,90+Inputs!$B$25+Inputs!$B$28,IF(Skills!C4=3,120+Inputs!$B$26+Inputs!$B$28,MAX(0,(Inputs!$B$3-100)*3)+Inputs!$B$27+Inputs!$B$28))) | E37: =INDEX(FactorTable!$B$2:$Y$301, MATCH(ROUND(MIN(300,MAX(1,D37)),0), FactorTable!$A$2:$A$301,0), Skills!M4+1) | F37: =IF(Skills!N4=TRUE,(Skills!L4/10)*(E37/1000),Skills!L4/10)+Skills!O4 | G37: =Skills!G4*IF(Skills!H4>0,Skills!I4/Skills!H4,1) | H37: =1-(1-Skills!J4/100)^Skills!K4 | I37: 1 | J37: =(Inputs!$B$5*(1+Inputs!$B$6/100))*(F37/100) | K37: =J37*(1+(((Inputs!$B$11+1)*(1+Inputs!$B$12/100))*0.01+Inputs!$B$13*0.0025)/100)*(1+Inputs!$B$14/100)*(1+IF(Inputs!$B$4="pvp",0,(1-Summary!$B$55)*(Inputs!$B$19+0+Skills!P4)+Summary!$B$55*(Inputs!$B$20+Skills!Q4))/100)*(1+Inputs!$B$15/100)*(5000/(6000+Inputs!$B$7*(1-(Inputs!$B$18+0)/100)))*(1+(Inputs!$B$23+((C55=TRUE)*(F55-Calc!F22))+B64)/100)*(1+1.0*IF(C45=TRUE,F45,0)/100)*(1+(IF(Skills!A4="HOOK_BOMBER",Inputs!$B$16+((C54=TRUE)*(F54-Calc!F21)),Inputs!$B$17+0))/100)*((1+(((C46=TRUE)*F46)+((C52=TRUE)*(F52-Calc!F19)))/100)*I37) | L37: =K37*(MIN(Inputs!$B$21+((C53=TRUE)*(F53-Calc!F20)),Inputs!$B$22+0)/100+(Inputs!$B$22+0)/100)/2 | M37: =L37*(1+(Inputs!$B$9+0+B63)/100) | N37: =L37*(1-MIN((Inputs!$B$8+((C49=TRUE)*(F49-Calc!F16))+B58),100)/100)+M37*(MIN((Inputs!$B$8+((C49=TRUE)*(F49-Calc!F16))+B58),100)/100) | O37: =IF(C37,Skills!G4*H37*N37*B62*IF(Inputs!$B$4="pvp",1,(1-Summary!$B$55)*(1)+Summary!$B$55*(MIN(Skills!R4,Inputs!$B$37))),0) | P37: =IF(B66=0,0,O37/B66) | Q37: 0 | R37: 0 | S37: =IFERROR(O37/N37,0) | U37: =290*U36/1000
A38: =Skills!A5 | B38: =Skills!B5 | C38: =Inputs!$B$3>=60 | D38: =IF(Skills!C5=1,60+Inputs!$B$24+Inputs!$B$28,IF(Skills!C5=2,90+Inputs!$B$25+Inputs!$B$28,IF(Skills!C5=3,120+Inputs!$B$26+Inputs!$B$28,MAX(0,(Inputs!$B$3-100)*3)+Inputs!$B$27+Inputs!$B$28))) | E38: =INDEX(FactorTable!$B$2:$Y$301, MATCH(ROUND(MIN(300,MAX(1,D38)),0), FactorTable!$A$2:$A$301,0), Skills!M5+1) | F38: =IF(Skills!N5=TRUE,(Skills!L5/10)*(E38/1000),Skills!L5/10)+Skills!O5 | G38: =Skills!G5*IF(Skills!H5>0,Skills!I5/Skills!H5,1) | H38: =1-(1-Skills!J5/100)^Skills!K5 | I38: 1 | O38: 0 | P38: =IF(B66=0,0,O38/B66) | Q38: 0 | R38: 0 | S38: =IFERROR(O38/N38,0)
A39: =Skills!A6 | B39: =Skills!B6 | C39: =Inputs!$B$3>=63 | D39: =IF(Skills!C6=1,60+Inputs!$B$24+Inputs!$B$28,IF(Skills!C6=2,90+Inputs!$B$25+Inputs!$B$28,IF(Skills!C6=3,120+Inputs!$B$26+Inputs!$B$28,MAX(0,(Inputs!$B$3-100)*3)+Inputs!$B$27+Inputs!$B$28))) | E39: =INDEX(FactorTable!$B$2:$Y$301, MATCH(ROUND(MIN(300,MAX(1,D39)),0), FactorTable!$A$2:$A$301,0), Skills!M6+1) | F39: =IF(Skills!N6=TRUE,(Skills!L6/10)*(E39/1000),Skills!L6/10)+Skills!O6 | G39: =Skills!G6*IF(Skills!H6>0,Skills!I6/Skills!H6,1) | H39: =1-(1-Skills!J6/100)^Skills!K6 | I39: 1 | J39: =(Inputs!$B$5*(1+Inputs!$B$6/100))*(F39/100) | K39: =J39*(1+(((Inputs!$B$11+1)*(1+Inputs!$B$12/100))*0.01+Inputs!$B$13*0.0025)/100)*(1+Inputs!$B$14/100)*(1+IF(Inputs!$B$4="pvp",0,(1-Summary!$B$55)*(Inputs!$B$19+0+Skills!P6)+Summary!$B$55*(Inputs!$B$20+Skills!Q6))/100)*(1+Inputs!$B$15/100)*(5000/(6000+Inputs!$B$7*(1-(Inputs!$B$18+0)/100)))*(1+(Inputs!$B$23+((C55=TRUE)*(F55-Calc!F22))+B64)/100)*(1+(IF(Skills!A6="HOOK_BOMBER",Inputs!$B$16+((C54=TRUE)*(F54-Calc!F21)),Inputs!$B$17+0))/100)*((1+(((C46=TRUE)*F46)+((C52=TRUE)*(F52-Calc!F19)))/100)*I39) | L39: =K39*(MIN(Inputs!$B$21+((C53=TRUE)*(F53-Calc!F20)),Inputs!$B$22+0)/100+(Inputs!$B$22+0)/100)/2 | M39: =L39*(1+(Inputs!$B$9+0+B63)/100) | N39: =L39*(1-MIN((Inputs!$B$8+((C49=TRUE)*(F49-Calc!F16))+B58),100)/100)+M39*(MIN((Inputs!$B$8+((C49=TRUE)*(F49-Calc!F16))+B58),100)/100) | O39: =IF(C39,H39*N39*IF(AND(Inputs!$B$4<>"pvp",Inputs!$B$35>0),((Skills!G6*((R39-1)*IF(Skills!H6>0,Skills!I6/Skills!H6,1)+IF(Skills!H6>0,MIN(Skills!I6,MAX(0,Inputs!$B$35-((R39-1)*IF(Inputs!$B$4="pvp",15,MAX(0.1,Skills!D6-IF(Skills!E6=TRUE,Inputs!$B$31,0))))))/Skills!H6,1)))/Inputs!$B$35),G39*Q39)*IF(Inputs!$B$4="pvp",1,(1-Summary!$B$55)*(1)+Summary!$B$55*(MIN(Skills!R6,Inputs!$B$37))),0) | P39: =IF(B66=0,0,O39/B66) | Q39: =IFERROR(1/IF(Inputs!$B$4="pvp",15,MAX(0.1,Skills!D6-IF(Skills!E6=TRUE,Inputs!$B$31,0))),0) | R39: =IF(AND(Inputs!$B$4<>"pvp",Inputs!$B$35>0),(INT(Inputs!$B$35/IF(Inputs!$B$4="pvp",15,MAX(0.1,Skills!D6-IF(Skills!E6=TRUE,Inputs!$B$31,0))))+1),0) | S39: =IFERROR(O39/N39,0)
A40: =Skills!A7 | B40: =Skills!B7 | C40: =Inputs!$B$3>=100 | D40: =IF(Skills!C7=1,60+Inputs!$B$24+Inputs!$B$28,IF(Skills!C7=2,90+Inputs!$B$25+Inputs!$B$28,IF(Skills!C7=3,120+Inputs!$B$26+Inputs!$B$28,MAX(0,(Inputs!$B$3-100)*3)+Inputs!$B$27+Inputs!$B$28))) | E40: =INDEX(FactorTable!$B$2:$Y$301, MATCH(ROUND(MIN(300,MAX(1,D40)),0), FactorTable!$A$2:$A$301,0), Skills!M7+1) | F40: =IF(Skills!N7=TRUE,(Skills!L7/10)*(E40/1000),Skills!L7/10)+Skills!O7 | G40: =Skills!G7*IF(Skills!H7>0,Skills!I7/Skills!H7,1) | H40: =1-(1-Skills!J7/100)^Skills!K7 | I40: 1 | J40: =(Inputs!$B$5*(1+Inputs!$B$6/100))*(F40/100) | K40: =J40*(1+(((Inputs!$B$11+1)*(1+Inputs!$B$12/100))*0.01+Inputs!$B$13*0.0025)/100)*(1+Inputs!$B$14/100)*(1+IF(Inputs!$B$4="pvp",0,(1-Summary!$B$55)*(Inputs!$B$19+0+Skills!P7)+Summary!$B$55*(Inputs!$B$20+Skills!Q7))/100)*(1+Inputs!$B$15/100)*(5000/(6000+Inputs!$B$7*(1-(Inputs!$B$18+0)/100)))*(1+(Inputs!$B$23+((C55=TRUE)*(F55-Calc!F22))+B64)/100)*(1+(IF(Skills!A7="HOOK_BOMBER",Inputs!$B$16+((C54=TRUE)*(F54-Calc!F21)),Inputs!$B$17+0))/100)*((1+(((C46=TRUE)*F46)+((C52=TRUE)*(F52-Calc!F19)))/100)*I40) | L40: =K40*(MIN(Inputs!$B$21+((C53=TRUE)*(F53-Calc!F20)),Inputs!$B$22+0)/100+(Inputs!$B$22+0)/100)/2 | M40: =L40*(1+(Inputs!$B$9+0+B63)/100) | N40: =L40*(1-MIN((Inputs!$B$8+((C49=TRUE)*(F49-Calc!F16))+B58),100)/100)+M40*(MIN((Inputs!$B$8+((C49=TRUE)*(F49-Calc!F16))+B58),100)/100) | O40: =IF(C40,H40*N40*IF(AND(Inputs!$B$4<>"pvp",Inputs!$B$35>0),((Skills!G7*((R40-1)*IF(Skills!H7>0,Skills!I7/Skills!H7,1)+IF(Skills!H7>0,MIN(Skills!I7,MAX(0,Inputs!$B$35-((R40-1)*IF(Inputs!$B$4="pvp",15,MAX(0.1,Skills!D7-IF(Skills!E7=TRUE,Inputs!$B$31,0))))))/Skills!H7,1)))/Inputs!$B$35),G40*Q40)*IF(Inputs!$B$4="pvp",1,(1-Summary!$B$55)*(1)+Summary!$B$55*(MIN(Skills!R7,Inputs!$B$37))),0) | P40: =IF(B66=0,0,O40/B66) | Q40: =IFERROR(1/IF(Inputs!$B$4="pvp",15,MAX(0.1,Skills!D7-IF(Skills!E7=TRUE,Inputs!$B$31,0))),0) | R40: =IF(AND(Inputs!$B$4<>"pvp",Inputs!$B$35>0),(INT(Inputs!$B$35/IF(Inputs!$B$4="pvp",15,MAX(0.1,Skills!D7-IF(Skills!E7=TRUE,Inputs!$B$31,0))))+1),0) | S40: =IFERROR(O40/N40,0)
A41: =Skills!A8 | B41: =Skills!B8 | C41: =Inputs!$B$3>=110 | D41: =IF(Skills!C8=1,60+Inputs!$B$24+Inputs!$B$28,IF(Skills!C8=2,90+Inputs!$B$25+Inputs!$B$28,IF(Skills!C8=3,120+Inputs!$B$26+Inputs!$B$28,MAX(0,(Inputs!$B$3-100)*3)+Inputs!$B$27+Inputs!$B$28))) | E41: =INDEX(FactorTable!$B$2:$Y$301, MATCH(ROUND(MIN(300,MAX(1,D41)),0), FactorTable!$A$2:$A$301,0), Skills!M8+1) | F41: =IF(Skills!N8=TRUE,(Skills!L8/10)*(E41/1000),Skills!L8/10)+Skills!O8 | G41: =Skills!G8*IF(Skills!H8>0,Skills!I8/Skills!H8,1) | H41: =1-(1-Skills!J8/100)^Skills!K8 | I41: 1 | J41: =(Inputs!$B$5*(1+Inputs!$B$6/100))*(F41/100) | K41: =J41*(1+(((Inputs!$B$11+1)*(1+Inputs!$B$12/100))*0.01+Inputs!$B$13*0.0025)/100)*(1+Inputs!$B$14/100)*(1+IF(Inputs!$B$4="pvp",0,(1-Summary!$B$55)*(Inputs!$B$19+0+Skills!P8)+Summary!$B$55*(Inputs!$B$20+Skills!Q8))/100)*(1+Inputs!$B$15/100)*(5000/(6000+Inputs!$B$7*(1-(Inputs!$B$18+0)/100)))*(1+(Inputs!$B$23+((C55=TRUE)*(F55-Calc!F22))+B64)/100)*(1+(IF(Skills!A8="HOOK_BOMBER",Inputs!$B$16+((C54=TRUE)*(F54-Calc!F21)),Inputs!$B$17+0))/100)*((1+(((C46=TRUE)*F46)+((C52=TRUE)*(F52-Calc!F19)))/100)*I41) | L41: =K41*(MIN(Inputs!$B$21+((C53=TRUE)*(F53-Calc!F20)),Inputs!$B$22+0)/100+(Inputs!$B$22+0)/100)/2 | M41: =L41*(1+(Inputs!$B$9+0+B63)/100) | N41: =L41*(1-MIN((Inputs!$B$8+((C49=TRUE)*(F49-Calc!F16))+B58),100)/100)+M41*(MIN((Inputs!$B$8+((C49=TRUE)*(F49-Calc!F16))+B58),100)/100) | O41: =IF(C41,H41*N41*IF(AND(Inputs!$B$4<>"pvp",Inputs!$B$35>0),((Skills!G8*((R41-1)*IF(Skills!H8>0,Skills!I8/Skills!H8,1)+IF(Skills!H8>0,MIN(Skills!I8,MAX(0,Inputs!$B$35-((R41-1)*IF(Inputs!$B$4="pvp",15,MAX(0.1,Skills!D8-IF(Skills!E8=TRUE,Inputs!$B$31,0))))))/Skills!H8,1)))/Inputs!$B$35),G41*Q41)*IF(Inputs!$B$4="pvp",1,(1-Summary!$B$55)*(1)+Summary!$B$55*(MIN(Skills!R8,Inputs!$B$37))),0) | P41: =IF(B66=0,0,O41/B66) | Q41: =IFERROR(1/IF(Inputs!$B$4="pvp",15,MAX(0.1,Skills!D8-IF(Skills!E8=TRUE,Inputs!$B$31,0))),0) | R41: =IF(AND(Inputs!$B$4<>"pvp",Inputs!$B$35>0),(INT(Inputs!$B$35/IF(Inputs!$B$4="pvp",15,MAX(0.1,Skills!D8-IF(Skills!E8=TRUE,Inputs!$B$31,0))))+1),0) | S41: =IFERROR(O41/N41,0)
A42: =Skills!A9 | B42: =Skills!B9 | C42: =Inputs!$B$3>=110 | D42: =IF(Skills!C9=1,60+Inputs!$B$24+Inputs!$B$28,IF(Skills!C9=2,90+Inputs!$B$25+Inputs!$B$28,IF(Skills!C9=3,120+Inputs!$B$26+Inputs!$B$28,MAX(0,(Inputs!$B$3-100)*3)+Inputs!$B$27+Inputs!$B$28))) | E42: =INDEX(FactorTable!$B$2:$Y$301, MATCH(ROUND(MIN(300,MAX(1,D42)),0), FactorTable!$A$2:$A$301,0), Skills!M9+1) | F42: =IF(Skills!N9=TRUE,(Skills!L9/10)*(E42/1000),Skills!L9/10)+Skills!O9 | G42: =Skills!G9*IF(Skills!H9>0,Skills!I9/Skills!H9,1) | H42: =1-(1-Skills!J9/100)^Skills!K9 | I42: 1 | J42: =(Inputs!$B$5*(1+Inputs!$B$6/100))*(F42/100) | K42: =J42*(1+(((Inputs!$B$11+1)*(1+Inputs!$B$12/100))*0.01+Inputs!$B$13*0.0025)/100)*(1+Inputs!$B$14/100)*(1+IF(Inputs!$B$4="pvp",0,(1-Summary!$B$55)*(Inputs!$B$19+0+Skills!P9)+Summary!$B$55*(Inputs!$B$20+Skills!Q9))/100)*(1+Inputs!$B$15/100)*(5000/(6000+Inputs!$B$7*(1-(Inputs!$B$18+0)/100)))*(1+(Inputs!$B$23+((C55=TRUE)*(F55-Calc!F22))+B64)/100)*(1+(IF(Skills!A9="HOOK_BOMBER",Inputs!$B$16+((C54=TRUE)*(F54-Calc!F21)),Inputs!$B$17+0))/100)*((1+(((C46=TRUE)*F46)+((C52=TRUE)*(F52-Calc!F19)))/100)*I42) | L42: =K42*(MIN(Inputs!$B$21+((C53=TRUE)*(F53-Calc!F20)),Inputs!$B$22+0)/100+(Inputs!$B$22+0)/100)/2 | M42: =L42*(1+(Inputs!$B$9+0+B63)/100) | N42: =L42*(1-MIN((Inputs!$B$8+((C49=TRUE)*(F49-Calc!F16))+B58),100)/100)+M42*(MIN((Inputs!$B$8+((C49=TRUE)*(F49-Calc!F16))+B58),100)/100) | O42: =IF(C42,H42*N42*IF(AND(Inputs!$B$4<>"pvp",Inputs!$B$35>0),((Skills!G9*((R42-1)*IF(Skills!H9>0,Skills!I9/Skills!H9,1)+IF(Skills!H9>0,MIN(Skills!I9,MAX(0,Inputs!$B$35-((R42-1)*IF(Inputs!$B$4="pvp",15,MAX(0.1,Skills!D9-IF(Skills!E9=TRUE,Inputs!$B$31,0))))))/Skills!H9,1)))/Inputs!$B$35),G42*Q42)*IF(Inputs!$B$4="pvp",1,(1-Summary!$B$55)*(1)+Summary!$B$55*(MIN(Skills!R9,Inputs!$B$37))),0) | P42: =IF(B66=0,0,O42/B66) | Q42: =IFERROR(1/IF(Inputs!$B$4="pvp",15,MAX(0.1,Skills!D9-IF(Skills!E9=TRUE,Inputs!$B$31,0))),0) | R42: =IF(AND(Inputs!$B$4<>"pvp",Inputs!$B$35>0),(INT(Inputs!$B$35/IF(Inputs!$B$4="pvp",15,MAX(0.1,Skills!D9-IF(Skills!E9=TRUE,Inputs!$B$31,0))))+1),0) | S42: =IFERROR(O42/N42,0)
A43: =Skills!A10 | B43: =Skills!B10 | C43: =Inputs!$B$3>=103 | D43: =IF(Skills!C10=1,60+Inputs!$B$24+Inputs!$B$28,IF(Skills!C10=2,90+Inputs!$B$25+Inputs!$B$28,IF(Skills!C10=3,120+Inputs!$B$26+Inputs!$B$28,MAX(0,(Inputs!$B$3-100)*3)+Inputs!$B$27+Inputs!$B$28))) | E43: =INDEX(FactorTable!$B$2:$Y$301, MATCH(ROUND(MIN(300,MAX(1,D43)),0), FactorTable!$A$2:$A$301,0), Skills!M10+1) | F43: =IF(Skills!N10=TRUE,(Skills!L10/10)*(E43/1000),Skills!L10/10)+Skills!O10 | G43: =Skills!G10*IF(Skills!H10>0,Skills!I10/Skills!H10,1) | H43: =1-(1-Skills!J10/100)^Skills!K10 | I43: 1 | J43: =(Inputs!$B$5*(1+Inputs!$B$6/100))*(F43/100) | K43: =J43*(1+(((Inputs!$B$11+1)*(1+Inputs!$B$12/100))*0.01+Inputs!$B$13*0.0025)/100)*(1+Inputs!$B$14/100)*(1+IF(Inputs!$B$4="pvp",0,(1-Summary!$B$55)*(Inputs!$B$19+0+Skills!P10)+Summary!$B$55*(Inputs!$B$20+Skills!Q10))/100)*(1+Inputs!$B$15/100)*(5000/(6000+Inputs!$B$7*(1-(Inputs!$B$18+0)/100)))*(1+(Inputs!$B$23+((C55=TRUE)*(F55-Calc!F22))+B64)/100)*(1+(IF(Skills!A10="HOOK_BOMBER",Inputs!$B$16+((C54=TRUE)*(F54-Calc!F21)),Inputs!$B$17+0))/100)*((1+(((C46=TRUE)*F46)+((C52=TRUE)*(F52-Calc!F19)))/100)*I43) | L43: =K43*(MIN(Inputs!$B$21+((C53=TRUE)*(F53-Calc!F20)),Inputs!$B$22+0)/100+(Inputs!$B$22+0)/100)/2 | M43: =L43*(1+(Inputs!$B$9+0+B63)/100) | N43: =L43*(1-MIN((Inputs!$B$8+((C49=TRUE)*(F49-Calc!F16))+B58),100)/100)+M43*(MIN((Inputs!$B$8+((C49=TRUE)*(F49-Calc!F16))+B58),100)/100) | O43: =IF(C43,H43*N43*IF(AND(Inputs!$B$4<>"pvp",Inputs!$B$35>0),((Skills!G10*((R43-1)*IF(Skills!H10>0,Skills!I10/Skills!H10,1)+IF(Skills!H10>0,MIN(Skills!I10,MAX(0,Inputs!$B$35-((R43-1)*IF(Inputs!$B$4="pvp",15,MAX(0.1,Skills!D10-IF(Skills!E10=TRUE,Inputs!$B$31,0))))))/Skills!H10,1)))/Inputs!$B$35),G43*Q43)*IF(Inputs!$B$4="pvp",1,(1-Summary!$B$55)*(1)+Summary!$B$55*(MIN(Skills!R10,Inputs!$B$37))),0) | P43: =IF(B66=0,0,O43/B66) | Q43: =IFERROR(1/IF(Inputs!$B$4="pvp",15,MAX(0.1,Skills!D10-IF(Skills!E10=TRUE,Inputs!$B$31,0))),0) | R43: =IF(AND(Inputs!$B$4<>"pvp",Inputs!$B$35>0),(INT(Inputs!$B$35/IF(Inputs!$B$4="pvp",15,MAX(0.1,Skills!D10-IF(Skills!E10=TRUE,Inputs!$B$31,0))))+1),0) | S43: =IFERROR(O43/N43,0)
A44: =Skills!A11 | B44: =Skills!B11 | C44: =Inputs!$B$3>=113 | D44: =IF(Skills!C11=1,60+Inputs!$B$24+Inputs!$B$28,IF(Skills!C11=2,90+Inputs!$B$25+Inputs!$B$28,IF(Skills!C11=3,120+Inputs!$B$26+Inputs!$B$28,MAX(0,(Inputs!$B$3-100)*3)+Inputs!$B$27+Inputs!$B$28))) | E44: =INDEX(FactorTable!$B$2:$Y$301, MATCH(ROUND(MIN(300,MAX(1,D44)),0), FactorTable!$A$2:$A$301,0), Skills!M11+1) | F44: =IF(Skills!N11=TRUE,(Skills!L11/10)*(E44/1000),Skills!L11/10)+Skills!O11 | G44: =Skills!G11*IF(Skills!H11>0,Skills!I11/Skills!H11,1) | H44: =1-(1-Skills!J11/100)^Skills!K11 | I44: 1 | J44: =(Inputs!$B$5*(1+Inputs!$B$6/100))*(F44/100) | K44: =J44*(1+(((Inputs!$B$11+1)*(1+Inputs!$B$12/100))*0.01+Inputs!$B$13*0.0025)/100)*(1+Inputs!$B$14/100)*(1+IF(Inputs!$B$4="pvp",0,(1-Summary!$B$55)*(Inputs!$B$19+0+Skills!P11)+Summary!$B$55*(Inputs!$B$20+Skills!Q11))/100)*(1+Inputs!$B$15/100)*(5000/(6000+Inputs!$B$7*(1-(Inputs!$B$18+0)/100)))*(1+(Inputs!$B$23+((C55=TRUE)*(F55-Calc!F22))+B64)/100)*(1+(IF(Skills!A11="HOOK_BOMBER",Inputs!$B$16+((C54=TRUE)*(F54-Calc!F21)),Inputs!$B$17+0))/100)*((1+(((C46=TRUE)*F46)+((C52=TRUE)*(F52-Calc!F19)))/100)*I44) | L44: =K44*(MIN(Inputs!$B$21+((C53=TRUE)*(F53-Calc!F20)),Inputs!$B$22+0)/100+(Inputs!$B$22+0)/100)/2 | M44: =L44*(1+(Inputs!$B$9+0+B63)/100) | N44: =L44*(1-MIN((Inputs!$B$8+((C49=TRUE)*(F49-Calc!F16))+B58),100)/100)+M44*(MIN((Inputs!$B$8+((C49=TRUE)*(F49-Calc!F16))+B58),100)/100) | O44: =IF(C44,H44*N44*IF(AND(Inputs!$B$4<>"pvp",Inputs!$B$35>0),((Skills!G11*((R44-1)*IF(Skills!H11>0,Skills!I11/Skills!H11,1)+IF(Skills!H11>0,MIN(Skills!I11,MAX(0,Inputs!$B$35-((R44-1)*IF(Inputs!$B$4="pvp",15,MAX(0.1,Skills!D11-IF(Skills!E11=TRUE,Inputs!$B$31,0))))))/Skills!H11,1)))/Inputs!$B$35),G44*Q44)*IF(Inputs!$B$4="pvp",1,(1-Summary!$B$55)*(1)+Summary!$B$55*(MIN(Skills!R11,Inputs!$B$37))),0) | P44: =IF(B66=0,0,O44/B66) | Q44: =IFERROR(1/IF(Inputs!$B$4="pvp",15,MAX(0.1,Skills!D11-IF(Skills!E11=TRUE,Inputs!$B$31,0))),0) | R44: =IF(AND(Inputs!$B$4<>"pvp",Inputs!$B$35>0),(INT(Inputs!$B$35/IF(Inputs!$B$4="pvp",15,MAX(0.1,Skills!D11-IF(Skills!E11=TRUE,Inputs!$B$31,0))))+1),0) | S44: =IFERROR(O44/N44,0)
A45: =Skills!A12 | B45: =Skills!B12 | C45: =Inputs!$B$3>=100 | D45: =IF(Skills!C12=1,60+Inputs!$B$24+Inputs!$B$28,IF(Skills!C12=2,90+Inputs!$B$25+Inputs!$B$28,IF(Skills!C12=3,120+Inputs!$B$26+Inputs!$B$28,MAX(0,(Inputs!$B$3-100)*3)+Inputs!$B$27+Inputs!$B$28))) | E45: =INDEX(FactorTable!$B$2:$Y$301, MATCH(ROUND(MIN(300,MAX(1,D45)),0), FactorTable!$A$2:$A$301,0), Skills!M12+1) | F45: =IF(Skills!N12=TRUE,(Skills!L12/10)*(E45/1000),Skills!L12/10)+Skills!O12 | I45: 1
A46: =Skills!A13 | B46: =Skills!B13 | C46: =Inputs!$B$3>=66 | D46: =IF(Skills!C13=1,60+Inputs!$B$24+Inputs!$B$28,IF(Skills!C13=2,90+Inputs!$B$25+Inputs!$B$28,IF(Skills!C13=3,120+Inputs!$B$26+Inputs!$B$28,MAX(0,(Inputs!$B$3-100)*3)+Inputs!$B$27+Inputs!$B$28))) | E46: =INDEX(FactorTable!$B$2:$Y$301, MATCH(ROUND(MIN(300,MAX(1,D46)),0), FactorTable!$A$2:$A$301,0), Skills!M13+1) | F46: =IF(Skills!N13=TRUE,(Skills!L13/10)*(E46/1000),Skills!L13/10)+Skills!O13 | G46: =Skills!G13*IF(Skills!H13>0,Skills!I13/Skills!H13,1) | H46: =1-(1-Skills!J13/100)^Skills!K13 | I46: 1 | O46: 0 | P46: =IF(B66=0,0,O46/B66) | Q46: 0 | R46: 0 | S46: =IFERROR(O46/N46,0)
A47: =Skills!A14 | B47: =Skills!B14 | C47: =Inputs!$B$3>=107 | D47: =IF(Skills!C14=1,60+Inputs!$B$24+Inputs!$B$28,IF(Skills!C14=2,90+Inputs!$B$25+Inputs!$B$28,IF(Skills!C14=3,120+Inputs!$B$26+Inputs!$B$28,MAX(0,(Inputs!$B$3-100)*3)+Inputs!$B$27+Inputs!$B$28))) | E47: =INDEX(FactorTable!$B$2:$Y$301, MATCH(ROUND(MIN(300,MAX(1,D47)),0), FactorTable!$A$2:$A$301,0), Skills!M14+1) | F47: =IF(Skills!N14=TRUE,(Skills!L14/10)*(E47/1000),Skills!L14/10)+Skills!O14 | G47: =Skills!G14*IF(Skills!H14>0,Skills!I14/Skills!H14,1) | H47: =1-(1-Skills!J14/100)^Skills!K14 | I47: 1 | O47: 0 | P47: =IF(B66=0,0,O47/B66) | Q47: 0 | R47: 0 | S47: =IFERROR(O47/N47,0)
A48: =Skills!A15 | B48: =Skills!B15 | C48: =Inputs!$B$3>=115 | D48: =IF(Skills!C15=1,60+Inputs!$B$24+Inputs!$B$28,IF(Skills!C15=2,90+Inputs!$B$25+Inputs!$B$28,IF(Skills!C15=3,120+Inputs!$B$26+Inputs!$B$28,MAX(0,(Inputs!$B$3-100)*3)+Inputs!$B$27+Inputs!$B$28))) | E48: =INDEX(FactorTable!$B$2:$Y$301, MATCH(ROUND(MIN(300,MAX(1,D48)),0), FactorTable!$A$2:$A$301,0), Skills!M15+1) | F48: =IF(Skills!N15=TRUE,(Skills!L15/10)*(E48/1000),Skills!L15/10)+Skills!O15 | G48: =Skills!G15*IF(Skills!H15>0,Skills!I15/Skills!H15,1) | H48: =1-(1-Skills!J15/100)^Skills!K15 | I48: 1 | O48: 0 | P48: =IF(B66=0,0,O48/B66) | Q48: 0 | R48: 0 | S48: =IFERROR(O48/N48,0)
A49: =Skills!A16 | B49: =Skills!B16 | C49: =Inputs!$B$3>=15 | D49: =IF(Skills!C16=1,60+Inputs!$B$24+Inputs!$B$28,IF(Skills!C16=2,90+Inputs!$B$25+Inputs!$B$28,IF(Skills!C16=3,120+Inputs!$B$26+Inputs!$B$28,MAX(0,(Inputs!$B$3-100)*3)+Inputs!$B$27+Inputs!$B$28))) | E49: =INDEX(FactorTable!$B$2:$Y$301, MATCH(ROUND(MIN(300,MAX(1,D49)),0), FactorTable!$A$2:$A$301,0), Skills!M16+1) | F49: =IF(Skills!N16=TRUE,(Skills!L16/10)*(E49/1000),Skills!L16/10)+Skills!O16 | G49: =Skills!G16*IF(Skills!H16>0,Skills!I16/Skills!H16,1) | H49: =1-(1-Skills!J16/100)^Skills!K16 | I49: 1 | O49: 0 | P49: =IF(B66=0,0,O49/B66) | Q49: 0 | R49: 0 | S49: =IFERROR(O49/N49,0)
A50: =Skills!A17 | B50: =Skills!B17 | C50: =Inputs!$B$3>=10 | D50: =IF(Skills!C17=1,60+Inputs!$B$24+Inputs!$B$28,IF(Skills!C17=2,90+Inputs!$B$25+Inputs!$B$28,IF(Skills!C17=3,120+Inputs!$B$26+Inputs!$B$28,MAX(0,(Inputs!$B$3-100)*3)+Inputs!$B$27+Inputs!$B$28))) | E50: =INDEX(FactorTable!$B$2:$Y$301, MATCH(ROUND(MIN(300,MAX(1,D50)),0), FactorTable!$A$2:$A$301,0), Skills!M17+1) | F50: =IF(Skills!N17=TRUE,(Skills!L17/10)*(E50/1000),Skills!L17/10)+Skills!O17 | G50: =Skills!G17*IF(Skills!H17>0,Skills!I17/Skills!H17,1) | H50: =1-(1-Skills!J17/100)^Skills!K17 | I50: 1 | O50: 0 | P50: =IF(B66=0,0,O50/B66) | Q50: 0 | R50: 0 | S50: =IFERROR(O50/N50,0)
A51: =Skills!A18 | B51: =Skills!B18 | C51: =Inputs!$B$3>=33 | D51: =IF(Skills!C18=1,60+Inputs!$B$24+Inputs!$B$28,IF(Skills!C18=2,90+Inputs!$B$25+Inputs!$B$28,IF(Skills!C18=3,120+Inputs!$B$26+Inputs!$B$28,MAX(0,(Inputs!$B$3-100)*3)+Inputs!$B$27+Inputs!$B$28))) | E51: =INDEX(FactorTable!$B$2:$Y$301, MATCH(ROUND(MIN(300,MAX(1,D51)),0), FactorTable!$A$2:$A$301,0), Skills!M18+1) | F51: =IF(Skills!N18=TRUE,(Skills!L18/10)*(E51/1000),Skills!L18/10)+Skills!O18 | G51: =Skills!G18*IF(Skills!H18>0,Skills!I18/Skills!H18,1) | H51: =1-(1-Skills!J18/100)^Skills!K18 | I51: 1 | O51: 0 | P51: =IF(B66=0,0,O51/B66) | Q51: 0 | R51: 0 | S51: =IFERROR(O51/N51,0)
A52: =Skills!A19 | B52: =Skills!B19 | C52: =Inputs!$B$3>=40 | D52: =IF(Skills!C19=1,60+Inputs!$B$24+Inputs!$B$28,IF(Skills!C19=2,90+Inputs!$B$25+Inputs!$B$28,IF(Skills!C19=3,120+Inputs!$B$26+Inputs!$B$28,MAX(0,(Inputs!$B$3-100)*3)+Inputs!$B$27+Inputs!$B$28))) | E52: =INDEX(FactorTable!$B$2:$Y$301, MATCH(ROUND(MIN(300,MAX(1,D52)),0), FactorTable!$A$2:$A$301,0), Skills!M19+1) | F52: =IF(Skills!N19=TRUE,(Skills!L19/10)*(E52/1000),Skills!L19/10)+Skills!O19 | G52: =Skills!G19*IF(Skills!H19>0,Skills!I19/Skills!H19,1) | H52: =1-(1-Skills!J19/100)^Skills!K19 | I52: 1 | O52: 0 | P52: =IF(B66=0,0,O52/B66) | Q52: 0 | R52: 0 | S52: =IFERROR(O52/N52,0)
A53: =Skills!A20 | B53: =Skills!B20 | C53: =Inputs!$B$3>=43 | D53: =IF(Skills!C20=1,60+Inputs!$B$24+Inputs!$B$28,IF(Skills!C20=2,90+Inputs!$B$25+Inputs!$B$28,IF(Skills!C20=3,120+Inputs!$B$26+Inputs!$B$28,MAX(0,(Inputs!$B$3-100)*3)+Inputs!$B$27+Inputs!$B$28))) | E53: =INDEX(FactorTable!$B$2:$Y$301, MATCH(ROUND(MIN(300,MAX(1,D53)),0), FactorTable!$A$2:$A$301,0), Skills!M20+1) | F53: =IF(Skills!N20=TRUE,(Skills!L20/10)*(E53/1000),Skills!L20/10)+Skills!O20 | G53: =Skills!G20*IF(Skills!H20>0,Skills!I20/Skills!H20,1) | H53: =1-(1-Skills!J20/100)^Skills!K20 | I53: 1 | O53: 0 | P53: =IF(B66=0,0,O53/B66) | Q53: 0 | R53: 0 | S53: =IFERROR(O53/N53,0)
A54: =Skills!A21 | B54: =Skills!B21 | C54: =Inputs!$B$3>=38 | D54: =IF(Skills!C21=1,60+Inputs!$B$24+Inputs!$B$28,IF(Skills!C21=2,90+Inputs!$B$25+Inputs!$B$28,IF(Skills!C21=3,120+Inputs!$B$26+Inputs!$B$28,MAX(0,(Inputs!$B$3-100)*3)+Inputs!$B$27+Inputs!$B$28))) | E54: =INDEX(FactorTable!$B$2:$Y$301, MATCH(ROUND(MIN(300,MAX(1,D54)),0), FactorTable!$A$2:$A$301,0), Skills!M21+1) | F54: =IF(Skills!N21=TRUE,(Skills!L21/10)*(E54/1000),Skills!L21/10)+Skills!O21 | G54: =Skills!G21*IF(Skills!H21>0,Skills!I21/Skills!H21,1) | H54: =1-(1-Skills!J21/100)^Skills!K21 | I54: 1 | O54: 0 | P54: =IF(B66=0,0,O54/B66) | Q54: 0 | R54: 0 | S54: =IFERROR(O54/N54,0)
A55: =Skills!A22 | B55: =Skills!B22 | C55: =Inputs!$B$3>=75 | D55: =IF(Skills!C22=1,60+Inputs!$B$24+Inputs!$B$28,IF(Skills!C22=2,90+Inputs!$B$25+Inputs!$B$28,IF(Skills!C22=3,120+Inputs!$B$26+Inputs!$B$28,MAX(0,(Inputs!$B$3-100)*3)+Inputs!$B$27+Inputs!$B$28))) | E55: =INDEX(FactorTable!$B$2:$Y$301, MATCH(ROUND(MIN(300,MAX(1,D55)),0), FactorTable!$A$2:$A$301,0), Skills!M22+1) | F55: =IF(Skills!N22=TRUE,(Skills!L22/10)*(E55/1000),Skills!L22/10)+Skills!O22 | G55: =Skills!G22*IF(Skills!H22>0,Skills!I22/Skills!H22,1) | H55: =1-(1-Skills!J22/100)^Skills!K22 | I55: 1 | O55: 0 | P55: =IF(B66=0,0,O55/B66) | Q55: 0 | R55: 0 | S55: =IFERROR(O55/N55,0)
A57: Attack% Bucket Multiplier | B57: =(1+(((C46=TRUE)*F46)+((C52=TRUE)*(F52-Calc!F19)))/100)
A58: Global Crit Rate Bonus % | B58: 0
A59: Attack Speed Buff Bonus % (unused) | B59: 0
A60: Actions Per Second | B60: =1+MIN(150,150*(1-(1-(Inputs!$B$10+((C50=TRUE)*(F50-Calc!F17))+((C51=TRUE)*(F51-Calc!F18)))/150)*(1-B59/150)))/100
A61: Skill + Buff Cast Rate | B61: =IF(AND(Inputs!$B$4<>"pvp",Inputs!$B$35>0),SUMPRODUCT((Skills!E2:E22=TRUE)*(C35:C55=TRUE)*R35:R55*Skills!F2:F22)/Inputs!$B$35,SUMPRODUCT((Skills!E2:E22=TRUE)*(C35:C55=TRUE)*Q35:Q55*Skills!F2:F22))
A62: Hook Bomber Casts Per Second | B62: =MAX(0,B60-B61)
A63: Global Critical Damage Bonus % (unused) | B63: 0
A64: Global Final Damage Bonus % (Serpent Scale + Crossbones + Time Leap + Speed Infusion) | B64: =((C38=TRUE)*F38*((10+IF(Inputs!$B$3>=94,5,0))/((10+IF(Inputs!$B$3>=94,5,0))+5/(B62*(1+IF(Inputs!$B$3>=104,1,0))))))+((C47=TRUE)*F47)+((C48=TRUE)*F48)+((Inputs!$B$3>=110)*20*(B60-1))
A66: TOTAL DPS | B66: =SUM(O35:O55)
A69: Stat: STR %
A70: Key | B70: Name | C70: Unlocked | D70: InputLevel | E70: Factor | F70: CoefficientPercent | G70: EffectiveHits | H70: ProcProbability | I70: MapleHeroMultiplier | J70: BaseDamage | K70: BaseHitDamage | L70: NonCritAvg | M70: CritAvg | N70: ExpectedDamage(perHit) | O70: DPS | P70: % of Total | Q70: InvCooldown | R70: CastsInFight | S70: HitRate(perSec) | U70: helpers
A71: =Skills!A2 | B71: =Skills!B2 | C71: =Inputs!$B$3>=100 | F71: =U73+Skills!O2 | G71: =Skills!G2*IF(Skills!H2>0,Skills!I2/Skills!H2,1) | H71: =1-(1-Skills!J2/100)^Skills!K2 | I71: 1 | J71: =(Inputs!$B$5*(1+Inputs!$B$6/100))*(F71/100) | K71: =J71*(1+((Inputs!$B$11*(1+(Inputs!$B$12+1)/100))*0.01+Inputs!$B$13*0.0025)/100)*(1+Inputs!$B$14/100)*(1+IF(Inputs!$B$4="pvp",0,(1-Summary!$B$55)*(Inputs!$B$19+0+Skills!P2)+Summary!$B$55*(Inputs!$B$20+Skills!Q2))/100)*(1+Inputs!$B$15/100)*(5000/(6000+Inputs!$B$7*(1-(Inputs!$B$18+0)/100)))*(1+(Inputs!$B$23+((C91=TRUE)*(F91-Calc!F22))+B100)/100)*(1+(IF(Skills!A2="HOOK_BOMBER",Inputs!$B$16+((C90=TRUE)*(F90-Calc!F21)),Inputs!$B$17+0))/100)*((1+(((C82=TRUE)*F82)+((C88=TRUE)*(F88-Calc!F19)))/100)*I71) | L71: =K71*(MIN(Inputs!$B$21+((C89=TRUE)*(F89-Calc!F20)),Inputs!$B$22+0)/100+(Inputs!$B$22+0)/100)/2 | M71: =L71*(1+(Inputs!$B$9+0+B99)/100) | N71: =L71*(1-MIN((Inputs!$B$8+((C85=TRUE)*(F85-Calc!F16))+B94),100)/100)+M71*(MIN((Inputs!$B$8+((C85=TRUE)*(F85-Calc!F16))+B94),100)/100) | O71: =IF(C71,Skills!G2*N71*B98*IF(Inputs!$B$4="pvp",1,(1-Summary!$B$55)*(1)+Summary!$B$55*(MIN((6+Inputs!$B$32),Inputs!$B$37))),0) | P71: =IF(B102=0,0,O71/B102) | Q71: 0 | R71: 0 | S71: =IFERROR(O71/N71,0) | U71: =MAX(0,(Inputs!$B$3-100)*3)+Inputs!$B$27+Inputs!$B$28
A72: =Skills!A3 | B72: =Skills!B3 | C72: =Inputs!$B$3>=35 | D72: =IF(Skills!C3=1,60+Inputs!$B$24+Inputs!$B$28,IF(Skills!C3=2,90+Inputs!$B$25+Inputs!$B$28,IF(Skills!C3=3,120+Inputs!$B$26+Inputs!$B$28,MAX(0,(Inputs!$B$3-100)*3)+Inputs!$B$27+Inputs!$B$28))) | E72: =INDEX(FactorTable!$B$2:$Y$301, MATCH(ROUND(MIN(300,MAX(1,D72)),0), FactorTable!$A$2:$A$301,0), Skills!M3+1) | F72: =IF(Skills!N3=TRUE,(Skills!L3/10)*(E72/1000),Skills!L3/10)+Skills!O3 | G72: =Skills!G3*IF(Skills!H3>0,Skills!I3/Skills!H3,1) | H72: =1-(1-Skills!J3/100)^Skills!K3 | I72: 1 | J72: =(Inputs!$B$5*(1+Inputs!$B$6/100))*(F72/100) | K72: =J72*(1+((Inputs!$B$11*(1+(Inputs!$B$12+1)/100))*0.01+Inputs!$B$13*0.0025)/100)*(1+Inputs!$B$14/100)*(1+IF(Inputs!$B$4="pvp",0,(1-Summary!$B$55)*(Inputs!$B$19+0+Skills!P3)+Summary!$B$55*(Inputs!$B$20+Skills!Q3))/100)*(1+Inputs!$B$15/100)*(5000/(6000+Inputs!$B$7*(1-(Inputs!$B$18+0)/100)))*(1+(Inputs!$B$23+((C91=TRUE)*(F91-Calc!F22))+B100)/100)*(1+(IF(Skills!A3="HOOK_BOMBER",Inputs!$B$16+((C90=TRUE)*(F90-Calc!F21)),Inputs!$B$17+0))/100)*((1+(((C82=TRUE)*F82)+((C88=TRUE)*(F88-Calc!F19)))/100)*I72) | L72: =K72*(MIN(Inputs!$B$21+((C89=TRUE)*(F89-Calc!F20)),Inputs!$B$22+0)/100+(Inputs!$B$22+0)/100)/2 | M72: =L72*(1+(Inputs!$B$9+0+B99)/100) | N72: =L72*(1-MIN((Inputs!$B$8+((C85=TRUE)*(F85-Calc!F16))+B94),100)/100)+M72*(MIN((Inputs!$B$8+((C85=TRUE)*(F85-Calc!F16))+B94),100)/100) | O72: =IF(C72,Skills!G3*H72*N72*B98*IF(Inputs!$B$4="pvp",1,(1-Summary!$B$55)*(1)+Summary!$B$55*(MIN(Skills!R3,Inputs!$B$37))),0) | P72: =IF(B102=0,0,O72/B102) | Q72: 0 | R72: 0 | S72: =IFERROR(O72/N72,0) | U72: =INDEX(FactorTable!$B$2:$Y$301, MATCH(ROUND(MIN(300,MAX(1,U71)),0), FactorTable!$A$2:$A$301,0), 22)
A73: =Skills!A4 | B73: =Skills!B4 | C73: =Inputs!$B$3>=60 | D73: =IF(Skills!C4=1,60+Inputs!$B$24+Inputs!$B$28,IF(Skills!C4=2,90+Inputs!$B$25+Inputs!$B$28,IF(Skills!C4=3,120+Inputs!$B$26+Inputs!$B$28,MAX(0,(Inputs!$B$3-100)*3)+Inputs!$B$27+Inputs!$B$28))) | E73: =INDEX(FactorTable!$B$2:$Y$301, MATCH(ROUND(MIN(300,MAX(1,D73)),0), FactorTable!$A$2:$A$301,0), Skills!M4+1) | F73: =IF(Skills!N4=TRUE,(Skills!L4/10)*(E73/1000),Skills!L4/10)+Skills!O4 | G73: =Skills!G4*IF(Skills!H4>0,Skills!I4/Skills!H4,1) | H73: =1-(1-Skills!J4/100)^Skills!K4 | I73: 1 | J73: =(Inputs!$B$5*(1+Inputs!$B$6/100))*(F73/100) | K73: =J73*(1+((Inputs!$B$11*(1+(Inputs!$B$12+1)/100))*0.01+Inputs!$B$13*0.0025)/100)*(1+Inputs!$B$14/100)*(1+IF(Inputs!$B$4="pvp",0,(1-Summary!$B$55)*(Inputs!$B$19+0+Skills!P4)+Summary!$B$55*(Inputs!$B$20+Skills!Q4))/100)*(1+Inputs!$B$15/100)*(5000/(6000+Inputs!$B$7*(1-(Inputs!$B$18+0)/100)))*(1+(Inputs!$B$23+((C91=TRUE)*(F91-Calc!F22))+B100)/100)*(1+1.0*IF(C81=TRUE,F81,0)/100)*(1+(IF(Skills!A4="HOOK_BOMBER",Inputs!$B$16+((C90=TRUE)*(F90-Calc!F21)),Inputs!$B$17+0))/100)*((1+(((C82=TRUE)*F82)+((C88=TRUE)*(F88-Calc!F19)))/100)*I73) | L73: =K73*(MIN(Inputs!$B$21+((C89=TRUE)*(F89-Calc!F20)),Inputs!$B$22+0)/100+(Inputs!$B$22+0)/100)/2 | M73: =L73*(1+(Inputs!$B$9+0+B99)/100) | N73: =L73*(1-MIN((Inputs!$B$8+((C85=TRUE)*(F85-Calc!F16))+B94),100)/100)+M73*(MIN((Inputs!$B$8+((C85=TRUE)*(F85-Calc!F16))+B94),100)/100) | O73: =IF(C73,Skills!G4*H73*N73*B98*IF(Inputs!$B$4="pvp",1,(1-Summary!$B$55)*(1)+Summary!$B$55*(MIN(Skills!R4,Inputs!$B$37))),0) | P73: =IF(B102=0,0,O73/B102) | Q73: 0 | R73: 0 | S73: =IFERROR(O73/N73,0) | U73: =290*U72/1000
A74: =Skills!A5 | B74: =Skills!B5 | C74: =Inputs!$B$3>=60 | D74: =IF(Skills!C5=1,60+Inputs!$B$24+Inputs!$B$28,IF(Skills!C5=2,90+Inputs!$B$25+Inputs!$B$28,IF(Skills!C5=3,120+Inputs!$B$26+Inputs!$B$28,MAX(0,(Inputs!$B$3-100)*3)+Inputs!$B$27+Inputs!$B$28))) | E74: =INDEX(FactorTable!$B$2:$Y$301, MATCH(ROUND(MIN(300,MAX(1,D74)),0), FactorTable!$A$2:$A$301,0), Skills!M5+1) | F74: =IF(Skills!N5=TRUE,(Skills!L5/10)*(E74/1000),Skills!L5/10)+Skills!O5 | G74: =Skills!G5*IF(Skills!H5>0,Skills!I5/Skills!H5,1) | H74: =1-(1-Skills!J5/100)^Skills!K5 | I74: 1 | O74: 0 | P74: =IF(B102=0,0,O74/B102) | Q74: 0 | R74: 0 | S74: =IFERROR(O74/N74,0)
A75: =Skills!A6 | B75: =Skills!B6 | C75: =Inputs!$B$3>=63 | D75: =IF(Skills!C6=1,60+Inputs!$B$24+Inputs!$B$28,IF(Skills!C6=2,90+Inputs!$B$25+Inputs!$B$28,IF(Skills!C6=3,120+Inputs!$B$26+Inputs!$B$28,MAX(0,(Inputs!$B$3-100)*3)+Inputs!$B$27+Inputs!$B$28))) | E75: =INDEX(FactorTable!$B$2:$Y$301, MATCH(ROUND(MIN(300,MAX(1,D75)),0), FactorTable!$A$2:$A$301,0), Skills!M6+1) | F75: =IF(Skills!N6=TRUE,(Skills!L6/10)*(E75/1000),Skills!L6/10)+Skills!O6 | G75: =Skills!G6*IF(Skills!H6>0,Skills!I6/Skills!H6,1) | H75: =1-(1-Skills!J6/100)^Skills!K6 | I75: 1 | J75: =(Inputs!$B$5*(1+Inputs!$B$6/100))*(F75/100) | K75: =J75*(1+((Inputs!$B$11*(1+(Inputs!$B$12+1)/100))*0.01+Inputs!$B$13*0.0025)/100)*(1+Inputs!$B$14/100)*(1+IF(Inputs!$B$4="pvp",0,(1-Summary!$B$55)*(Inputs!$B$19+0+Skills!P6)+Summary!$B$55*(Inputs!$B$20+Skills!Q6))/100)*(1+Inputs!$B$15/100)*(5000/(6000+Inputs!$B$7*(1-(Inputs!$B$18+0)/100)))*(1+(Inputs!$B$23+((C91=TRUE)*(F91-Calc!F22))+B100)/100)*(1+(IF(Skills!A6="HOOK_BOMBER",Inputs!$B$16+((C90=TRUE)*(F90-Calc!F21)),Inputs!$B$17+0))/100)*((1+(((C82=TRUE)*F82)+((C88=TRUE)*(F88-Calc!F19)))/100)*I75) | L75: =K75*(MIN(Inputs!$B$21+((C89=TRUE)*(F89-Calc!F20)),Inputs!$B$22+0)/100+(Inputs!$B$22+0)/100)/2 | M75: =L75*(1+(Inputs!$B$9+0+B99)/100) | N75: =L75*(1-MIN((Inputs!$B$8+((C85=TRUE)*(F85-Calc!F16))+B94),100)/100)+M75*(MIN((Inputs!$B$8+((C85=TRUE)*(F85-Calc!F16))+B94),100)/100) | O75: =IF(C75,H75*N75*IF(AND(Inputs!$B$4<>"pvp",Inputs!$B$35>0),((Skills!G6*((R75-1)*IF(Skills!H6>0,Skills!I6/Skills!H6,1)+IF(Skills!H6>0,MIN(Skills!I6,MAX(0,Inputs!$B$35-((R75-1)*IF(Inputs!$B$4="pvp",15,MAX(0.1,Skills!D6-IF(Skills!E6=TRUE,Inputs!$B$31,0))))))/Skills!H6,1)))/Inputs!$B$35),G75*Q75)*IF(Inputs!$B$4="pvp",1,(1-Summary!$B$55)*(1)+Summary!$B$55*(MIN(Skills!R6,Inputs!$B$37))),0) | P75: =IF(B102=0,0,O75/B102) | Q75: =IFERROR(1/IF(Inputs!$B$4="pvp",15,MAX(0.1,Skills!D6-IF(Skills!E6=TRUE,Inputs!$B$31,0))),0) | R75: =IF(AND(Inputs!$B$4<>"pvp",Inputs!$B$35>0),(INT(Inputs!$B$35/IF(Inputs!$B$4="pvp",15,MAX(0.1,Skills!D6-IF(Skills!E6=TRUE,Inputs!$B$31,0))))+1),0) | S75: =IFERROR(O75/N75,0)
A76: =Skills!A7 | B76: =Skills!B7 | C76: =Inputs!$B$3>=100 | D76: =IF(Skills!C7=1,60+Inputs!$B$24+Inputs!$B$28,IF(Skills!C7=2,90+Inputs!$B$25+Inputs!$B$28,IF(Skills!C7=3,120+Inputs!$B$26+Inputs!$B$28,MAX(0,(Inputs!$B$3-100)*3)+Inputs!$B$27+Inputs!$B$28))) | E76: =INDEX(FactorTable!$B$2:$Y$301, MATCH(ROUND(MIN(300,MAX(1,D76)),0), FactorTable!$A$2:$A$301,0), Skills!M7+1) | F76: =IF(Skills!N7=TRUE,(Skills!L7/10)*(E76/1000),Skills!L7/10)+Skills!O7 | G76: =Skills!G7*IF(Skills!H7>0,Skills!I7/Skills!H7,1) | H76: =1-(1-Skills!J7/100)^Skills!K7 | I76: 1 | J76: =(Inputs!$B$5*(1+Inputs!$B$6/100))*(F76/100) | K76: =J76*(1+((Inputs!$B$11*(1+(Inputs!$B$12+1)/100))*0.01+Inputs!$B$13*0.0025)/100)*(1+Inputs!$B$14/100)*(1+IF(Inputs!$B$4="pvp",0,(1-Summary!$B$55)*(Inputs!$B$19+0+Skills!P7)+Summary!$B$55*(Inputs!$B$20+Skills!Q7))/100)*(1+Inputs!$B$15/100)*(5000/(6000+Inputs!$B$7*(1-(Inputs!$B$18+0)/100)))*(1+(Inputs!$B$23+((C91=TRUE)*(F91-Calc!F22))+B100)/100)*(1+(IF(Skills!A7="HOOK_BOMBER",Inputs!$B$16+((C90=TRUE)*(F90-Calc!F21)),Inputs!$B$17+0))/100)*((1+(((C82=TRUE)*F82)+((C88=TRUE)*(F88-Calc!F19)))/100)*I76) | L76: =K76*(MIN(Inputs!$B$21+((C89=TRUE)*(F89-Calc!F20)),Inputs!$B$22+0)/100+(Inputs!$B$22+0)/100)/2 | M76: =L76*(1+(Inputs!$B$9+0+B99)/100) | N76: =L76*(1-MIN((Inputs!$B$8+((C85=TRUE)*(F85-Calc!F16))+B94),100)/100)+M76*(MIN((Inputs!$B$8+((C85=TRUE)*(F85-Calc!F16))+B94),100)/100) | O76: =IF(C76,H76*N76*IF(AND(Inputs!$B$4<>"pvp",Inputs!$B$35>0),((Skills!G7*((R76-1)*IF(Skills!H7>0,Skills!I7/Skills!H7,1)+IF(Skills!H7>0,MIN(Skills!I7,MAX(0,Inputs!$B$35-((R76-1)*IF(Inputs!$B$4="pvp",15,MAX(0.1,Skills!D7-IF(Skills!E7=TRUE,Inputs!$B$31,0))))))/Skills!H7,1)))/Inputs!$B$35),G76*Q76)*IF(Inputs!$B$4="pvp",1,(1-Summary!$B$55)*(1)+Summary!$B$55*(MIN(Skills!R7,Inputs!$B$37))),0) | P76: =IF(B102=0,0,O76/B102) | Q76: =IFERROR(1/IF(Inputs!$B$4="pvp",15,MAX(0.1,Skills!D7-IF(Skills!E7=TRUE,Inputs!$B$31,0))),0) | R76: =IF(AND(Inputs!$B$4<>"pvp",Inputs!$B$35>0),(INT(Inputs!$B$35/IF(Inputs!$B$4="pvp",15,MAX(0.1,Skills!D7-IF(Skills!E7=TRUE,Inputs!$B$31,0))))+1),0) | S76: =IFERROR(O76/N76,0)
A77: =Skills!A8 | B77: =Skills!B8 | C77: =Inputs!$B$3>=110 | D77: =IF(Skills!C8=1,60+Inputs!$B$24+Inputs!$B$28,IF(Skills!C8=2,90+Inputs!$B$25+Inputs!$B$28,IF(Skills!C8=3,120+Inputs!$B$26+Inputs!$B$28,MAX(0,(Inputs!$B$3-100)*3)+Inputs!$B$27+Inputs!$B$28))) | E77: =INDEX(FactorTable!$B$2:$Y$301, MATCH(ROUND(MIN(300,MAX(1,D77)),0), FactorTable!$A$2:$A$301,0), Skills!M8+1) | F77: =IF(Skills!N8=TRUE,(Skills!L8/10)*(E77/1000),Skills!L8/10)+Skills!O8 | G77: =Skills!G8*IF(Skills!H8>0,Skills!I8/Skills!H8,1) | H77: =1-(1-Skills!J8/100)^Skills!K8 | I77: 1 | J77: =(Inputs!$B$5*(1+Inputs!$B$6/100))*(F77/100) | K77: =J77*(1+((Inputs!$B$11*(1+(Inputs!$B$12+1)/100))*0.01+Inputs!$B$13*0.0025)/100)*(1+Inputs!$B$14/100)*(1+IF(Inputs!$B$4="pvp",0,(1-Summary!$B$55)*(Inputs!$B$19+0+Skills!P8)+Summary!$B$55*(Inputs!$B$20+Skills!Q8))/100)*(1+Inputs!$B$15/100)*(5000/(6000+Inputs!$B$7*(1-(Inputs!$B$18+0)/100)))*(1+(Inputs!$B$23+((C91=TRUE)*(F91-Calc!F22))+B100)/100)*(1+(IF(Skills!A8="HOOK_BOMBER",Inputs!$B$16+((C90=TRUE)*(F90-Calc!F21)),Inputs!$B$17+0))/100)*((1+(((C82=TRUE)*F82)+((C88=TRUE)*(F88-Calc!F19)))/100)*I77) | L77: =K77*(MIN(Inputs!$B$21+((C89=TRUE)*(F89-Calc!F20)),Inputs!$B$22+0)/100+(Inputs!$B$22+0)/100)/2 | M77: =L77*(1+(Inputs!$B$9+0+B99)/100) | N77: =L77*(1-MIN((Inputs!$B$8+((C85=TRUE)*(F85-Calc!F16))+B94),100)/100)+M77*(MIN((Inputs!$B$8+((C85=TRUE)*(F85-Calc!F16))+B94),100)/100) | O77: =IF(C77,H77*N77*IF(AND(Inputs!$B$4<>"pvp",Inputs!$B$35>0),((Skills!G8*((R77-1)*IF(Skills!H8>0,Skills!I8/Skills!H8,1)+IF(Skills!H8>0,MIN(Skills!I8,MAX(0,Inputs!$B$35-((R77-1)*IF(Inputs!$B$4="pvp",15,MAX(0.1,Skills!D8-IF(Skills!E8=TRUE,Inputs!$B$31,0))))))/Skills!H8,1)))/Inputs!$B$35),G77*Q77)*IF(Inputs!$B$4="pvp",1,(1-Summary!$B$55)*(1)+Summary!$B$55*(MIN(Skills!R8,Inputs!$B$37))),0) | P77: =IF(B102=0,0,O77/B102) | Q77: =IFERROR(1/IF(Inputs!$B$4="pvp",15,MAX(0.1,Skills!D8-IF(Skills!E8=TRUE,Inputs!$B$31,0))),0) | R77: =IF(AND(Inputs!$B$4<>"pvp",Inputs!$B$35>0),(INT(Inputs!$B$35/IF(Inputs!$B$4="pvp",15,MAX(0.1,Skills!D8-IF(Skills!E8=TRUE,Inputs!$B$31,0))))+1),0) | S77: =IFERROR(O77/N77,0)
A78: =Skills!A9 | B78: =Skills!B9 | C78: =Inputs!$B$3>=110 | D78: =IF(Skills!C9=1,60+Inputs!$B$24+Inputs!$B$28,IF(Skills!C9=2,90+Inputs!$B$25+Inputs!$B$28,IF(Skills!C9=3,120+Inputs!$B$26+Inputs!$B$28,MAX(0,(Inputs!$B$3-100)*3)+Inputs!$B$27+Inputs!$B$28))) | E78: =INDEX(FactorTable!$B$2:$Y$301, MATCH(ROUND(MIN(300,MAX(1,D78)),0), FactorTable!$A$2:$A$301,0), Skills!M9+1) | F78: =IF(Skills!N9=TRUE,(Skills!L9/10)*(E78/1000),Skills!L9/10)+Skills!O9 | G78: =Skills!G9*IF(Skills!H9>0,Skills!I9/Skills!H9,1) | H78: =1-(1-Skills!J9/100)^Skills!K9 | I78: 1 | J78: =(Inputs!$B$5*(1+Inputs!$B$6/100))*(F78/100) | K78: =J78*(1+((Inputs!$B$11*(1+(Inputs!$B$12+1)/100))*0.01+Inputs!$B$13*0.0025)/100)*(1+Inputs!$B$14/100)*(1+IF(Inputs!$B$4="pvp",0,(1-Summary!$B$55)*(Inputs!$B$19+0+Skills!P9)+Summary!$B$55*(Inputs!$B$20+Skills!Q9))/100)*(1+Inputs!$B$15/100)*(5000/(6000+Inputs!$B$7*(1-(Inputs!$B$18+0)/100)))*(1+(Inputs!$B$23+((C91=TRUE)*(F91-Calc!F22))+B100)/100)*(1+(IF(Skills!A9="HOOK_BOMBER",Inputs!$B$16+((C90=TRUE)*(F90-Calc!F21)),Inputs!$B$17+0))/100)*((1+(((C82=TRUE)*F82)+((C88=TRUE)*(F88-Calc!F19)))/100)*I78) | L78: =K78*(MIN(Inputs!$B$21+((C89=TRUE)*(F89-Calc!F20)),Inputs!$B$22+0)/100+(Inputs!$B$22+0)/100)/2 | M78: =L78*(1+(Inputs!$B$9+0+B99)/100) | N78: =L78*(1-MIN((Inputs!$B$8+((C85=TRUE)*(F85-Calc!F16))+B94),100)/100)+M78*(MIN((Inputs!$B$8+((C85=TRUE)*(F85-Calc!F16))+B94),100)/100) | O78: =IF(C78,H78*N78*IF(AND(Inputs!$B$4<>"pvp",Inputs!$B$35>0),((Skills!G9*((R78-1)*IF(Skills!H9>0,Skills!I9/Skills!H9,1)+IF(Skills!H9>0,MIN(Skills!I9,MAX(0,Inputs!$B$35-((R78-1)*IF(Inputs!$B$4="pvp",15,MAX(0.1,Skills!D9-IF(Skills!E9=TRUE,Inputs!$B$31,0))))))/Skills!H9,1)))/Inputs!$B$35),G78*Q78)*IF(Inputs!$B$4="pvp",1,(1-Summary!$B$55)*(1)+Summary!$B$55*(MIN(Skills!R9,Inputs!$B$37))),0) | P78: =IF(B102=0,0,O78/B102) | Q78: =IFERROR(1/IF(Inputs!$B$4="pvp",15,MAX(0.1,Skills!D9-IF(Skills!E9=TRUE,Inputs!$B$31,0))),0) | R78: =IF(AND(Inputs!$B$4<>"pvp",Inputs!$B$35>0),(INT(Inputs!$B$35/IF(Inputs!$B$4="pvp",15,MAX(0.1,Skills!D9-IF(Skills!E9=TRUE,Inputs!$B$31,0))))+1),0) | S78: =IFERROR(O78/N78,0)
A79: =Skills!A10 | B79: =Skills!B10 | C79: =Inputs!$B$3>=103 | D79: =IF(Skills!C10=1,60+Inputs!$B$24+Inputs!$B$28,IF(Skills!C10=2,90+Inputs!$B$25+Inputs!$B$28,IF(Skills!C10=3,120+Inputs!$B$26+Inputs!$B$28,MAX(0,(Inputs!$B$3-100)*3)+Inputs!$B$27+Inputs!$B$28))) | E79: =INDEX(FactorTable!$B$2:$Y$301, MATCH(ROUND(MIN(300,MAX(1,D79)),0), FactorTable!$A$2:$A$301,0), Skills!M10+1) | F79: =IF(Skills!N10=TRUE,(Skills!L10/10)*(E79/1000),Skills!L10/10)+Skills!O10 | G79: =Skills!G10*IF(Skills!H10>0,Skills!I10/Skills!H10,1) | H79: =1-(1-Skills!J10/100)^Skills!K10 | I79: 1 | J79: =(Inputs!$B$5*(1+Inputs!$B$6/100))*(F79/100) | K79: =J79*(1+((Inputs!$B$11*(1+(Inputs!$B$12+1)/100))*0.01+Inputs!$B$13*0.0025)/100)*(1+Inputs!$B$14/100)*(1+IF(Inputs!$B$4="pvp",0,(1-Summary!$B$55)*(Inputs!$B$19+0+Skills!P10)+Summary!$B$55*(Inputs!$B$20+Skills!Q10))/100)*(1+Inputs!$B$15/100)*(5000/(6000+Inputs!$B$7*(1-(Inputs!$B$18+0)/100)))*(1+(Inputs!$B$23+((C91=TRUE)*(F91-Calc!F22))+B100)/100)*(1+(IF(Skills!A10="HOOK_BOMBER",Inputs!$B$16+((C90=TRUE)*(F90-Calc!F21)),Inputs!$B$17+0))/100)*((1+(((C82=TRUE)*F82)+((C88=TRUE)*(F88-Calc!F19)))/100)*I79) | L79: =K79*(MIN(Inputs!$B$21+((C89=TRUE)*(F89-Calc!F20)),Inputs!$B$22+0)/100+(Inputs!$B$22+0)/100)/2 | M79: =L79*(1+(Inputs!$B$9+0+B99)/100) | N79: =L79*(1-MIN((Inputs!$B$8+((C85=TRUE)*(F85-Calc!F16))+B94),100)/100)+M79*(MIN((Inputs!$B$8+((C85=TRUE)*(F85-Calc!F16))+B94),100)/100) | O79: =IF(C79,H79*N79*IF(AND(Inputs!$B$4<>"pvp",Inputs!$B$35>0),((Skills!G10*((R79-1)*IF(Skills!H10>0,Skills!I10/Skills!H10,1)+IF(Skills!H10>0,MIN(Skills!I10,MAX(0,Inputs!$B$35-((R79-1)*IF(Inputs!$B$4="pvp",15,MAX(0.1,Skills!D10-IF(Skills!E10=TRUE,Inputs!$B$31,0))))))/Skills!H10,1)))/Inputs!$B$35),G79*Q79)*IF(Inputs!$B$4="pvp",1,(1-Summary!$B$55)*(1)+Summary!$B$55*(MIN(Skills!R10,Inputs!$B$37))),0) | P79: =IF(B102=0,0,O79/B102) | Q79: =IFERROR(1/IF(Inputs!$B$4="pvp",15,MAX(0.1,Skills!D10-IF(Skills!E10=TRUE,Inputs!$B$31,0))),0) | R79: =IF(AND(Inputs!$B$4<>"pvp",Inputs!$B$35>0),(INT(Inputs!$B$35/IF(Inputs!$B$4="pvp",15,MAX(0.1,Skills!D10-IF(Skills!E10=TRUE,Inputs!$B$31,0))))+1),0) | S79: =IFERROR(O79/N79,0)
A80: =Skills!A11 | B80: =Skills!B11 | C80: =Inputs!$B$3>=113 | D80: =IF(Skills!C11=1,60+Inputs!$B$24+Inputs!$B$28,IF(Skills!C11=2,90+Inputs!$B$25+Inputs!$B$28,IF(Skills!C11=3,120+Inputs!$B$26+Inputs!$B$28,MAX(0,(Inputs!$B$3-100)*3)+Inputs!$B$27+Inputs!$B$28))) | E80: =INDEX(FactorTable!$B$2:$Y$301, MATCH(ROUND(MIN(300,MAX(1,D80)),0), FactorTable!$A$2:$A$301,0), Skills!M11+1) | F80: =IF(Skills!N11=TRUE,(Skills!L11/10)*(E80/1000),Skills!L11/10)+Skills!O11 | G80: =Skills!G11*IF(Skills!H11>0,Skills!I11/Skills!H11,1) | H80: =1-(1-Skills!J11/100)^Skills!K11 | I80: 1 | J80: =(Inputs!$B$5*(1+Inputs!$B$6/100))*(F80/100) | K80: =J80*(1+((Inputs!$B$11*(1+(Inputs!$B$12+1)/100))*0.01+Inputs!$B$13*0.0025)/100)*(1+Inputs!$B$14/100)*(1+IF(Inputs!$B$4="pvp",0,(1-Summary!$B$55)*(Inputs!$B$19+0+Skills!P11)+Summary!$B$55*(Inputs!$B$20+Skills!Q11))/100)*(1+Inputs!$B$15/100)*(5000/(6000+Inputs!$B$7*(1-(Inputs!$B$18+0)/100)))*(1+(Inputs!$B$23+((C91=TRUE)*(F91-Calc!F22))+B100)/100)*(1+(IF(Skills!A11="HOOK_BOMBER",Inputs!$B$16+((C90=TRUE)*(F90-Calc!F21)),Inputs!$B$17+0))/100)*((1+(((C82=TRUE)*F82)+((C88=TRUE)*(F88-Calc!F19)))/100)*I80) | L80: =K80*(MIN(Inputs!$B$21+((C89=TRUE)*(F89-Calc!F20)),Inputs!$B$22+0)/100+(Inputs!$B$22+0)/100)/2 | M80: =L80*(1+(Inputs!$B$9+0+B99)/100) | N80: =L80*(1-MIN((Inputs!$B$8+((C85=TRUE)*(F85-Calc!F16))+B94),100)/100)+M80*(MIN((Inputs!$B$8+((C85=TRUE)*(F85-Calc!F16))+B94),100)/100) | O80: =IF(C80,H80*N80*IF(AND(Inputs!$B$4<>"pvp",Inputs!$B$35>0),((Skills!G11*((R80-1)*IF(Skills!H11>0,Skills!I11/Skills!H11,1)+IF(Skills!H11>0,MIN(Skills!I11,MAX(0,Inputs!$B$35-((R80-1)*IF(Inputs!$B$4="pvp",15,MAX(0.1,Skills!D11-IF(Skills!E11=TRUE,Inputs!$B$31,0))))))/Skills!H11,1)))/Inputs!$B$35),G80*Q80)*IF(Inputs!$B$4="pvp",1,(1-Summary!$B$55)*(1)+Summary!$B$55*(MIN(Skills!R11,Inputs!$B$37))),0) | P80: =IF(B102=0,0,O80/B102) | Q80: =IFERROR(1/IF(Inputs!$B$4="pvp",15,MAX(0.1,Skills!D11-IF(Skills!E11=TRUE,Inputs!$B$31,0))),0) | R80: =IF(AND(Inputs!$B$4<>"pvp",Inputs!$B$35>0),(INT(Inputs!$B$35/IF(Inputs!$B$4="pvp",15,MAX(0.1,Skills!D11-IF(Skills!E11=TRUE,Inputs!$B$31,0))))+1),0) | S80: =IFERROR(O80/N80,0)
A81: =Skills!A12 | B81: =Skills!B12 | C81: =Inputs!$B$3>=100 | D81: =IF(Skills!C12=1,60+Inputs!$B$24+Inputs!$B$28,IF(Skills!C12=2,90+Inputs!$B$25+Inputs!$B$28,IF(Skills!C12=3,120+Inputs!$B$26+Inputs!$B$28,MAX(0,(Inputs!$B$3-100)*3)+Inputs!$B$27+Inputs!$B$28))) | E81: =INDEX(FactorTable!$B$2:$Y$301, MATCH(ROUND(MIN(300,MAX(1,D81)),0), FactorTable!$A$2:$A$301,0), Skills!M12+1) | F81: =IF(Skills!N12=TRUE,(Skills!L12/10)*(E81/1000),Skills!L12/10)+Skills!O12 | I81: 1
A82: =Skills!A13 | B82: =Skills!B13 | C82: =Inputs!$B$3>=66 | D82: =IF(Skills!C13=1,60+Inputs!$B$24+Inputs!$B$28,IF(Skills!C13=2,90+Inputs!$B$25+Inputs!$B$28,IF(Skills!C13=3,120+Inputs!$B$26+Inputs!$B$28,MAX(0,(Inputs!$B$3-100)*3)+Inputs!$B$27+Inputs!$B$28))) | E82: =INDEX(FactorTable!$B$2:$Y$301, MATCH(ROUND(MIN(300,MAX(1,D82)),0), FactorTable!$A$2:$A$301,0), Skills!M13+1) | F82: =IF(Skills!N13=TRUE,(Skills!L13/10)*(E82/1000),Skills!L13/10)+Skills!O13 | G82: =Skills!G13*IF(Skills!H13>0,Skills!I13/Skills!H13,1) | H82: =1-(1-Skills!J13/100)^Skills!K13 | I82: 1 | O82: 0 | P82: =IF(B102=0,0,O82/B102) | Q82: 0 | R82: 0 | S82: =IFERROR(O82/N82,0)
A83: =Skills!A14 | B83: =Skills!B14 | C83: =Inputs!$B$3>=107 | D83: =IF(Skills!C14=1,60+Inputs!$B$24+Inputs!$B$28,IF(Skills!C14=2,90+Inputs!$B$25+Inputs!$B$28,IF(Skills!C14=3,120+Inputs!$B$26+Inputs!$B$28,MAX(0,(Inputs!$B$3-100)*3)+Inputs!$B$27+Inputs!$B$28))) | E83: =INDEX(FactorTable!$B$2:$Y$301, MATCH(ROUND(MIN(300,MAX(1,D83)),0), FactorTable!$A$2:$A$301,0), Skills!M14+1) | F83: =IF(Skills!N14=TRUE,(Skills!L14/10)*(E83/1000),Skills!L14/10)+Skills!O14 | G83: =Skills!G14*IF(Skills!H14>0,Skills!I14/Skills!H14,1) | H83: =1-(1-Skills!J14/100)^Skills!K14 | I83: 1 | O83: 0 | P83: =IF(B102=0,0,O83/B102) | Q83: 0 | R83: 0 | S83: =IFERROR(O83/N83,0)
A84: =Skills!A15 | B84: =Skills!B15 | C84: =Inputs!$B$3>=115 | D84: =IF(Skills!C15=1,60+Inputs!$B$24+Inputs!$B$28,IF(Skills!C15=2,90+Inputs!$B$25+Inputs!$B$28,IF(Skills!C15=3,120+Inputs!$B$26+Inputs!$B$28,MAX(0,(Inputs!$B$3-100)*3)+Inputs!$B$27+Inputs!$B$28))) | E84: =INDEX(FactorTable!$B$2:$Y$301, MATCH(ROUND(MIN(300,MAX(1,D84)),0), FactorTable!$A$2:$A$301,0), Skills!M15+1) | F84: =IF(Skills!N15=TRUE,(Skills!L15/10)*(E84/1000),Skills!L15/10)+Skills!O15 | G84: =Skills!G15*IF(Skills!H15>0,Skills!I15/Skills!H15,1) | H84: =1-(1-Skills!J15/100)^Skills!K15 | I84: 1 | O84: 0 | P84: =IF(B102=0,0,O84/B102) | Q84: 0 | R84: 0 | S84: =IFERROR(O84/N84,0)
A85: =Skills!A16 | B85: =Skills!B16 | C85: =Inputs!$B$3>=15 | D85: =IF(Skills!C16=1,60+Inputs!$B$24+Inputs!$B$28,IF(Skills!C16=2,90+Inputs!$B$25+Inputs!$B$28,IF(Skills!C16=3,120+Inputs!$B$26+Inputs!$B$28,MAX(0,(Inputs!$B$3-100)*3)+Inputs!$B$27+Inputs!$B$28))) | E85: =INDEX(FactorTable!$B$2:$Y$301, MATCH(ROUND(MIN(300,MAX(1,D85)),0), FactorTable!$A$2:$A$301,0), Skills!M16+1) | F85: =IF(Skills!N16=TRUE,(Skills!L16/10)*(E85/1000),Skills!L16/10)+Skills!O16 | G85: =Skills!G16*IF(Skills!H16>0,Skills!I16/Skills!H16,1) | H85: =1-(1-Skills!J16/100)^Skills!K16 | I85: 1 | O85: 0 | P85: =IF(B102=0,0,O85/B102) | Q85: 0 | R85: 0 | S85: =IFERROR(O85/N85,0)
A86: =Skills!A17 | B86: =Skills!B17 | C86: =Inputs!$B$3>=10 | D86: =IF(Skills!C17=1,60+Inputs!$B$24+Inputs!$B$28,IF(Skills!C17=2,90+Inputs!$B$25+Inputs!$B$28,IF(Skills!C17=3,120+Inputs!$B$26+Inputs!$B$28,MAX(0,(Inputs!$B$3-100)*3)+Inputs!$B$27+Inputs!$B$28))) | E86: =INDEX(FactorTable!$B$2:$Y$301, MATCH(ROUND(MIN(300,MAX(1,D86)),0), FactorTable!$A$2:$A$301,0), Skills!M17+1) | F86: =IF(Skills!N17=TRUE,(Skills!L17/10)*(E86/1000),Skills!L17/10)+Skills!O17 | G86: =Skills!G17*IF(Skills!H17>0,Skills!I17/Skills!H17,1) | H86: =1-(1-Skills!J17/100)^Skills!K17 | I86: 1 | O86: 0 | P86: =IF(B102=0,0,O86/B102) | Q86: 0 | R86: 0 | S86: =IFERROR(O86/N86,0)
A87: =Skills!A18 | B87: =Skills!B18 | C87: =Inputs!$B$3>=33 | D87: =IF(Skills!C18=1,60+Inputs!$B$24+Inputs!$B$28,IF(Skills!C18=2,90+Inputs!$B$25+Inputs!$B$28,IF(Skills!C18=3,120+Inputs!$B$26+Inputs!$B$28,MAX(0,(Inputs!$B$3-100)*3)+Inputs!$B$27+Inputs!$B$28))) | E87: =INDEX(FactorTable!$B$2:$Y$301, MATCH(ROUND(MIN(300,MAX(1,D87)),0), FactorTable!$A$2:$A$301,0), Skills!M18+1) | F87: =IF(Skills!N18=TRUE,(Skills!L18/10)*(E87/1000),Skills!L18/10)+Skills!O18 | G87: =Skills!G18*IF(Skills!H18>0,Skills!I18/Skills!H18,1) | H87: =1-(1-Skills!J18/100)^Skills!K18 | I87: 1 | O87: 0 | P87: =IF(B102=0,0,O87/B102) | Q87: 0 | R87: 0 | S87: =IFERROR(O87/N87,0)
A88: =Skills!A19 | B88: =Skills!B19 | C88: =Inputs!$B$3>=40 | D88: =IF(Skills!C19=1,60+Inputs!$B$24+Inputs!$B$28,IF(Skills!C19=2,90+Inputs!$B$25+Inputs!$B$28,IF(Skills!C19=3,120+Inputs!$B$26+Inputs!$B$28,MAX(0,(Inputs!$B$3-100)*3)+Inputs!$B$27+Inputs!$B$28))) | E88: =INDEX(FactorTable!$B$2:$Y$301, MATCH(ROUND(MIN(300,MAX(1,D88)),0), FactorTable!$A$2:$A$301,0), Skills!M19+1) | F88: =IF(Skills!N19=TRUE,(Skills!L19/10)*(E88/1000),Skills!L19/10)+Skills!O19 | G88: =Skills!G19*IF(Skills!H19>0,Skills!I19/Skills!H19,1) | H88: =1-(1-Skills!J19/100)^Skills!K19 | I88: 1 | O88: 0 | P88: =IF(B102=0,0,O88/B102) | Q88: 0 | R88: 0 | S88: =IFERROR(O88/N88,0)
A89: =Skills!A20 | B89: =Skills!B20 | C89: =Inputs!$B$3>=43 | D89: =IF(Skills!C20=1,60+Inputs!$B$24+Inputs!$B$28,IF(Skills!C20=2,90+Inputs!$B$25+Inputs!$B$28,IF(Skills!C20=3,120+Inputs!$B$26+Inputs!$B$28,MAX(0,(Inputs!$B$3-100)*3)+Inputs!$B$27+Inputs!$B$28))) | E89: =INDEX(FactorTable!$B$2:$Y$301, MATCH(ROUND(MIN(300,MAX(1,D89)),0), FactorTable!$A$2:$A$301,0), Skills!M20+1) | F89: =IF(Skills!N20=TRUE,(Skills!L20/10)*(E89/1000),Skills!L20/10)+Skills!O20 | G89: =Skills!G20*IF(Skills!H20>0,Skills!I20/Skills!H20,1) | H89: =1-(1-Skills!J20/100)^Skills!K20 | I89: 1 | O89: 0 | P89: =IF(B102=0,0,O89/B102) | Q89: 0 | R89: 0 | S89: =IFERROR(O89/N89,0)
A90: =Skills!A21 | B90: =Skills!B21 | C90: =Inputs!$B$3>=38 | D90: =IF(Skills!C21=1,60+Inputs!$B$24+Inputs!$B$28,IF(Skills!C21=2,90+Inputs!$B$25+Inputs!$B$28,IF(Skills!C21=3,120+Inputs!$B$26+Inputs!$B$28,MAX(0,(Inputs!$B$3-100)*3)+Inputs!$B$27+Inputs!$B$28))) | E90: =INDEX(FactorTable!$B$2:$Y$301, MATCH(ROUND(MIN(300,MAX(1,D90)),0), FactorTable!$A$2:$A$301,0), Skills!M21+1) | F90: =IF(Skills!N21=TRUE,(Skills!L21/10)*(E90/1000),Skills!L21/10)+Skills!O21 | G90: =Skills!G21*IF(Skills!H21>0,Skills!I21/Skills!H21,1) | H90: =1-(1-Skills!J21/100)^Skills!K21 | I90: 1 | O90: 0 | P90: =IF(B102=0,0,O90/B102) | Q90: 0 | R90: 0 | S90: =IFERROR(O90/N90,0)
A91: =Skills!A22 | B91: =Skills!B22 | C91: =Inputs!$B$3>=75 | D91: =IF(Skills!C22=1,60+Inputs!$B$24+Inputs!$B$28,IF(Skills!C22=2,90+Inputs!$B$25+Inputs!$B$28,IF(Skills!C22=3,120+Inputs!$B$26+Inputs!$B$28,MAX(0,(Inputs!$B$3-100)*3)+Inputs!$B$27+Inputs!$B$28))) | E91: =INDEX(FactorTable!$B$2:$Y$301, MATCH(ROUND(MIN(300,MAX(1,D91)),0), FactorTable!$A$2:$A$301,0), Skills!M22+1) | F91: =IF(Skills!N22=TRUE,(Skills!L22/10)*(E91/1000),Skills!L22/10)+Skills!O22 | G91: =Skills!G22*IF(Skills!H22>0,Skills!I22/Skills!H22,1) | H91: =1-(1-Skills!J22/100)^Skills!K22 | I91: 1 | O91: 0 | P91: =IF(B102=0,0,O91/B102) | Q91: 0 | R91: 0 | S91: =IFERROR(O91/N91,0)
A93: Attack% Bucket Multiplier | B93: =(1+(((C82=TRUE)*F82)+((C88=TRUE)*(F88-Calc!F19)))/100)
A94: Global Crit Rate Bonus % | B94: 0
A95: Attack Speed Buff Bonus % (unused) | B95: 0
A96: Actions Per Second | B96: =1+MIN(150,150*(1-(1-(Inputs!$B$10+((C86=TRUE)*(F86-Calc!F17))+((C87=TRUE)*(F87-Calc!F18)))/150)*(1-B95/150)))/100
A97: Skill + Buff Cast Rate | B97: =IF(AND(Inputs!$B$4<>"pvp",Inputs!$B$35>0),SUMPRODUCT((Skills!E2:E22=TRUE)*(C71:C91=TRUE)*R71:R91*Skills!F2:F22)/Inputs!$B$35,SUMPRODUCT((Skills!E2:E22=TRUE)*(C71:C91=TRUE)*Q71:Q91*Skills!F2:F22))
A98: Hook Bomber Casts Per Second | B98: =MAX(0,B96-B97)
A99: Global Critical Damage Bonus % (unused) | B99: 0
A100: Global Final Damage Bonus % (Serpent Scale + Crossbones + Time Leap + Speed Infusion) | B100: =((C74=TRUE)*F74*((10+IF(Inputs!$B$3>=94,5,0))/((10+IF(Inputs!$B$3>=94,5,0))+5/(B98*(1+IF(Inputs!$B$3>=104,1,0))))))+((C83=TRUE)*F83)+((C84=TRUE)*F84)+((Inputs!$B$3>=110)*20*(B96-1))
A102: TOTAL DPS | B102: =SUM(O71:O91)
A105: Stat: DEX
A106: Key | B106: Name | C106: Unlocked | D106: InputLevel | E106: Factor | F106: CoefficientPercent | G106: EffectiveHits | H106: ProcProbability | I106: MapleHeroMultiplier | J106: BaseDamage | K106: BaseHitDamage | L106: NonCritAvg | M106: CritAvg | N106: ExpectedDamage(perHit) | O106: DPS | P106: % of Total | Q106: InvCooldown | R106: CastsInFight | S106: HitRate(perSec) | U106: helpers
A107: =Skills!A2 | B107: =Skills!B2 | C107: =Inputs!$B$3>=100 | F107: =U109+Skills!O2 | G107: =Skills!G2*IF(Skills!H2>0,Skills!I2/Skills!H2,1) | H107: =1-(1-Skills!J2/100)^Skills!K2 | I107: 1 | J107: =(Inputs!$B$5*(1+Inputs!$B$6/100))*(F107/100) | K107: =J107*(1+((Inputs!$B$11*(1+Inputs!$B$12/100))*0.01+(Inputs!$B$13+1)*0.0025)/100)*(1+Inputs!$B$14/100)*(1+IF(Inputs!$B$4="pvp",0,(1-Summary!$B$55)*(Inputs!$B$19+0+Skills!P2)+Summary!$B$55*(Inputs!$B$20+Skills!Q2))/100)*(1+Inputs!$B$15/100)*(5000/(6000+Inputs!$B$7*(1-(Inputs!$B$18+0)/100)))*(1+(Inputs!$B$23+((C127=TRUE)*(F127-Calc!F22))+B136)/100)*(1+(IF(Skills!A2="HOOK_BOMBER",Inputs!$B$16+((C126=TRUE)*(F126-Calc!F21)),Inputs!$B$17+0))/100)*((1+(((C118=TRUE)*F118)+((C124=TRUE)*(F124-Calc!F19)))/100)*I107) | L107: =K107*(MIN(Inputs!$B$21+((C125=TRUE)*(F125-Calc!F20)),Inputs!$B$22+0)/100+(Inputs!$B$22+0)/100)/2 | M107: =L107*(1+(Inputs!$B$9+0+B135)/100) | N107: =L107*(1-MIN((Inputs!$B$8+((C121=TRUE)*(F121-Calc!F16))+B130),100)/100)+M107*(MIN((Inputs!$B$8+((C121=TRUE)*(F121-Calc!F16))+B130),100)/100) | O107: =IF(C107,Skills!G2*N107*B134*IF(Inputs!$B$4="pvp",1,(1-Summary!$B$55)*(1)+Summary!$B$55*(MIN((6+Inputs!$B$32),Inputs!$B$37))),0) | P107: =IF(B138=0,0,O107/B138) | Q107: 0 | R107: 0 | S107: =IFERROR(O107/N107,0) | U107: =MAX(0,(Inputs!$B$3-100)*3)+Inputs!$B$27+Inputs!$B$28
A108: =Skills!A3 | B108: =Skills!B3 | C108: =Inputs!$B$3>=35 | D108: =IF(Skills!C3=1,60+Inputs!$B$24+Inputs!$B$28,IF(Skills!C3=2,90+Inputs!$B$25+Inputs!$B$28,IF(Skills!C3=3,120+Inputs!$B$26+Inputs!$B$28,MAX(0,(Inputs!$B$3-100)*3)+Inputs!$B$27+Inputs!$B$28))) | E108: =INDEX(FactorTable!$B$2:$Y$301, MATCH(ROUND(MIN(300,MAX(1,D108)),0), FactorTable!$A$2:$A$301,0), Skills!M3+1) | F108: =IF(Skills!N3=TRUE,(Skills!L3/10)*(E108/1000),Skills!L3/10)+Skills!O3 | G108: =Skills!G3*IF(Skills!H3>0,Skills!I3/Skills!H3,1) | H108: =1-(1-Skills!J3/100)^Skills!K3 | I108: 1 | J108: =(Inputs!$B$5*(1+Inputs!$B$6/100))*(F108/100) | K108: =J108*(1+((Inputs!$B$11*(1+Inputs!$B$12/100))*0.01+(Inputs!$B$13+1)*0.0025)/100)*(1+Inputs!$B$14/100)*(1+IF(Inputs!$B$4="pvp",0,(1-Summary!$B$55)*(Inputs!$B$19+0+Skills!P3)+Summary!$B$55*(Inputs!$B$20+Skills!Q3))/100)*(1+Inputs!$B$15/100)*(5000/(6000+Inputs!$B$7*(1-(Inputs!$B$18+0)/100)))*(1+(Inputs!$B$23+((C127=TRUE)*(F127-Calc!F22))+B136)/100)*(1+(IF(Skills!A3="HOOK_BOMBER",Inputs!$B$16+((C126=TRUE)*(F126-Calc!F21)),Inputs!$B$17+0))/100)*((1+(((C118=TRUE)*F118)+((C124=TRUE)*(F124-Calc!F19)))/100)*I108) | L108: =K108*(MIN(Inputs!$B$21+((C125=TRUE)*(F125-Calc!F20)),Inputs!$B$22+0)/100+(Inputs!$B$22+0)/100)/2 | M108: =L108*(1+(Inputs!$B$9+0+B135)/100) | N108: =L108*(1-MIN((Inputs!$B$8+((C121=TRUE)*(F121-Calc!F16))+B130),100)/100)+M108*(MIN((Inputs!$B$8+((C121=TRUE)*(F121-Calc!F16))+B130),100)/100) | O108: =IF(C108,Skills!G3*H108*N108*B134*IF(Inputs!$B$4="pvp",1,(1-Summary!$B$55)*(1)+Summary!$B$55*(MIN(Skills!R3,Inputs!$B$37))),0) | P108: =IF(B138=0,0,O108/B138) | Q108: 0 | R108: 0 | S108: =IFERROR(O108/N108,0) | U108: =INDEX(FactorTable!$B$2:$Y$301, MATCH(ROUND(MIN(300,MAX(1,U107)),0), FactorTable!$A$2:$A$301,0), 22)
A109: =Skills!A4 | B109: =Skills!B4 | C109: =Inputs!$B$3>=60 | D109: =IF(Skills!C4=1,60+Inputs!$B$24+Inputs!$B$28,IF(Skills!C4=2,90+Inputs!$B$25+Inputs!$B$28,IF(Skills!C4=3,120+Inputs!$B$26+Inputs!$B$28,MAX(0,(Inputs!$B$3-100)*3)+Inputs!$B$27+Inputs!$B$28))) | E109: =INDEX(FactorTable!$B$2:$Y$301, MATCH(ROUND(MIN(300,MAX(1,D109)),0), FactorTable!$A$2:$A$301,0), Skills!M4+1) | F109: =IF(Skills!N4=TRUE,(Skills!L4/10)*(E109/1000),Skills!L4/10)+Skills!O4 | G109: =Skills!G4*IF(Skills!H4>0,Skills!I4/Skills!H4,1) | H109: =1-(1-Skills!J4/100)^Skills!K4 | I109: 1 | J109: =(Inputs!$B$5*(1+Inputs!$B$6/100))*(F109/100) | K109: =J109*(1+((Inputs!$B$11*(1+Inputs!$B$12/100))*0.01+(Inputs!$B$13+1)*0.0025)/100)*(1+Inputs!$B$14/100)*(1+IF(Inputs!$B$4="pvp",0,(1-Summary!$B$55)*(Inputs!$B$19+0+Skills!P4)+Summary!$B$55*(Inputs!$B$20+Skills!Q4))/100)*(1+Inputs!$B$15/100)*(5000/(6000+Inputs!$B$7*(1-(Inputs!$B$18+0)/100)))*(1+(Inputs!$B$23+((C127=TRUE)*(F127-Calc!F22))+B136)/100)*(1+1.0*IF(C117=TRUE,F117,0)/100)*(1+(IF(Skills!A4="HOOK_BOMBER",Inputs!$B$16+((C126=TRUE)*(F126-Calc!F21)),Inputs!$B$17+0))/100)*((1+(((C118=TRUE)*F118)+((C124=TRUE)*(F124-Calc!F19)))/100)*I109) | L109: =K109*(MIN(Inputs!$B$21+((C125=TRUE)*(F125-Calc!F20)),Inputs!$B$22+0)/100+(Inputs!$B$22+0)/100)/2 | M109: =L109*(1+(Inputs!$B$9+0+B135)/100) | N109: =L109*(1-MIN((Inputs!$B$8+((C121=TRUE)*(F121-Calc!F16))+B130),100)/100)+M109*(MIN((Inputs!$B$8+((C121=TRUE)*(F121-Calc!F16))+B130),100)/100) | O109: =IF(C109,Skills!G4*H109*N109*B134*IF(Inputs!$B$4="pvp",1,(1-Summary!$B$55)*(1)+Summary!$B$55*(MIN(Skills!R4,Inputs!$B$37))),0) | P109: =IF(B138=0,0,O109/B138) | Q109: 0 | R109: 0 | S109: =IFERROR(O109/N109,0) | U109: =290*U108/1000
A110: =Skills!A5 | B110: =Skills!B5 | C110: =Inputs!$B$3>=60 | D110: =IF(Skills!C5=1,60+Inputs!$B$24+Inputs!$B$28,IF(Skills!C5=2,90+Inputs!$B$25+Inputs!$B$28,IF(Skills!C5=3,120+Inputs!$B$26+Inputs!$B$28,MAX(0,(Inputs!$B$3-100)*3)+Inputs!$B$27+Inputs!$B$28))) | E110: =INDEX(FactorTable!$B$2:$Y$301, MATCH(ROUND(MIN(300,MAX(1,D110)),0), FactorTable!$A$2:$A$301,0), Skills!M5+1) | F110: =IF(Skills!N5=TRUE,(Skills!L5/10)*(E110/1000),Skills!L5/10)+Skills!O5 | G110: =Skills!G5*IF(Skills!H5>0,Skills!I5/Skills!H5,1) | H110: =1-(1-Skills!J5/100)^Skills!K5 | I110: 1 | O110: 0 | P110: =IF(B138=0,0,O110/B138) | Q110: 0 | R110: 0 | S110: =IFERROR(O110/N110,0)
A111: =Skills!A6 | B111: =Skills!B6 | C111: =Inputs!$B$3>=63 | D111: =IF(Skills!C6=1,60+Inputs!$B$24+Inputs!$B$28,IF(Skills!C6=2,90+Inputs!$B$25+Inputs!$B$28,IF(Skills!C6=3,120+Inputs!$B$26+Inputs!$B$28,MAX(0,(Inputs!$B$3-100)*3)+Inputs!$B$27+Inputs!$B$28))) | E111: =INDEX(FactorTable!$B$2:$Y$301, MATCH(ROUND(MIN(300,MAX(1,D111)),0), FactorTable!$A$2:$A$301,0), Skills!M6+1) | F111: =IF(Skills!N6=TRUE,(Skills!L6/10)*(E111/1000),Skills!L6/10)+Skills!O6 | G111: =Skills!G6*IF(Skills!H6>0,Skills!I6/Skills!H6,1) | H111: =1-(1-Skills!J6/100)^Skills!K6 | I111: 1 | J111: =(Inputs!$B$5*(1+Inputs!$B$6/100))*(F111/100) | K111: =J111*(1+((Inputs!$B$11*(1+Inputs!$B$12/100))*0.01+(Inputs!$B$13+1)*0.0025)/100)*(1+Inputs!$B$14/100)*(1+IF(Inputs!$B$4="pvp",0,(1-Summary!$B$55)*(Inputs!$B$19+0+Skills!P6)+Summary!$B$55*(Inputs!$B$20+Skills!Q6))/100)*(1+Inputs!$B$15/100)*(5000/(6000+Inputs!$B$7*(1-(Inputs!$B$18+0)/100)))*(1+(Inputs!$B$23+((C127=TRUE)*(F127-Calc!F22))+B136)/100)*(1+(IF(Skills!A6="HOOK_BOMBER",Inputs!$B$16+((C126=TRUE)*(F126-Calc!F21)),Inputs!$B$17+0))/100)*((1+(((C118=TRUE)*F118)+((C124=TRUE)*(F124-Calc!F19)))/100)*I111) | L111: =K111*(MIN(Inputs!$B$21+((C125=TRUE)*(F125-Calc!F20)),Inputs!$B$22+0)/100+(Inputs!$B$22+0)/100)/2 | M111: =L111*(1+(Inputs!$B$9+0+B135)/100) | N111: =L111*(1-MIN((Inputs!$B$8+((C121=TRUE)*(F121-Calc!F16))+B130),100)/100)+M111*(MIN((Inputs!$B$8+((C121=TRUE)*(F121-Calc!F16))+B130),100)/100) | O111: =IF(C111,H111*N111*IF(AND(Inputs!$B$4<>"pvp",Inputs!$B$35>0),((Skills!G6*((R111-1)*IF(Skills!H6>0,Skills!I6/Skills!H6,1)+IF(Skills!H6>0,MIN(Skills!I6,MAX(0,Inputs!$B$35-((R111-1)*IF(Inputs!$B$4="pvp",15,MAX(0.1,Skills!D6-IF(Skills!E6=TRUE,Inputs!$B$31,0))))))/Skills!H6,1)))/Inputs!$B$35),G111*Q111)*IF(Inputs!$B$4="pvp",1,(1-Summary!$B$55)*(1)+Summary!$B$55*(MIN(Skills!R6,Inputs!$B$37))),0) | P111: =IF(B138=0,0,O111/B138) | Q111: =IFERROR(1/IF(Inputs!$B$4="pvp",15,MAX(0.1,Skills!D6-IF(Skills!E6=TRUE,Inputs!$B$31,0))),0) | R111: =IF(AND(Inputs!$B$4<>"pvp",Inputs!$B$35>0),(INT(Inputs!$B$35/IF(Inputs!$B$4="pvp",15,MAX(0.1,Skills!D6-IF(Skills!E6=TRUE,Inputs!$B$31,0))))+1),0) | S111: =IFERROR(O111/N111,0)
...

Sheet CubeData
A1: Slot | B1: Rarity | C1: Line | D1: Stat | E1: Value | F1: Weight | G1: Prime | H1: DPSPerUnit | J1: Stat | K1: DPSPerUnit | M1: Rarity | N1: Rate | O1: MaxPity | Q1: SlotList
A2: ALL | B2: normal | C2: 1 | D2: Critical Rate % | E2: 3 | F2: 2.5 | G2: FALSE | H2: =IF(Inputs!$B$8>=100,Sensitivity!H16,Sensitivity!H15) | J2: (none) | K2: 0 | M2: normal | N2: 0.06 | O2: 30 | Q2: head
A3: ALL | B3: normal | C3: 1 | D3: Attack Speed % | E3: 3 | F3: 2.5 | G3: FALSE | H3: =Sensitivity!H17 | J3: All Skill Level | K3: =Sensitivity!H25 | M3: rare | N3: 0.03333 | O3: 60 | Q3: cape
A4: ALL | B4: normal | C4: 1 | D4: Damage % | E4: 5 | F4: 4 | G4: FALSE | H4: =Sensitivity!H8 | J4: Attack Speed % | K4: =Sensitivity!H17 | M4: epic | N4: 0.0167 | O4: 120 | Q4: chest
A5: ALL | B5: normal | C5: 1 | D5: Min Damage Multiplier % | E5: 3 | F5: 4 | G5: FALSE | H5: =Sensitivity!H13 | J5: Basic Attack Damage % | K5: =Sensitivity!H19 | M5: unique | N5: 0.006 | O5: 333 | Q5: shoulders
A6: ALL | B6: normal | C6: 1 | D6: Max Damage Multiplier % | E6: 3 | F6: 4 | G6: FALSE | H6: =Sensitivity!H14 | J6: Basic Attack Target Increase | K6: =Sensitivity!H29 | M6: legendary | N6: 0.0021 | O6: 714 | Q6: legs
A7: ALL | B7: normal | C7: 1 | D7: Str % | E7: 3 | F7: 4.5 | G7: FALSE | H7: 0 | J7: Buff Duration Increase % | K7: =Sensitivity!H30 | M7: mystic | N7: 0 | O7: 0 | Q7: belt
A8: ALL | B8: normal | C8: 1 | D8: Dex % | E8: 3 | F8: 4.5 | G8: FALSE | H8: =Sensitivity!H7 | J8: Companion Summoning Time Increase % | K8: =Sensitivity!H16 | Q8: gloves
A9: ALL | B9: normal | C9: 1 | D9: Int % | E9: 3 | F9: 4.5 | G9: FALSE | H9: 0 | J9: Critical Damage % | K9: =Sensitivity!H16 | Q9: boots
A10: ALL | B10: normal | C10: 1 | D10: Luk % | E10: 3 | F10: 4.5 | G10: FALSE | H10: 0 | J10: Critical Rate % | K10: =IF(Inputs!$B$8>=100,Sensitivity!H16,Sensitivity!H15) | Q10: ring
A11: ALL | B11: normal | C11: 1 | D11: Defense % | E11: 3 | F11: 9 | G11: FALSE | H11: 0 | J11: Damage % | K11: =Sensitivity!H8 | Q11: neck
A12: ALL | B12: normal | C12: 1 | D12: Max HP % | E12: 6 | F12: 9 | G12: FALSE | H12: 0 | J12: Defense % | K12: 0 | Q12: eye-accessory
A13: ALL | B13: normal | C13: 1 | D13: Max MP % | E13: 3 | F13: 9 | G13: FALSE | H13: 0 | J13: Defense Penetration | K13: =Sensitivity!H18 | Q13: ring2
A14: ALL | B14: normal | C14: 1 | D14: Str | E14: 50 | F14: 9.5 | G14: FALSE | H14: 0 | J14: Dex | K14: =Sensitivity!H7 | Q14: face
A15: ALL | B15: normal | C15: 1 | D15: Dex | E15: 50 | F15: 9.5 | G15: FALSE | H15: =Sensitivity!H7 | J15: Dex % | K15: =Sensitivity!H7 | Q15: earrings
A16: ALL | B16: normal | C16: 1 | D16: Int | E16: 50 | F16: 9.5 | G16: FALSE | H16: 0 | J16: Final Damage % | K16: =Sensitivity!H12 | Q16: pocket
A17: ALL | B17: normal | C17: 1 | D17: Luk | E17: 50 | F17: 9.5 | G17: FALSE | H17: 0 | J17: Int | K17: 0
A18: ALL | B18: normal | C18: 2 | D18: Critical Rate % | E18: 3 | F18: 2.5 | G18: FALSE | H18: =IF(Inputs!$B$8>=100,Sensitivity!H16,Sensitivity!H15) | J18: Int % | K18: 0
A19: ALL | B19: normal | C19: 2 | D19: Attack Speed % | E19: 3 | F19: 2.5 | G19: FALSE | H19: =Sensitivity!H17 | J19: Luk | K19: 0
A20: ALL | B20: normal | C20: 2 | D20: Damage % | E20: 5 | F20: 4 | G20: FALSE | H20: =Sensitivity!H8 | J20: Luk % | K20: 0
A21: ALL | B21: normal | C21: 2 | D21: Min Damage Multiplier % | E21: 3 | F21: 4 | G21: FALSE | H21: =Sensitivity!H13 | J21: Main Stat % per 4 Levels | K21: =Sensitivity!H6*INT(Inputs!$B$3/4)
A22: ALL | B22: normal | C22: 2 | D22: Max Damage Multiplier % | E22: 3 | F22: 4 | G22: FALSE | H22: =Sensitivity!H14 | J22: Main Stat Per Level | K22: =Sensitivity!H5*Inputs!$B$3
A23: ALL | B23: normal | C23: 2 | D23: Str % | E23: 3 | F23: 4.5 | G23: FALSE | H23: 0 | J23: Max Damage Multiplier % | K23: =Sensitivity!H14
A24: ALL | B24: normal | C24: 2 | D24: Dex % | E24: 3 | F24: 4.5 | G24: FALSE | H24: =Sensitivity!H7 | J24: Max HP % | K24: 0
A25: ALL | B25: normal | C25: 2 | D25: Int % | E25: 3 | F25: 4.5 | G25: FALSE | H25: 0 | J25: Max MP % | K25: 0
A26: ALL | B26: normal | C26: 2 | D26: Luk % | E26: 3 | F26: 4.5 | G26: FALSE | H26: 0 | J26: Min Damage Multiplier % | K26: =Sensitivity!H13
A27: ALL | B27: normal | C27: 2 | D27: Defense % | E27: 3 | F27: 9 | G27: FALSE | H27: 0 | J27: Skill Cooldown Decrease (seconds) | K27: =Sensitivity!H28
A28: ALL | B28: normal | C28: 2 | D28: Max HP % | E28: 6 | F28: 9 | G28: FALSE | H28: 0 | J28: Skill Damage % | K28: =Sensitivity!H20
A29: ALL | B29: normal | C29: 2 | D29: Max MP % | E29: 3 | F29: 9 | G29: FALSE | H29: 0 | J29: Str | K29: 0
A30: ALL | B30: normal | C30: 2 | D30: Str | E30: 50 | F30: 9.5 | G30: FALSE | H30: 0 | J30: Str % | K30: 0
A31: ALL | B31: normal | C31: 2 | D31: Dex | E31: 50 | F31: 9.5 | G31: FALSE | H31: =Sensitivity!H7
A32: ALL | B32: normal | C32: 2 | D32: Int | E32: 50 | F32: 9.5 | G32: FALSE | H32: 0
A33: ALL | B33: normal | C33: 2 | D33: Luk | E33: 50 | F33: 9.5 | G33: FALSE | H33: 0
A34: ALL | B34: normal | C34: 3 | D34: Critical Rate % | E34: 3 | F34: 2.5 | G34: FALSE | H34: =IF(Inputs!$B$8>=100,Sensitivity!H16,Sensitivity!H15)
A35: ALL | B35: normal | C35: 3 | D35: Attack Speed % | E35: 3 | F35: 2.5 | G35: FALSE | H35: =Sensitivity!H17
A36: ALL | B36: normal | C36: 3 | D36: Damage % | E36: 5 | F36: 4 | G36: FALSE | H36: =Sensitivity!H8
A37: ALL | B37: normal | C37: 3 | D37: Min Damage Multiplier % | E37: 3 | F37: 4 | G37: FALSE | H37: =Sensitivity!H13
A38: ALL | B38: normal | C38: 3 | D38: Max Damage Multiplier % | E38: 3 | F38: 4 | G38: FALSE | H38: =Sensitivity!H14
A39: ALL | B39: normal | C39: 3 | D39: Str % | E39: 3 | F39: 4.5 | G39: FALSE | H39: 0
A40: ALL | B40: normal | C40: 3 | D40: Dex % | E40: 3 | F40: 4.5 | G40: FALSE | H40: =Sensitivity!H7
A41: ALL | B41: normal | C41: 3 | D41: Int % | E41: 3 | F41: 4.5 | G41: FALSE | H41: 0
A42: ALL | B42: normal | C42: 3 | D42: Luk % | E42: 3 | F42: 4.5 | G42: FALSE | H42: 0
A43: ALL | B43: normal | C43: 3 | D43: Defense % | E43: 3 | F43: 9 | G43: FALSE | H43: 0
A44: ALL | B44: normal | C44: 3 | D44: Max HP % | E44: 6 | F44: 9 | G44: FALSE | H44: 0
A45: ALL | B45: normal | C45: 3 | D45: Max MP % | E45: 3 | F45: 9 | G45: FALSE | H45: 0
A46: ALL | B46: normal | C46: 3 | D46: Str | E46: 50 | F46: 9.5 | G46: FALSE | H46: 0
A47: ALL | B47: normal | C47: 3 | D47: Dex | E47: 50 | F47: 9.5 | G47: FALSE | H47: =Sensitivity!H7
A48: ALL | B48: normal | C48: 3 | D48: Int | E48: 50 | F48: 9.5 | G48: FALSE | H48: 0
A49: ALL | B49: normal | C49: 3 | D49: Luk | E49: 50 | F49: 9.5 | G49: FALSE | H49: 0
A50: ALL | B50: rare | C50: 1 | D50: Critical Rate % | E50: 4.5 | F50: 2.5 | G50: TRUE | H50: =IF(Inputs!$B$8>=100,Sensitivity!H16,Sensitivity!H15)
A51: ALL | B51: rare | C51: 1 | D51: Attack Speed % | E51: 3.5 | F51: 2.5 | G51: TRUE | H51: =Sensitivity!H17
A52: ALL | B52: rare | C52: 1 | D52: Damage % | E52: 8 | F52: 4 | G52: TRUE | H52: =Sensitivity!H8
A53: ALL | B53: rare | C53: 1 | D53: Min Damage Multiplier % | E53: 6 | F53: 4 | G53: TRUE | H53: =Sensitivity!H13
A54: ALL | B54: rare | C54: 1 | D54: Max Damage Multiplier % | E54: 6 | F54: 4 | G54: TRUE | H54: =Sensitivity!H14
A55: ALL | B55: rare | C55: 1 | D55: Str % | E55: 4.5 | F55: 4.5 | G55: TRUE | H55: 0
A56: ALL | B56: rare | C56: 1 | D56: Dex % | E56: 4.5 | F56: 4.5 | G56: TRUE | H56: =Sensitivity!H7
A57: ALL | B57: rare | C57: 1 | D57: Int % | E57: 4.5 | F57: 4.5 | G57: TRUE | H57: 0
A58: ALL | B58: rare | C58: 1 | D58: Luk % | E58: 4.5 | F58: 4.5 | G58: TRUE | H58: 0
A59: ALL | B59: rare | C59: 1 | D59: Defense % | E59: 4.5 | F59: 9 | G59: TRUE | H59: 0
A60: ALL | B60: rare | C60: 1 | D60: Max HP % | E60: 9 | F60: 9 | G60: TRUE | H60: 0
A61: ALL | B61: rare | C61: 1 | D61: Max MP % | E61: 4.5 | F61: 9 | G61: TRUE | H61: 0
A62: ALL | B62: rare | C62: 1 | D62: Str | E62: 100 | F62: 9.5 | G62: TRUE | H62: 0
A63: ALL | B63: rare | C63: 1 | D63: Dex | E63: 100 | F63: 9.5 | G63: TRUE | H63: =Sensitivity!H7
A64: ALL | B64: rare | C64: 1 | D64: Int | E64: 100 | F64: 9.5 | G64: TRUE | H64: 0
A65: ALL | B65: rare | C65: 1 | D65: Luk | E65: 100 | F65: 9.5 | G65: TRUE | H65: 0
A66: ALL | B66: rare | C66: 2 | D66: Critical Rate % | E66: 3 | F66: 1.9 | G66: FALSE | H66: =IF(Inputs!$B$8>=100,Sensitivity!H16,Sensitivity!H15)
A67: ALL | B67: rare | C67: 2 | D67: Critical Rate % | E67: 4.5 | F67: 0.6 | G67: TRUE | H67: =IF(Inputs!$B$8>=100,Sensitivity!H16,Sensitivity!H15)
A68: ALL | B68: rare | C68: 2 | D68: Attack Speed % | E68: 3 | F68: 1.9 | G68: FALSE | H68: =Sensitivity!H17
A69: ALL | B69: rare | C69: 2 | D69: Attack Speed % | E69: 3.5 | F69: 0.6 | G69: TRUE | H69: =Sensitivity!H17
A70: ALL | B70: rare | C70: 2 | D70: Damage % | E70: 5 | F70: 3.04 | G70: FALSE | H70: =Sensitivity!H8
A71: ALL | B71: rare | C71: 2 | D71: Damage % | E71: 8 | F71: 0.96 | G71: TRUE | H71: =Sensitivity!H8
A72: ALL | B72: rare | C72: 2 | D72: Min Damage Multiplier % | E72: 3 | F72: 3.04 | G72: FALSE | H72: =Sensitivity!H13
A73: ALL | B73: rare | C73: 2 | D73: Min Damage Multiplier % | E73: 6 | F73: 0.96 | G73: TRUE | H73: =Sensitivity!H13
A74: ALL | B74: rare | C74: 2 | D74: Max Damage Multiplier % | E74: 3 | F74: 3.04 | G74: FALSE | H74: =Sensitivity!H14
A75: ALL | B75: rare | C75: 2 | D75: Max Damage Multiplier % | E75: 6 | F75: 0.96 | G75: TRUE | H75: =Sensitivity!H14
A76: ALL | B76: rare | C76: 2 | D76: Str % | E76: 3 | F76: 3.42 | G76: FALSE | H76: 0
A77: ALL | B77: rare | C77: 2 | D77: Str % | E77: 4.5 | F77: 1.08 | G77: TRUE | H77: 0
A78: ALL | B78: rare | C78: 2 | D78: Dex % | E78: 3 | F78: 3.42 | G78: FALSE | H78: =Sensitivity!H7
A79: ALL | B79: rare | C79: 2 | D79: Dex % | E79: 4.5 | F79: 1.08 | G79: TRUE | H79: =Sensitivity!H7
A80: ALL | B80: rare | C80: 2 | D80: Int % | E80: 3 | F80: 3.42 | G80: FALSE | H80: 0
A81: ALL | B81: rare | C81: 2 | D81: Int % | E81: 4.5 | F81: 1.08 | G81: TRUE | H81: 0
A82: ALL | B82: rare | C82: 2 | D82: Luk % | E82: 3 | F82: 3.42 | G82: FALSE | H82: 0
A83: ALL | B83: rare | C83: 2 | D83: Luk % | E83: 4.5 | F83: 1.08 | G83: TRUE | H83: 0
A84: ALL | B84: rare | C84: 2 | D84: Defense % | E84: 3 | F84: 6.84 | G84: FALSE | H84: 0
A85: ALL | B85: rare | C85: 2 | D85: Defense % | E85: 4.5 | F85: 2.16 | G85: TRUE | H85: 0
A86: ALL | B86: rare | C86: 2 | D86: Max HP % | E86: 6 | F86: 6.84 | G86: FALSE | H86: 0
A87: ALL | B87: rare | C87: 2 | D87: Max HP % | E87: 9 | F87: 2.16 | G87: TRUE | H87: 0
A88: ALL | B88: rare | C88: 2 | D88: Max MP % | E88: 3 | F88: 6.84 | G88: FALSE | H88: 0
A89: ALL | B89: rare | C89: 2 | D89: Max MP % | E89: 4.5 | F89: 2.16 | G89: TRUE | H89: 0
A90: ALL | B90: rare | C90: 2 | D90: Str | E90: 50 | F90: 7.22 | G90: FALSE | H90: 0
A91: ALL | B91: rare | C91: 2 | D91: Str | E91: 100 | F91: 2.28 | G91: TRUE | H91: 0
A92: ALL | B92: rare | C92: 2 | D92: Dex | E92: 50 | F92: 7.22 | G92: FALSE | H92: =Sensitivity!H7
A93: ALL | B93: rare | C93: 2 | D93: Dex | E93: 100 | F93: 2.28 | G93: TRUE | H93: =Sensitivity!H7
A94: ALL | B94: rare | C94: 2 | D94: Int | E94: 50 | F94: 7.22 | G94: FALSE | H94: 0
A95: ALL | B95: rare | C95: 2 | D95: Int | E95: 100 | F95: 2.28 | G95: TRUE | H95: 0
A96: ALL | B96: rare | C96: 2 | D96: Luk | E96: 50 | F96: 7.22 | G96: FALSE | H96: 0
A97: ALL | B97: rare | C97: 2 | D97: Luk | E97: 100 | F97: 2.28 | G97: TRUE | H97: 0
A98: ALL | B98: rare | C98: 3 | D98: Critical Rate % | E98: 3 | F98: 2.3 | G98: FALSE | H98: =IF(Inputs!$B$8>=100,Sensitivity!H16,Sensitivity!H15)
A99: ALL | B99: rare | C99: 3 | D99: Critical Rate % | E99: 4.5 | F99: 0.2 | G99: TRUE | H99: =IF(Inputs!$B$8>=100,Sensitivity!H16,Sensitivity!H15)
A100: ALL | B100: rare | C100: 3 | D100: Attack Speed % | E100: 3 | F100: 2.3 | G100: FALSE | H100: =Sensitivity!H17
...

Sheet PotentialCubes
A1: Potential Cubes — Current Gear State
A2: Fill in your actual current gear for every slot/potential-type you want EV results for, then run `python3 tools/potential_cubes_ev.py` — it reads this table plus the live CubeData sheet and computes exact 'expected value of the best roll kept after N rerolls' for all 30 rows (printed + written to a CSV), via a full line1 x line2 x line3 enumeration per rarity/slot rather than a single-roll average.
A3: Leave a line's Stat as "(none)" if that line isn't rolled yet / doesn't matter.
A5: Slot | B5: Potential Type | C5: Current Rarity | D5: Current Pity Count | E5: Line 1 Stat | F5: Line 1 Value | G5: Line 2 Stat | H5: Line 2 Value | I5: Line 3 Stat | J5: Line 3 Value
A6: head | B6: Potential | C6: normal | D6: 0 | E6: (none) | F6: 0 | G6: (none) | H6: 0 | I6: (none) | J6: 0
A7: head | B7: Bonus Potential | C7: normal | D7: 0 | E7: (none) | F7: 0 | G7: (none) | H7: 0 | I7: (none) | J7: 0
A8: cape | B8: Potential | C8: normal | D8: 0 | E8: (none) | F8: 0 | G8: (none) | H8: 0 | I8: (none) | J8: 0
A9: cape | B9: Bonus Potential | C9: normal | D9: 0 | E9: (none) | F9: 0 | G9: (none) | H9: 0 | I9: (none) | J9: 0
A10: chest | B10: Potential | C10: normal | D10: 0 | E10: (none) | F10: 0 | G10: (none) | H10: 0 | I10: (none) | J10: 0
A11: chest | B11: Bonus Potential | C11: normal | D11: 0 | E11: (none) | F11: 0 | G11: (none) | H11: 0 | I11: (none) | J11: 0
A12: shoulders | B12: Potential | C12: normal | D12: 0 | E12: (none) | F12: 0 | G12: (none) | H12: 0 | I12: (none) | J12: 0
A13: shoulders | B13: Bonus Potential | C13: normal | D13: 0 | E13: (none) | F13: 0 | G13: (none) | H13: 0 | I13: (none) | J13: 0
A14: legs | B14: Potential | C14: normal | D14: 0 | E14: (none) | F14: 0 | G14: (none) | H14: 0 | I14: (none) | J14: 0
A15: legs | B15: Bonus Potential | C15: normal | D15: 0 | E15: (none) | F15: 0 | G15: (none) | H15: 0 | I15: (none) | J15: 0
A16: belt | B16: Potential | C16: normal | D16: 0 | E16: (none) | F16: 0 | G16: (none) | H16: 0 | I16: (none) | J16: 0
A17: belt | B17: Bonus Potential | C17: normal | D17: 0 | E17: (none) | F17: 0 | G17: (none) | H17: 0 | I17: (none) | J17: 0
... A35: pocket | B35: Bonus Potential | C35: normal | D35: 0 | E35: (none) | F35: 0 | G35: (none) | H35: 0 | I35: (none) | J35: 0
