Workbook

Sheet README
A1: Dark Knight — DPS Calculator: How to Use This Workbook
A3: How to use this workbook
A4: Only edit the yellow-highlighted cells on the Inputs sheet — every other sheet is computed from those values and will be overwritten if you rebuild the workbook.
A5: Summary shows Total DPS, a Per-Skill DPS Breakdown (damage-dealing skills only — buffs/passives that never deal their own damage are omitted), and a Marginal DPS & Stat Value table showing the DPS gained per +1 of each stat.
A6: Sensitivity has the full detail behind that marginal-value table — one self-contained block per stat, showing exactly how bumping that stat by +1 changes every downstream number.
A7: CubeData/PotentialCubes model your current gear's Potential Cube lines and drive cube-reroll expected-value decisions. For the full standalone Potential Cube EV calculator (exact optimal-stopping math, works from this workbook alone), see tools/potential_cubes_ev.py in the project repo.
A9: Design decisions & assumptions
A10: Weapon Acceleration, Weapon Mastery, Barricade Mastery, Power Stance's own Final Damage component, and Final Pact's own Final Damage component are always-on passives assumed to already be reflected in your own Inputs stat entries — only their Sensitivity marginal delta is modeled live, matching this project's established convention. Iron Wall (STR from Defense) and Warrior-Mastery-equivalent flat-stat passives have zero DPS-relevant mechanic and get no row at all (no Defense-tracking mechanic exists anywhere in this project). Dark Knight has NO Physical Training or Endure skill at all (confirmed absent from its own skill list, despite both being present on Hero's).
A11: Evil Eye and Dark Resonance both drive the Global Monster Damage-Taken Bonus% bucket (the mechanism Hero's own Scaring Sword pioneered) — Evil Eye's own +15%->19.2% applies to all monster types (duty-cycle averaged, always-on while summoned, no proc-chance gate), Dark Resonance's patch-added +20% applies boss-only (monster_blend_expr-gated), both summed into the same bucket.
A12: Evil Eye Shock, Evil Eye of Dominant, Hex of the Evil Eye, and Revenge of the Evil Eye all nominally require Evil Eye to be summoned first — this precondition is NOT modeled as a live gate (they're treated as always-castable once individually unlocked), a documented simplification consistent with this project not tracking buff-precondition chains elsewhere either.
A13: Evil Eye of Dominant is modeled as a background DoT tied to Evil Eye's own cast cycle (Cooldown=30s/ActiveWindow=20s matching Evil Eye's own duration, ICD=1s) — same pattern as FP-Mage's own Poison Mist fog DoT tied to its parent skill.
A14: Lord of Darkness is split into two rows (Crit Rate half, Crit Damage half) since this schema's BuffTargetStat column only holds one stat per row — same reason Hero's own Enrage is split. Both modeled as ProcChance% x duty-cycle uptime (Scaring-Sword-style simplification), not an exact per-attack RNG state machine. Its own HP-recovery component is not modeled.
... A20: Not modeled (out of scope): all forms of crowd control (Evil Eye Shock stun), Accuracy, Evasion, Defense, Max HP/MP recovery, movement speed, and Companion Summoning Time.

Sheet Inputs
A1: Dark Knight — DPS Calculator Inputs
A3: Character Level | B3: 200
A4: Monster Type ("boss", "normal", "breakthrough", or "pvp") | B4: boss
A5: Flat ATTACK | B5: 10000
A6: ATTACK % | B6: 0
A7: Monster Defense (flat, post-x100/x10 scaling) | B7: 0
A8: CRIT_RATE % | B8: 0
A9: CRIT_DAMAGE % | B9: 0
A10: ATTACK_SPEED % (base, excludes Weapon Acceleration) | B10: 0
A11: Flat STR | B11: 0
A12: STR % | B12: 0
A13: DEX | B13: 0
A14: DAMAGE % | B14: 0
A15: DAMAGE_AMP % | B15: 0
A16: BASIC_ATTACK_DAMAGE % | B16: 0
... A28: Skill Level Bonus — All Skills | B28: 0
A30: Additional Bonuses
A31: Skill Cooldown Decrease (seconds, only skills/buffs the character actively casts) | B31: 0
A32: Basic Attack Target Increase (flat, adds to the 6-target normal-monster base) | B32: 1
A33: Buff Duration Increase % | B33: 0
A34: Companion Summoning Time Increase % (companions not modeled — always 0 DPS impact) | B34: 0
A35: Fixed Fight Duration (seconds, boss or normal — leave 0 for steady-state DPS; ignored for pvp) | B35: 0
A36: Chapter Breakthrough: Normal-Monster Weight % (only used when Monster Type = breakthrough) | B36: 60
A37: Max Enemies Actually In Range (normal monsters only; default 999 = uncapped) | B37: 999

Sheet FactorTable
A1: Level | B1: F0 | C1: F1 | D1: F2 | E1: F3 | F1: F4 | G1: F5 | H1: F6 | I1: F7 | J1: F8 | K1: F9 | L1: F10 | M1: F11 | N1: F12 | O1: F13 | P1: F14 | Q1: F15 | R1: F16 | S1: F17 | T1: F18 | U1: F19 | V1: F20 | W1: F21 | X1: F22 | Y1: F23
A2: 1 | B2: 0 | C2: 1000 | D2: 1000 | E2: 1000 | F2: 1000 | G2: 1000 | H2: 1000 | I2: 1000 | J2: 1000 | K2: 1000 | L2: 1000 | M2: 1000 | N2: 1000 | O2: 1000 | P2: 1000 | Q2: 1000 | R2: 1000 | S2: 1000 | T2: 1000 | U2: 1000 | V2: 1000 | W2: 1000 | X2: 1000 | Y2: 1000
A3: 2 | B3: 0 | C3: 1015 | D3: 1020 | E3: 1030 | F3: 1040 | G3: 1050 | H3: 1060 | I3: 1070 | J3: 1020 | K3: 1020 | L3: 1020 | M3: 1000 | N3: 1010 | O3: 1020 | P3: 1030 | Q3: 1040 | R3: 1050 | S3: 1060 | T3: 1070 | U3: 1080 | V3: 1010 | W3: 1008 | X3: 1006 | Y3: 1100
A4: 3 | B4: 0 | C4: 1031 | D4: 1041 | E4: 1061 | F4: 1082 | G4: 1103 | H4: 1124 | I4: 1145 | J4: 1030 | K4: 1041 | L4: 1030 | M4: 1000 | N4: 1015 | O4: 1030 | P4: 1045 | Q4: 1060 | R4: 1075 | S4: 1090 | T4: 1105 | U4: 1120 | V4: 1020 | W4: 1012 | X4: 1009 | Y4: 1150
A5: 4 | B5: 0 | C5: 1047 | D5: 1062 | E5: 1093 | F5: 1126 | G5: 1159 | H5: 1192 | I5: 1226 | J5: 1040 | K5: 1062 | L5: 1040 | M5: 1000 | N5: 1020 | O5: 1040 | P5: 1060 | Q5: 1080 | R5: 1100 | S5: 1120 | T5: 1140 | U5: 1160 | V5: 1030 | W5: 1016 | X5: 1012 | Y5: 1200
A6: 5 | B6: 0 | C6: 1063 | D6: 1084 | E6: 1126 | F6: 1172 | G6: 1217 | H6: 1264 | I6: 1312 | J6: 1050 | K6: 1084 | L6: 1050 | M6: 1000 | N6: 1025 | O6: 1050 | P6: 1075 | Q6: 1100 | R6: 1125 | S6: 1150 | T6: 1175 | U6: 1200 | V6: 1040 | W6: 1020 | X6: 1015 | Y6: 1250
A7: 6 | B7: 0 | C7: 1079 | D7: 1106 | E7: 1160 | F7: 1219 | G7: 1278 | H7: 1340 | I7: 1404 | J7: 1060 | K7: 1106 | L7: 1060 | M7: 1000 | N7: 1030 | O7: 1060 | P7: 1090 | Q7: 1120 | R7: 1150 | S7: 1180 | T7: 1210 | U7: 1240 | V7: 1050 | W7: 1024 | X7: 1018 | Y7: 1300
A8: 7 | B8: 0 | C8: 1096 | D8: 1129 | E8: 1195 | F8: 1268 | G8: 1342 | H8: 1421 | I8: 1503 | J8: 1070 | K8: 1129 | L8: 1070 | M8: 1000 | N8: 1035 | O8: 1070 | P8: 1105 | Q8: 1140 | R8: 1175 | S8: 1210 | T8: 1245 | U8: 1280 | V8: 1060 | W8: 1028 | X8: 1021 | Y8: 1350
A9: 8 | B9: 0 | C9: 1113 | D9: 1152 | E9: 1231 | F9: 1319 | G9: 1410 | H9: 1507 | I9: 1609 | J9: 1080 | K9: 1152 | L9: 1080 | M9: 1000 | N9: 1040 | O9: 1080 | P9: 1120 | Q9: 1160 | R9: 1200 | S9: 1240 | T9: 1280 | U9: 1320 | V9: 1070 | W9: 1032 | X9: 1024 | Y9: 1400
A10: 9 | B10: 0 | C10: 1130 | D10: 1176 | E10: 1268 | F10: 1372 | G10: 1481 | H10: 1598 | I10: 1722 | J10: 1090 | K10: 1176 | L10: 1090 | M10: 1000 | N10: 1045 | O10: 1090 | P10: 1135 | Q10: 1180 | R10: 1225 | S10: 1270 | T10: 1315 | U10: 1360 | V10: 1080 | W10: 1036 | X10: 1027 | Y10: 1450
A11: 10 | B11: 0 | C11: 1147 | D11: 1200 | E11: 1307 | F11: 1427 | G11: 1556 | H11: 1694 | I11: 1843 | J11: 1100 | K11: 1200 | L11: 1100 | M11: 1000 | N11: 1050 | O11: 1100 | P11: 1150 | Q11: 1200 | R11: 1250 | S11: 1300 | T11: 1350 | U11: 1400 | V11: 1090 | W11: 1040 | X11: 1030 | Y11: 1500
A12: 11 | B12: 0 | C12: 1165 | D12: 1224 | E12: 1347 | F12: 1485 | G12: 1634 | H12: 1796 | I12: 1973 | J12: 1110 | K12: 1224 | L12: 1110 | M12: 1000 | N12: 1055 | O12: 1110 | P12: 1165 | Q12: 1220 | R12: 1275 | S12: 1330 | T12: 1385 | U12: 1440 | V12: 1100 | W12: 1044 | X12: 1033 | Y12: 1550
A13: 12 | B13: 0 | C13: 1183 | D13: 1249 | E13: 1388 | F13: 1545 | G13: 1716 | H13: 1904 | I13: 2112 | J13: 1120 | K13: 1249 | L13: 1120 | M13: 1000 | N13: 1060 | O13: 1120 | P13: 1180 | Q13: 1240 | R13: 1300 | S13: 1360 | T13: 1420 | U13: 1480 | V13: 1110 | W13: 1048 | X13: 1036 | Y13: 1600
... A301: 300 | B301: 0 | C301: 88573 | D301: 381637 | E301: 6991522 | F301: 125363453 | G301: 2185120762 | H301: 37157073039 | I301: 614631863830 | J301: 2000 | K301: 53326 | L301: 2500 | M301: 1100 | N301: 2500 | O301: 4000 | P301: 5500 | Q301: 7000 | R301: 8500 | S301: 10000 | T301: 11500 | U301: 13000 | V301: 7558 | W301: 2200 | X301: 1900 | Y301: 8800

Sheet Skills
A1: Key | B1: Name | C1: JobStep | D1: Cooldown(s) | E1: CostsActionSlot | F1: ActionsPerCast | G1: HitsPerCast | H1: ICD(s) | I1: ActiveWindow(s) | J1: ProcChance% | K1: RollsPerCast | L1: BaseDamage(tenths%) | M1: FactorIndex | N1: ScalesWithLevel | O1: SkillMasteryBonus% | P1: MasteryBossDamage% | Q1: MasteryNormalDamage% | R1: NormalMonsterTargets | S1: BuffTargetStat | T1: BuffDuration(s) | U1: MapleHeroBase(tenths%) | V1: MapleHeroFactorIndex | W1: Note
A2: DARK_IMPALE | B2: Dark Impale | C2: 4 | E2: FALSE | F2: 1 | G2: =IF(Inputs!$B$3>=136,6,5) | H2: 0 | I2: 0 | J2: 100 | K2: 1 | L2: 2900 | M2: 21 | N2: TRUE | O2: =Calc!F3*IF(Calc!C3=TRUE,1,0)/100*(1+Calc!F4*IF(Calc!C4=TRUE,1,0)/100)*25+SUMPRODUCT((Inputs!$B$3>={102,106,116,120,128,132})*{10,1,1,1,1,1}) | P2: =SUMPRODUCT((Inputs!$B$3>={111,124})*{10,10}) | Q2: 0 | R2: =6+Inputs!$B$32 | T2: 0 | W2: 4th-job basic-attack effect (supersedes Slash Blast/Spear Sweep/La Mancha Spear, confirmed identical wiki wording — 290% damage to 6 target(s) in front 5 time(s) — to every other class's own 4th-job basic attack). factorIndex 21, baseDamage 2900 tenths%. HitsPerCast=5, bumping to 6 once Mastery Lv.136 'Dark Impale - Strike' unlocks (same level as Hero's own equivalent, confirmed independently from Dark Knight/Mastery). SkillMasteryBonus% is Final Attack + Advanced Final Attack's own combined steady-state contribution (same folding mechanism as Hero's own Raging Blow) PLUS the real Dark Impale - Damage mastery chain (102/106/116/120/128/132, cumulative +10/11/12/13/14/15% — summed as DELTAS, not the raw displayed values). MasteryBossDamage% is the real 2-tier Dark Impale - Boss Monster Damage chain (111/124, +10% each, +20% total).
A3: FINAL_ATTACK_HELPER | B3: Final Attack (helper) | C3: 2 | E3: FALSE | F3: 1 | G3: 1 | H3: 0 | I3: 0 | J3: 100 | K3: 1 | L3: 350 | M3: 21 | N3: TRUE | O3: 0 | P3: 0 | Q3: 0 | R3: 0 | T3: 0 | W3: Helper row only — feeds Dark Impale's own coefficient. 25% chance, 35%->49% additional damage (levels 1-100), factorIndex 21/baseDamage 350 tenths% — resolves to the IDENTICAL tuple Hero's/Bowmaster's own Final Attack helper uses, confirming this is genuinely the same cross-tree shared skill. Unlike Hero, Dark Knight's own Mastery table has NO 'Final Attack - Damage' tier at all (confirmed absent) — SkillMasteryBonus% stays 0 here.
A4: ADVANCED_FINAL_ATTACK_HELPER | B4: Advanced Final Attack (helper) | C4: 4 | E4: FALSE | F4: 1 | G4: 1 | H4: 0 | I4: 0 | J4: 100 | K4: 1 | L4: 5000 | M4: 21 | N4: TRUE | O4: =SUMPRODUCT((Inputs!$B$3>={113})*{50}) | P4: 0 | Q4: 0 | R4: 0 | T4: 0 | W4: Helper row only — feeds Dark Impale's own coefficient (Final Attack's own Final Damage bonus). +500%->900% FD (levels 1-200), factorIndex 21/baseDamage 5000 tenths% — resolves to the IDENTICAL tuple Hero's/Bowmaster's own Advanced Final Attack helper uses. Mastery Lv.113 'Advanced Final Attack - Enhance' +50% (real SkillMasteryBonus%, same level as Hero's own).
A5: MAGIC_CRASH | B5: Magic Crash | C5: 4 | D5: 28 | E5: TRUE | F5: 1 | G5: 1 | H5: 0 | I5: 0 | J5: 100 | K5: 1 | L5: 48000 | M5: 12 | N5: TRUE | O5: =SUMPRODUCT((Inputs!$B$3>={126})*{15}) | P5: =SUMPRODUCT((Inputs!$B$3>={126})*{15}) | Q5: =SUMPRODUCT((Inputs!$B$3>={126})*{15}) | R5: =5+IF(Inputs!$B$3>=100,4,0) | T5: 0 | W5: Summons a rock at the target's location, removing 1 buff and dealing 4800%->9600% damage to 5 nearby target(s), 1 time. factorIndex 12, baseDamage 48000 tenths% — resolves to the IDENTICAL tuple Hero's own Magic Crash uses (shared verbatim, single wiki page, /w/Magic_Crash). PATCHED: targets 5->9 (effect range +50% not modeled, no such mechanic exists). Mastery Lv.126 'Magic Crash - Weaken' (+15% damage taken to struck targets) baked into SkillMasteryBonus%/MasteryBossDamage%/MasteryNormalDamage% alike (a real mastery Hero's own build happened to miss on its own Magic Crash row — not fixed there, out of scope for this fork).
A6: GUNGNIRS_DESCENT | B6: Gungnir's Descent | C6: 4 | D6: 13 | E6: TRUE | F6: 1 | G6: =IF(Inputs!$B$3>=134,6,2) | H6: 0 | I6: 0 | J6: 100 | K6: 1 | L6: =IF(Inputs!$B$3>=134,9000,18000) | M6: 12 | N6: TRUE | O6: 0 | P6: 0 | Q6: 0 | R6: 1 | T6: 0 | W6: Throws a mythical spear at the target to deal 1800%->3600% damage, 2 times. factorIndex 12, baseDamage 18000 tenths%, 13s cooldown. Single-target (NormalMonsterTargets=1). Mastery Lv.134 'Gungnir's Descent - Strike' ('base damage -50%, +4 strike count') is modeled directly as a level-gated rebalance of this row's own BaseDamage (18000->9000 tenths%) and HitsPerCast (2->6) once Lv.134 unlocks — net +50% total damage (6*0.5 vs 2*1.0), same 'flip two fields at a level threshold' pattern already used elsewhere in this project for Strike-mastery hit-count bumps, just applied to both BaseDamage and HitsPerCast simultaneously instead of HitsPerCast alone. An earlier version of this row left this mastery completely unmodeled, documented as an under-estimate at high level — fixed.
A7: EVIL_EYE_SHOCK | B7: Evil Eye Shock | C7: 2 | D7: 18 | E7: TRUE | F7: 1 | G7: 6 | H7: 0 | I7: 0 | J7: 100 | K7: 1 | L7: 700 | M7: 12 | N7: TRUE | O7: =SUMPRODUCT((Inputs!$B$3>={44})*{50})+IF(Inputs!$B$3>=75,Calc!F8*IF(Calc!C8=TRUE,1,0),0) | P7: 0 | Q7: 0 | R7: =6+IF(Inputs!$B$3>=75,3,0) | T7: 0 | U7: 400 | V7: 23 | W7: [Must Summon Evil Eye — precondition not modeled as a live gate, treated as always-castable once unlocked] The Evil Eye attacks 6 (then 9 once Lv.75's Evil Eye Shock Enhancement unlocks) nearby target(s), dealing 70%->105% damage (levels 1-100, 2nd-job capped), 6 times, 18s cooldown, stun 1.5s not modeled. factorIndex 12, baseDamage 700 tenths%. Mastery Lv.44 'Evil Eye Shock - Damage' +50% real. Evil Eye Shock Enhancement's own +100%->127% Final Damage curve is folded directly into this row's own SkillMasteryBonus% as an additive coefficient bonus (a documented approximation — true Final Damage multiplies after the crit/defense pipeline, this applies it pre-pipeline instead — same simplification tier as folding Final Attack's own proc into a basic attack's coefficient elsewhere in this project). Maple Hero target (0.75x share) — see MAPLE_HERO_RATIOS.
A8: EVIL_EYE_SHOCK_ENH | B8: Evil Eye Shock Enhancement (helper) | C8: 3 | E8: FALSE | F8: 1 | G8: 1 | H8: 0 | I8: 0 | J8: 100 | K8: 1 | L8: 1000 | M8: 22 | N8: TRUE | O8: 0 | P8: 0 | Q8: 0 | R8: 0 | T8: 0 | W8: Helper row only (no independent O-column DPS) — feeds Evil Eye Shock's own K-column extra Final Damage term (target-count bump baked directly into EVIL_EYE_SHOCK's own NormalMonsterTargets formula instead). 'Target count changes to 9, Final Damage +100%->127%' (levels 1-100, own curve). factorIndex 22, baseDamage 1000 tenths%.
A9: EVIL_EYE_OF_DOMINANT | B9: Evil Eye of Dominant | C9: 3 | D9: 30 | E9: FALSE | F9: 1 | G9: 1 | H9: 1 | I9: 20 | J9: 100 | K9: 1 | L9: 600 | M9: 21 | N9: TRUE | O9: =SUMPRODUCT((Inputs!$B$3>={78})*{50}) | P9: 0 | Q9: 0 | R9: =6+IF(Inputs!$B$3>=94,3,0) | T9: 0 | U9: 400 | V9: 23 | W9: [Must Summon Evil Eye] Background DoT tied to Evil Eye's own cast cycle (CostsActionSlot=False, Cooldown=30s/ActiveWindow=20s matching Evil Eye's own duration, ICD=1s — EffectiveHits = ActiveWindow/ICD = 20 ticks/cast, same FP-Mage Poison-Mist-DoT-tied-to-a-parent-skill pattern): 'deals 60%->84% continuous damage to 6 nearby targets every 1 sec' (levels 1-200). factorIndex 21, baseDamage 600 tenths%. Mastery Lv.78 'Evil Eye of Dominant - Damage' +50% and Lv.94 'Evil Eye of Dominant - Target' +3 (6->9) both real. Maple Hero target (1x share, biggest) — see MAPLE_HERO_RATIOS.
A10: REVENGE_OF_THE_EVIL_EYE | B10: Revenge of the Evil Eye | C10: 4 | D10: 5 | E10: FALSE | F10: 1 | G10: 2 | H10: 0 | I10: 0 | J10: 100 | K10: 1 | L10: 8500 | M10: 12 | N10: TRUE | O10: =SUMPRODUCT((Inputs!$B$3>={122})*{50})+IF(Inputs!$B$3>=138,220*(Calc!E10/1000),0) | P10: 0 | Q10: 0 | R10: 1 | T10: 0 | W10: [Must Summon Evil Eye] Self-triggered proc-shaped row (Cooldown=5s, CostsActionSlot=False — same treatment as Marksman's own Bolt Surplus): 'engraves a vengeful brand dealing 850%->1700% additional damage, 2 times' (levels 1-200). factorIndex 12, baseDamage 8500 tenths%. Mastery Lv.122 'Revenge of the Evil Eye - Damage' +50% real. Mastery Lv.138 'Spectral Shadows' is a raw unevaluated wikitext formula on the live wiki page ({{#expr:2200*(1+x*0.005)}}%) — resolved via the same curve-matching method already used for Marksman's own Snipe-Empowered mastery this session (sample the formula at several levels treating x=character level, match against the 24-column factor table): resolves cleanly to factorIndex 12/baseDamage 2200 tenths% (0.44% max deviation) — since it shares the SAME factorIndex as this row's own base curve, it reuses this row's own Calc!E factor lookup directly rather than needing a separate FactorTable lookup (same trick as Snipe's own Empowered mastery).
A11: MAPLE_HERO_HELPER | B11: Maple Hero (helper) | C11: 4 | E11: FALSE | F11: 1 | G11: 1 | H11: 0 | I11: 0 | J11: 100 | K11: 1 | L11: 400 | M11: 23 | N11: TRUE | O11: 0 | P11: 0 | Q11: 0 | R11: 0 | T11: 0 | W11: Shared ratio-feeder row (see MAPLE_HERO_RATIOS) for Evil Eye of Dominant/Rush/Evil Eye Shock's own Final Damage chains — mirrors Hero/Shadower/Bowmaster's own Maple Hero mechanism. Confirmed via idle.maplestorywiki.net/w/Maple_Hero_(Dark_Knight) (full level 1-200 curve, resolves cleanly to factorIndex 23/baseDamage 400 tenths%, 0% residual, same '80%-growth-reduction after Lv.120' kink already confirmed on Hero/Bowmaster's own Maple Hero curves). No independent DPS row of its own (Calc columns J-N blank/0, only D/E/F computed, read directly by each target row's own K-column formula).
A12: RUSH | B12: Rush | C12: 3 | D12: 22 | E12: TRUE | F12: 1 | G12: 1 | H12: 0 | I12: 0 | J12: 100 | K12: 1 | L12: 6000 | M12: 12 | N12: TRUE | O12: 0 | P12: 0 | Q12: 0 | R12: 12 | T12: 0 | U12: 300 | V12: 23 | W12: Charges to the front to deal 600%->1200% damage to 12 target(s) (stun 2.5s not modeled). factorIndex 12, baseDamage 6000 tenths%, 22s cooldown — resolves to the IDENTICAL tuple Hero's own Rush uses (shared verbatim, confirmed identical wiki page). Not patched (Mastery Lv.68/90 own damage/cooldown tiers not separately modeled here, same treatment as Hero's own Rush row — kept consistent for this genuinely shared skill). Maple Hero target (0.75x share) — see MAPLE_HERO_RATIOS.
A13: HEX_OF_THE_EVIL_EYE | B13: Hex of the Evil Eye | C13: 3 | D13: 30 | E13: FALSE | F13: 1 | G13: 1 | H13: 0 | I13: 0 | J13: 100 | K13: 1 | L13: 150 | M13: 22 | N13: TRUE | O13: =SUMPRODUCT((Inputs!$B$3>={98})*{50}) | P13: 0 | Q13: 0 | R13: 0 | S13: ATTACK | T13: 20 | W13: [Must Summon Evil Eye] Self-inclusive ally buff (matches Hero's own Spirit Blade / Bishop's own 'allied players' precedent), tied to Evil Eye's own duty cycle (Cooldown=30s/BuffDuration=20s matching Evil Eye's own): '+15%->18.6% Attack to allied players for the summoning duration' (levels 1-100, 3rd-job capped). factorIndex 22, baseDamage 150 tenths%. Mastery Lv.98 'Hex of the Evil Eye - Attack' +50% additionally, real. Lv.82's own '+20 Accuracy to allies' not modeled (no Accuracy mechanic exists).
A14: DARK_RESONANCE | B14: Dark Resonance | C14: 4 | D14: 32 | E14: TRUE | F14: 1 | G14: 1 | H14: 0 | I14: 0 | J14: 100 | K14: 1 | L14: 300 | M14: 21 | N14: TRUE | O14: 0 | P14: 0 | Q14: 0 | R14: 0 | S14: ATTACK | T14: =IF(Inputs!$B$3>=130,20*1.4,20) | W14: 'Unlocks the power of pure darkness to increase Attack by 30%->44.4% for 20s' (levels 1-200). factorIndex 21, baseDamage 300 tenths% (curve rescaled 300/240=1.25x from the pre-patch 8%-at-Lv1 baseline... actually: PATCHED level-1 Attack 30%->still 30% per the patch notes, own cooldown 35->32s — this row models the CURRENT/patched Attack% curve directly since the wiki's own level-1 value (30%) already matched the patch notes' stated Attack% exactly, only cooldown/boss-bonus needed patching). PATCHED: cooldown 35->32s (baked into Cooldown(s)), new '+20% boss monster damage while active' clause added — folded into the Global Monster Damage-Taken Bonus% bucket (boss-only via monster_blend_expr), duty-cycle averaged by this row's own uptime, alongside Evil Eye's own contribution (see Summary sheet). Mastery Lv.130 'Dark Resonance - Persistence' +40% duration (real, BuffDuration becomes 20*1.4=28s once unlocked).
A15: CROSS_OVER_CHAINS | B15: Cross Over Chains | C15: 3 | D15: 30 | E15: TRUE | F15: 1 | G15: 1 | H15: 0 | I15: 0 | J15: 100 | K15: 1 | L15: 150 | M15: 21 | N15: TRUE | O15: =SUMPRODUCT((Inputs!$B$3>={73})*{100}) | P15: 0 | Q15: 0 | R15: 0 | S15: ATTACK | T15: 15 | W15: 'Increases Attack by 15%->18.6% for 15 sec (levels 1-60, own curve). If current HP is 50% or lower, the Attack increase effect disappears and damage taken is decreased by 10%->12% instead' — modeled assuming steady-state HP>50% (Attack% component only; the HP<=50% swap-to-defensive branch not modeled, matches this project's general non-modeling of the character's own damage-taken). factorIndex 21, baseDamage 150 tenths%, 30s cooldown. Mastery Lv.73 'Cross Over Chains - Attack' +100% additionally (real, taken literally as +100 percentage points per this project's established additive-mastery convention).
A16: HYPER_BODY | B16: Hyper Body | C16: 2 | D16: 30 | E16: TRUE | F16: 1 | G16: 1 | H16: 0 | I16: 0 | J16: 100 | K16: 1 | L16: 120 | M16: 21 | N16: TRUE | O16: =SUMPRODUCT((Inputs!$B$3>={49})*{50}) | P16: 0 | Q16: 0 | R16: 0 | S16: ATTACK | T16: 15 | W16: 'Increases Attack by 12%->16.8% for 15 sec (levels 1-100, 2nd-job capped), and the Defense of allied players by 15%->21%' (Defense-of-allies component not modeled — no Defense mechanic exists). factorIndex 21, baseDamage 120 tenths%, 30s cooldown. Mastery Lv.49 'Hyper Body - Persistence' +50% duration (real, applied as a SkillMasteryBonus%-style percentage addition since this schema has no separate duration-mastery mechanism — treated as a documented approximation).
A17: EVIL_EYE | B17: Evil Eye | C17: 2 | D17: 30 | E17: TRUE | F17: 1 | G17: 1 | H17: 0 | I17: 0 | J17: 100 | K17: 1 | L17: 150 | M17: 21 | N17: TRUE | O17: =SUMPRODUCT((Inputs!$B$3>={39})*{10}) | P17: 0 | Q17: 0 | R17: 0 | S17: MONSTER_DMG | T17: 20 | W17: 'Summons Evil Eye. Evil Eye follows you for 20 sec and increases the damage taken by 6 nearby target(s) by 15%->19.2%' (levels 1-100, 2nd-job capped) — drives the Global Monster Damage-Taken Bonus% bucket (Hero's own Scaring-Sword-pioneered mechanism), duty-cycle averaged, no proc-chance gate (always-on while summoned, unlike Scaring Sword's proc). factorIndex 21, baseDamage 150 tenths%, 30s cooldown. Mastery Lv.39 'Evil Eye - Damage Taken' +10 percentage points, real, flat add once unlocked.
A18: LORD_OF_DARKNESS_CRITRATE | B18: Lord of Darkness (Crit Rate half) | C18: 3 | D18: 3 | E18: FALSE | F18: 1 | G18: 1 | H18: 0 | I18: 0 | J18: 30 | K18: 1 | L18: 100 | M18: 22 | N18: TRUE | O18: 0 | P18: 0 | Q18: 0 | R18: 0 | S18: CRIT_RATE | T18: 8 | W18: On-attack proc (30% chance, own internal cooldown) granting +Crit Rate/+Crit Damage for a duration (HP-recovery component not modeled) — split into two rows since this schema's BuffTargetStat column only holds one stat per row (same reason as Hero's own Enrage split). Modeled as ProcChance% x duty-cycle uptime (Scaring-Sword-style simplification), not an exact per-attack RNG state machine. PATCHED: duration 5->8s (baked into BuffDuration(s)), Crit Rate 8%->10% (curve rescaled 10/8=1.25x, giving the 100 stored here vs. the pre-patch curve's own 80), cooldown 2->3s (baked into Cooldown(s)).
A19: LORD_OF_DARKNESS_CRITDMG | B19: Lord of Darkness (Crit Damage half) | C19: 3 | D19: 3 | E19: FALSE | F19: 1 | G19: 1 | H19: 0 | I19: 0 | J19: 30 | K19: 1 | L19: 400 | M19: 22 | N19: TRUE | O19: 0 | P19: 0 | Q19: 0 | R19: 0 | S19: CRIT_DAMAGE | T19: 8 | W19: Crit Damage half of Lord of Darkness — same proc-chance/cooldown/duration as LORD_OF_DARKNESS_CRITRATE. PATCHED: Crit Damage 30%->40% (curve rescaled 40/30=1.3333x, giving the 400 stored here vs. the pre-patch curve's own 300).
A20: NIMBLE_FEET | B20: Nimble Feet | C20: 1 | D20: 60 | E20: TRUE | F20: 1 | G20: 1 | H20: 0 | I20: 0 | J20: 100 | K20: 1 | L20: 150 | M20: 0 | N20: FALSE | O20: 0 | P20: 0 | Q20: 0 | R20: 1 | S20: ATTACK_SPEED | T20: 15 | W20: Shared cross-tree verbatim w/ every class in this project (byte-identical wiki wording — '+15% Attack Speed, +10% Speed for 15 sec'). Flat +15% Attack Speed / +10% Speed for 15s, 60s cooldown, non-scaling. FactorIndex unused placeholder.
A21: WEAPON_ACCELERATION | B21: Weapon Acceleration | C21: 2 | E21: FALSE | F21: 1 | G21: 1 | H21: 0 | I21: 0 | J21: 100 | K21: 1 | L21: 50 | M21: 22 | N21: TRUE | O21: 0 | P21: 0 | Q21: 0 | R21: 0 | S21: ATTACK_SPEED | T21: 0 | W21: Magic Critical pattern — already baked into Inputs!ATTACK_SPEED%; feeds the 2nd-Job Skill Level Bonus delta. Reuses Hero's/Bowmaster's own tuple directly (shared-value-different-key, byte-identical wiki wording — '+5% Attack Speed'). factorIndex 22, baseDamage 50 tenths% (5%->6.5%, levels 1-100).
A22: WEAPON_MASTERY | B22: Weapon Mastery | C22: 2 | E22: FALSE | F22: 1 | G22: 1 | H22: 0 | I22: 0 | J22: 100 | K22: 1 | L22: 150 | M22: 22 | N22: TRUE | O22: 0 | P22: 0 | Q22: 0 | R22: 0 | S22: MIN_DAMAGE | T22: 0 | W22: Magic Critical pattern — already baked into Inputs!MIN_DAMAGE%; feeds the 2nd-Job Skill Level Bonus delta. factorIndex 22, baseDamage 150 tenths% (15%->19.5%, levels 1-100).
A23: BARRICADE_SKILL_DMG | B23: Barricade Mastery (Skill Damage) | C23: 4 | E23: FALSE | F23: 1 | G23: 1 | H23: 0 | I23: 0 | J23: 100 | K23: 1 | L23: 150 | M23: 22 | N23: TRUE | O23: 0 | P23: 0 | Q23: 0 | R23: 0 | S23: SKILL_DAMAGE | T23: 0 | W23: Magic Critical pattern — already baked into Inputs!SKILL_DAMAGE%; feeds the 4th-Job Skill Level Bonus delta (Skill Damage side). Same slot as Hero's own Combat Mastery, just renamed. factorIndex 22, baseDamage 150 tenths% (15%->21.3% at Lv140, own curve).
A24: BARRICADE_MAXDMG | B24: Barricade Mastery (Max Damage Multiplier) | C24: 4 | E24: FALSE | F24: 1 | G24: 1 | H24: 0 | I24: 0 | J24: 100 | K24: 1 | L24: 200 | M24: 22 | N24: TRUE | O24: 0 | P24: 0 | Q24: 0 | R24: 0 | S24: MAX_DAMAGE | T24: 0 | W24: Same skill as Barricade Mastery (Skill Damage) above, +20%->27.8% Max Damage Multiplier (at Lv140, own curve). Magic Critical pattern — already baked into Inputs!MAX_DAMAGE%; feeds the 4th-Job Skill Level Bonus delta (Max Damage Multiplier side). factorIndex 22, baseDamage 200 tenths%.
A25: POWER_STANCE_FD | B25: Power Stance (Final Damage) | C25: 4 | E25: FALSE | F25: 1 | G25: 1 | H25: 0 | I25: 0 | J25: 100 | K25: 1 | L25: 150 | M25: 22 | N25: TRUE | O25: 0 | P25: 0 | Q25: 0 | R25: 0 | S25: FINAL_DAMAGE | T25: 0 | W25: Own damage-taken-reduction component (5%->8%) not modeled (no such mechanic exists). Byte-identical wiki wording to Hero's own Power Stance — reuses that tuple directly. Magic Critical pattern — already baked into Inputs!FINAL_DAMAGE%; feeds the 4th-Job Skill Level Bonus delta. factorIndex 22, baseDamage 150 tenths% (15%->24%, levels 1-200).
A26: FINAL_PACT | B26: Final Pact | C26: 4 | E26: FALSE | F26: 1 | G26: 1 | H26: 0 | I26: 0 | J26: 100 | K26: 1 | L26: 100 | M26: 22 | N26: TRUE | O26: =SUMPRODUCT((Inputs!$B$3>={118})*{100}) | P26: 0 | Q26: 0 | R26: 0 | S26: FINAL_DAMAGE | T26: 0 | W26: 'Increases Final Damage by 10%->13% (levels 1-200, own curve). When HP falls below 1%, the Final Damage increase disappears and you become immune to damage for 2 sec (once per battle, prevents death)' — death-prevention mechanic not modeled. Magic Critical pattern — already baked into Inputs!FINAL_DAMAGE%; feeds the 4th-Job Skill Level Bonus delta (Sensitivity-only, same as every other Magic-Critical-pattern row). factorIndex 22, baseDamage 100 tenths%. Mastery Lv.118 'Final Pact - Recovery' +100% Final Damage boost (real, +100 percentage points, Sensitivity-delta only since the whole row is a passive assumed reflected in Inputs).

Sheet Calc
A1: Key | B1: Name | C1: Unlocked | D1: InputLevel | E1: Factor | F1: CoefficientPercent | G1: EffectiveHits | H1: ProcProbability | I1: MapleHeroMultiplier | J1: BaseDamage | K1: BaseHitDamage | L1: NonCritAvg | M1: CritAvg | N1: ExpectedDamage(perHit) | O1: DPS | P1: % of Total | Q1: InvCooldown | R1: CastsInFight | S1: HitRate(perSec)
A2: =Skills!A2 | B2: =Skills!B2 | C2: =Inputs!$B$3>=100 | F2: =Summary!$B$54+Skills!O2 | G2: =Skills!G2*IF(Skills!H2>0,Skills!I2/Skills!H2,1) | H2: =1-(1-Skills!J2/100)^Skills!K2 | I2: 1 | J2: =Summary!$B$50*(F2/100) | K2: =J2*(1+Summary!$B$51/100)*(1+Inputs!$B$14/100)*(1+IF(Inputs!$B$4="pvp",0,(1-Summary!$B$55)*(Inputs!$B$19+Skills!P2+Summary!$B$59)+Summary!$B$55*(Inputs!$B$20+Skills!Q2+Summary!$B$59))/100)*(1+Inputs!$B$15/100)*(5000/(6000+Inputs!$B$7*(1-Inputs!$B$18/100)))*(1+(Inputs!$B$23+Summary!$B$65)/100)*(1+(IF(Skills!A2="DARK_IMPALE",Inputs!$B$16,Inputs!$B$17))/100)*(Summary!$B$57*I2) | L2: =K2*(MIN(Inputs!$B$21,Inputs!$B$22)/100+Inputs!$B$22/100)/2 | M2: =L2*(1+(Inputs!$B$9+Summary!$B$64)/100) | N2: =L2*(1-MIN((Inputs!$B$8+Summary!$B$58),100)/100)+M2*(MIN((Inputs!$B$8+Summary!$B$58),100)/100) | O2: =IF(C2,Skills!G2*N2*Summary!$B$63*IF(Inputs!$B$4="pvp",1,(1-Summary!$B$55)*(1)+Summary!$B$55*(MIN(Skills!R2,Inputs!$B$37))),0) | P2: =IF(Summary!$B$3=0,0,O2/Summary!$B$3) | Q2: 0 | R2: 0 | S2: =IFERROR(O2/N2,0)
A3: =Skills!A3 | B3: =Skills!B3 | C3: =Inputs!$B$3>=50 | D3: =IF(Skills!C3=1,60+Inputs!$B$24+Inputs!$B$28,IF(Skills!C3=2,90+Inputs!$B$25+Inputs!$B$28,IF(Skills!C3=3,120+Inputs!$B$26+Inputs!$B$28,MAX(0,(Inputs!$B$3-100)*3)+Inputs!$B$27+Inputs!$B$28))) | E3: =INDEX(FactorTable!$B$2:$Y$301, MATCH(ROUND(MIN(300,MAX(1,D3)),0), FactorTable!$A$2:$A$301,0), Skills!M3+1) | F3: =IF(Skills!N3=TRUE,(Skills!L3/10)*(E3/1000),Skills!L3/10)+Skills!O3 | I3: 1
A4: =Skills!A4 | B4: =Skills!B4 | C4: =Inputs!$B$3>=105 | D4: =IF(Skills!C4=1,60+Inputs!$B$24+Inputs!$B$28,IF(Skills!C4=2,90+Inputs!$B$25+Inputs!$B$28,IF(Skills!C4=3,120+Inputs!$B$26+Inputs!$B$28,MAX(0,(Inputs!$B$3-100)*3)+Inputs!$B$27+Inputs!$B$28))) | E4: =INDEX(FactorTable!$B$2:$Y$301, MATCH(ROUND(MIN(300,MAX(1,D4)),0), FactorTable!$A$2:$A$301,0), Skills!M4+1) | F4: =IF(Skills!N4=TRUE,(Skills!L4/10)*(E4/1000),Skills!L4/10)+Skills!O4 | I4: 1
A5: =Skills!A5 | B5: =Skills!B5 | C5: =Inputs!$B$3>=117 | D5: =IF(Skills!C5=1,60+Inputs!$B$24+Inputs!$B$28,IF(Skills!C5=2,90+Inputs!$B$25+Inputs!$B$28,IF(Skills!C5=3,120+Inputs!$B$26+Inputs!$B$28,MAX(0,(Inputs!$B$3-100)*3)+Inputs!$B$27+Inputs!$B$28))) | E5: =INDEX(FactorTable!$B$2:$Y$301, MATCH(ROUND(MIN(300,MAX(1,D5)),0), FactorTable!$A$2:$A$301,0), Skills!M5+1) | F5: =IF(Skills!N5=TRUE,(Skills!L5/10)*(E5/1000),Skills!L5/10)+Skills!O5 | G5: =Skills!G5*IF(Skills!H5>0,Skills!I5/Skills!H5,1) | H5: =1-(1-Skills!J5/100)^Skills!K5 | I5: 1 | J5: =Summary!$B$50*(F5/100) | K5: =J5*(1+Summary!$B$51/100)*(1+Inputs!$B$14/100)*(1+IF(Inputs!$B$4="pvp",0,(1-Summary!$B$55)*(Inputs!$B$19+Skills!P5+Summary!$B$59)+Summary!$B$55*(Inputs!$B$20+Skills!Q5+Summary!$B$59))/100)*(1+Inputs!$B$15/100)*(5000/(6000+Inputs!$B$7*(1-Inputs!$B$18/100)))*(1+(Inputs!$B$23+Summary!$B$65)/100)*(1+(IF(Skills!A5="DARK_IMPALE",Inputs!$B$16,Inputs!$B$17))/100)*(Summary!$B$57*I5) | L5: =K5*(MIN(Inputs!$B$21,Inputs!$B$22)/100+Inputs!$B$22/100)/2 | M5: =L5*(1+(Inputs!$B$9+Summary!$B$64)/100) | N5: =L5*(1-MIN((Inputs!$B$8+Summary!$B$58),100)/100)+M5*(MIN((Inputs!$B$8+Summary!$B$58),100)/100) | O5: =IF(C5,H5*N5*IF(AND(Inputs!$B$4<>"pvp",Inputs!$B$35>0),((Skills!G5*((R5-1)*IF(Skills!H5>0,Skills!I5/Skills!H5,1)+IF(Skills!H5>0,MIN(Skills!I5,MAX(0,Inputs!$B$35-((R5-1)*IF(Inputs!$B$4="pvp",15,MAX(0.1,Skills!D5-IF(Skills!E5=TRUE,Inputs!$B$31,0))))))/Skills!H5,1)))/Inputs!$B$35),G5*Q5)*IF(Inputs!$B$4="pvp",1,(1-Summary!$B$55)*(1)+Summary!$B$55*(MIN(Skills!R5,Inputs!$B$37))),0) | P5: =IF(Summary!$B$3=0,0,O5/Summary!$B$3) | Q5: =IFERROR(1/IF(Inputs!$B$4="pvp",15,MAX(0.1,Skills!D5-IF(Skills!E5=TRUE,Inputs!$B$31,0))),0) | R5: =IF(AND(Inputs!$B$4<>"pvp",Inputs!$B$35>0),(INT(Inputs!$B$35/IF(Inputs!$B$4="pvp",15,MAX(0.1,Skills!D5-IF(Skills!E5=TRUE,Inputs!$B$31,0))))+1),0) | S5: =IFERROR(O5/N5,0)
A6: =Skills!A6 | B6: =Skills!B6 | C6: =Inputs!$B$3>=103 | D6: =IF(Skills!C6=1,60+Inputs!$B$24+Inputs!$B$28,IF(Skills!C6=2,90+Inputs!$B$25+Inputs!$B$28,IF(Skills!C6=3,120+Inputs!$B$26+Inputs!$B$28,MAX(0,(Inputs!$B$3-100)*3)+Inputs!$B$27+Inputs!$B$28))) | E6: =INDEX(FactorTable!$B$2:$Y$301, MATCH(ROUND(MIN(300,MAX(1,D6)),0), FactorTable!$A$2:$A$301,0), Skills!M6+1) | F6: =IF(Skills!N6=TRUE,(Skills!L6/10)*(E6/1000),Skills!L6/10)+Skills!O6 | G6: =Skills!G6*IF(Skills!H6>0,Skills!I6/Skills!H6,1) | H6: =1-(1-Skills!J6/100)^Skills!K6 | I6: 1 | J6: =Summary!$B$50*(F6/100) | K6: =J6*(1+Summary!$B$51/100)*(1+Inputs!$B$14/100)*(1+IF(Inputs!$B$4="pvp",0,(1-Summary!$B$55)*(Inputs!$B$19+Skills!P6+Summary!$B$59)+Summary!$B$55*(Inputs!$B$20+Skills!Q6+Summary!$B$59))/100)*(1+Inputs!$B$15/100)*(5000/(6000+Inputs!$B$7*(1-Inputs!$B$18/100)))*(1+(Inputs!$B$23+Summary!$B$65)/100)*(1+(IF(Skills!A6="DARK_IMPALE",Inputs!$B$16,Inputs!$B$17))/100)*(Summary!$B$57*I6) | L6: =K6*(MIN(Inputs!$B$21,Inputs!$B$22)/100+Inputs!$B$22/100)/2 | M6: =L6*(1+(Inputs!$B$9+Summary!$B$64)/100) | N6: =L6*(1-MIN((Inputs!$B$8+Summary!$B$58),100)/100)+M6*(MIN((Inputs!$B$8+Summary!$B$58),100)/100) | O6: =IF(C6,H6*N6*IF(AND(Inputs!$B$4<>"pvp",Inputs!$B$35>0),((Skills!G6*((R6-1)*IF(Skills!H6>0,Skills!I6/Skills!H6,1)+IF(Skills!H6>0,MIN(Skills!I6,MAX(0,Inputs!$B$35-((R6-1)*IF(Inputs!$B$4="pvp",15,MAX(0.1,Skills!D6-IF(Skills!E6=TRUE,Inputs!$B$31,0))))))/Skills!H6,1)))/Inputs!$B$35),G6*Q6)*IF(Inputs!$B$4="pvp",1,(1-Summary!$B$55)*(1)+Summary!$B$55*(MIN(Skills!R6,Inputs!$B$37))),0) | P6: =IF(Summary!$B$3=0,0,O6/Summary!$B$3) | Q6: =IFERROR(1/IF(Inputs!$B$4="pvp",15,MAX(0.1,Skills!D6-IF(Skills!E6=TRUE,Inputs!$B$31,0))),0) | R6: =IF(AND(Inputs!$B$4<>"pvp",Inputs!$B$35>0),(INT(Inputs!$B$35/IF(Inputs!$B$4="pvp",15,MAX(0.1,Skills!D6-IF(Skills!E6=TRUE,Inputs!$B$31,0))))+1),0) | S6: =IFERROR(O6/N6,0)
A7: =Skills!A7 | B7: =Skills!B7 | C7: =Inputs!$B$3>=40 | D7: =IF(Skills!C7=1,60+Inputs!$B$24+Inputs!$B$28,IF(Skills!C7=2,90+Inputs!$B$25+Inputs!$B$28,IF(Skills!C7=3,120+Inputs!$B$26+Inputs!$B$28,MAX(0,(Inputs!$B$3-100)*3)+Inputs!$B$27+Inputs!$B$28))) | E7: =INDEX(FactorTable!$B$2:$Y$301, MATCH(ROUND(MIN(300,MAX(1,D7)),0), FactorTable!$A$2:$A$301,0), Skills!M7+1) | F7: =IF(Skills!N7=TRUE,(Skills!L7/10)*(E7/1000),Skills!L7/10)+Skills!O7 | G7: =Skills!G7*IF(Skills!H7>0,Skills!I7/Skills!H7,1) | H7: =1-(1-Skills!J7/100)^Skills!K7 | I7: 1 | J7: =Summary!$B$50*(F7/100) | K7: =J7*(1+Summary!$B$51/100)*(1+Inputs!$B$14/100)*(1+IF(Inputs!$B$4="pvp",0,(1-Summary!$B$55)*(Inputs!$B$19+Skills!P7+Summary!$B$59)+Summary!$B$55*(Inputs!$B$20+Skills!Q7+Summary!$B$59))/100)*(1+Inputs!$B$15/100)*(5000/(6000+Inputs!$B$7*(1-Inputs!$B$18/100)))*(1+(Inputs!$B$23+Summary!$B$65)/100)*(1+0.75*IF(C11=TRUE,F11,0)/100)*(1+(IF(Skills!A7="DARK_IMPALE",Inputs!$B$16,Inputs!$B$17))/100)*(Summary!$B$57*I7) | L7: =K7*(MIN(Inputs!$B$21,Inputs!$B$22)/100+Inputs!$B$22/100)/2 | M7: =L7*(1+(Inputs!$B$9+Summary!$B$64)/100) | N7: =L7*(1-MIN((Inputs!$B$8+Summary!$B$58),100)/100)+M7*(MIN((Inputs!$B$8+Summary!$B$58),100)/100) | O7: =IF(C7,H7*N7*IF(AND(Inputs!$B$4<>"pvp",Inputs!$B$35>0),((Skills!G7*((R7-1)*IF(Skills!H7>0,Skills!I7/Skills!H7,1)+IF(Skills!H7>0,MIN(Skills!I7,MAX(0,Inputs!$B$35-((R7-1)*IF(Inputs!$B$4="pvp",15,MAX(0.1,Skills!D7-IF(Skills!E7=TRUE,Inputs!$B$31,0))))))/Skills!H7,1)))/Inputs!$B$35),G7*Q7)*IF(Inputs!$B$4="pvp",1,(1-Summary!$B$55)*(1)+Summary!$B$55*(MIN(Skills!R7,Inputs!$B$37))),0) | P7: =IF(Summary!$B$3=0,0,O7/Summary!$B$3) | Q7: =IFERROR(1/IF(Inputs!$B$4="pvp",15,MAX(0.1,Skills!D7-IF(Skills!E7=TRUE,Inputs!$B$31,0))),0) | R7: =IF(AND(Inputs!$B$4<>"pvp",Inputs!$B$35>0),(INT(Inputs!$B$35/IF(Inputs!$B$4="pvp",15,MAX(0.1,Skills!D7-IF(Skills!E7=TRUE,Inputs!$B$31,0))))+1),0) | S7: =IFERROR(O7/N7,0)
A8: =Skills!A8 | B8: =Skills!B8 | C8: =Inputs!$B$3>=75 | D8: =IF(Skills!C8=1,60+Inputs!$B$24+Inputs!$B$28,IF(Skills!C8=2,90+Inputs!$B$25+Inputs!$B$28,IF(Skills!C8=3,120+Inputs!$B$26+Inputs!$B$28,MAX(0,(Inputs!$B$3-100)*3)+Inputs!$B$27+Inputs!$B$28))) | E8: =INDEX(FactorTable!$B$2:$Y$301, MATCH(ROUND(MIN(300,MAX(1,D8)),0), FactorTable!$A$2:$A$301,0), Skills!M8+1) | F8: =IF(Skills!N8=TRUE,(Skills!L8/10)*(E8/1000),Skills!L8/10)+Skills!O8 | I8: 1
A9: =Skills!A9 | B9: =Skills!B9 | C9: =Inputs!$B$3>=60 | D9: =IF(Skills!C9=1,60+Inputs!$B$24+Inputs!$B$28,IF(Skills!C9=2,90+Inputs!$B$25+Inputs!$B$28,IF(Skills!C9=3,120+Inputs!$B$26+Inputs!$B$28,MAX(0,(Inputs!$B$3-100)*3)+Inputs!$B$27+Inputs!$B$28))) | E9: =INDEX(FactorTable!$B$2:$Y$301, MATCH(ROUND(MIN(300,MAX(1,D9)),0), FactorTable!$A$2:$A$301,0), Skills!M9+1) | F9: =IF(Skills!N9=TRUE,(Skills!L9/10)*(E9/1000),Skills!L9/10)+Skills!O9 | G9: =Skills!G9*IF(Skills!H9>0,Skills!I9/Skills!H9,1) | H9: =1-(1-Skills!J9/100)^Skills!K9 | I9: 1 | J9: =Summary!$B$50*(F9/100) | K9: =J9*(1+Summary!$B$51/100)*(1+Inputs!$B$14/100)*(1+IF(Inputs!$B$4="pvp",0,(1-Summary!$B$55)*(Inputs!$B$19+Skills!P9+Summary!$B$59)+Summary!$B$55*(Inputs!$B$20+Skills!Q9+Summary!$B$59))/100)*(1+Inputs!$B$15/100)*(5000/(6000+Inputs!$B$7*(1-Inputs!$B$18/100)))*(1+(Inputs!$B$23+Summary!$B$65)/100)*(1+1.0*IF(C11=TRUE,F11,0)/100)*(1+(IF(Skills!A9="DARK_IMPALE",Inputs!$B$16,Inputs!$B$17))/100)*(Summary!$B$57*I9) | L9: =K9*(MIN(Inputs!$B$21,Inputs!$B$22)/100+Inputs!$B$22/100)/2 | M9: =L9*(1+(Inputs!$B$9+Summary!$B$64)/100) | N9: =L9*(1-MIN((Inputs!$B$8+Summary!$B$58),100)/100)+M9*(MIN((Inputs!$B$8+Summary!$B$58),100)/100) | O9: =IF(C9,H9*N9*IF(AND(Inputs!$B$4<>"pvp",Inputs!$B$35>0),((Skills!G9*((R9-1)*IF(Skills!H9>0,Skills!I9/Skills!H9,1)+IF(Skills!H9>0,MIN(Skills!I9,MAX(0,Inputs!$B$35-((R9-1)*IF(Inputs!$B$4="pvp",15,MAX(0.1,Skills!D9-IF(Skills!E9=TRUE,Inputs!$B$31,0))))))/Skills!H9,1)))/Inputs!$B$35),G9*Q9)*IF(Inputs!$B$4="pvp",1,(1-Summary!$B$55)*(1)+Summary!$B$55*(MIN(Skills!R9,Inputs!$B$37))),0) | P9: =IF(Summary!$B$3=0,0,O9/Summary!$B$3) | Q9: =IFERROR(1/IF(Inputs!$B$4="pvp",15,MAX(0.1,Skills!D9-IF(Skills!E9=TRUE,Inputs!$B$31,0))),0) | R9: =IF(AND(Inputs!$B$4<>"pvp",Inputs!$B$35>0),(INT(Inputs!$B$35/IF(Inputs!$B$4="pvp",15,MAX(0.1,Skills!D9-IF(Skills!E9=TRUE,Inputs!$B$31,0))))+1),0) | S9: =IFERROR(O9/N9,0)
A10: =Skills!A10 | B10: =Skills!B10 | C10: =Inputs!$B$3>=110 | D10: =IF(Skills!C10=1,60+Inputs!$B$24+Inputs!$B$28,IF(Skills!C10=2,90+Inputs!$B$25+Inputs!$B$28,IF(Skills!C10=3,120+Inputs!$B$26+Inputs!$B$28,MAX(0,(Inputs!$B$3-100)*3)+Inputs!$B$27+Inputs!$B$28))) | E10: =INDEX(FactorTable!$B$2:$Y$301, MATCH(ROUND(MIN(300,MAX(1,D10)),0), FactorTable!$A$2:$A$301,0), Skills!M10+1) | F10: =IF(Skills!N10=TRUE,(Skills!L10/10)*(E10/1000),Skills!L10/10)+Skills!O10 | G10: =Skills!G10*IF(Skills!H10>0,Skills!I10/Skills!H10,1) | H10: =1-(1-Skills!J10/100)^Skills!K10 | I10: 1 | J10: =Summary!$B$50*(F10/100) | K10: =J10*(1+Summary!$B$51/100)*(1+Inputs!$B$14/100)*(1+IF(Inputs!$B$4="pvp",0,(1-Summary!$B$55)*(Inputs!$B$19+Skills!P10+Summary!$B$59)+Summary!$B$55*(Inputs!$B$20+Skills!Q10+Summary!$B$59))/100)*(1+Inputs!$B$15/100)*(5000/(6000+Inputs!$B$7*(1-Inputs!$B$18/100)))*(1+(Inputs!$B$23+Summary!$B$65)/100)*(1+(IF(Skills!A10="DARK_IMPALE",Inputs!$B$16,Inputs!$B$17))/100)*(Summary!$B$57*I10) | L10: =K10*(MIN(Inputs!$B$21,Inputs!$B$22)/100+Inputs!$B$22/100)/2 | M10: =L10*(1+(Inputs!$B$9+Summary!$B$64)/100) | N10: =L10*(1-MIN((Inputs!$B$8+Summary!$B$58),100)/100)+M10*(MIN((Inputs!$B$8+Summary!$B$58),100)/100) | O10: =IF(C10,H10*N10*IF(AND(Inputs!$B$4<>"pvp",Inputs!$B$35>0),((Skills!G10*((R10-1)*IF(Skills!H10>0,Skills!I10/Skills!H10,1)+IF(Skills!H10>0,MIN(Skills!I10,MAX(0,Inputs!$B$35-((R10-1)*IF(Inputs!$B$4="pvp",15,MAX(0.1,Skills!D10-IF(Skills!E10=TRUE,Inputs!$B$31,0))))))/Skills!H10,1)))/Inputs!$B$35),G10*Q10)*IF(Inputs!$B$4="pvp",1,(1-Summary!$B$55)*(1)+Summary!$B$55*(MIN(Skills!R10,Inputs!$B$37))),0) | P10: =IF(Summary!$B$3=0,0,O10/Summary!$B$3) | Q10: =IFERROR(1/IF(Inputs!$B$4="pvp",15,MAX(0.1,Skills!D10-IF(Skills!E10=TRUE,Inputs!$B$31,0))),0) | R10: =IF(AND(Inputs!$B$4<>"pvp",Inputs!$B$35>0),(INT(Inputs!$B$35/IF(Inputs!$B$4="pvp",15,MAX(0.1,Skills!D10-IF(Skills!E10=TRUE,Inputs!$B$31,0))))+1),0) | S10: =IFERROR(O10/N10,0)
A11: =Skills!A11 | B11: =Skills!B11 | C11: =Inputs!$B$3>=100 | D11: =IF(Skills!C11=1,60+Inputs!$B$24+Inputs!$B$28,IF(Skills!C11=2,90+Inputs!$B$25+Inputs!$B$28,IF(Skills!C11=3,120+Inputs!$B$26+Inputs!$B$28,MAX(0,(Inputs!$B$3-100)*3)+Inputs!$B$27+Inputs!$B$28))) | E11: =INDEX(FactorTable!$B$2:$Y$301, MATCH(ROUND(MIN(300,MAX(1,D11)),0), FactorTable!$A$2:$A$301,0), Skills!M11+1) | F11: =IF(Skills!N11=TRUE,(Skills!L11/10)*(E11/1000),Skills!L11/10)+Skills!O11 | I11: 1
A12: =Skills!A12 | B12: =Skills!B12 | C12: =Inputs!$B$3>=63 | D12: =IF(Skills!C12=1,60+Inputs!$B$24+Inputs!$B$28,IF(Skills!C12=2,90+Inputs!$B$25+Inputs!$B$28,IF(Skills!C12=3,120+Inputs!$B$26+Inputs!$B$28,MAX(0,(Inputs!$B$3-100)*3)+Inputs!$B$27+Inputs!$B$28))) | E12: =INDEX(FactorTable!$B$2:$Y$301, MATCH(ROUND(MIN(300,MAX(1,D12)),0), FactorTable!$A$2:$A$301,0), Skills!M12+1) | F12: =IF(Skills!N12=TRUE,(Skills!L12/10)*(E12/1000),Skills!L12/10)+Skills!O12 | G12: =Skills!G12*IF(Skills!H12>0,Skills!I12/Skills!H12,1) | H12: =1-(1-Skills!J12/100)^Skills!K12 | I12: 1 | J12: =Summary!$B$50*(F12/100) | K12: =J12*(1+Summary!$B$51/100)*(1+Inputs!$B$14/100)*(1+IF(Inputs!$B$4="pvp",0,(1-Summary!$B$55)*(Inputs!$B$19+Skills!P12+Summary!$B$59)+Summary!$B$55*(Inputs!$B$20+Skills!Q12+Summary!$B$59))/100)*(1+Inputs!$B$15/100)*(5000/(6000+Inputs!$B$7*(1-Inputs!$B$18/100)))*(1+(Inputs!$B$23+Summary!$B$65)/100)*(1+0.75*IF(C11=TRUE,F11,0)/100)*(1+(IF(Skills!A12="DARK_IMPALE",Inputs!$B$16,Inputs!$B$17))/100)*(Summary!$B$57*I12) | L12: =K12*(MIN(Inputs!$B$21,Inputs!$B$22)/100+Inputs!$B$22/100)/2 | M12: =L12*(1+(Inputs!$B$9+Summary!$B$64)/100) | N12: =L12*(1-MIN((Inputs!$B$8+Summary!$B$58),100)/100)+M12*(MIN((Inputs!$B$8+Summary!$B$58),100)/100) | O12: =IF(C12,H12*N12*IF(AND(Inputs!$B$4<>"pvp",Inputs!$B$35>0),((Skills!G12*((R12-1)*IF(Skills!H12>0,Skills!I12/Skills!H12,1)+IF(Skills!H12>0,MIN(Skills!I12,MAX(0,Inputs!$B$35-((R12-1)*IF(Inputs!$B$4="pvp",15,MAX(0.1,Skills!D12-IF(Skills!E12=TRUE,Inputs!$B$31,0))))))/Skills!H12,1)))/Inputs!$B$35),G12*Q12)*IF(Inputs!$B$4="pvp",1,(1-Summary!$B$55)*(1)+Summary!$B$55*(MIN(Skills!R12,Inputs!$B$37))),0) | P12: =IF(Summary!$B$3=0,0,O12/Summary!$B$3) | Q12: =IFERROR(1/IF(Inputs!$B$4="pvp",15,MAX(0.1,Skills!D12-IF(Skills!E12=TRUE,Inputs!$B$31,0))),0) | R12: =IF(AND(Inputs!$B$4<>"pvp",Inputs!$B$35>0),(INT(Inputs!$B$35/IF(Inputs!$B$4="pvp",15,MAX(0.1,Skills!D12-IF(Skills!E12=TRUE,Inputs!$B$31,0))))+1),0) | S12: =IFERROR(O12/N12,0)
A13: =Skills!A13 | B13: =Skills!B13 | C13: =Inputs!$B$3>=69 | D13: =IF(Skills!C13=1,60+Inputs!$B$24+Inputs!$B$28,IF(Skills!C13=2,90+Inputs!$B$25+Inputs!$B$28,IF(Skills!C13=3,120+Inputs!$B$26+Inputs!$B$28,MAX(0,(Inputs!$B$3-100)*3)+Inputs!$B$27+Inputs!$B$28))) | E13: =INDEX(FactorTable!$B$2:$Y$301, MATCH(ROUND(MIN(300,MAX(1,D13)),0), FactorTable!$A$2:$A$301,0), Skills!M13+1) | F13: =IF(Skills!N13=TRUE,(Skills!L13/10)*(E13/1000),Skills!L13/10)+Skills!O13 | G13: =Skills!G13*IF(Skills!H13>0,Skills!I13/Skills!H13,1) | H13: =1-(1-Skills!J13/100)^Skills!K13 | I13: 1 | O13: 0 | P13: =IF(Summary!$B$3=0,0,O13/Summary!$B$3) | Q13: =IFERROR(1/IF(Inputs!$B$4="pvp",15,MAX(0.1,Skills!D13-IF(Skills!E13=TRUE,Inputs!$B$31,0))),0) | R13: =IF(AND(Inputs!$B$4<>"pvp",Inputs!$B$35>0),(INT(Inputs!$B$35/IF(Inputs!$B$4="pvp",15,MAX(0.1,Skills!D13-IF(Skills!E13=TRUE,Inputs!$B$31,0))))+1),0) | S13: =IFERROR(O13/N13,0)
A14: =Skills!A14 | B14: =Skills!B14 | C14: =Inputs!$B$3>=115 | D14: =IF(Skills!C14=1,60+Inputs!$B$24+Inputs!$B$28,IF(Skills!C14=2,90+Inputs!$B$25+Inputs!$B$28,IF(Skills!C14=3,120+Inputs!$B$26+Inputs!$B$28,MAX(0,(Inputs!$B$3-100)*3)+Inputs!$B$27+Inputs!$B$28))) | E14: =INDEX(FactorTable!$B$2:$Y$301, MATCH(ROUND(MIN(300,MAX(1,D14)),0), FactorTable!$A$2:$A$301,0), Skills!M14+1) | F14: =IF(Skills!N14=TRUE,(Skills!L14/10)*(E14/1000),Skills!L14/10)+Skills!O14 | G14: =Skills!G14*IF(Skills!H14>0,Skills!I14/Skills!H14,1) | H14: =1-(1-Skills!J14/100)^Skills!K14 | I14: 1 | O14: 0 | P14: =IF(Summary!$B$3=0,0,O14/Summary!$B$3) | Q14: =IFERROR(1/IF(Inputs!$B$4="pvp",15,MAX(0.1,Skills!D14-IF(Skills!E14=TRUE,Inputs!$B$31,0))),0) | R14: =IF(AND(Inputs!$B$4<>"pvp",Inputs!$B$35>0),(INT(Inputs!$B$35/IF(Inputs!$B$4="pvp",15,MAX(0.1,Skills!D14-IF(Skills!E14=TRUE,Inputs!$B$31,0))))+1),0) | S14: =IFERROR(O14/N14,0)
A15: =Skills!A15 | B15: =Skills!B15 | C15: =Inputs!$B$3>=66 | D15: =IF(Skills!C15=1,60+Inputs!$B$24+Inputs!$B$28,IF(Skills!C15=2,90+Inputs!$B$25+Inputs!$B$28,IF(Skills!C15=3,120+Inputs!$B$26+Inputs!$B$28,MAX(0,(Inputs!$B$3-100)*3)+Inputs!$B$27+Inputs!$B$28))) | E15: =INDEX(FactorTable!$B$2:$Y$301, MATCH(ROUND(MIN(300,MAX(1,D15)),0), FactorTable!$A$2:$A$301,0), Skills!M15+1) | F15: =IF(Skills!N15=TRUE,(Skills!L15/10)*(E15/1000),Skills!L15/10)+Skills!O15 | G15: =Skills!G15*IF(Skills!H15>0,Skills!I15/Skills!H15,1) | H15: =1-(1-Skills!J15/100)^Skills!K15 | I15: 1 | O15: 0 | P15: =IF(Summary!$B$3=0,0,O15/Summary!$B$3) | Q15: =IFERROR(1/IF(Inputs!$B$4="pvp",15,MAX(0.1,Skills!D15-IF(Skills!E15=TRUE,Inputs!$B$31,0))),0) | R15: =IF(AND(Inputs!$B$4<>"pvp",Inputs!$B$35>0),(INT(Inputs!$B$35/IF(Inputs!$B$4="pvp",15,MAX(0.1,Skills!D15-IF(Skills!E15=TRUE,Inputs!$B$31,0))))+1),0) | S15: =IFERROR(O15/N15,0)
A16: =Skills!A16 | B16: =Skills!B16 | C16: =Inputs!$B$3>=45 | D16: =IF(Skills!C16=1,60+Inputs!$B$24+Inputs!$B$28,IF(Skills!C16=2,90+Inputs!$B$25+Inputs!$B$28,IF(Skills!C16=3,120+Inputs!$B$26+Inputs!$B$28,MAX(0,(Inputs!$B$3-100)*3)+Inputs!$B$27+Inputs!$B$28))) | E16: =INDEX(FactorTable!$B$2:$Y$301, MATCH(ROUND(MIN(300,MAX(1,D16)),0), FactorTable!$A$2:$A$301,0), Skills!M16+1) | F16: =IF(Skills!N16=TRUE,(Skills!L16/10)*(E16/1000),Skills!L16/10)+Skills!O16 | G16: =Skills!G16*IF(Skills!H16>0,Skills!I16/Skills!H16,1) | H16: =1-(1-Skills!J16/100)^Skills!K16 | I16: 1 | O16: 0 | P16: =IF(Summary!$B$3=0,0,O16/Summary!$B$3) | Q16: =IFERROR(1/IF(Inputs!$B$4="pvp",15,MAX(0.1,Skills!D16-IF(Skills!E16=TRUE,Inputs!$B$31,0))),0) | R16: =IF(AND(Inputs!$B$4<>"pvp",Inputs!$B$35>0),(INT(Inputs!$B$35/IF(Inputs!$B$4="pvp",15,MAX(0.1,Skills!D16-IF(Skills!E16=TRUE,Inputs!$B$31,0))))+1),0) | S16: =IFERROR(O16/N16,0)
A17: =Skills!A17 | B17: =Skills!B17 | C17: =Inputs!$B$3>=35 | D17: =IF(Skills!C17=1,60+Inputs!$B$24+Inputs!$B$28,IF(Skills!C17=2,90+Inputs!$B$25+Inputs!$B$28,IF(Skills!C17=3,120+Inputs!$B$26+Inputs!$B$28,MAX(0,(Inputs!$B$3-100)*3)+Inputs!$B$27+Inputs!$B$28))) | E17: =INDEX(FactorTable!$B$2:$Y$301, MATCH(ROUND(MIN(300,MAX(1,D17)),0), FactorTable!$A$2:$A$301,0), Skills!M17+1) | F17: =IF(Skills!N17=TRUE,(Skills!L17/10)*(E17/1000),Skills!L17/10)+Skills!O17 | G17: =Skills!G17*IF(Skills!H17>0,Skills!I17/Skills!H17,1) | H17: =1-(1-Skills!J17/100)^Skills!K17 | I17: 1 | O17: 0 | P17: =IF(Summary!$B$3=0,0,O17/Summary!$B$3) | Q17: =IFERROR(1/IF(Inputs!$B$4="pvp",15,MAX(0.1,Skills!D17-IF(Skills!E17=TRUE,Inputs!$B$31,0))),0) | R17: =IF(AND(Inputs!$B$4<>"pvp",Inputs!$B$35>0),(INT(Inputs!$B$35/IF(Inputs!$B$4="pvp",15,MAX(0.1,Skills!D17-IF(Skills!E17=TRUE,Inputs!$B$31,0))))+1),0) | S17: =IFERROR(O17/N17,0)
A18: =Skills!A18 | B18: =Skills!B18 | C18: =Inputs!$B$3>=72 | D18: =IF(Skills!C18=1,60+Inputs!$B$24+Inputs!$B$28,IF(Skills!C18=2,90+Inputs!$B$25+Inputs!$B$28,IF(Skills!C18=3,120+Inputs!$B$26+Inputs!$B$28,MAX(0,(Inputs!$B$3-100)*3)+Inputs!$B$27+Inputs!$B$28))) | E18: =INDEX(FactorTable!$B$2:$Y$301, MATCH(ROUND(MIN(300,MAX(1,D18)),0), FactorTable!$A$2:$A$301,0), Skills!M18+1) | F18: =IF(Skills!N18=TRUE,(Skills!L18/10)*(E18/1000),Skills!L18/10)+Skills!O18 | G18: =Skills!G18*IF(Skills!H18>0,Skills!I18/Skills!H18,1) | H18: =1-(1-Skills!J18/100)^Skills!K18 | I18: 1 | O18: 0 | P18: =IF(Summary!$B$3=0,0,O18/Summary!$B$3) | Q18: =IFERROR(1/IF(Inputs!$B$4="pvp",15,MAX(0.1,Skills!D18-IF(Skills!E18=TRUE,Inputs!$B$31,0))),0) | R18: =IF(AND(Inputs!$B$4<>"pvp",Inputs!$B$35>0),(INT(Inputs!$B$35/IF(Inputs!$B$4="pvp",15,MAX(0.1,Skills!D18-IF(Skills!E18=TRUE,Inputs!$B$31,0))))+1),0) | S18: =IFERROR(O18/N18,0)
A19: =Skills!A19 | B19: =Skills!B19 | C19: =Inputs!$B$3>=72 | D19: =IF(Skills!C19=1,60+Inputs!$B$24+Inputs!$B$28,IF(Skills!C19=2,90+Inputs!$B$25+Inputs!$B$28,IF(Skills!C19=3,120+Inputs!$B$26+Inputs!$B$28,MAX(0,(Inputs!$B$3-100)*3)+Inputs!$B$27+Inputs!$B$28))) | E19: =INDEX(FactorTable!$B$2:$Y$301, MATCH(ROUND(MIN(300,MAX(1,D19)),0), FactorTable!$A$2:$A$301,0), Skills!M19+1) | F19: =IF(Skills!N19=TRUE,(Skills!L19/10)*(E19/1000),Skills!L19/10)+Skills!O19 | G19: =Skills!G19*IF(Skills!H19>0,Skills!I19/Skills!H19,1) | H19: =1-(1-Skills!J19/100)^Skills!K19 | I19: 1 | O19: 0 | P19: =IF(Summary!$B$3=0,0,O19/Summary!$B$3) | Q19: =IFERROR(1/IF(Inputs!$B$4="pvp",15,MAX(0.1,Skills!D19-IF(Skills!E19=TRUE,Inputs!$B$31,0))),0) | R19: =IF(AND(Inputs!$B$4<>"pvp",Inputs!$B$35>0),(INT(Inputs!$B$35/IF(Inputs!$B$4="pvp",15,MAX(0.1,Skills!D19-IF(Skills!E19=TRUE,Inputs!$B$31,0))))+1),0) | S19: =IFERROR(O19/N19,0)
A20: =Skills!A20 | B20: =Skills!B20 | C20: =TRUE | D20: =IF(Skills!C20=1,60+Inputs!$B$24+Inputs!$B$28,IF(Skills!C20=2,90+Inputs!$B$25+Inputs!$B$28,IF(Skills!C20=3,120+Inputs!$B$26+Inputs!$B$28,MAX(0,(Inputs!$B$3-100)*3)+Inputs!$B$27+Inputs!$B$28))) | E20: =INDEX(FactorTable!$B$2:$Y$301, MATCH(ROUND(MIN(300,MAX(1,D20)),0), FactorTable!$A$2:$A$301,0), Skills!M20+1) | F20: =IF(Skills!N20=TRUE,(Skills!L20/10)*(E20/1000),Skills!L20/10)+Skills!O20 | G20: =Skills!G20*IF(Skills!H20>0,Skills!I20/Skills!H20,1) | H20: =1-(1-Skills!J20/100)^Skills!K20 | I20: 1 | O20: 0 | P20: =IF(Summary!$B$3=0,0,O20/Summary!$B$3) | Q20: =IFERROR(1/IF(Inputs!$B$4="pvp",15,MAX(0.1,Skills!D20-IF(Skills!E20=TRUE,Inputs!$B$31,0))),0) | R20: =IF(AND(Inputs!$B$4<>"pvp",Inputs!$B$35>0),(INT(Inputs!$B$35/IF(Inputs!$B$4="pvp",15,MAX(0.1,Skills!D20-IF(Skills!E20=TRUE,Inputs!$B$31,0))))+1),0) | S20: =IFERROR(O20/N20,0)
A21: =Skills!A21 | B21: =Skills!B21 | C21: =Inputs!$B$3>=33 | D21: =IF(Skills!C21=1,60+Inputs!$B$24+Inputs!$B$28,IF(Skills!C21=2,90+Inputs!$B$25+Inputs!$B$28,IF(Skills!C21=3,120+Inputs!$B$26+Inputs!$B$28,MAX(0,(Inputs!$B$3-100)*3)+Inputs!$B$27+Inputs!$B$28))) | E21: =INDEX(FactorTable!$B$2:$Y$301, MATCH(ROUND(MIN(300,MAX(1,D21)),0), FactorTable!$A$2:$A$301,0), Skills!M21+1) | F21: =IF(Skills!N21=TRUE,(Skills!L21/10)*(E21/1000),Skills!L21/10)+Skills!O21 | G21: =Skills!G21*IF(Skills!H21>0,Skills!I21/Skills!H21,1) | H21: =1-(1-Skills!J21/100)^Skills!K21 | I21: 1 | O21: 0 | P21: =IF(Summary!$B$3=0,0,O21/Summary!$B$3) | Q21: 0 | R21: 0 | S21: =IFERROR(O21/N21,0)
A22: =Skills!A22 | B22: =Skills!B22 | C22: =Inputs!$B$3>=43 | D22: =IF(Skills!C22=1,60+Inputs!$B$24+Inputs!$B$28,IF(Skills!C22=2,90+Inputs!$B$25+Inputs!$B$28,IF(Skills!C22=3,120+Inputs!$B$26+Inputs!$B$28,MAX(0,(Inputs!$B$3-100)*3)+Inputs!$B$27+Inputs!$B$28))) | E22: =INDEX(FactorTable!$B$2:$Y$301, MATCH(ROUND(MIN(300,MAX(1,D22)),0), FactorTable!$A$2:$A$301,0), Skills!M22+1) | F22: =IF(Skills!N22=TRUE,(Skills!L22/10)*(E22/1000),Skills!L22/10)+Skills!O22 | G22: =Skills!G22*IF(Skills!H22>0,Skills!I22/Skills!H22,1) | H22: =1-(1-Skills!J22/100)^Skills!K22 | I22: 1 | O22: 0 | P22: =IF(Summary!$B$3=0,0,O22/Summary!$B$3) | Q22: 0 | R22: 0 | S22: =IFERROR(O22/N22,0)
A23: =Skills!A23 | B23: =Skills!B23 | C23: =Inputs!$B$3>=120 | D23: =IF(Skills!C23=1,60+Inputs!$B$24+Inputs!$B$28,IF(Skills!C23=2,90+Inputs!$B$25+Inputs!$B$28,IF(Skills!C23=3,120+Inputs!$B$26+Inputs!$B$28,MAX(0,(Inputs!$B$3-100)*3)+Inputs!$B$27+Inputs!$B$28))) | E23: =INDEX(FactorTable!$B$2:$Y$301, MATCH(ROUND(MIN(300,MAX(1,D23)),0), FactorTable!$A$2:$A$301,0), Skills!M23+1) | F23: =IF(Skills!N23=TRUE,(Skills!L23/10)*(E23/1000),Skills!L23/10)+Skills!O23 | G23: =Skills!G23*IF(Skills!H23>0,Skills!I23/Skills!H23,1) | H23: =1-(1-Skills!J23/100)^Skills!K23 | I23: 1 | O23: 0 | P23: =IF(Summary!$B$3=0,0,O23/Summary!$B$3) | Q23: 0 | R23: 0 | S23: =IFERROR(O23/N23,0)
A24: =Skills!A24 | B24: =Skills!B24 | C24: =Inputs!$B$3>=120 | D24: =IF(Skills!C24=1,60+Inputs!$B$24+Inputs!$B$28,IF(Skills!C24=2,90+Inputs!$B$25+Inputs!$B$28,IF(Skills!C24=3,120+Inputs!$B$26+Inputs!$B$28,MAX(0,(Inputs!$B$3-100)*3)+Inputs!$B$27+Inputs!$B$28))) | E24: =INDEX(FactorTable!$B$2:$Y$301, MATCH(ROUND(MIN(300,MAX(1,D24)),0), FactorTable!$A$2:$A$301,0), Skills!M24+1) | F24: =IF(Skills!N24=TRUE,(Skills!L24/10)*(E24/1000),Skills!L24/10)+Skills!O24 | G24: =Skills!G24*IF(Skills!H24>0,Skills!I24/Skills!H24,1) | H24: =1-(1-Skills!J24/100)^Skills!K24 | I24: 1 | O24: 0 | P24: =IF(Summary!$B$3=0,0,O24/Summary!$B$3) | Q24: 0 | R24: 0 | S24: =IFERROR(O24/N24,0)
A25: =Skills!A25 | B25: =Skills!B25 | C25: =Inputs!$B$3>=125 | D25: =IF(Skills!C25=1,60+Inputs!$B$24+Inputs!$B$28,IF(Skills!C25=2,90+Inputs!$B$25+Inputs!$B$28,IF(Skills!C25=3,120+Inputs!$B$26+Inputs!$B$28,MAX(0,(Inputs!$B$3-100)*3)+Inputs!$B$27+Inputs!$B$28))) | E25: =INDEX(FactorTable!$B$2:$Y$301, MATCH(ROUND(MIN(300,MAX(1,D25)),0), FactorTable!$A$2:$A$301,0), Skills!M25+1) | F25: =IF(Skills!N25=TRUE,(Skills!L25/10)*(E25/1000),Skills!L25/10)+Skills!O25 | G25: =Skills!G25*IF(Skills!H25>0,Skills!I25/Skills!H25,1) | H25: =1-(1-Skills!J25/100)^Skills!K25 | I25: 1 | O25: 0 | P25: =IF(Summary!$B$3=0,0,O25/Summary!$B$3) | Q25: 0 | R25: 0 | S25: =IFERROR(O25/N25,0)
A26: =Skills!A26 | B26: =Skills!B26 | C26: =Inputs!$B$3>=107 | D26: =IF(Skills!C26=1,60+Inputs!$B$24+Inputs!$B$28,IF(Skills!C26=2,90+Inputs!$B$25+Inputs!$B$28,IF(Skills!C26=3,120+Inputs!$B$26+Inputs!$B$28,MAX(0,(Inputs!$B$3-100)*3)+Inputs!$B$27+Inputs!$B$28))) | E26: =INDEX(FactorTable!$B$2:$Y$301, MATCH(ROUND(MIN(300,MAX(1,D26)),0), FactorTable!$A$2:$A$301,0), Skills!M26+1) | F26: =IF(Skills!N26=TRUE,(Skills!L26/10)*(E26/1000),Skills!L26/10)+Skills!O26 | G26: =Skills!G26*IF(Skills!H26>0,Skills!I26/Skills!H26,1) | H26: =1-(1-Skills!J26/100)^Skills!K26 | I26: 1 | O26: 0 | P26: =IF(Summary!$B$3=0,0,O26/Summary!$B$3) | Q26: 0 | R26: 0 | S26: =IFERROR(O26/N26,0)

Sheet Summary
A1: Dark Knight — DPS Summary
A3: TOTAL DPS | B3: =SUM(Calc!O2:O26)
A5: Per-Skill DPS Breakdown
A6: Skill | B6: DPS | C6: % of Total
A7: =Calc!B2 | B7: =Calc!O2 | C7: =Calc!P2*100
A8: =Calc!B5 | B8: =Calc!O5 | C8: =Calc!P5*100
A9: =Calc!B6 | B9: =Calc!O6 | C9: =Calc!P6*100
A10: =Calc!B7 | B10: =Calc!O7 | C10: =Calc!P7*100
A11: =Calc!B9 | B11: =Calc!O9 | C11: =Calc!P9*100
A12: =Calc!B10 | B12: =Calc!O10 | C12: =Calc!P10*100
A13: =Calc!B12 | B13: =Calc!O12 | C13: =Calc!P12*100
A14: Marginal DPS & Stat Value (see Sensitivity for full detail)
A16: Stat | B16: DPS per +1 | C16: Units per +1% DPS
A17: =Sensitivity!A5 | B17: =Sensitivity!H5 | C17: =Sensitivity!B5
A18: =Sensitivity!A6 | B18: =Sensitivity!H6 | C18: =Sensitivity!B6
A19: =Sensitivity!A7 | B19: =Sensitivity!H7 | C19: =Sensitivity!B7
A20: =Sensitivity!A8 | B20: =Sensitivity!H8 | C20: =Sensitivity!B8
A21: =Sensitivity!A9 | B21: =Sensitivity!H9 | C21: =Sensitivity!B9
A22: =Sensitivity!A10 | B22: =Sensitivity!H10 | C22: =Sensitivity!B10
A23: =Sensitivity!A11 | B23: =Sensitivity!H11 | C23: =Sensitivity!B11
A24: =Sensitivity!A12 | B24: =Sensitivity!H12 | C24: =Sensitivity!B12
A25: =Sensitivity!A13 | B25: =Sensitivity!H13 | C25: =Sensitivity!B13
A26: =Sensitivity!A14 | B26: =Sensitivity!H14 | C26: =Sensitivity!B14
A27: =Sensitivity!A15 | B27: =Sensitivity!H15 | C27: =Sensitivity!B15
A28: =Sensitivity!A16 | B28: =Sensitivity!H16 | C28: =Sensitivity!B16
... A42: =Sensitivity!A30 | B42: =Sensitivity!H30 | C42: =Sensitivity!B30
A49: Derived Values (read-only, computed from Inputs)
A50: ATTACK (= Flat ATTACK x (1+ATTACK%/100)) | B50: =Inputs!$B$5*(1+Inputs!$B$6/100)
A51: STAT_DAMAGE % (= 1% of total STR + 0.25% of DEX) | B51: =(Inputs!$B$11*(1+Inputs!$B$12/100))*0.01+Inputs!$B$13*0.0025
A52: Basic Attack (Dark Impale) Input Level (4th job formula) | B52: =MAX(0,(Inputs!$B$3-100)*3)+Inputs!$B$27+Inputs!$B$28
A53: Basic Attack Factor (factorIndex 21, universal 4th-job basic attack) | B53: =INDEX(FactorTable!$B$2:$Y$301, MATCH(ROUND(MIN(300,MAX(1,Summary!$B$52)),0), FactorTable!$A$2:$A$301,0), 22)
A54: SKILL_COEFFICIENT — Dark Impale base coefficient % (before bonuses) | B54: =290*Summary!$B$53/1000
A55: Normal-Monster Weight (= 0 for boss, 1 for normal, Breakthrough Normal Weight % for breakthrough, 0 for pvp) | B55: =IF(Inputs!$B$4="normal",1,IF(Inputs!$B$4="breakthrough",Inputs!$B$36/100,0))
A57: Attack%% Bucket Multiplier (Hex of the Evil Eye + Dark Resonance + Cross Over Chains + Hyper Body, summed additively) | B57: =1+(((Calc!C13=TRUE)*Calc!F13*IF(AND(Inputs!$B$4<>"pvp",Inputs!$B$35>0),(((Calc!R13-1)*(Skills!T13*(1+Inputs!$B$33/100))+MIN((Skills!T13*(1+Inputs!$B$33/100)),MAX(0,Inputs!$B$35-((Calc!R13-1)*Skills!D13))))/Inputs!$B$35),IF(Inputs!$B$4="pvp",MIN((Skills!T13*(1+Inputs!$B$33/100)),15)/15,(Skills!T13*(1+Inputs!$B$33/100))/Skills!D13)))+((Calc!C14=TRUE)*Calc!F14*IF(AND(Inputs!$B$4<>"pvp",Inputs!$B$35>0),(((Calc!R14-1)*(Skills!T14*(1+Inputs!$B$33/100))+MIN((Skills!T14*(1+Inputs!$B$33/100)),MAX(0,Inputs!$B$35-((Calc!R14-1)*Skills!D14))))/Inputs!$B$35),IF(Inputs!$B$4="pvp",MIN((Skills!T14*(1+Inputs!$B$33/100)),15)/15,(Skills!T14*(1+Inputs!$B$33/100))/Skills!D14)))+((Calc!C15=TRUE)*Calc!F15*IF(AND(Inputs!$B$4<>"pvp",Inputs!$B$35>0),(((Calc!R15-1)*(Skills!T15*(1+Inputs!$B$33/100))+MIN((Skills!T15*(1+Inputs!$B$33/100)),MAX(0,Inputs!$B$35-((Calc!R15-1)*Skills!D15))))/Inputs!$B$35),IF(Inputs!$B$4="pvp",MIN((Skills!T15*(1+Inputs!$B$33/100)),15)/15,(Skills!T15*(1+Inputs!$B$33/100))/Skills!D15)))+((Calc!C16=TRUE)*Calc!F16*IF(AND(Inputs!$B$4<>"pvp",Inputs!$B$35>0),(((Calc!R16-1)*(Skills!T16*(1+Inputs!$B$33/100))+MIN((Skills!T16*(1+Inputs!$B$33/100)),MAX(0,Inputs!$B$35-((Calc!R16-1)*Skills!D16))))/Inputs!$B$35),IF(Inputs!$B$4="pvp",MIN((Skills!T16*(1+Inputs!$B$33/100)),15)/15,(Skills!T16*(1+Inputs!$B$33/100))/Skills!D16))))/100
A58: Global Crit Rate Bonus % (Lord of Darkness, proc-chance x duty-cycle) | B58: =((Calc!C18=TRUE)*Calc!F18*(Skills!J18/100)*IF(AND(Inputs!$B$4<>"pvp",Inputs!$B$35>0),(((Calc!R18-1)*(Skills!T18*(1+Inputs!$B$33/100))+MIN((Skills!T18*(1+Inputs!$B$33/100)),MAX(0,Inputs!$B$35-((Calc!R18-1)*Skills!D18))))/Inputs!$B$35),IF(Inputs!$B$4="pvp",MIN((Skills!T18*(1+Inputs!$B$33/100)),15)/15,(Skills!T18*(1+Inputs!$B$33/100))/Skills!D18)))
A59: Global Monster Damage-Taken Bonus % (Evil Eye, all types + Dark Resonance, boss-only) | B59: =((Calc!C17=TRUE)*Calc!F17*IF(AND(Inputs!$B$4<>"pvp",Inputs!$B$35>0),(((Calc!R17-1)*(Skills!T17*(1+Inputs!$B$33/100))+MIN((Skills!T17*(1+Inputs!$B$33/100)),MAX(0,Inputs!$B$35-((Calc!R17-1)*Skills!D17))))/Inputs!$B$35),IF(Inputs!$B$4="pvp",MIN((Skills!T17*(1+Inputs!$B$33/100)),15)/15,(Skills!T17*(1+Inputs!$B$33/100))/Skills!D17)))+((Calc!C14=TRUE)*IF(Inputs!$B$4="pvp",20,(1-Summary!$B$55)*(20)+Summary!$B$55*(0))*IF(AND(Inputs!$B$4<>"pvp",Inputs!$B$35>0),(((Calc!R14-1)*(Skills!T14*(1+Inputs!$B$33/100))+MIN((Skills!T14*(1+Inputs!$B$33/100)),MAX(0,Inputs!$B$35-((Calc!R14-1)*Skills!D14))))/Inputs!$B$35),IF(Inputs!$B$4="pvp",MIN((Skills!T14*(1+Inputs!$B$33/100)),15)/15,(Skills!T14*(1+Inputs!$B$33/100))/Skills!D14)))
A60: Attack Speed Buff Bonus % (Nimble Feet, duty-cycle averaged) | B60: =((Calc!C20=TRUE)*Calc!F20*IF(AND(Inputs!$B$4<>"pvp",Inputs!$B$35>0),(((Calc!R20-1)*(Skills!T20*(1+Inputs!$B$33/100))+MIN((Skills!T20*(1+Inputs!$B$33/100)),MAX(0,Inputs!$B$35-((Calc!R20-1)*Skills!D20))))/Inputs!$B$35),IF(Inputs!$B$4="pvp",MIN((Skills!T20*(1+Inputs!$B$33/100)),15)/15,(Skills!T20*(1+Inputs!$B$33/100))/Skills!D20)))
A61: Actions Per Second | B61: =1+MIN(150,150*(1-(1-Inputs!$B$10/150)*(1-B60/150)))/100
A62: Skill + Buff Cast Rate (subtracted from Dark Impale, 1/s) | B62: =IF(AND(Inputs!$B$4<>"pvp",Inputs!$B$35>0),SUMPRODUCT((Skills!E2:E26=TRUE)*(Calc!C2:C26=TRUE)*Calc!R2:R26*Skills!F2:F26)/Inputs!$B$35,SUMPRODUCT((Skills!E2:E26=TRUE)*(Calc!C2:C26=TRUE)*Calc!Q2:Q26*Skills!F2:F26))
A63: Dark Impale (Basic Attack) Casts Per Second | B63: =MAX(0,B61-B62)
A64: Global Critical Damage Bonus % (Lord of Darkness, proc-chance x duty-cycle) | B64: =((Calc!C19=TRUE)*Calc!F19*(Skills!J19/100)*IF(AND(Inputs!$B$4<>"pvp",Inputs!$B$35>0),(((Calc!R19-1)*(Skills!T19*(1+Inputs!$B$33/100))+MIN((Skills!T19*(1+Inputs!$B$33/100)),MAX(0,Inputs!$B$35-((Calc!R19-1)*Skills!D19))))/Inputs!$B$35),IF(Inputs!$B$4="pvp",MIN((Skills!T19*(1+Inputs!$B$33/100)),15)/15,(Skills!T19*(1+Inputs!$B$33/100))/Skills!D19)))
A65: Global Final Damage Bonus % (unused — no live Final-Damage-buff source exists in this kit) | B65: 0
A66: Dark Impale (Basic Attack) DPS | B66: =Calc!O2

Sheet Sensitivity
A1: Marginal DPS per +1 (percentage point / skill level / flat point)
A2: Attack Speed and Def Pen combine their +1 via the diminishing-returns formula (new = (1-(1-old/factor)*(1-1/factor))*factor), not a flat add.
A4: Stat | B4: Units per +1% DPS | C4: Type | D4: Current Value | E4: New Value | F4: Baseline Total DPS | G4: New Total DPS | H4: DPS Gain | I4: % Gain
A5: Flat STR | B5: =IFERROR(1/(I5-100),"n/a") | C5: flat | D5: =Inputs!$B$11 | E5: =(Inputs!$B$11+1) | F5: =Summary!$B$3 | G5: =B70 | H5: =G5-F5 | I5: =IF(F5=0,0,G5/F5*100)
A6: STR % | B6: =IFERROR(1/(I6-100),"n/a") | C6: pct | D6: =Inputs!$B$12 | E6: =(Inputs!$B$12+1) | F6: =Summary!$B$3 | G6: =B110 | H6: =G6-F6 | I6: =IF(F6=0,0,G6/F6*100)
A7: DEX | B7: =IFERROR(1/(I7-100),"n/a") | C7: flat | D7: =Inputs!$B$13 | E7: =(Inputs!$B$13+1) | F7: =Summary!$B$3 | G7: =B150 | H7: =G7-F7 | I7: =IF(F7=0,0,G7/F7*100)
A8: DAMAGE % | B8: =IFERROR(1/(I8-100),"n/a") | C8: pct | D8: =Inputs!$B$14 | E8: =(Inputs!$B$14+1) | F8: =Summary!$B$3 | G8: =B190 | H8: =G8-F8 | I8: =IF(F8=0,0,G8/F8*100)
A9: DAMAGE_AMP % | B9: =IFERROR(1/(I9-100),"n/a") | C9: pct | D9: =Inputs!$B$15 | E9: =(Inputs!$B$15+1) | F9: =Summary!$B$3 | G9: =B230 | H9: =G9-F9 | I9: =IF(F9=0,0,G9/F9*100)
A10: BOSS_DAMAGE % | B10: =IFERROR(1/(I10-100),"n/a") | C10: pct | D10: =Inputs!$B$19 | E10: =(Inputs!$B$19+1) | F10: =Summary!$B$3 | G10: =B270 | H10: =G10-F10 | I10: =IF(F10=0,0,G10/F10*100)
A11: NORMAL_DAMAGE % | B11: =IFERROR(1/(I11-100),"n/a") | C11: pct | D11: =Inputs!$B$20 | E11: =(Inputs!$B$20+1) | F11: =Summary!$B$3 | G11: =B310 | H11: =G11-F11 | I11: =IF(F11=0,0,G11/F11*100)
A12: FINAL_DAMAGE % (multiplicative source) | B12: =IFERROR(1/(I12-100),"n/a") | C12: mult | D12: =Inputs!$B$23 | E12: =((((1+Inputs!$B$23/100)*(1.01))-1)*100) | F12: =Summary!$B$3 | G12: =B350 | H12: =G12-F12 | I12: =IF(F12=0,0,G12/F12*100)
A13: MIN_DAMAGE % | B13: =IFERROR(1/(I13-100),"n/a") | C13: pct | D13: =Inputs!$B$21 | E13: =(Inputs!$B$21+1) | F13: =Summary!$B$3 | G13: =B390 | H13: =G13-F13 | I13: =IF(F13=0,0,G13/F13*100)
A14: MAX_DAMAGE % | B14: =IFERROR(1/(I14-100),"n/a") | C14: pct | D14: =Inputs!$B$22 | E14: =(Inputs!$B$22+1) | F14: =Summary!$B$3 | G14: =B430 | H14: =G14-F14 | I14: =IF(F14=0,0,G14/F14*100)
A15: CRIT_RATE % | B15: =IFERROR(1/(I15-100),"n/a") | C15: pct | D15: =Inputs!$B$8 | E15: =(Inputs!$B$8+1) | F15: =Summary!$B$3 | G15: =B470 | H15: =G15-F15 | I15: =IF(F15=0,0,G15/F15*100)
A16: CRIT_DAMAGE % | B16: =IFERROR(1/(I16-100),"n/a") | C16: pct | D16: =Inputs!$B$9 | E16: =(Inputs!$B$9+1) | F16: =Summary!$B$3 | G16: =B510 | H16: =G16-F16 | I16: =IF(F16=0,0,G16/F16*100)
A17: ATTACK_SPEED % (diminishing returns, factor 150) | B17: =IFERROR(1/(I17-100),"n/a") | C17: dr150 | D17: =Inputs!$B$10 | E17: =((1-(1-Inputs!$B$10/150)*(1-1/150))*150) | F17: =Summary!$B$3 | G17: =B550 | H17: =G17-F17 | I17: =IF(F17=0,0,G17/F17*100)
A18: DEF_PEN % (diminishing returns, factor 100) | B18: =IFERROR(1/(I18-100),"n/a") | C18: dr100 | D18: =Inputs!$B$18 | E18: =((1-(1-Inputs!$B$18/100)*(1-1/100))*100) | F18: =Summary!$B$3 | G18: =B590 | H18: =G18-F18 | I18: =IF(F18=0,0,G18/F18*100)
A19: BASIC_ATTACK_DAMAGE % | B19: =IFERROR(1/(I19-100),"n/a") | C19: pct | D19: =Inputs!$B$16 | E19: =(Inputs!$B$16+1) | F19: =Summary!$B$3 | G19: =B630 | H19: =G19-F19 | I19: =IF(F19=0,0,G19/F19*100)
A20: SKILL_DAMAGE % | B20: =IFERROR(1/(I20-100),"n/a") | C20: pct | D20: =Inputs!$B$17 | E20: =(Inputs!$B$17+1) | F20: =Summary!$B$3 | G20: =B670 | H20: =G20-F20 | I20: =IF(F20=0,0,G20/F20*100)
A21: Skill Level Bonus — 1st Job | B21: =IFERROR(1/(I21-100),"n/a") | C21: level | D21: =Inputs!$B$24 | E21: =(Inputs!$B$24+1) | F21: =Summary!$B$3 | G21: =B710 | H21: =G21-F21 | I21: =IF(F21=0,0,G21/F21*100)
A22: Skill Level Bonus — 2nd Job | B22: =IFERROR(1/(I22-100),"n/a") | C22: level | D22: =Inputs!$B$25 | E22: =(Inputs!$B$25+1) | F22: =Summary!$B$3 | G22: =B750 | H22: =G22-F22 | I22: =IF(F22=0,0,G22/F22*100)
A23: Skill Level Bonus — 3rd Job | B23: =IFERROR(1/(I23-100),"n/a") | C23: level | D23: =Inputs!$B$26 | E23: =(Inputs!$B$26+1) | F23: =Summary!$B$3 | G23: =B790 | H23: =G23-F23 | I23: =IF(F23=0,0,G23/F23*100)
A24: Skill Level Bonus — 4th Job | B24: =IFERROR(1/(I24-100),"n/a") | C24: level | D24: =Inputs!$B$27 | E24: =(Inputs!$B$27+1) | F24: =Summary!$B$3 | G24: =B830 | H24: =G24-F24 | I24: =IF(F24=0,0,G24/F24*100)
A25: Skill Level Bonus — All Skills | B25: =IFERROR(1/(I25-100),"n/a") | C25: level | D25: =Inputs!$B$28 | E25: =(Inputs!$B$28+1) | F25: =Summary!$B$3 | G25: =B870 | H25: =G25-F25 | I25: =IF(F25=0,0,G25/F25*100)
A26: Flat ATTACK | B26: =IFERROR(1/(I26-100),"n/a") | C26: flat | D26: =Inputs!$B$5 | E26: =(Inputs!$B$5+1) | F26: =Summary!$B$3 | G26: =B910 | H26: =G26-F26 | I26: =IF(F26=0,0,G26/F26*100)
A27: ATTACK % | B27: =IFERROR(1/(I27-100),"n/a") | C27: pct | D27: =Inputs!$B$6 | E27: =(Inputs!$B$6+1) | F27: =Summary!$B$3 | G27: =B950 | H27: =G27-F27 | I27: =IF(F27=0,0,G27/F27*100)
A28: Skill Cooldown Decrease (seconds) | B28: =IFERROR(1/(I28-100),"n/a") | C28: flat | D28: =Inputs!$B$31 | E28: =(Inputs!$B$31+1) | F28: =Summary!$B$3 | G28: =B990 | H28: =G28-F28 | I28: =IF(F28=0,0,G28/F28*100)
A29: Basic Attack Target Increase (flat) | B29: =IFERROR(1/(I29-100),"n/a") | C29: flat | D29: =Inputs!$B$32 | E29: =(Inputs!$B$32+1) | F29: =Summary!$B$3 | G29: =B1030 | H29: =G29-F29 | I29: =IF(F29=0,0,G29/F29*100)
A30: Buff Duration Increase % | B30: =IFERROR(1/(I30-100),"n/a") | C30: pct | D30: =Inputs!$B$33 | E30: =(Inputs!$B$33+1) | F30: =Summary!$B$3 | G30: =B1070 | H30: =G30-F30 | I30: =IF(F30=0,0,G30/F30*100)
A33: Stat: Flat STR
A34: Key | B34: Name | C34: Unlocked | D34: InputLevel | E34: Factor | F34: CoefficientPercent | G34: EffectiveHits | H34: ProcProbability | I34: MapleHeroMultiplier | J34: BaseDamage | K34: BaseHitDamage | L34: NonCritAvg | M34: CritAvg | N34: ExpectedDamage(perHit) | O34: DPS | P34: % of Total | Q34: InvCooldown | R34: CastsInFight | S34: HitRate(perSec) | U34: helpers
A35: =Skills!A2 | B35: =Skills!B2 | C35: =Inputs!$B$3>=100 | F35: =U37+Skills!O2 | G35: =Skills!G2*IF(Skills!H2>0,Skills!I2/Skills!H2,1) | H35: =1-(1-Skills!J2/100)^Skills!K2 | I35: 1 | J35: =(Inputs!$B$5*(1+Inputs!$B$6/100))*(F35/100) | K35: =J35*(1+(((Inputs!$B$11+1)*(1+Inputs!$B$12/100))*0.01+Inputs!$B$13*0.0025)/100)*(1+Inputs!$B$14/100)*(1+IF(Inputs!$B$4="pvp",0,(1-Summary!$B$55)*(Inputs!$B$19+0+Skills!P2+((C50=TRUE)*F50*IF(AND(Inputs!$B$4<>"pvp",Inputs!$B$35>0),(((S50-1)*(Skills!T17*(1+Inputs!$B$33/100))+MIN((Skills!T17*(1+Inputs!$B$33/100)),MAX(0,Inputs!$B$35-((S50-1)*Skills!D17))))/Inputs!$B$35),IF(Inputs!$B$4="pvp",MIN((Skills!T17*(1+Inputs!$B$33/100)),15)/15,(Skills!T17*(1+Inputs!$B$33/100))/Skills!D17)))+((C47=TRUE)*IF(Inputs!$B$4="pvp",20,(1-Summary!$B$55)*(20)+Summary!$B$55*(0))*IF(AND(Inputs!$B$4<>"pvp",Inputs!$B$35>0),(((S47-1)*(Skills!T14*(1+Inputs!$B$33/100))+MIN((Skills!T14*(1+Inputs!$B$33/100)),MAX(0,Inputs!$B$35-((S47-1)*Skills!D14))))/Inputs!$B$35),IF(Inputs!$B$4="pvp",MIN((Skills!T14*(1+Inputs!$B$33/100)),15)/15,(Skills!T14*(1+Inputs!$B$33/100))/Skills!D14))))+Summary!$B$55*(Inputs!$B$20+Skills!Q2+((C50=TRUE)*F50*IF(AND(Inputs!$B$4<>"pvp",Inputs!$B$35>0),(((S50-1)*(Skills!T17*(1+Inputs!$B$33/100))+MIN((Skills!T17*(1+Inputs!$B$33/100)),MAX(0,Inputs!$B$35-((S50-1)*Skills!D17))))/Inputs!$B$35),IF(Inputs!$B$4="pvp",MIN((Skills!T17*(1+Inputs!$B$33/100)),15)/15,(Skills!T17*(1+Inputs!$B$33/100))/Skills!D17)))))/100)*(1+Inputs!$B$15/100)*(5000/(6000+Inputs!$B$7*(1-(Inputs!$B$18+0)/100)))*(1+(Inputs!$B$23+((C58=TRUE)*(F58-Calc!F25))+((C59=TRUE)*(F59-Calc!F26))+B68)/100)*(1+(IF(Skills!A2="DARK_IMPALE",Inputs!$B$16+0,Inputs!$B$17+((C56=TRUE)*(F56-Calc!F23))))/100)*((1+(((C46=TRUE)*F46*IF(AND(Inputs!$B$4<>"pvp",Inputs!$B$35>0),(((S46-1)*(Skills!T13*(1+Inputs!$B$33/100))+MIN((Skills!T13*(1+Inputs!$B$33/100)),MAX(0,Inputs!$B$35-((S46-1)*Skills!D13))))/Inputs!$B$35),IF(Inputs!$B$4="pvp",MIN((Skills!T13*(1+Inputs!$B$33/100)),15)/15,(Skills!T13*(1+Inputs!$B$33/100))/Skills!D13)))+((C47=TRUE)*F47*IF(AND(Inputs!$B$4<>"pvp",Inputs!$B$35>0),(((S47-1)*(Skills!T14*(1+Inputs!$B$33/100))+MIN((Skills!T14*(1+Inputs!$B$33/100)),MAX(0,Inputs!$B$35-((S47-1)*Skills!D14))))/Inputs!$B$35),IF(Inputs!$B$4="pvp",MIN((Skills!T14*(1+Inputs!$B$33/100)),15)/15,(Skills!T14*(1+Inputs!$B$33/100))/Skills!D14)))+((C48=TRUE)*F48*IF(AND(Inputs!$B$4<>"pvp",Inputs!$B$35>0),(((S48-1)*(Skills!T15*(1+Inputs!$B$33/100))+MIN((Skills!T15*(1+Inputs!$B$33/100)),MAX(0,Inputs!$B$35-((S48-1)*Skills!D15))))/Inputs!$B$35),IF(Inputs!$B$4="pvp",MIN((Skills!T15*(1+Inputs!$B$33/100)),15)/15,(Skills!T15*(1+Inputs!$B$33/100))/Skills!D15)))+((C49=TRUE)*F49*IF(AND(Inputs!$B$4<>"pvp",Inputs!$B$35>0),(((S49-1)*(Skills!T16*(1+Inputs!$B$33/100))+MIN((Skills!T16*(1+Inputs!$B$33/100)),MAX(0,Inputs!$B$35-((S49-1)*Skills!D16))))/Inputs!$B$35),IF(Inputs!$B$4="pvp",MIN((Skills!T16*(1+Inputs!$B$33/100)),15)/15,(Skills!T16*(1+Inputs!$B$33/100))/Skills!D16)))+0)/100)*I35) | L35: =K35*(MIN(Inputs!$B$21+((C55=TRUE)*(F55-Calc!F22)),Inputs!$B$22+((C57=TRUE)*(F57-Calc!F24)))/100+(Inputs!$B$22+((C57=TRUE)*(F57-Calc!F24)))/100)/2 | M35: =L35*(1+(Inputs!$B$9+0+B67)/100) | N35: =L35*(1-MIN((Inputs!$B$8+0+B62),100)/100)+M35*(MIN((Inputs!$B$8+0+B62),100)/100) | O35: =IF(C35,Skills!G2*N35*B66*IF(Inputs!$B$4="pvp",1,(1-Summary!$B$55)*(1)+Summary!$B$55*(MIN((6+Inputs!$B$32),Inputs!$B$37))),0) | P35: =IF(B70=0,0,O35/B70) | Q35: 0 | R35: 0 | S35: =IFERROR(O35/N35,0) | U35: =MAX(0,(Inputs!$B$3-100)*3)+Inputs!$B$27+Inputs!$B$28
A36: =Skills!A3 | B36: =Skills!B3 | C36: =Inputs!$B$3>=50 | D36: =IF(Skills!C3=1,60+Inputs!$B$24+Inputs!$B$28,IF(Skills!C3=2,90+Inputs!$B$25+Inputs!$B$28,IF(Skills!C3=3,120+Inputs!$B$26+Inputs!$B$28,MAX(0,(Inputs!$B$3-100)*3)+Inputs!$B$27+Inputs!$B$28))) | E36: =INDEX(FactorTable!$B$2:$Y$301, MATCH(ROUND(MIN(300,MAX(1,D36)),0), FactorTable!$A$2:$A$301,0), Skills!M3+1) | F36: =IF(Skills!N3=TRUE,(Skills!L3/10)*(E36/1000),Skills!L3/10)+Skills!O3 | I36: 1 | U36: =INDEX(FactorTable!$B$2:$Y$301, MATCH(ROUND(MIN(300,MAX(1,U35)),0), FactorTable!$A$2:$A$301,0), 22)
A37: =Skills!A4 | B37: =Skills!B4 | C37: =Inputs!$B$3>=105 | D37: =IF(Skills!C4=1,60+Inputs!$B$24+Inputs!$B$28,IF(Skills!C4=2,90+Inputs!$B$25+Inputs!$B$28,IF(Skills!C4=3,120+Inputs!$B$26+Inputs!$B$28,MAX(0,(Inputs!$B$3-100)*3)+Inputs!$B$27+Inputs!$B$28))) | E37: =INDEX(FactorTable!$B$2:$Y$301, MATCH(ROUND(MIN(300,MAX(1,D37)),0), FactorTable!$A$2:$A$301,0), Skills!M4+1) | F37: =IF(Skills!N4=TRUE,(Skills!L4/10)*(E37/1000),Skills!L4/10)+Skills!O4 | I37: 1 | U37: =290*U36/1000
A38: =Skills!A5 | B38: =Skills!B5 | C38: =Inputs!$B$3>=117 | D38: =IF(Skills!C5=1,60+Inputs!$B$24+Inputs!$B$28,IF(Skills!C5=2,90+Inputs!$B$25+Inputs!$B$28,IF(Skills!C5=3,120+Inputs!$B$26+Inputs!$B$28,MAX(0,(Inputs!$B$3-100)*3)+Inputs!$B$27+Inputs!$B$28))) | E38: =INDEX(FactorTable!$B$2:$Y$301, MATCH(ROUND(MIN(300,MAX(1,D38)),0), FactorTable!$A$2:$A$301,0), Skills!M5+1) | F38: =IF(Skills!N5=TRUE,(Skills!L5/10)*(E38/1000),Skills!L5/10)+Skills!O5 | G38: =Skills!G5*IF(Skills!H5>0,Skills!I5/Skills!H5,1) | H38: =1-(1-Skills!J5/100)^Skills!K5 | I38: 1 | J38: =(Inputs!$B$5*(1+Inputs!$B$6/100))*(F38/100) | K38: =J38*(1+(((Inputs!$B$11+1)*(1+Inputs!$B$12/100))*0.01+Inputs!$B$13*0.0025)/100)*(1+Inputs!$B$14/100)*(1+IF(Inputs!$B$4="pvp",0,(1-Summary!$B$55)*(Inputs!$B$19+0+Skills!P5+((C50=TRUE)*F50*IF(AND(Inputs!$B$4<>"pvp",Inputs!$B$35>0),(((S50-1)*(Skills!T17*(1+Inputs!$B$33/100))+MIN((Skills!T17*(1+Inputs!$B$33/100)),MAX(0,Inputs!$B$35-((S50-1)*Skills!D17))))/Inputs!$B$35),IF(Inputs!$B$4="pvp",MIN((Skills!T17*(1+Inputs!$B$33/100)),15)/15,(Skills!T17*(1+Inputs!$B$33/100))/Skills!D17)))+((C47=TRUE)*IF(Inputs!$B$4="pvp",20,(1-Summary!$B$55)*(20)+Summary!$B$55*(0))*IF(AND(Inputs!$B$4<>"pvp",Inputs!$B$35>0),(((S47-1)*(Skills!T14*(1+Inputs!$B$33/100))+MIN((Skills!T14*(1+Inputs!$B$33/100)),MAX(0,Inputs!$B$35-((S47-1)*Skills!D14))))/Inputs!$B$35),IF(Inputs!$B$4="pvp",MIN((Skills!T14*(1+Inputs!$B$33/100)),15)/15,(Skills!T14*(1+Inputs!$B$33/100))/Skills!D14))))+Summary!$B$55*(Inputs!$B$20+Skills!Q5+((C50=TRUE)*F50*IF(AND(Inputs!$B$4<>"pvp",Inputs!$B$35>0),(((S50-1)*(Skills!T17*(1+Inputs!$B$33/100))+MIN((Skills!T17*(1+Inputs!$B$33/100)),MAX(0,Inputs!$B$35-((S50-1)*Skills!D17))))/Inputs!$B$35),IF(Inputs!$B$4="pvp",MIN((Skills!T17*(1+Inputs!$B$33/100)),15)/15,(Skills!T17*(1+Inputs!$B$33/100))/Skills!D17)))))/100)*(1+Inputs!$B$15/100)*(5000/(6000+Inputs!$B$7*(1-(Inputs!$B$18+0)/100)))*(1+(Inputs!$B$23+((C58=TRUE)*(F58-Calc!F25))+((C59=TRUE)*(F59-Calc!F26))+B68)/100)*(1+(IF(Skills!A5="DARK_IMPALE",Inputs!$B$16+0,Inputs!$B$17+((C56=TRUE)*(F56-Calc!F23))))/100)*((1+(((C46=TRUE)*F46*IF(AND(Inputs!$B$4<>"pvp",Inputs!$B$35>0),(((S46-1)*(Skills!T13*(1+Inputs!$B$33/100))+MIN((Skills!T13*(1+Inputs!$B$33/100)),MAX(0,Inputs!$B$35-((S46-1)*Skills!D13))))/Inputs!$B$35),IF(Inputs!$B$4="pvp",MIN((Skills!T13*(1+Inputs!$B$33/100)),15)/15,(Skills!T13*(1+Inputs!$B$33/100))/Skills!D13)))+((C47=TRUE)*F47*IF(AND(Inputs!$B$4<>"pvp",Inputs!$B$35>0),(((S47-1)*(Skills!T14*(1+Inputs!$B$33/100))+MIN((Skills!T14*(1+Inputs!$B$33/100)),MAX(0,Inputs!$B$35-((S47-1)*Skills!D14))))/Inputs!$B$35),IF(Inputs!$B$4="pvp",MIN((Skills!T14*(1+Inputs!$B$33/100)),15)/15,(Skills!T14*(1+Inputs!$B$33/100))/Skills!D14)))+((C48=TRUE)*F48*IF(AND(Inputs!$B$4<>"pvp",Inputs!$B$35>0),(((S48-1)*(Skills!T15*(1+Inputs!$B$33/100))+MIN((Skills!T15*(1+Inputs!$B$33/100)),MAX(0,Inputs!$B$35-((S48-1)*Skills!D15))))/Inputs!$B$35),IF(Inputs!$B$4="pvp",MIN((Skills!T15*(1+Inputs!$B$33/100)),15)/15,(Skills!T15*(1+Inputs!$B$33/100))/Skills!D15)))+((C49=TRUE)*F49*IF(AND(Inputs!$B$4<>"pvp",Inputs!$B$35>0),(((S49-1)*(Skills!T16*(1+Inputs!$B$33/100))+MIN((Skills!T16*(1+Inputs!$B$33/100)),MAX(0,Inputs!$B$35-((S49-1)*Skills!D16))))/Inputs!$B$35),IF(Inputs!$B$4="pvp",MIN((Skills!T16*(1+Inputs!$B$33/100)),15)/15,(Skills!T16*(1+Inputs!$B$33/100))/Skills!D16)))+0)/100)*I38) | L38: =K38*(MIN(Inputs!$B$21+((C55=TRUE)*(F55-Calc!F22)),Inputs!$B$22+((C57=TRUE)*(F57-Calc!F24)))/100+(Inputs!$B$22+((C57=TRUE)*(F57-Calc!F24)))/100)/2 | M38: =L38*(1+(Inputs!$B$9+0+B67)/100) | N38: =L38*(1-MIN((Inputs!$B$8+0+B62),100)/100)+M38*(MIN((Inputs!$B$8+0+B62),100)/100) | O38: =IF(C38,H38*N38*IF(AND(Inputs!$B$4<>"pvp",Inputs!$B$35>0),((Skills!G5*((R38-1)*IF(Skills!H5>0,Skills!I5/Skills!H5,1)+IF(Skills!H5>0,MIN(Skills!I5,MAX(0,Inputs!$B$35-((R38-1)*IF(Inputs!$B$4="pvp",15,MAX(0.1,Skills!D5-IF(Skills!E5=TRUE,Inputs!$B$31,0))))))/Skills!H5,1)))/Inputs!$B$35),G38*Q38)*IF(Inputs!$B$4="pvp",1,(1-Summary!$B$55)*(1)+Summary!$B$55*(MIN(Skills!R5,Inputs!$B$37))),0) | P38: =IF(B70=0,0,O38/B70) | Q38: =IFERROR(1/IF(Inputs!$B$4="pvp",15,MAX(0.1,Skills!D5-IF(Skills!E5=TRUE,Inputs!$B$31,0))),0) | R38: =IF(AND(Inputs!$B$4<>"pvp",Inputs!$B$35>0),(INT(Inputs!$B$35/IF(Inputs!$B$4="pvp",15,MAX(0.1,Skills!D5-IF(Skills!E5=TRUE,Inputs!$B$31,0))))+1),0) | S38: =IFERROR(O38/N38,0)
A39: =Skills!A6 | B39: =Skills!B6 | C39: =Inputs!$B$3>=103 | D39: =IF(Skills!C6=1,60+Inputs!$B$24+Inputs!$B$28,IF(Skills!C6=2,90+Inputs!$B$25+Inputs!$B$28,IF(Skills!C6=3,120+Inputs!$B$26+Inputs!$B$28,MAX(0,(Inputs!$B$3-100)*3)+Inputs!$B$27+Inputs!$B$28))) | E39: =INDEX(FactorTable!$B$2:$Y$301, MATCH(ROUND(MIN(300,MAX(1,D39)),0), FactorTable!$A$2:$A$301,0), Skills!M6+1) | F39: =IF(Skills!N6=TRUE,(Skills!L6/10)*(E39/1000),Skills!L6/10)+Skills!O6 | G39: =Skills!G6*IF(Skills!H6>0,Skills!I6/Skills!H6,1) | H39: =1-(1-Skills!J6/100)^Skills!K6 | I39: 1 | J39: =(Inputs!$B$5*(1+Inputs!$B$6/100))*(F39/100) | K39: =J39*(1+(((Inputs!$B$11+1)*(1+Inputs!$B$12/100))*0.01+Inputs!$B$13*0.0025)/100)*(1+Inputs!$B$14/100)*(1+IF(Inputs!$B$4="pvp",0,(1-Summary!$B$55)*(Inputs!$B$19+0+Skills!P6+((C50=TRUE)*F50*IF(AND(Inputs!$B$4<>"pvp",Inputs!$B$35>0),(((S50-1)*(Skills!T17*(1+Inputs!$B$33/100))+MIN((Skills!T17*(1+Inputs!$B$33/100)),MAX(0,Inputs!$B$35-((S50-1)*Skills!D17))))/Inputs!$B$35),IF(Inputs!$B$4="pvp",MIN((Skills!T17*(1+Inputs!$B$33/100)),15)/15,(Skills!T17*(1+Inputs!$B$33/100))/Skills!D17)))+((C47=TRUE)*IF(Inputs!$B$4="pvp",20,(1-Summary!$B$55)*(20)+Summary!$B$55*(0))*IF(AND(Inputs!$B$4<>"pvp",Inputs!$B$35>0),(((S47-1)*(Skills!T14*(1+Inputs!$B$33/100))+MIN((Skills!T14*(1+Inputs!$B$33/100)),MAX(0,Inputs!$B$35-((S47-1)*Skills!D14))))/Inputs!$B$35),IF(Inputs!$B$4="pvp",MIN((Skills!T14*(1+Inputs!$B$33/100)),15)/15,(Skills!T14*(1+Inputs!$B$33/100))/Skills!D14))))+Summary!$B$55*(Inputs!$B$20+Skills!Q6+((C50=TRUE)*F50*IF(AND(Inputs!$B$4<>"pvp",Inputs!$B$35>0),(((S50-1)*(Skills!T17*(1+Inputs!$B$33/100))+MIN((Skills!T17*(1+Inputs!$B$33/100)),MAX(0,Inputs!$B$35-((S50-1)*Skills!D17))))/Inputs!$B$35),IF(Inputs!$B$4="pvp",MIN((Skills!T17*(1+Inputs!$B$33/100)),15)/15,(Skills!T17*(1+Inputs!$B$33/100))/Skills!D17)))))/100)*(1+Inputs!$B$15/100)*(5000/(6000+Inputs!$B$7*(1-(Inputs!$B$18+0)/100)))*(1+(Inputs!$B$23+((C58=TRUE)*(F58-Calc!F25))+((C59=TRUE)*(F59-Calc!F26))+B68)/100)*(1+(IF(Skills!A6="DARK_IMPALE",Inputs!$B$16+0,Inputs!$B$17+((C56=TRUE)*(F56-Calc!F23))))/100)*((1+(((C46=TRUE)*F46*IF(AND(Inputs!$B$4<>"pvp",Inputs!$B$35>0),(((S46-1)*(Skills!T13*(1+Inputs!$B$33/100))+MIN((Skills!T13*(1+Inputs!$B$33/100)),MAX(0,Inputs!$B$35-((S46-1)*Skills!D13))))/Inputs!$B$35),IF(Inputs!$B$4="pvp",MIN((Skills!T13*(1+Inputs!$B$33/100)),15)/15,(Skills!T13*(1+Inputs!$B$33/100))/Skills!D13)))+((C47=TRUE)*F47*IF(AND(Inputs!$B$4<>"pvp",Inputs!$B$35>0),(((S47-1)*(Skills!T14*(1+Inputs!$B$33/100))+MIN((Skills!T14*(1+Inputs!$B$33/100)),MAX(0,Inputs!$B$35-((S47-1)*Skills!D14))))/Inputs!$B$35),IF(Inputs!$B$4="pvp",MIN((Skills!T14*(1+Inputs!$B$33/100)),15)/15,(Skills!T14*(1+Inputs!$B$33/100))/Skills!D14)))+((C48=TRUE)*F48*IF(AND(Inputs!$B$4<>"pvp",Inputs!$B$35>0),(((S48-1)*(Skills!T15*(1+Inputs!$B$33/100))+MIN((Skills!T15*(1+Inputs!$B$33/100)),MAX(0,Inputs!$B$35-((S48-1)*Skills!D15))))/Inputs!$B$35),IF(Inputs!$B$4="pvp",MIN((Skills!T15*(1+Inputs!$B$33/100)),15)/15,(Skills!T15*(1+Inputs!$B$33/100))/Skills!D15)))+((C49=TRUE)*F49*IF(AND(Inputs!$B$4<>"pvp",Inputs!$B$35>0),(((S49-1)*(Skills!T16*(1+Inputs!$B$33/100))+MIN((Skills!T16*(1+Inputs!$B$33/100)),MAX(0,Inputs!$B$35-((S49-1)*Skills!D16))))/Inputs!$B$35),IF(Inputs!$B$4="pvp",MIN((Skills!T16*(1+Inputs!$B$33/100)),15)/15,(Skills!T16*(1+Inputs!$B$33/100))/Skills!D16)))+0)/100)*I39) | L39: =K39*(MIN(Inputs!$B$21+((C55=TRUE)*(F55-Calc!F22)),Inputs!$B$22+((C57=TRUE)*(F57-Calc!F24)))/100+(Inputs!$B$22+((C57=TRUE)*(F57-Calc!F24)))/100)/2 | M39: =L39*(1+(Inputs!$B$9+0+B67)/100) | N39: =L39*(1-MIN((Inputs!$B$8+0+B62),100)/100)+M39*(MIN((Inputs!$B$8+0+B62),100)/100) | O39: =IF(C39,H39*N39*IF(AND(Inputs!$B$4<>"pvp",Inputs!$B$35>0),((Skills!G6*((R39-1)*IF(Skills!H6>0,Skills!I6/Skills!H6,1)+IF(Skills!H6>0,MIN(Skills!I6,MAX(0,Inputs!$B$35-((R39-1)*IF(Inputs!$B$4="pvp",15,MAX(0.1,Skills!D6-IF(Skills!E6=TRUE,Inputs!$B$31,0))))))/Skills!H6,1)))/Inputs!$B$35),G39*Q39)*IF(Inputs!$B$4="pvp",1,(1-Summary!$B$55)*(1)+Summary!$B$55*(MIN(Skills!R6,Inputs!$B$37))),0) | P39: =IF(B70=0,0,O39/B70) | Q39: =IFERROR(1/IF(Inputs!$B$4="pvp",15,MAX(0.1,Skills!D6-IF(Skills!E6=TRUE,Inputs!$B$31,0))),0) | R39: =IF(AND(Inputs!$B$4<>"pvp",Inputs!$B$35>0),(INT(Inputs!$B$35/IF(Inputs!$B$4="pvp",15,MAX(0.1,Skills!D6-IF(Skills!E6=TRUE,Inputs!$B$31,0))))+1),0) | S39: =IFERROR(O39/N39,0)
A40: =Skills!A7 | B40: =Skills!B7 | C40: =Inputs!$B$3>=40 | D40: =IF(Skills!C7=1,60+Inputs!$B$24+Inputs!$B$28,IF(Skills!C7=2,90+Inputs!$B$25+Inputs!$B$28,IF(Skills!C7=3,120+Inputs!$B$26+Inputs!$B$28,MAX(0,(Inputs!$B$3-100)*3)+Inputs!$B$27+Inputs!$B$28))) | E40: =INDEX(FactorTable!$B$2:$Y$301, MATCH(ROUND(MIN(300,MAX(1,D40)),0), FactorTable!$A$2:$A$301,0), Skills!M7+1) | F40: =IF(Skills!N7=TRUE,(Skills!L7/10)*(E40/1000),Skills!L7/10)+Skills!O7 | G40: =Skills!G7*IF(Skills!H7>0,Skills!I7/Skills!H7,1) | H40: =1-(1-Skills!J7/100)^Skills!K7 | I40: 1 | J40: =(Inputs!$B$5*(1+Inputs!$B$6/100))*(F40/100) | K40: =J40*(1+(((Inputs!$B$11+1)*(1+Inputs!$B$12/100))*0.01+Inputs!$B$13*0.0025)/100)*(1+Inputs!$B$14/100)*(1+IF(Inputs!$B$4="pvp",0,(1-Summary!$B$55)*(Inputs!$B$19+0+Skills!P7+((C50=TRUE)*F50*IF(AND(Inputs!$B$4<>"pvp",Inputs!$B$35>0),(((S50-1)*(Skills!T17*(1+Inputs!$B$33/100))+MIN((Skills!T17*(1+Inputs!$B$33/100)),MAX(0,Inputs!$B$35-((S50-1)*Skills!D17))))/Inputs!$B$35),IF(Inputs!$B$4="pvp",MIN((Skills!T17*(1+Inputs!$B$33/100)),15)/15,(Skills!T17*(1+Inputs!$B$33/100))/Skills!D17)))+((C47=TRUE)*IF(Inputs!$B$4="pvp",20,(1-Summary!$B$55)*(20)+Summary!$B$55*(0))*IF(AND(Inputs!$B$4<>"pvp",Inputs!$B$35>0),(((S47-1)*(Skills!T14*(1+Inputs!$B$33/100))+MIN((Skills!T14*(1+Inputs!$B$33/100)),MAX(0,Inputs!$B$35-((S47-1)*Skills!D14))))/Inputs!$B$35),IF(Inputs!$B$4="pvp",MIN((Skills!T14*(1+Inputs!$B$33/100)),15)/15,(Skills!T14*(1+Inputs!$B$33/100))/Skills!D14))))+Summary!$B$55*(Inputs!$B$20+Skills!Q7+((C50=TRUE)*F50*IF(AND(Inputs!$B$4<>"pvp",Inputs!$B$35>0),(((S50-1)*(Skills!T17*(1+Inputs!$B$33/100))+MIN((Skills!T17*(1+Inputs!$B$33/100)),MAX(0,Inputs!$B$35-((S50-1)*Skills!D17))))/Inputs!$B$35),IF(Inputs!$B$4="pvp",MIN((Skills!T17*(1+Inputs!$B$33/100)),15)/15,(Skills!T17*(1+Inputs!$B$33/100))/Skills!D17)))))/100)*(1+Inputs!$B$15/100)*(5000/(6000+Inputs!$B$7*(1-(Inputs!$B$18+0)/100)))*(1+(Inputs!$B$23+((C58=TRUE)*(F58-Calc!F25))+((C59=TRUE)*(F59-Calc!F26))+B68)/100)*(1+0.75*IF(C44=TRUE,F44,0)/100)*(1+(IF(Skills!A7="DARK_IMPALE",Inputs!$B$16+0,Inputs!$B$17+((C56=TRUE)*(F56-Calc!F23))))/100)*((1+(((C46=TRUE)*F46*IF(AND(Inputs!$B$4<>"pvp",Inputs!$B$35>0),(((S46-1)*(Skills!T13*(1+Inputs!$B$33/100))+MIN((Skills!T13*(1+Inputs!$B$33/100)),MAX(0,Inputs!$B$35-((S46-1)*Skills!D13))))/Inputs!$B$35),IF(Inputs!$B$4="pvp",MIN((Skills!T13*(1+Inputs!$B$33/100)),15)/15,(Skills!T13*(1+Inputs!$B$33/100))/Skills!D13)))+((C47=TRUE)*F47*IF(AND(Inputs!$B$4<>"pvp",Inputs!$B$35>0),(((S47-1)*(Skills!T14*(1+Inputs!$B$33/100))+MIN((Skills!T14*(1+Inputs!$B$33/100)),MAX(0,Inputs!$B$35-((S47-1)*Skills!D14))))/Inputs!$B$35),IF(Inputs!$B$4="pvp",MIN((Skills!T14*(1+Inputs!$B$33/100)),15)/15,(Skills!T14*(1+Inputs!$B$33/100))/Skills!D14)))+((C48=TRUE)*F48*IF(AND(Inputs!$B$4<>"pvp",Inputs!$B$35>0),(((S48-1)*(Skills!T15*(1+Inputs!$B$33/100))+MIN((Skills!T15*(1+Inputs!$B$33/100)),MAX(0,Inputs!$B$35-((S48-1)*Skills!D15))))/Inputs!$B$35),IF(Inputs!$B$4="pvp",MIN((Skills!T15*(1+Inputs!$B$33/100)),15)/15,(Skills!T15*(1+Inputs!$B$33/100))/Skills!D15)))+((C49=TRUE)*F49*IF(AND(Inputs!$B$4<>"pvp",Inputs!$B$35>0),(((S49-1)*(Skills!T16*(1+Inputs!$B$33/100))+MIN((Skills!T16*(1+Inputs!$B$33/100)),MAX(0,Inputs!$B$35-((S49-1)*Skills!D16))))/Inputs!$B$35),IF(Inputs!$B$4="pvp",MIN((Skills!T16*(1+Inputs!$B$33/100)),15)/15,(Skills!T16*(1+Inputs!$B$33/100))/Skills!D16)))+0)/100)*I40) | L40: =K40*(MIN(Inputs!$B$21+((C55=TRUE)*(F55-Calc!F22)),Inputs!$B$22+((C57=TRUE)*(F57-Calc!F24)))/100+(Inputs!$B$22+((C57=TRUE)*(F57-Calc!F24)))/100)/2 | M40: =L40*(1+(Inputs!$B$9+0+B67)/100) | N40: =L40*(1-MIN((Inputs!$B$8+0+B62),100)/100)+M40*(MIN((Inputs!$B$8+0+B62),100)/100) | O40: =IF(C40,H40*N40*IF(AND(Inputs!$B$4<>"pvp",Inputs!$B$35>0),((Skills!G7*((R40-1)*IF(Skills!H7>0,Skills!I7/Skills!H7,1)+IF(Skills!H7>0,MIN(Skills!I7,MAX(0,Inputs!$B$35-((R40-1)*IF(Inputs!$B$4="pvp",15,MAX(0.1,Skills!D7-IF(Skills!E7=TRUE,Inputs!$B$31,0))))))/Skills!H7,1)))/Inputs!$B$35),G40*Q40)*IF(Inputs!$B$4="pvp",1,(1-Summary!$B$55)*(1)+Summary!$B$55*(MIN(Skills!R7,Inputs!$B$37))),0) | P40: =IF(B70=0,0,O40/B70) | Q40: =IFERROR(1/IF(Inputs!$B$4="pvp",15,MAX(0.1,Skills!D7-IF(Skills!E7=TRUE,Inputs!$B$31,0))),0) | R40: =IF(AND(Inputs!$B$4<>"pvp",Inputs!$B$35>0),(INT(Inputs!$B$35/IF(Inputs!$B$4="pvp",15,MAX(0.1,Skills!D7-IF(Skills!E7=TRUE,Inputs!$B$31,0))))+1),0) | S40: =IFERROR(O40/N40,0)
A41: =Skills!A8 | B41: =Skills!B8 | C41: =Inputs!$B$3>=75 | D41: =IF(Skills!C8=1,60+Inputs!$B$24+Inputs!$B$28,IF(Skills!C8=2,90+Inputs!$B$25+Inputs!$B$28,IF(Skills!C8=3,120+Inputs!$B$26+Inputs!$B$28,MAX(0,(Inputs!$B$3-100)*3)+Inputs!$B$27+Inputs!$B$28))) | E41: =INDEX(FactorTable!$B$2:$Y$301, MATCH(ROUND(MIN(300,MAX(1,D41)),0), FactorTable!$A$2:$A$301,0), Skills!M8+1) | F41: =IF(Skills!N8=TRUE,(Skills!L8/10)*(E41/1000),Skills!L8/10)+Skills!O8 | I41: 1
A42: =Skills!A9 | B42: =Skills!B9 | C42: =Inputs!$B$3>=60 | D42: =IF(Skills!C9=1,60+Inputs!$B$24+Inputs!$B$28,IF(Skills!C9=2,90+Inputs!$B$25+Inputs!$B$28,IF(Skills!C9=3,120+Inputs!$B$26+Inputs!$B$28,MAX(0,(Inputs!$B$3-100)*3)+Inputs!$B$27+Inputs!$B$28))) | E42: =INDEX(FactorTable!$B$2:$Y$301, MATCH(ROUND(MIN(300,MAX(1,D42)),0), FactorTable!$A$2:$A$301,0), Skills!M9+1) | F42: =IF(Skills!N9=TRUE,(Skills!L9/10)*(E42/1000),Skills!L9/10)+Skills!O9 | G42: =Skills!G9*IF(Skills!H9>0,Skills!I9/Skills!H9,1) | H42: =1-(1-Skills!J9/100)^Skills!K9 | I42: 1 | J42: =(Inputs!$B$5*(1+Inputs!$B$6/100))*(F42/100) | K42: =J42*(1+(((Inputs!$B$11+1)*(1+Inputs!$B$12/100))*0.01+Inputs!$B$13*0.0025)/100)*(1+Inputs!$B$14/100)*(1+IF(Inputs!$B$4="pvp",0,(1-Summary!$B$55)*(Inputs!$B$19+0+Skills!P9+((C50=TRUE)*F50*IF(AND(Inputs!$B$4<>"pvp",Inputs!$B$35>0),(((S50-1)*(Skills!T17*(1+Inputs!$B$33/100))+MIN((Skills!T17*(1+Inputs!$B$33/100)),MAX(0,Inputs!$B$35-((S50-1)*Skills!D17))))/Inputs!$B$35),IF(Inputs!$B$4="pvp",MIN((Skills!T17*(1+Inputs!$B$33/100)),15)/15,(Skills!T17*(1+Inputs!$B$33/100))/Skills!D17)))+((C47=TRUE)*IF(Inputs!$B$4="pvp",20,(1-Summary!$B$55)*(20)+Summary!$B$55*(0))*IF(AND(Inputs!$B$4<>"pvp",Inputs!$B$35>0),(((S47-1)*(Skills!T14*(1+Inputs!$B$33/100))+MIN((Skills!T14*(1+Inputs!$B$33/100)),MAX(0,Inputs!$B$35-((S47-1)*Skills!D14))))/Inputs!$B$35),IF(Inputs!$B$4="pvp",MIN((Skills!T14*(1+Inputs!$B$33/100)),15)/15,(Skills!T14*(1+Inputs!$B$33/100))/Skills!D14))))+Summary!$B$55*(Inputs!$B$20+Skills!Q9+((C50=TRUE)*F50*IF(AND(Inputs!$B$4<>"pvp",Inputs!$B$35>0),(((S50-1)*(Skills!T17*(1+Inputs!$B$33/100))+MIN((Skills!T17*(1+Inputs!$B$33/100)),MAX(0,Inputs!$B$35-((S50-1)*Skills!D17))))/Inputs!$B$35),IF(Inputs!$B$4="pvp",MIN((Skills!T17*(1+Inputs!$B$33/100)),15)/15,(Skills!T17*(1+Inputs!$B$33/100))/Skills!D17)))))/100)*(1+Inputs!$B$15/100)*(5000/(6000+Inputs!$B$7*(1-(Inputs!$B$18+0)/100)))*(1+(Inputs!$B$23+((C58=TRUE)*(F58-Calc!F25))+((C59=TRUE)*(F59-Calc!F26))+B68)/100)*(1+1.0*IF(C44=TRUE,F44,0)/100)*(1+(IF(Skills!A9="DARK_IMPALE",Inputs!$B$16+0,Inputs!$B$17+((C56=TRUE)*(F56-Calc!F23))))/100)*((1+(((C46=TRUE)*F46*IF(AND(Inputs!$B$4<>"pvp",Inputs!$B$35>0),(((S46-1)*(Skills!T13*(1+Inputs!$B$33/100))+MIN((Skills!T13*(1+Inputs!$B$33/100)),MAX(0,Inputs!$B$35-((S46-1)*Skills!D13))))/Inputs!$B$35),IF(Inputs!$B$4="pvp",MIN((Skills!T13*(1+Inputs!$B$33/100)),15)/15,(Skills!T13*(1+Inputs!$B$33/100))/Skills!D13)))+((C47=TRUE)*F47*IF(AND(Inputs!$B$4<>"pvp",Inputs!$B$35>0),(((S47-1)*(Skills!T14*(1+Inputs!$B$33/100))+MIN((Skills!T14*(1+Inputs!$B$33/100)),MAX(0,Inputs!$B$35-((S47-1)*Skills!D14))))/Inputs!$B$35),IF(Inputs!$B$4="pvp",MIN((Skills!T14*(1+Inputs!$B$33/100)),15)/15,(Skills!T14*(1+Inputs!$B$33/100))/Skills!D14)))+((C48=TRUE)*F48*IF(AND(Inputs!$B$4<>"pvp",Inputs!$B$35>0),(((S48-1)*(Skills!T15*(1+Inputs!$B$33/100))+MIN((Skills!T15*(1+Inputs!$B$33/100)),MAX(0,Inputs!$B$35-((S48-1)*Skills!D15))))/Inputs!$B$35),IF(Inputs!$B$4="pvp",MIN((Skills!T15*(1+Inputs!$B$33/100)),15)/15,(Skills!T15*(1+Inputs!$B$33/100))/Skills!D15)))+((C49=TRUE)*F49*IF(AND(Inputs!$B$4<>"pvp",Inputs!$B$35>0),(((S49-1)*(Skills!T16*(1+Inputs!$B$33/100))+MIN((Skills!T16*(1+Inputs!$B$33/100)),MAX(0,Inputs!$B$35-((S49-1)*Skills!D16))))/Inputs!$B$35),IF(Inputs!$B$4="pvp",MIN((Skills!T16*(1+Inputs!$B$33/100)),15)/15,(Skills!T16*(1+Inputs!$B$33/100))/Skills!D16)))+0)/100)*I42) | L42: =K42*(MIN(Inputs!$B$21+((C55=TRUE)*(F55-Calc!F22)),Inputs!$B$22+((C57=TRUE)*(F57-Calc!F24)))/100+(Inputs!$B$22+((C57=TRUE)*(F57-Calc!F24)))/100)/2 | M42: =L42*(1+(Inputs!$B$9+0+B67)/100) | N42: =L42*(1-MIN((Inputs!$B$8+0+B62),100)/100)+M42*(MIN((Inputs!$B$8+0+B62),100)/100) | O42: =IF(C42,H42*N42*IF(AND(Inputs!$B$4<>"pvp",Inputs!$B$35>0),((Skills!G9*((R42-1)*IF(Skills!H9>0,Skills!I9/Skills!H9,1)+IF(Skills!H9>0,MIN(Skills!I9,MAX(0,Inputs!$B$35-((R42-1)*IF(Inputs!$B$4="pvp",15,MAX(0.1,Skills!D9-IF(Skills!E9=TRUE,Inputs!$B$31,0))))))/Skills!H9,1)))/Inputs!$B$35),G42*Q42)*IF(Inputs!$B$4="pvp",1,(1-Summary!$B$55)*(1)+Summary!$B$55*(MIN(Skills!R9,Inputs!$B$37))),0) | P42: =IF(B70=0,0,O42/B70) | Q42: =IFERROR(1/IF(Inputs!$B$4="pvp",15,MAX(0.1,Skills!D9-IF(Skills!E9=TRUE,Inputs!$B$31,0))),0) | R42: =IF(AND(Inputs!$B$4<>"pvp",Inputs!$B$35>0),(INT(Inputs!$B$35/IF(Inputs!$B$4="pvp",15,MAX(0.1,Skills!D9-IF(Skills!E9=TRUE,Inputs!$B$31,0))))+1),0) | S42: =IFERROR(O42/N42,0)
A43: =Skills!A10 | B43: =Skills!B10 | C43: =Inputs!$B$3>=110 | D43: =IF(Skills!C10=1,60+Inputs!$B$24+Inputs!$B$28,IF(Skills!C10=2,90+Inputs!$B$25+Inputs!$B$28,IF(Skills!C10=3,120+Inputs!$B$26+Inputs!$B$28,MAX(0,(Inputs!$B$3-100)*3)+Inputs!$B$27+Inputs!$B$28))) | E43: =INDEX(FactorTable!$B$2:$Y$301, MATCH(ROUND(MIN(300,MAX(1,D43)),0), FactorTable!$A$2:$A$301,0), Skills!M10+1) | F43: =IF(Skills!N10=TRUE,(Skills!L10/10)*(E43/1000),Skills!L10/10)+Skills!O10 | G43: =Skills!G10*IF(Skills!H10>0,Skills!I10/Skills!H10,1) | H43: =1-(1-Skills!J10/100)^Skills!K10 | I43: 1 | J43: =(Inputs!$B$5*(1+Inputs!$B$6/100))*(F43/100) | K43: =J43*(1+(((Inputs!$B$11+1)*(1+Inputs!$B$12/100))*0.01+Inputs!$B$13*0.0025)/100)*(1+Inputs!$B$14/100)*(1+IF(Inputs!$B$4="pvp",0,(1-Summary!$B$55)*(Inputs!$B$19+0+Skills!P10+((C50=TRUE)*F50*IF(AND(Inputs!$B$4<>"pvp",Inputs!$B$35>0),(((S50-1)*(Skills!T17*(1+Inputs!$B$33/100))+MIN((Skills!T17*(1+Inputs!$B$33/100)),MAX(0,Inputs!$B$35-((S50-1)*Skills!D17))))/Inputs!$B$35),IF(Inputs!$B$4="pvp",MIN((Skills!T17*(1+Inputs!$B$33/100)),15)/15,(Skills!T17*(1+Inputs!$B$33/100))/Skills!D17)))+((C47=TRUE)*IF(Inputs!$B$4="pvp",20,(1-Summary!$B$55)*(20)+Summary!$B$55*(0))*IF(AND(Inputs!$B$4<>"pvp",Inputs!$B$35>0),(((S47-1)*(Skills!T14*(1+Inputs!$B$33/100))+MIN((Skills!T14*(1+Inputs!$B$33/100)),MAX(0,Inputs!$B$35-((S47-1)*Skills!D14))))/Inputs!$B$35),IF(Inputs!$B$4="pvp",MIN((Skills!T14*(1+Inputs!$B$33/100)),15)/15,(Skills!T14*(1+Inputs!$B$33/100))/Skills!D14))))+Summary!$B$55*(Inputs!$B$20+Skills!Q10+((C50=TRUE)*F50*IF(AND(Inputs!$B$4<>"pvp",Inputs!$B$35>0),(((S50-1)*(Skills!T17*(1+Inputs!$B$33/100))+MIN((Skills!T17*(1+Inputs!$B$33/100)),MAX(0,Inputs!$B$35-((S50-1)*Skills!D17))))/Inputs!$B$35),IF(Inputs!$B$4="pvp",MIN((Skills!T17*(1+Inputs!$B$33/100)),15)/15,(Skills!T17*(1+Inputs!$B$33/100))/Skills!D17)))))/100)*(1+Inputs!$B$15/100)*(5000/(6000+Inputs!$B$7*(1-(Inputs!$B$18+0)/100)))*(1+(Inputs!$B$23+((C58=TRUE)*(F58-Calc!F25))+((C59=TRUE)*(F59-Calc!F26))+B68)/100)*(1+(IF(Skills!A10="DARK_IMPALE",Inputs!$B$16+0,Inputs!$B$17+((C56=TRUE)*(F56-Calc!F23))))/100)*((1+(((C46=TRUE)*F46*IF(AND(Inputs!$B$4<>"pvp",Inputs!$B$35>0),(((S46-1)*(Skills!T13*(1+Inputs!$B$33/100))+MIN((Skills!T13*(1+Inputs!$B$33/100)),MAX(0,Inputs!$B$35-((S46-1)*Skills!D13))))/Inputs!$B$35),IF(Inputs!$B$4="pvp",MIN((Skills!T13*(1+Inputs!$B$33/100)),15)/15,(Skills!T13*(1+Inputs!$B$33/100))/Skills!D13)))+((C47=TRUE)*F47*IF(AND(Inputs!$B$4<>"pvp",Inputs!$B$35>0),(((S47-1)*(Skills!T14*(1+Inputs!$B$33/100))+MIN((Skills!T14*(1+Inputs!$B$33/100)),MAX(0,Inputs!$B$35-((S47-1)*Skills!D14))))/Inputs!$B$35),IF(Inputs!$B$4="pvp",MIN((Skills!T14*(1+Inputs!$B$33/100)),15)/15,(Skills!T14*(1+Inputs!$B$33/100))/Skills!D14)))+((C48=TRUE)*F48*IF(AND(Inputs!$B$4<>"pvp",Inputs!$B$35>0),(((S48-1)*(Skills!T15*(1+Inputs!$B$33/100))+MIN((Skills!T15*(1+Inputs!$B$33/100)),MAX(0,Inputs!$B$35-((S48-1)*Skills!D15))))/Inputs!$B$35),IF(Inputs!$B$4="pvp",MIN((Skills!T15*(1+Inputs!$B$33/100)),15)/15,(Skills!T15*(1+Inputs!$B$33/100))/Skills!D15)))+((C49=TRUE)*F49*IF(AND(Inputs!$B$4<>"pvp",Inputs!$B$35>0),(((S49-1)*(Skills!T16*(1+Inputs!$B$33/100))+MIN((Skills!T16*(1+Inputs!$B$33/100)),MAX(0,Inputs!$B$35-((S49-1)*Skills!D16))))/Inputs!$B$35),IF(Inputs!$B$4="pvp",MIN((Skills!T16*(1+Inputs!$B$33/100)),15)/15,(Skills!T16*(1+Inputs!$B$33/100))/Skills!D16)))+0)/100)*I43) | L43: =K43*(MIN(Inputs!$B$21+((C55=TRUE)*(F55-Calc!F22)),Inputs!$B$22+((C57=TRUE)*(F57-Calc!F24)))/100+(Inputs!$B$22+((C57=TRUE)*(F57-Calc!F24)))/100)/2 | M43: =L43*(1+(Inputs!$B$9+0+B67)/100) | N43: =L43*(1-MIN((Inputs!$B$8+0+B62),100)/100)+M43*(MIN((Inputs!$B$8+0+B62),100)/100) | O43: =IF(C43,H43*N43*IF(AND(Inputs!$B$4<>"pvp",Inputs!$B$35>0),((Skills!G10*((R43-1)*IF(Skills!H10>0,Skills!I10/Skills!H10,1)+IF(Skills!H10>0,MIN(Skills!I10,MAX(0,Inputs!$B$35-((R43-1)*IF(Inputs!$B$4="pvp",15,MAX(0.1,Skills!D10-IF(Skills!E10=TRUE,Inputs!$B$31,0))))))/Skills!H10,1)))/Inputs!$B$35),G43*Q43)*IF(Inputs!$B$4="pvp",1,(1-Summary!$B$55)*(1)+Summary!$B$55*(MIN(Skills!R10,Inputs!$B$37))),0) | P43: =IF(B70=0,0,O43/B70) | Q43: =IFERROR(1/IF(Inputs!$B$4="pvp",15,MAX(0.1,Skills!D10-IF(Skills!E10=TRUE,Inputs!$B$31,0))),0) | R43: =IF(AND(Inputs!$B$4<>"pvp",Inputs!$B$35>0),(INT(Inputs!$B$35/IF(Inputs!$B$4="pvp",15,MAX(0.1,Skills!D10-IF(Skills!E10=TRUE,Inputs!$B$31,0))))+1),0) | S43: =IFERROR(O43/N43,0)
A44: =Skills!A11 | B44: =Skills!B11 | C44: =Inputs!$B$3>=100 | D44: =IF(Skills!C11=1,60+Inputs!$B$24+Inputs!$B$28,IF(Skills!C11=2,90+Inputs!$B$25+Inputs!$B$28,IF(Skills!C11=3,120+Inputs!$B$26+Inputs!$B$28,MAX(0,(Inputs!$B$3-100)*3)+Inputs!$B$27+Inputs!$B$28))) | E44: =INDEX(FactorTable!$B$2:$Y$301, MATCH(ROUND(MIN(300,MAX(1,D44)),0), FactorTable!$A$2:$A$301,0), Skills!M11+1) | F44: =IF(Skills!N11=TRUE,(Skills!L11/10)*(E44/1000),Skills!L11/10)+Skills!O11 | I44: 1
A45: =Skills!A12 | B45: =Skills!B12 | C45: =Inputs!$B$3>=63 | D45: =IF(Skills!C12=1,60+Inputs!$B$24+Inputs!$B$28,IF(Skills!C12=2,90+Inputs!$B$25+Inputs!$B$28,IF(Skills!C12=3,120+Inputs!$B$26+Inputs!$B$28,MAX(0,(Inputs!$B$3-100)*3)+Inputs!$B$27+Inputs!$B$28))) | E45: =INDEX(FactorTable!$B$2:$Y$301, MATCH(ROUND(MIN(300,MAX(1,D45)),0), FactorTable!$A$2:$A$301,0), Skills!M12+1) | F45: =IF(Skills!N12=TRUE,(Skills!L12/10)*(E45/1000),Skills!L12/10)+Skills!O12 | G45: =Skills!G12*IF(Skills!H12>0,Skills!I12/Skills!H12,1) | H45: =1-(1-Skills!J12/100)^Skills!K12 | I45: 1 | J45: =(Inputs!$B$5*(1+Inputs!$B$6/100))*(F45/100) | K45: =J45*(1+(((Inputs!$B$11+1)*(1+Inputs!$B$12/100))*0.01+Inputs!$B$13*0.0025)/100)*(1+Inputs!$B$14/100)*(1+IF(Inputs!$B$4="pvp",0,(1-Summary!$B$55)*(Inputs!$B$19+0+Skills!P12+((C50=TRUE)*F50*IF(AND(Inputs!$B$4<>"pvp",Inputs!$B$35>0),(((S50-1)*(Skills!T17*(1+Inputs!$B$33/100))+MIN((Skills!T17*(1+Inputs!$B$33/100)),MAX(0,Inputs!$B$35-((S50-1)*Skills!D17))))/Inputs!$B$35),IF(Inputs!$B$4="pvp",MIN((Skills!T17*(1+Inputs!$B$33/100)),15)/15,(Skills!T17*(1+Inputs!$B$33/100))/Skills!D17)))+((C47=TRUE)*IF(Inputs!$B$4="pvp",20,(1-Summary!$B$55)*(20)+Summary!$B$55*(0))*IF(AND(Inputs!$B$4<>"pvp",Inputs!$B$35>0),(((S47-1)*(Skills!T14*(1+Inputs!$B$33/100))+MIN((Skills!T14*(1+Inputs!$B$33/100)),MAX(0,Inputs!$B$35-((S47-1)*Skills!D14))))/Inputs!$B$35),IF(Inputs!$B$4="pvp",MIN((Skills!T14*(1+Inputs!$B$33/100)),15)/15,(Skills!T14*(1+Inputs!$B$33/100))/Skills!D14))))+Summary!$B$55*(Inputs!$B$20+Skills!Q12+((C50=TRUE)*F50*IF(AND(Inputs!$B$4<>"pvp",Inputs!$B$35>0),(((S50-1)*(Skills!T17*(1+Inputs!$B$33/100))+MIN((Skills!T17*(1+Inputs!$B$33/100)),MAX(0,Inputs!$B$35-((S50-1)*Skills!D17))))/Inputs!$B$35),IF(Inputs!$B$4="pvp",MIN((Skills!T17*(1+Inputs!$B$33/100)),15)/15,(Skills!T17*(1+Inputs!$B$33/100))/Skills!D17)))))/100)*(1+Inputs!$B$15/100)*(5000/(6000+Inputs!$B$7*(1-(Inputs!$B$18+0)/100)))*(1+(Inputs!$B$23+((C58=TRUE)*(F58-Calc!F25))+((C59=TRUE)*(F59-Calc!F26))+B68)/100)*(1+0.75*IF(C44=TRUE,F44,0)/100)*(1+(IF(Skills!A12="DARK_IMPALE",Inputs!$B$16+0,Inputs!$B$17+((C56=TRUE)*(F56-Calc!F23))))/100)*((1+(((C46=TRUE)*F46*IF(AND(Inputs!$B$4<>"pvp",Inputs!$B$35>0),(((S46-1)*(Skills!T13*(1+Inputs!$B$33/100))+MIN((Skills!T13*(1+Inputs!$B$33/100)),MAX(0,Inputs!$B$35-((S46-1)*Skills!D13))))/Inputs!$B$35),IF(Inputs!$B$4="pvp",MIN((Skills!T13*(1+Inputs!$B$33/100)),15)/15,(Skills!T13*(1+Inputs!$B$33/100))/Skills!D13)))+((C47=TRUE)*F47*IF(AND(Inputs!$B$4<>"pvp",Inputs!$B$35>0),(((S47-1)*(Skills!T14*(1+Inputs!$B$33/100))+MIN((Skills!T14*(1+Inputs!$B$33/100)),MAX(0,Inputs!$B$35-((S47-1)*Skills!D14))))/Inputs!$B$35),IF(Inputs!$B$4="pvp",MIN((Skills!T14*(1+Inputs!$B$33/100)),15)/15,(Skills!T14*(1+Inputs!$B$33/100))/Skills!D14)))+((C48=TRUE)*F48*IF(AND(Inputs!$B$4<>"pvp",Inputs!$B$35>0),(((S48-1)*(Skills!T15*(1+Inputs!$B$33/100))+MIN((Skills!T15*(1+Inputs!$B$33/100)),MAX(0,Inputs!$B$35-((S48-1)*Skills!D15))))/Inputs!$B$35),IF(Inputs!$B$4="pvp",MIN((Skills!T15*(1+Inputs!$B$33/100)),15)/15,(Skills!T15*(1+Inputs!$B$33/100))/Skills!D15)))+((C49=TRUE)*F49*IF(AND(Inputs!$B$4<>"pvp",Inputs!$B$35>0),(((S49-1)*(Skills!T16*(1+Inputs!$B$33/100))+MIN((Skills!T16*(1+Inputs!$B$33/100)),MAX(0,Inputs!$B$35-((S49-1)*Skills!D16))))/Inputs!$B$35),IF(Inputs!$B$4="pvp",MIN((Skills!T16*(1+Inputs!$B$33/100)),15)/15,(Skills!T16*(1+Inputs!$B$33/100))/Skills!D16)))+0)/100)*I45) | L45: =K45*(MIN(Inputs!$B$21+((C55=TRUE)*(F55-Calc!F22)),Inputs!$B$22+((C57=TRUE)*(F57-Calc!F24)))/100+(Inputs!$B$22+((C57=TRUE)*(F57-Calc!F24)))/100)/2 | M45: =L45*(1+(Inputs!$B$9+0+B67)/100) | N45: =L45*(1-MIN((Inputs!$B$8+0+B62),100)/100)+M45*(MIN((Inputs!$B$8+0+B62),100)/100) | O45: =IF(C45,H45*N45*IF(AND(Inputs!$B$4<>"pvp",Inputs!$B$35>0),((Skills!G12*((R45-1)*IF(Skills!H12>0,Skills!I12/Skills!H12,1)+IF(Skills!H12>0,MIN(Skills!I12,MAX(0,Inputs!$B$35-((R45-1)*IF(Inputs!$B$4="pvp",15,MAX(0.1,Skills!D12-IF(Skills!E12=TRUE,Inputs!$B$31,0))))))/Skills!H12,1)))/Inputs!$B$35),G45*Q45)*IF(Inputs!$B$4="pvp",1,(1-Summary!$B$55)*(1)+Summary!$B$55*(MIN(Skills!R12,Inputs!$B$37))),0) | P45: =IF(B70=0,0,O45/B70) | Q45: =IFERROR(1/IF(Inputs!$B$4="pvp",15,MAX(0.1,Skills!D12-IF(Skills!E12=TRUE,Inputs!$B$31,0))),0) | R45: =IF(AND(Inputs!$B$4<>"pvp",Inputs!$B$35>0),(INT(Inputs!$B$35/IF(Inputs!$B$4="pvp",15,MAX(0.1,Skills!D12-IF(Skills!E12=TRUE,Inputs!$B$31,0))))+1),0) | S45: =IFERROR(O45/N45,0)
A46: =Skills!A13 | B46: =Skills!B13 | C46: =Inputs!$B$3>=69 | D46: =IF(Skills!C13=1,60+Inputs!$B$24+Inputs!$B$28,IF(Skills!C13=2,90+Inputs!$B$25+Inputs!$B$28,IF(Skills!C13=3,120+Inputs!$B$26+Inputs!$B$28,MAX(0,(Inputs!$B$3-100)*3)+Inputs!$B$27+Inputs!$B$28))) | E46: =INDEX(FactorTable!$B$2:$Y$301, MATCH(ROUND(MIN(300,MAX(1,D46)),0), FactorTable!$A$2:$A$301,0), Skills!M13+1) | F46: =IF(Skills!N13=TRUE,(Skills!L13/10)*(E46/1000),Skills!L13/10)+Skills!O13 | G46: =Skills!G13*IF(Skills!H13>0,Skills!I13/Skills!H13,1) | H46: =1-(1-Skills!J13/100)^Skills!K13 | I46: 1 | O46: 0 | P46: =IF(B70=0,0,O46/B70) | Q46: =IFERROR(1/IF(Inputs!$B$4="pvp",15,MAX(0.1,Skills!D13-IF(Skills!E13=TRUE,Inputs!$B$31,0))),0) | R46: =IF(AND(Inputs!$B$4<>"pvp",Inputs!$B$35>0),(INT(Inputs!$B$35/IF(Inputs!$B$4="pvp",15,MAX(0.1,Skills!D13-IF(Skills!E13=TRUE,Inputs!$B$31,0))))+1),0) | S46: =IFERROR(O46/N46,0)
A47: =Skills!A14 | B47: =Skills!B14 | C47: =Inputs!$B$3>=115 | D47: =IF(Skills!C14=1,60+Inputs!$B$24+Inputs!$B$28,IF(Skills!C14=2,90+Inputs!$B$25+Inputs!$B$28,IF(Skills!C14=3,120+Inputs!$B$26+Inputs!$B$28,MAX(0,(Inputs!$B$3-100)*3)+Inputs!$B$27+Inputs!$B$28))) | E47: =INDEX(FactorTable!$B$2:$Y$301, MATCH(ROUND(MIN(300,MAX(1,D47)),0), FactorTable!$A$2:$A$301,0), Skills!M14+1) | F47: =IF(Skills!N14=TRUE,(Skills!L14/10)*(E47/1000),Skills!L14/10)+Skills!O14 | G47: =Skills!G14*IF(Skills!H14>0,Skills!I14/Skills!H14,1) | H47: =1-(1-Skills!J14/100)^Skills!K14 | I47: 1 | O47: 0 | P47: =IF(B70=0,0,O47/B70) | Q47: =IFERROR(1/IF(Inputs!$B$4="pvp",15,MAX(0.1,Skills!D14-IF(Skills!E14=TRUE,Inputs!$B$31,0))),0) | R47: =IF(AND(Inputs!$B$4<>"pvp",Inputs!$B$35>0),(INT(Inputs!$B$35/IF(Inputs!$B$4="pvp",15,MAX(0.1,Skills!D14-IF(Skills!E14=TRUE,Inputs!$B$31,0))))+1),0) | S47: =IFERROR(O47/N47,0)
A48: =Skills!A15 | B48: =Skills!B15 | C48: =Inputs!$B$3>=66 | D48: =IF(Skills!C15=1,60+Inputs!$B$24+Inputs!$B$28,IF(Skills!C15=2,90+Inputs!$B$25+Inputs!$B$28,IF(Skills!C15=3,120+Inputs!$B$26+Inputs!$B$28,MAX(0,(Inputs!$B$3-100)*3)+Inputs!$B$27+Inputs!$B$28))) | E48: =INDEX(FactorTable!$B$2:$Y$301, MATCH(ROUND(MIN(300,MAX(1,D48)),0), FactorTable!$A$2:$A$301,0), Skills!M15+1) | F48: =IF(Skills!N15=TRUE,(Skills!L15/10)*(E48/1000),Skills!L15/10)+Skills!O15 | G48: =Skills!G15*IF(Skills!H15>0,Skills!I15/Skills!H15,1) | H48: =1-(1-Skills!J15/100)^Skills!K15 | I48: 1 | O48: 0 | P48: =IF(B70=0,0,O48/B70) | Q48: =IFERROR(1/IF(Inputs!$B$4="pvp",15,MAX(0.1,Skills!D15-IF(Skills!E15=TRUE,Inputs!$B$31,0))),0) | R48: =IF(AND(Inputs!$B$4<>"pvp",Inputs!$B$35>0),(INT(Inputs!$B$35/IF(Inputs!$B$4="pvp",15,MAX(0.1,Skills!D15-IF(Skills!E15=TRUE,Inputs!$B$31,0))))+1),0) | S48: =IFERROR(O48/N48,0)
A49: =Skills!A16 | B49: =Skills!B16 | C49: =Inputs!$B$3>=45 | D49: =IF(Skills!C16=1,60+Inputs!$B$24+Inputs!$B$28,IF(Skills!C16=2,90+Inputs!$B$25+Inputs!$B$28,IF(Skills!C16=3,120+Inputs!$B$26+Inputs!$B$28,MAX(0,(Inputs!$B$3-100)*3)+Inputs!$B$27+Inputs!$B$28))) | E49: =INDEX(FactorTable!$B$2:$Y$301, MATCH(ROUND(MIN(300,MAX(1,D49)),0), FactorTable!$A$2:$A$301,0), Skills!M16+1) | F49: =IF(Skills!N16=TRUE,(Skills!L16/10)*(E49/1000),Skills!L16/10)+Skills!O16 | G49: =Skills!G16*IF(Skills!H16>0,Skills!I16/Skills!H16,1) | H49: =1-(1-Skills!J16/100)^Skills!K16 | I49: 1 | O49: 0 | P49: =IF(B70=0,0,O49/B70) | Q49: =IFERROR(1/IF(Inputs!$B$4="pvp",15,MAX(0.1,Skills!D16-IF(Skills!E16=TRUE,Inputs!$B$31,0))),0) | R49: =IF(AND(Inputs!$B$4<>"pvp",Inputs!$B$35>0),(INT(Inputs!$B$35/IF(Inputs!$B$4="pvp",15,MAX(0.1,Skills!D16-IF(Skills!E16=TRUE,Inputs!$B$31,0))))+1),0) | S49: =IFERROR(O49/N49,0)
A50: =Skills!A17 | B50: =Skills!B17 | C50: =Inputs!$B$3>=35 | D50: =IF(Skills!C17=1,60+Inputs!$B$24+Inputs!$B$28,IF(Skills!C17=2,90+Inputs!$B$25+Inputs!$B$28,IF(Skills!C17=3,120+Inputs!$B$26+Inputs!$B$28,MAX(0,(Inputs!$B$3-100)*3)+Inputs!$B$27+Inputs!$B$28))) | E50: =INDEX(FactorTable!$B$2:$Y$301, MATCH(ROUND(MIN(300,MAX(1,D50)),0), FactorTable!$A$2:$A$301,0), Skills!M17+1) | F50: =IF(Skills!N17=TRUE,(Skills!L17/10)*(E50/1000),Skills!L17/10)+Skills!O17 | G50: =Skills!G17*IF(Skills!H17>0,Skills!I17/Skills!H17,1) | H50: =1-(1-Skills!J17/100)^Skills!K17 | I50: 1 | O50: 0 | P50: =IF(B70=0,0,O50/B70) | Q50: =IFERROR(1/IF(Inputs!$B$4="pvp",15,MAX(0.1,Skills!D17-IF(Skills!E17=TRUE,Inputs!$B$31,0))),0) | R50: =IF(AND(Inputs!$B$4<>"pvp",Inputs!$B$35>0),(INT(Inputs!$B$35/IF(Inputs!$B$4="pvp",15,MAX(0.1,Skills!D17-IF(Skills!E17=TRUE,Inputs!$B$31,0))))+1),0) | S50: =IFERROR(O50/N50,0)
A51: =Skills!A18 | B51: =Skills!B18 | C51: =Inputs!$B$3>=72 | D51: =IF(Skills!C18=1,60+Inputs!$B$24+Inputs!$B$28,IF(Skills!C18=2,90+Inputs!$B$25+Inputs!$B$28,IF(Skills!C18=3,120+Inputs!$B$26+Inputs!$B$28,MAX(0,(Inputs!$B$3-100)*3)+Inputs!$B$27+Inputs!$B$28))) | E51: =INDEX(FactorTable!$B$2:$Y$301, MATCH(ROUND(MIN(300,MAX(1,D51)),0), FactorTable!$A$2:$A$301,0), Skills!M18+1) | F51: =IF(Skills!N18=TRUE,(Skills!L18/10)*(E51/1000),Skills!L18/10)+Skills!O18 | G51: =Skills!G18*IF(Skills!H18>0,Skills!I18/Skills!H18,1) | H51: =1-(1-Skills!J18/100)^Skills!K18 | I51: 1 | O51: 0 | P51: =IF(B70=0,0,O51/B70) | Q51: =IFERROR(1/IF(Inputs!$B$4="pvp",15,MAX(0.1,Skills!D18-IF(Skills!E18=TRUE,Inputs!$B$31,0))),0) | R51: =IF(AND(Inputs!$B$4<>"pvp",Inputs!$B$35>0),(INT(Inputs!$B$35/IF(Inputs!$B$4="pvp",15,MAX(0.1,Skills!D18-IF(Skills!E18=TRUE,Inputs!$B$31,0))))+1),0) | S51: =IFERROR(O51/N51,0)
A52: =Skills!A19 | B52: =Skills!B19 | C52: =Inputs!$B$3>=72 | D52: =IF(Skills!C19=1,60+Inputs!$B$24+Inputs!$B$28,IF(Skills!C19=2,90+Inputs!$B$25+Inputs!$B$28,IF(Skills!C19=3,120+Inputs!$B$26+Inputs!$B$28,MAX(0,(Inputs!$B$3-100)*3)+Inputs!$B$27+Inputs!$B$28))) | E52: =INDEX(FactorTable!$B$2:$Y$301, MATCH(ROUND(MIN(300,MAX(1,D52)),0), FactorTable!$A$2:$A$301,0), Skills!M19+1) | F52: =IF(Skills!N19=TRUE,(Skills!L19/10)*(E52/1000),Skills!L19/10)+Skills!O19 | G52: =Skills!G19*IF(Skills!H19>0,Skills!I19/Skills!H19,1) | H52: =1-(1-Skills!J19/100)^Skills!K19 | I52: 1 | O52: 0 | P52: =IF(B70=0,0,O52/B70) | Q52: =IFERROR(1/IF(Inputs!$B$4="pvp",15,MAX(0.1,Skills!D19-IF(Skills!E19=TRUE,Inputs!$B$31,0))),0) | R52: =IF(AND(Inputs!$B$4<>"pvp",Inputs!$B$35>0),(INT(Inputs!$B$35/IF(Inputs!$B$4="pvp",15,MAX(0.1,Skills!D19-IF(Skills!E19=TRUE,Inputs!$B$31,0))))+1),0) | S52: =IFERROR(O52/N52,0)
A53: =Skills!A20 | B53: =Skills!B20 | C53: =TRUE | D53: =IF(Skills!C20=1,60+Inputs!$B$24+Inputs!$B$28,IF(Skills!C20=2,90+Inputs!$B$25+Inputs!$B$28,IF(Skills!C20=3,120+Inputs!$B$26+Inputs!$B$28,MAX(0,(Inputs!$B$3-100)*3)+Inputs!$B$27+Inputs!$B$28))) | E53: =INDEX(FactorTable!$B$2:$Y$301, MATCH(ROUND(MIN(300,MAX(1,D53)),0), FactorTable!$A$2:$A$301,0), Skills!M20+1) | F53: =IF(Skills!N20=TRUE,(Skills!L20/10)*(E53/1000),Skills!L20/10)+Skills!O20 | G53: =Skills!G20*IF(Skills!H20>0,Skills!I20/Skills!H20,1) | H53: =1-(1-Skills!J20/100)^Skills!K20 | I53: 1 | O53: 0 | P53: =IF(B70=0,0,O53/B70) | Q53: =IFERROR(1/IF(Inputs!$B$4="pvp",15,MAX(0.1,Skills!D20-IF(Skills!E20=TRUE,Inputs!$B$31,0))),0) | R53: =IF(AND(Inputs!$B$4<>"pvp",Inputs!$B$35>0),(INT(Inputs!$B$35/IF(Inputs!$B$4="pvp",15,MAX(0.1,Skills!D20-IF(Skills!E20=TRUE,Inputs!$B$31,0))))+1),0) | S53: =IFERROR(O53/N53,0)
A54: =Skills!A21 | B54: =Skills!B21 | C54: =Inputs!$B$3>=33 | D54: =IF(Skills!C21=1,60+Inputs!$B$24+Inputs!$B$28,IF(Skills!C21=2,90+Inputs!$B$25+Inputs!$B$28,IF(Skills!C21=3,120+Inputs!$B$26+Inputs!$B$28,MAX(0,(Inputs!$B$3-100)*3)+Inputs!$B$27+Inputs!$B$28))) | E54: =INDEX(FactorTable!$B$2:$Y$301, MATCH(ROUND(MIN(300,MAX(1,D54)),0), FactorTable!$A$2:$A$301,0), Skills!M21+1) | F54: =IF(Skills!N21=TRUE,(Skills!L21/10)*(E54/1000),Skills!L21/10)+Skills!O21 | G54: =Skills!G21*IF(Skills!H21>0,Skills!I21/Skills!H21,1) | H54: =1-(1-Skills!J21/100)^Skills!K21 | I54: 1 | O54: 0 | P54: =IF(B70=0,0,O54/B70) | Q54: 0 | R54: 0 | S54: =IFERROR(O54/N54,0)
A55: =Skills!A22 | B55: =Skills!B22 | C55: =Inputs!$B$3>=43 | D55: =IF(Skills!C22=1,60+Inputs!$B$24+Inputs!$B$28,IF(Skills!C22=2,90+Inputs!$B$25+Inputs!$B$28,IF(Skills!C22=3,120+Inputs!$B$26+Inputs!$B$28,MAX(0,(Inputs!$B$3-100)*3)+Inputs!$B$27+Inputs!$B$28))) | E55: =INDEX(FactorTable!$B$2:$Y$301, MATCH(ROUND(MIN(300,MAX(1,D55)),0), FactorTable!$A$2:$A$301,0), Skills!M22+1) | F55: =IF(Skills!N22=TRUE,(Skills!L22/10)*(E55/1000),Skills!L22/10)+Skills!O22 | G55: =Skills!G22*IF(Skills!H22>0,Skills!I22/Skills!H22,1) | H55: =1-(1-Skills!J22/100)^Skills!K22 | I55: 1 | O55: 0 | P55: =IF(B70=0,0,O55/B70) | Q55: 0 | R55: 0 | S55: =IFERROR(O55/N55,0)
A56: =Skills!A23 | B56: =Skills!B23 | C56: =Inputs!$B$3>=120 | D56: =IF(Skills!C23=1,60+Inputs!$B$24+Inputs!$B$28,IF(Skills!C23=2,90+Inputs!$B$25+Inputs!$B$28,IF(Skills!C23=3,120+Inputs!$B$26+Inputs!$B$28,MAX(0,(Inputs!$B$3-100)*3)+Inputs!$B$27+Inputs!$B$28))) | E56: =INDEX(FactorTable!$B$2:$Y$301, MATCH(ROUND(MIN(300,MAX(1,D56)),0), FactorTable!$A$2:$A$301,0), Skills!M23+1) | F56: =IF(Skills!N23=TRUE,(Skills!L23/10)*(E56/1000),Skills!L23/10)+Skills!O23 | G56: =Skills!G23*IF(Skills!H23>0,Skills!I23/Skills!H23,1) | H56: =1-(1-Skills!J23/100)^Skills!K23 | I56: 1 | O56: 0 | P56: =IF(B70=0,0,O56/B70) | Q56: 0 | R56: 0 | S56: =IFERROR(O56/N56,0)
A57: =Skills!A24 | B57: =Skills!B24 | C57: =Inputs!$B$3>=120 | D57: =IF(Skills!C24=1,60+Inputs!$B$24+Inputs!$B$28,IF(Skills!C24=2,90+Inputs!$B$25+Inputs!$B$28,IF(Skills!C24=3,120+Inputs!$B$26+Inputs!$B$28,MAX(0,(Inputs!$B$3-100)*3)+Inputs!$B$27+Inputs!$B$28))) | E57: =INDEX(FactorTable!$B$2:$Y$301, MATCH(ROUND(MIN(300,MAX(1,D57)),0), FactorTable!$A$2:$A$301,0), Skills!M24+1) | F57: =IF(Skills!N24=TRUE,(Skills!L24/10)*(E57/1000),Skills!L24/10)+Skills!O24 | G57: =Skills!G24*IF(Skills!H24>0,Skills!I24/Skills!H24,1) | H57: =1-(1-Skills!J24/100)^Skills!K24 | I57: 1 | O57: 0 | P57: =IF(B70=0,0,O57/B70) | Q57: 0 | R57: 0 | S57: =IFERROR(O57/N57,0)
A58: =Skills!A25 | B58: =Skills!B25 | C58: =Inputs!$B$3>=125 | D58: =IF(Skills!C25=1,60+Inputs!$B$24+Inputs!$B$28,IF(Skills!C25=2,90+Inputs!$B$25+Inputs!$B$28,IF(Skills!C25=3,120+Inputs!$B$26+Inputs!$B$28,MAX(0,(Inputs!$B$3-100)*3)+Inputs!$B$27+Inputs!$B$28))) | E58: =INDEX(FactorTable!$B$2:$Y$301, MATCH(ROUND(MIN(300,MAX(1,D58)),0), FactorTable!$A$2:$A$301,0), Skills!M25+1) | F58: =IF(Skills!N25=TRUE,(Skills!L25/10)*(E58/1000),Skills!L25/10)+Skills!O25 | G58: =Skills!G25*IF(Skills!H25>0,Skills!I25/Skills!H25,1) | H58: =1-(1-Skills!J25/100)^Skills!K25 | I58: 1 | O58: 0 | P58: =IF(B70=0,0,O58/B70) | Q58: 0 | R58: 0 | S58: =IFERROR(O58/N58,0)
A59: =Skills!A26 | B59: =Skills!B26 | C59: =Inputs!$B$3>=107 | D59: =IF(Skills!C26=1,60+Inputs!$B$24+Inputs!$B$28,IF(Skills!C26=2,90+Inputs!$B$25+Inputs!$B$28,IF(Skills!C26=3,120+Inputs!$B$26+Inputs!$B$28,MAX(0,(Inputs!$B$3-100)*3)+Inputs!$B$27+Inputs!$B$28))) | E59: =INDEX(FactorTable!$B$2:$Y$301, MATCH(ROUND(MIN(300,MAX(1,D59)),0), FactorTable!$A$2:$A$301,0), Skills!M26+1) | F59: =IF(Skills!N26=TRUE,(Skills!L26/10)*(E59/1000),Skills!L26/10)+Skills!O26 | G59: =Skills!G26*IF(Skills!H26>0,Skills!I26/Skills!H26,1) | H59: =1-(1-Skills!J26/100)^Skills!K26 | I59: 1 | O59: 0 | P59: =IF(B70=0,0,O59/B70) | Q59: 0 | R59: 0 | S59: =IFERROR(O59/N59,0)
A61: Attack% Bucket Multiplier | B61: =(1+(((C46=TRUE)*F46*IF(AND(Inputs!$B$4<>"pvp",Inputs!$B$35>0),(((S46-1)*(Skills!T13*(1+Inputs!$B$33/100))+MIN((Skills!T13*(1+Inputs!$B$33/100)),MAX(0,Inputs!$B$35-((S46-1)*Skills!D13))))/Inputs!$B$35),IF(Inputs!$B$4="pvp",MIN((Skills!T13*(1+Inputs!$B$33/100)),15)/15,(Skills!T13*(1+Inputs!$B$33/100))/Skills!D13)))+((C47=TRUE)*F47*IF(AND(Inputs!$B$4<>"pvp",Inputs!$B$35>0),(((S47-1)*(Skills!T14*(1+Inputs!$B$33/100))+MIN((Skills!T14*(1+Inputs!$B$33/100)),MAX(0,Inputs!$B$35-((S47-1)*Skills!D14))))/Inputs!$B$35),IF(Inputs!$B$4="pvp",MIN((Skills!T14*(1+Inputs!$B$33/100)),15)/15,(Skills!T14*(1+Inputs!$B$33/100))/Skills!D14)))+((C48=TRUE)*F48*IF(AND(Inputs!$B$4<>"pvp",Inputs!$B$35>0),(((S48-1)*(Skills!T15*(1+Inputs!$B$33/100))+MIN((Skills!T15*(1+Inputs!$B$33/100)),MAX(0,Inputs!$B$35-((S48-1)*Skills!D15))))/Inputs!$B$35),IF(Inputs!$B$4="pvp",MIN((Skills!T15*(1+Inputs!$B$33/100)),15)/15,(Skills!T15*(1+Inputs!$B$33/100))/Skills!D15)))+((C49=TRUE)*F49*IF(AND(Inputs!$B$4<>"pvp",Inputs!$B$35>0),(((S49-1)*(Skills!T16*(1+Inputs!$B$33/100))+MIN((Skills!T16*(1+Inputs!$B$33/100)),MAX(0,Inputs!$B$35-((S49-1)*Skills!D16))))/Inputs!$B$35),IF(Inputs!$B$4="pvp",MIN((Skills!T16*(1+Inputs!$B$33/100)),15)/15,(Skills!T16*(1+Inputs!$B$33/100))/Skills!D16)))+0)/100)
A62: Global Crit Rate Bonus % (Lord of Darkness) | B62: =((C51=TRUE)*F51*(Skills!J18/100)*IF(AND(Inputs!$B$4<>"pvp",Inputs!$B$35>0),(((S51-1)*(Skills!T18*(1+Inputs!$B$33/100))+MIN((Skills!T18*(1+Inputs!$B$33/100)),MAX(0,Inputs!$B$35-((S51-1)*Skills!D18))))/Inputs!$B$35),IF(Inputs!$B$4="pvp",MIN((Skills!T18*(1+Inputs!$B$33/100)),15)/15,(Skills!T18*(1+Inputs!$B$33/100))/Skills!D18)))
A63: Attack Speed Buff Bonus % | B63: =((C53=TRUE)*F53*IF(AND(Inputs!$B$4<>"pvp",Inputs!$B$35>0),(((S53-1)*(Skills!T20*(1+Inputs!$B$33/100))+MIN((Skills!T20*(1+Inputs!$B$33/100)),MAX(0,Inputs!$B$35-((S53-1)*Skills!D20))))/Inputs!$B$35),IF(Inputs!$B$4="pvp",MIN((Skills!T20*(1+Inputs!$B$33/100)),15)/15,(Skills!T20*(1+Inputs!$B$33/100))/Skills!D20)))
A64: Actions Per Second | B64: =1+MIN(150,150*(1-(1-(Inputs!$B$10+((C54=TRUE)*(F54-Calc!F21)))/150)*(1-B63/150)))/100
A65: Skill + Buff Cast Rate | B65: =IF(AND(Inputs!$B$4<>"pvp",Inputs!$B$35>0),SUMPRODUCT((Skills!E2:E26=TRUE)*(C35:C59=TRUE)*R35:R59*Skills!F2:F26)/Inputs!$B$35,SUMPRODUCT((Skills!E2:E26=TRUE)*(C35:C59=TRUE)*Q35:Q59*Skills!F2:F26))
A66: Dark Impale Casts Per Second | B66: =MAX(0,B64-B65)
A67: Global Critical Damage Bonus % (Lord of Darkness) | B67: =((C52=TRUE)*F52*(Skills!J19/100)*IF(AND(Inputs!$B$4<>"pvp",Inputs!$B$35>0),(((S52-1)*(Skills!T19*(1+Inputs!$B$33/100))+MIN((Skills!T19*(1+Inputs!$B$33/100)),MAX(0,Inputs!$B$35-((S52-1)*Skills!D19))))/Inputs!$B$35),IF(Inputs!$B$4="pvp",MIN((Skills!T19*(1+Inputs!$B$33/100)),15)/15,(Skills!T19*(1+Inputs!$B$33/100))/Skills!D19)))
A68: Global Final Damage Bonus % (unused) | B68: 0
A70: TOTAL DPS | B70: =SUM(O35:O59)
A73: Stat: STR %
A74: Key | B74: Name | C74: Unlocked | D74: InputLevel | E74: Factor | F74: CoefficientPercent | G74: EffectiveHits | H74: ProcProbability | I74: MapleHeroMultiplier | J74: BaseDamage | K74: BaseHitDamage | L74: NonCritAvg | M74: CritAvg | N74: ExpectedDamage(perHit) | O74: DPS | P74: % of Total | Q74: InvCooldown | R74: CastsInFight | S74: HitRate(perSec) | U74: helpers
A75: =Skills!A2 | B75: =Skills!B2 | C75: =Inputs!$B$3>=100 | F75: =U77+Skills!O2 | G75: =Skills!G2*IF(Skills!H2>0,Skills!I2/Skills!H2,1) | H75: =1-(1-Skills!J2/100)^Skills!K2 | I75: 1 | J75: =(Inputs!$B$5*(1+Inputs!$B$6/100))*(F75/100) | K75: =J75*(1+((Inputs!$B$11*(1+(Inputs!$B$12+1)/100))*0.01+Inputs!$B$13*0.0025)/100)*(1+Inputs!$B$14/100)*(1+IF(Inputs!$B$4="pvp",0,(1-Summary!$B$55)*(Inputs!$B$19+0+Skills!P2+((C90=TRUE)*F90*IF(AND(Inputs!$B$4<>"pvp",Inputs!$B$35>0),(((S90-1)*(Skills!T17*(1+Inputs!$B$33/100))+MIN((Skills!T17*(1+Inputs!$B$33/100)),MAX(0,Inputs!$B$35-((S90-1)*Skills!D17))))/Inputs!$B$35),IF(Inputs!$B$4="pvp",MIN((Skills!T17*(1+Inputs!$B$33/100)),15)/15,(Skills!T17*(1+Inputs!$B$33/100))/Skills!D17)))+((C87=TRUE)*IF(Inputs!$B$4="pvp",20,(1-Summary!$B$55)*(20)+Summary!$B$55*(0))*IF(AND(Inputs!$B$4<>"pvp",Inputs!$B$35>0),(((S87-1)*(Skills!T14*(1+Inputs!$B$33/100))+MIN((Skills!T14*(1+Inputs!$B$33/100)),MAX(0,Inputs!$B$35-((S87-1)*Skills!D14))))/Inputs!$B$35),IF(Inputs!$B$4="pvp",MIN((Skills!T14*(1+Inputs!$B$33/100)),15)/15,(Skills!T14*(1+Inputs!$B$33/100))/Skills!D14))))+Summary!$B$55*(Inputs!$B$20+Skills!Q2+((C90=TRUE)*F90*IF(AND(Inputs!$B$4<>"pvp",Inputs!$B$35>0),(((S90-1)*(Skills!T17*(1+Inputs!$B$33/100))+MIN((Skills!T17*(1+Inputs!$B$33/100)),MAX(0,Inputs!$B$35-((S90-1)*Skills!D17))))/Inputs!$B$35),IF(Inputs!$B$4="pvp",MIN((Skills!T17*(1+Inputs!$B$33/100)),15)/15,(Skills!T17*(1+Inputs!$B$33/100))/Skills!D17)))))/100)*(1+Inputs!$B$15/100)*(5000/(6000+Inputs!$B$7*(1-(Inputs!$B$18+0)/100)))*(1+(Inputs!$B$23+((C98=TRUE)*(F98-Calc!F25))+((C99=TRUE)*(F99-Calc!F26))+B108)/100)*(1+(IF(Skills!A2="DARK_IMPALE",Inputs!$B$16+0,Inputs!$B$17+((C96=TRUE)*(F96-Calc!F23))))/100)*((1+(((C86=TRUE)*F86*IF(AND(Inputs!$B$4<>"pvp",Inputs!$B$35>0),(((S86-1)*(Skills!T13*(1+Inputs!$B$33/100))+MIN((Skills!T13*(1+Inputs!$B$33/100)),MAX(0,Inputs!$B$35-((S86-1)*Skills!D13))))/Inputs!$B$35),IF(Inputs!$B$4="pvp",MIN((Skills!T13*(1+Inputs!$B$33/100)),15)/15,(Skills!T13*(1+Inputs!$B$33/100))/Skills!D13)))+((C87=TRUE)*F87*IF(AND(Inputs!$B$4<>"pvp",Inputs!$B$35>0),(((S87-1)*(Skills!T14*(1+Inputs!$B$33/100))+MIN((Skills!T14*(1+Inputs!$B$33/100)),MAX(0,Inputs!$B$35-((S87-1)*Skills!D14))))/Inputs!$B$35),IF(Inputs!$B$4="pvp",MIN((Skills!T14*(1+Inputs!$B$33/100)),15)/15,(Skills!T14*(1+Inputs!$B$33/100))/Skills!D14)))+((C88=TRUE)*F88*IF(AND(Inputs!$B$4<>"pvp",Inputs!$B$35>0),(((S88-1)*(Skills!T15*(1+Inputs!$B$33/100))+MIN((Skills!T15*(1+Inputs!$B$33/100)),MAX(0,Inputs!$B$35-((S88-1)*Skills!D15))))/Inputs!$B$35),IF(Inputs!$B$4="pvp",MIN((Skills!T15*(1+Inputs!$B$33/100)),15)/15,(Skills!T15*(1+Inputs!$B$33/100))/Skills!D15)))+((C89=TRUE)*F89*IF(AND(Inputs!$B$4<>"pvp",Inputs!$B$35>0),(((S89-1)*(Skills!T16*(1+Inputs!$B$33/100))+MIN((Skills!T16*(1+Inputs!$B$33/100)),MAX(0,Inputs!$B$35-((S89-1)*Skills!D16))))/Inputs!$B$35),IF(Inputs!$B$4="pvp",MIN((Skills!T16*(1+Inputs!$B$33/100)),15)/15,(Skills!T16*(1+Inputs!$B$33/100))/Skills!D16)))+0)/100)*I75) | L75: =K75*(MIN(Inputs!$B$21+((C95=TRUE)*(F95-Calc!F22)),Inputs!$B$22+((C97=TRUE)*(F97-Calc!F24)))/100+(Inputs!$B$22+((C97=TRUE)*(F97-Calc!F24)))/100)/2 | M75: =L75*(1+(Inputs!$B$9+0+B107)/100) | N75: =L75*(1-MIN((Inputs!$B$8+0+B102),100)/100)+M75*(MIN((Inputs!$B$8+0+B102),100)/100) | O75: =IF(C75,Skills!G2*N75*B106*IF(Inputs!$B$4="pvp",1,(1-Summary!$B$55)*(1)+Summary!$B$55*(MIN((6+Inputs!$B$32),Inputs!$B$37))),0) | P75: =IF(B110=0,0,O75/B110) | Q75: 0 | R75: 0 | S75: =IFERROR(O75/N75,0) | U75: =MAX(0,(Inputs!$B$3-100)*3)+Inputs!$B$27+Inputs!$B$28
A76: =Skills!A3 | B76: =Skills!B3 | C76: =Inputs!$B$3>=50 | D76: =IF(Skills!C3=1,60+Inputs!$B$24+Inputs!$B$28,IF(Skills!C3=2,90+Inputs!$B$25+Inputs!$B$28,IF(Skills!C3=3,120+Inputs!$B$26+Inputs!$B$28,MAX(0,(Inputs!$B$3-100)*3)+Inputs!$B$27+Inputs!$B$28))) | E76: =INDEX(FactorTable!$B$2:$Y$301, MATCH(ROUND(MIN(300,MAX(1,D76)),0), FactorTable!$A$2:$A$301,0), Skills!M3+1) | F76: =IF(Skills!N3=TRUE,(Skills!L3/10)*(E76/1000),Skills!L3/10)+Skills!O3 | I76: 1 | U76: =INDEX(FactorTable!$B$2:$Y$301, MATCH(ROUND(MIN(300,MAX(1,U75)),0), FactorTable!$A$2:$A$301,0), 22)
A77: =Skills!A4 | B77: =Skills!B4 | C77: =Inputs!$B$3>=105 | D77: =IF(Skills!C4=1,60+Inputs!$B$24+Inputs!$B$28,IF(Skills!C4=2,90+Inputs!$B$25+Inputs!$B$28,IF(Skills!C4=3,120+Inputs!$B$26+Inputs!$B$28,MAX(0,(Inputs!$B$3-100)*3)+Inputs!$B$27+Inputs!$B$28))) | E77: =INDEX(FactorTable!$B$2:$Y$301, MATCH(ROUND(MIN(300,MAX(1,D77)),0), FactorTable!$A$2:$A$301,0), Skills!M4+1) | F77: =IF(Skills!N4=TRUE,(Skills!L4/10)*(E77/1000),Skills!L4/10)+Skills!O4 | I77: 1 | U77: =290*U76/1000
A78: =Skills!A5 | B78: =Skills!B5 | C78: =Inputs!$B$3>=117 | D78: =IF(Skills!C5=1,60+Inputs!$B$24+Inputs!$B$28,IF(Skills!C5=2,90+Inputs!$B$25+Inputs!$B$28,IF(Skills!C5=3,120+Inputs!$B$26+Inputs!$B$28,MAX(0,(Inputs!$B$3-100)*3)+Inputs!$B$27+Inputs!$B$28))) | E78: =INDEX(FactorTable!$B$2:$Y$301, MATCH(ROUND(MIN(300,MAX(1,D78)),0), FactorTable!$A$2:$A$301,0), Skills!M5+1) | F78: =IF(Skills!N5=TRUE,(Skills!L5/10)*(E78/1000),Skills!L5/10)+Skills!O5 | G78: =Skills!G5*IF(Skills!H5>0,Skills!I5/Skills!H5,1) | H78: =1-(1-Skills!J5/100)^Skills!K5 | I78: 1 | J78: =(Inputs!$B$5*(1+Inputs!$B$6/100))*(F78/100) | K78: =J78*(1+((Inputs!$B$11*(1+(Inputs!$B$12+1)/100))*0.01+Inputs!$B$13*0.0025)/100)*(1+Inputs!$B$14/100)*(1+IF(Inputs!$B$4="pvp",0,(1-Summary!$B$55)*(Inputs!$B$19+0+Skills!P5+((C90=TRUE)*F90*IF(AND(Inputs!$B$4<>"pvp",Inputs!$B$35>0),(((S90-1)*(Skills!T17*(1+Inputs!$B$33/100))+MIN((Skills!T17*(1+Inputs!$B$33/100)),MAX(0,Inputs!$B$35-((S90-1)*Skills!D17))))/Inputs!$B$35),IF(Inputs!$B$4="pvp",MIN((Skills!T17*(1+Inputs!$B$33/100)),15)/15,(Skills!T17*(1+Inputs!$B$33/100))/Skills!D17)))+((C87=TRUE)*IF(Inputs!$B$4="pvp",20,(1-Summary!$B$55)*(20)+Summary!$B$55*(0))*IF(AND(Inputs!$B$4<>"pvp",Inputs!$B$35>0),(((S87-1)*(Skills!T14*(1+Inputs!$B$33/100))+MIN((Skills!T14*(1+Inputs!$B$33/100)),MAX(0,Inputs!$B$35-((S87-1)*Skills!D14))))/Inputs!$B$35),IF(Inputs!$B$4="pvp",MIN((Skills!T14*(1+Inputs!$B$33/100)),15)/15,(Skills!T14*(1+Inputs!$B$33/100))/Skills!D14))))+Summary!$B$55*(Inputs!$B$20+Skills!Q5+((C90=TRUE)*F90*IF(AND(Inputs!$B$4<>"pvp",Inputs!$B$35>0),(((S90-1)*(Skills!T17*(1+Inputs!$B$33/100))+MIN((Skills!T17*(1+Inputs!$B$33/100)),MAX(0,Inputs!$B$35-((S90-1)*Skills!D17))))/Inputs!$B$35),IF(Inputs!$B$4="pvp",MIN((Skills!T17*(1+Inputs!$B$33/100)),15)/15,(Skills!T17*(1+Inputs!$B$33/100))/Skills!D17)))))/100)*(1+Inputs!$B$15/100)*(5000/(6000+Inputs!$B$7*(1-(Inputs!$B$18+0)/100)))*(1+(Inputs!$B$23+((C98=TRUE)*(F98-Calc!F25))+((C99=TRUE)*(F99-Calc!F26))+B108)/100)*(1+(IF(Skills!A5="DARK_IMPALE",Inputs!$B$16+0,Inputs!$B$17+((C96=TRUE)*(F96-Calc!F23))))/100)*((1+(((C86=TRUE)*F86*IF(AND(Inputs!$B$4<>"pvp",Inputs!$B$35>0),(((S86-1)*(Skills!T13*(1+Inputs!$B$33/100))+MIN((Skills!T13*(1+Inputs!$B$33/100)),MAX(0,Inputs!$B$35-((S86-1)*Skills!D13))))/Inputs!$B$35),IF(Inputs!$B$4="pvp",MIN((Skills!T13*(1+Inputs!$B$33/100)),15)/15,(Skills!T13*(1+Inputs!$B$33/100))/Skills!D13)))+((C87=TRUE)*F87*IF(AND(Inputs!$B$4<>"pvp",Inputs!$B$35>0),(((S87-1)*(Skills!T14*(1+Inputs!$B$33/100))+MIN((Skills!T14*(1+Inputs!$B$33/100)),MAX(0,Inputs!$B$35-((S87-1)*Skills!D14))))/Inputs!$B$35),IF(Inputs!$B$4="pvp",MIN((Skills!T14*(1+Inputs!$B$33/100)),15)/15,(Skills!T14*(1+Inputs!$B$33/100))/Skills!D14)))+((C88=TRUE)*F88*IF(AND(Inputs!$B$4<>"pvp",Inputs!$B$35>0),(((S88-1)*(Skills!T15*(1+Inputs!$B$33/100))+MIN((Skills!T15*(1+Inputs!$B$33/100)),MAX(0,Inputs!$B$35-((S88-1)*Skills!D15))))/Inputs!$B$35),IF(Inputs!$B$4="pvp",MIN((Skills!T15*(1+Inputs!$B$33/100)),15)/15,(Skills!T15*(1+Inputs!$B$33/100))/Skills!D15)))+((C89=TRUE)*F89*IF(AND(Inputs!$B$4<>"pvp",Inputs!$B$35>0),(((S89-1)*(Skills!T16*(1+Inputs!$B$33/100))+MIN((Skills!T16*(1+Inputs!$B$33/100)),MAX(0,Inputs!$B$35-((S89-1)*Skills!D16))))/Inputs!$B$35),IF(Inputs!$B$4="pvp",MIN((Skills!T16*(1+Inputs!$B$33/100)),15)/15,(Skills!T16*(1+Inputs!$B$33/100))/Skills!D16)))+0)/100)*I78) | L78: =K78*(MIN(Inputs!$B$21+((C95=TRUE)*(F95-Calc!F22)),Inputs!$B$22+((C97=TRUE)*(F97-Calc!F24)))/100+(Inputs!$B$22+((C97=TRUE)*(F97-Calc!F24)))/100)/2 | M78: =L78*(1+(Inputs!$B$9+0+B107)/100) | N78: =L78*(1-MIN((Inputs!$B$8+0+B102),100)/100)+M78*(MIN((Inputs!$B$8+0+B102),100)/100) | O78: =IF(C78,H78*N78*IF(AND(Inputs!$B$4<>"pvp",Inputs!$B$35>0),((Skills!G5*((R78-1)*IF(Skills!H5>0,Skills!I5/Skills!H5,1)+IF(Skills!H5>0,MIN(Skills!I5,MAX(0,Inputs!$B$35-((R78-1)*IF(Inputs!$B$4="pvp",15,MAX(0.1,Skills!D5-IF(Skills!E5=TRUE,Inputs!$B$31,0))))))/Skills!H5,1)))/Inputs!$B$35),G78*Q78)*IF(Inputs!$B$4="pvp",1,(1-Summary!$B$55)*(1)+Summary!$B$55*(MIN(Skills!R5,Inputs!$B$37))),0) | P78: =IF(B110=0,0,O78/B110) | Q78: =IFERROR(1/IF(Inputs!$B$4="pvp",15,MAX(0.1,Skills!D5-IF(Skills!E5=TRUE,Inputs!$B$31,0))),0) | R78: =IF(AND(Inputs!$B$4<>"pvp",Inputs!$B$35>0),(INT(Inputs!$B$35/IF(Inputs!$B$4="pvp",15,MAX(0.1,Skills!D5-IF(Skills!E5=TRUE,Inputs!$B$31,0))))+1),0) | S78: =IFERROR(O78/N78,0)
A79: =Skills!A6 | B79: =Skills!B6 | C79: =Inputs!$B$3>=103 | D79: =IF(Skills!C6=1,60+Inputs!$B$24+Inputs!$B$28,IF(Skills!C6=2,90+Inputs!$B$25+Inputs!$B$28,IF(Skills!C6=3,120+Inputs!$B$26+Inputs!$B$28,MAX(0,(Inputs!$B$3-100)*3)+Inputs!$B$27+Inputs!$B$28))) | E79: =INDEX(FactorTable!$B$2:$Y$301, MATCH(ROUND(MIN(300,MAX(1,D79)),0), FactorTable!$A$2:$A$301,0), Skills!M6+1) | F79: =IF(Skills!N6=TRUE,(Skills!L6/10)*(E79/1000),Skills!L6/10)+Skills!O6 | G79: =Skills!G6*IF(Skills!H6>0,Skills!I6/Skills!H6,1) | H79: =1-(1-Skills!J6/100)^Skills!K6 | I79: 1 | J79: =(Inputs!$B$5*(1+Inputs!$B$6/100))*(F79/100) | K79: =J79*(1+((Inputs!$B$11*(1+(Inputs!$B$12+1)/100))*0.01+Inputs!$B$13*0.0025)/100)*(1+Inputs!$B$14/100)*(1+IF(Inputs!$B$4="pvp",0,(1-Summary!$B$55)*(Inputs!$B$19+0+Skills!P6+((C90=TRUE)*F90*IF(AND(Inputs!$B$4<>"pvp",Inputs!$B$35>0),(((S90-1)*(Skills!T17*(1+Inputs!$B$33/100))+MIN((Skills!T17*(1+Inputs!$B$33/100)),MAX(0,Inputs!$B$35-((S90-1)*Skills!D17))))/Inputs!$B$35),IF(Inputs!$B$4="pvp",MIN((Skills!T17*(1+Inputs!$B$33/100)),15)/15,(Skills!T17*(1+Inputs!$B$33/100))/Skills!D17)))+((C87=TRUE)*IF(Inputs!$B$4="pvp",20,(1-Summary!$B$55)*(20)+Summary!$B$55*(0))*IF(AND(Inputs!$B$4<>"pvp",Inputs!$B$35>0),(((S87-1)*(Skills!T14*(1+Inputs!$B$33/100))+MIN((Skills!T14*(1+Inputs!$B$33/100)),MAX(0,Inputs!$B$35-((S87-1)*Skills!D14))))/Inputs!$B$35),IF(Inputs!$B$4="pvp",MIN((Skills!T14*(1+Inputs!$B$33/100)),15)/15,(Skills!T14*(1+Inputs!$B$33/100))/Skills!D14))))+Summary!$B$55*(Inputs!$B$20+Skills!Q6+((C90=TRUE)*F90*IF(AND(Inputs!$B$4<>"pvp",Inputs!$B$35>0),(((S90-1)*(Skills!T17*(1+Inputs!$B$33/100))+MIN((Skills!T17*(1+Inputs!$B$33/100)),MAX(0,Inputs!$B$35-((S90-1)*Skills!D17))))/Inputs!$B$35),IF(Inputs!$B$4="pvp",MIN((Skills!T17*(1+Inputs!$B$33/100)),15)/15,(Skills!T17*(1+Inputs!$B$33/100))/Skills!D17)))))/100)*(1+Inputs!$B$15/100)*(5000/(6000+Inputs!$B$7*(1-(Inputs!$B$18+0)/100)))*(1+(Inputs!$B$23+((C98=TRUE)*(F98-Calc!F25))+((C99=TRUE)*(F99-Calc!F26))+B108)/100)*(1+(IF(Skills!A6="DARK_IMPALE",Inputs!$B$16+0,Inputs!$B$17+((C96=TRUE)*(F96-Calc!F23))))/100)*((1+(((C86=TRUE)*F86*IF(AND(Inputs!$B$4<>"pvp",Inputs!$B$35>0),(((S86-1)*(Skills!T13*(1+Inputs!$B$33/100))+MIN((Skills!T13*(1+Inputs!$B$33/100)),MAX(0,Inputs!$B$35-((S86-1)*Skills!D13))))/Inputs!$B$35),IF(Inputs!$B$4="pvp",MIN((Skills!T13*(1+Inputs!$B$33/100)),15)/15,(Skills!T13*(1+Inputs!$B$33/100))/Skills!D13)))+((C87=TRUE)*F87*IF(AND(Inputs!$B$4<>"pvp",Inputs!$B$35>0),(((S87-1)*(Skills!T14*(1+Inputs!$B$33/100))+MIN((Skills!T14*(1+Inputs!$B$33/100)),MAX(0,Inputs!$B$35-((S87-1)*Skills!D14))))/Inputs!$B$35),IF(Inputs!$B$4="pvp",MIN((Skills!T14*(1+Inputs!$B$33/100)),15)/15,(Skills!T14*(1+Inputs!$B$33/100))/Skills!D14)))+((C88=TRUE)*F88*IF(AND(Inputs!$B$4<>"pvp",Inputs!$B$35>0),(((S88-1)*(Skills!T15*(1+Inputs!$B$33/100))+MIN((Skills!T15*(1+Inputs!$B$33/100)),MAX(0,Inputs!$B$35-((S88-1)*Skills!D15))))/Inputs!$B$35),IF(Inputs!$B$4="pvp",MIN((Skills!T15*(1+Inputs!$B$33/100)),15)/15,(Skills!T15*(1+Inputs!$B$33/100))/Skills!D15)))+((C89=TRUE)*F89*IF(AND(Inputs!$B$4<>"pvp",Inputs!$B$35>0),(((S89-1)*(Skills!T16*(1+Inputs!$B$33/100))+MIN((Skills!T16*(1+Inputs!$B$33/100)),MAX(0,Inputs!$B$35-((S89-1)*Skills!D16))))/Inputs!$B$35),IF(Inputs!$B$4="pvp",MIN((Skills!T16*(1+Inputs!$B$33/100)),15)/15,(Skills!T16*(1+Inputs!$B$33/100))/Skills!D16)))+0)/100)*I79) | L79: =K79*(MIN(Inputs!$B$21+((C95=TRUE)*(F95-Calc!F22)),Inputs!$B$22+((C97=TRUE)*(F97-Calc!F24)))/100+(Inputs!$B$22+((C97=TRUE)*(F97-Calc!F24)))/100)/2 | M79: =L79*(1+(Inputs!$B$9+0+B107)/100) | N79: =L79*(1-MIN((Inputs!$B$8+0+B102),100)/100)+M79*(MIN((Inputs!$B$8+0+B102),100)/100) | O79: =IF(C79,H79*N79*IF(AND(Inputs!$B$4<>"pvp",Inputs!$B$35>0),((Skills!G6*((R79-1)*IF(Skills!H6>0,Skills!I6/Skills!H6,1)+IF(Skills!H6>0,MIN(Skills!I6,MAX(0,Inputs!$B$35-((R79-1)*IF(Inputs!$B$4="pvp",15,MAX(0.1,Skills!D6-IF(Skills!E6=TRUE,Inputs!$B$31,0))))))/Skills!H6,1)))/Inputs!$B$35),G79*Q79)*IF(Inputs!$B$4="pvp",1,(1-Summary!$B$55)*(1)+Summary!$B$55*(MIN(Skills!R6,Inputs!$B$37))),0) | P79: =IF(B110=0,0,O79/B110) | Q79: =IFERROR(1/IF(Inputs!$B$4="pvp",15,MAX(0.1,Skills!D6-IF(Skills!E6=TRUE,Inputs!$B$31,0))),0) | R79: =IF(AND(Inputs!$B$4<>"pvp",Inputs!$B$35>0),(INT(Inputs!$B$35/IF(Inputs!$B$4="pvp",15,MAX(0.1,Skills!D6-IF(Skills!E6=TRUE,Inputs!$B$31,0))))+1),0) | S79: =IFERROR(O79/N79,0)
A80: =Skills!A7 | B80: =Skills!B7 | C80: =Inputs!$B$3>=40 | D80: =IF(Skills!C7=1,60+Inputs!$B$24+Inputs!$B$28,IF(Skills!C7=2,90+Inputs!$B$25+Inputs!$B$28,IF(Skills!C7=3,120+Inputs!$B$26+Inputs!$B$28,MAX(0,(Inputs!$B$3-100)*3)+Inputs!$B$27+Inputs!$B$28))) | E80: =INDEX(FactorTable!$B$2:$Y$301, MATCH(ROUND(MIN(300,MAX(1,D80)),0), FactorTable!$A$2:$A$301,0), Skills!M7+1) | F80: =IF(Skills!N7=TRUE,(Skills!L7/10)*(E80/1000),Skills!L7/10)+Skills!O7 | G80: =Skills!G7*IF(Skills!H7>0,Skills!I7/Skills!H7,1) | H80: =1-(1-Skills!J7/100)^Skills!K7 | I80: 1 | J80: =(Inputs!$B$5*(1+Inputs!$B$6/100))*(F80/100) | K80: =J80*(1+((Inputs!$B$11*(1+(Inputs!$B$12+1)/100))*0.01+Inputs!$B$13*0.0025)/100)*(1+Inputs!$B$14/100)*(1+IF(Inputs!$B$4="pvp",0,(1-Summary!$B$55)*(Inputs!$B$19+0+Skills!P7+((C90=TRUE)*F90*IF(AND(Inputs!$B$4<>"pvp",Inputs!$B$35>0),(((S90-1)*(Skills!T17*(1+Inputs!$B$33/100))+MIN((Skills!T17*(1+Inputs!$B$33/100)),MAX(0,Inputs!$B$35-((S90-1)*Skills!D17))))/Inputs!$B$35),IF(Inputs!$B$4="pvp",MIN((Skills!T17*(1+Inputs!$B$33/100)),15)/15,(Skills!T17*(1+Inputs!$B$33/100))/Skills!D17)))+((C87=TRUE)*IF(Inputs!$B$4="pvp",20,(1-Summary!$B$55)*(20)+Summary!$B$55*(0))*IF(AND(Inputs!$B$4<>"pvp",Inputs!$B$35>0),(((S87-1)*(Skills!T14*(1+Inputs!$B$33/100))+MIN((Skills!T14*(1+Inputs!$B$33/100)),MAX(0,Inputs!$B$35-((S87-1)*Skills!D14))))/Inputs!$B$35),IF(Inputs!$B$4="pvp",MIN((Skills!T14*(1+Inputs!$B$33/100)),15)/15,(Skills!T14*(1+Inputs!$B$33/100))/Skills!D14))))+Summary!$B$55*(Inputs!$B$20+Skills!Q7+((C90=TRUE)*F90*IF(AND(Inputs!$B$4<>"pvp",Inputs!$B$35>0),(((S90-1)*(Skills!T17*(1+Inputs!$B$33/100))+MIN((Skills!T17*(1+Inputs!$B$33/100)),MAX(0,Inputs!$B$35-((S90-1)*Skills!D17))))/Inputs!$B$35),IF(Inputs!$B$4="pvp",MIN((Skills!T17*(1+Inputs!$B$33/100)),15)/15,(Skills!T17*(1+Inputs!$B$33/100))/Skills!D17)))))/100)*(1+Inputs!$B$15/100)*(5000/(6000+Inputs!$B$7*(1-(Inputs!$B$18+0)/100)))*(1+(Inputs!$B$23+((C98=TRUE)*(F98-Calc!F25))+((C99=TRUE)*(F99-Calc!F26))+B108)/100)*(1+0.75*IF(C84=TRUE,F84,0)/100)*(1+(IF(Skills!A7="DARK_IMPALE",Inputs!$B$16+0,Inputs!$B$17+((C96=TRUE)*(F96-Calc!F23))))/100)*((1+(((C86=TRUE)*F86*IF(AND(Inputs!$B$4<>"pvp",Inputs!$B$35>0),(((S86-1)*(Skills!T13*(1+Inputs!$B$33/100))+MIN((Skills!T13*(1+Inputs!$B$33/100)),MAX(0,Inputs!$B$35-((S86-1)*Skills!D13))))/Inputs!$B$35),IF(Inputs!$B$4="pvp",MIN((Skills!T13*(1+Inputs!$B$33/100)),15)/15,(Skills!T13*(1+Inputs!$B$33/100))/Skills!D13)))+((C87=TRUE)*F87*IF(AND(Inputs!$B$4<>"pvp",Inputs!$B$35>0),(((S87-1)*(Skills!T14*(1+Inputs!$B$33/100))+MIN((Skills!T14*(1+Inputs!$B$33/100)),MAX(0,Inputs!$B$35-((S87-1)*Skills!D14))))/Inputs!$B$35),IF(Inputs!$B$4="pvp",MIN((Skills!T14*(1+Inputs!$B$33/100)),15)/15,(Skills!T14*(1+Inputs!$B$33/100))/Skills!D14)))+((C88=TRUE)*F88*IF(AND(Inputs!$B$4<>"pvp",Inputs!$B$35>0),(((S88-1)*(Skills!T15*(1+Inputs!$B$33/100))+MIN((Skills!T15*(1+Inputs!$B$33/100)),MAX(0,Inputs!$B$35-((S88-1)*Skills!D15))))/Inputs!$B$35),IF(Inputs!$B$4="pvp",MIN((Skills!T15*(1+Inputs!$B$33/100)),15)/15,(Skills!T15*(1+Inputs!$B$33/100))/Skills!D15)))+((C89=TRUE)*F89*IF(AND(Inputs!$B$4<>"pvp",Inputs!$B$35>0),(((S89-1)*(Skills!T16*(1+Inputs!$B$33/100))+MIN((Skills!T16*(1+Inputs!$B$33/100)),MAX(0,Inputs!$B$35-((S89-1)*Skills!D16))))/Inputs!$B$35),IF(Inputs!$B$4="pvp",MIN((Skills!T16*(1+Inputs!$B$33/100)),15)/15,(Skills!T16*(1+Inputs!$B$33/100))/Skills!D16)))+0)/100)*I80) | L80: =K80*(MIN(Inputs!$B$21+((C95=TRUE)*(F95-Calc!F22)),Inputs!$B$22+((C97=TRUE)*(F97-Calc!F24)))/100+(Inputs!$B$22+((C97=TRUE)*(F97-Calc!F24)))/100)/2 | M80: =L80*(1+(Inputs!$B$9+0+B107)/100) | N80: =L80*(1-MIN((Inputs!$B$8+0+B102),100)/100)+M80*(MIN((Inputs!$B$8+0+B102),100)/100) | O80: =IF(C80,H80*N80*IF(AND(Inputs!$B$4<>"pvp",Inputs!$B$35>0),((Skills!G7*((R80-1)*IF(Skills!H7>0,Skills!I7/Skills!H7,1)+IF(Skills!H7>0,MIN(Skills!I7,MAX(0,Inputs!$B$35-((R80-1)*IF(Inputs!$B$4="pvp",15,MAX(0.1,Skills!D7-IF(Skills!E7=TRUE,Inputs!$B$31,0))))))/Skills!H7,1)))/Inputs!$B$35),G80*Q80)*IF(Inputs!$B$4="pvp",1,(1-Summary!$B$55)*(1)+Summary!$B$55*(MIN(Skills!R7,Inputs!$B$37))),0) | P80: =IF(B110=0,0,O80/B110) | Q80: =IFERROR(1/IF(Inputs!$B$4="pvp",15,MAX(0.1,Skills!D7-IF(Skills!E7=TRUE,Inputs!$B$31,0))),0) | R80: =IF(AND(Inputs!$B$4<>"pvp",Inputs!$B$35>0),(INT(Inputs!$B$35/IF(Inputs!$B$4="pvp",15,MAX(0.1,Skills!D7-IF(Skills!E7=TRUE,Inputs!$B$31,0))))+1),0) | S80: =IFERROR(O80/N80,0)
A81: =Skills!A8 | B81: =Skills!B8 | C81: =Inputs!$B$3>=75 | D81: =IF(Skills!C8=1,60+Inputs!$B$24+Inputs!$B$28,IF(Skills!C8=2,90+Inputs!$B$25+Inputs!$B$28,IF(Skills!C8=3,120+Inputs!$B$26+Inputs!$B$28,MAX(0,(Inputs!$B$3-100)*3)+Inputs!$B$27+Inputs!$B$28))) | E81: =INDEX(FactorTable!$B$2:$Y$301, MATCH(ROUND(MIN(300,MAX(1,D81)),0), FactorTable!$A$2:$A$301,0), Skills!M8+1) | F81: =IF(Skills!N8=TRUE,(Skills!L8/10)*(E81/1000),Skills!L8/10)+Skills!O8 | I81: 1
A82: =Skills!A9 | B82: =Skills!B9 | C82: =Inputs!$B$3>=60 | D82: =IF(Skills!C9=1,60+Inputs!$B$24+Inputs!$B$28,IF(Skills!C9=2,90+Inputs!$B$25+Inputs!$B$28,IF(Skills!C9=3,120+Inputs!$B$26+Inputs!$B$28,MAX(0,(Inputs!$B$3-100)*3)+Inputs!$B$27+Inputs!$B$28))) | E82: =INDEX(FactorTable!$B$2:$Y$301, MATCH(ROUND(MIN(300,MAX(1,D82)),0), FactorTable!$A$2:$A$301,0), Skills!M9+1) | F82: =IF(Skills!N9=TRUE,(Skills!L9/10)*(E82/1000),Skills!L9/10)+Skills!O9 | G82: =Skills!G9*IF(Skills!H9>0,Skills!I9/Skills!H9,1) | H82: =1-(1-Skills!J9/100)^Skills!K9 | I82: 1 | J82: =(Inputs!$B$5*(1+Inputs!$B$6/100))*(F82/100) | K82: =J82*(1+((Inputs!$B$11*(1+(Inputs!$B$12+1)/100))*0.01+Inputs!$B$13*0.0025)/100)*(1+Inputs!$B$14/100)*(1+IF(Inputs!$B$4="pvp",0,(1-Summary!$B$55)*(Inputs!$B$19+0+Skills!P9+((C90=TRUE)*F90*IF(AND(Inputs!$B$4<>"pvp",Inputs!$B$35>0),(((S90-1)*(Skills!T17*(1+Inputs!$B$33/100))+MIN((Skills!T17*(1+Inputs!$B$33/100)),MAX(0,Inputs!$B$35-((S90-1)*Skills!D17))))/Inputs!$B$35),IF(Inputs!$B$4="pvp",MIN((Skills!T17*(1+Inputs!$B$33/100)),15)/15,(Skills!T17*(1+Inputs!$B$33/100))/Skills!D17)))+((C87=TRUE)*IF(Inputs!$B$4="pvp",20,(1-Summary!$B$55)*(20)+Summary!$B$55*(0))*IF(AND(Inputs!$B$4<>"pvp",Inputs!$B$35>0),(((S87-1)*(Skills!T14*(1+Inputs!$B$33/100))+MIN((Skills!T14*(1+Inputs!$B$33/100)),MAX(0,Inputs!$B$35-((S87-1)*Skills!D14))))/Inputs!$B$35),IF(Inputs!$B$4="pvp",MIN((Skills!T14*(1+Inputs!$B$33/100)),15)/15,(Skills!T14*(1+Inputs!$B$33/100))/Skills!D14))))+Summary!$B$55*(Inputs!$B$20+Skills!Q9+((C90=TRUE)*F90*IF(AND(Inputs!$B$4<>"pvp",Inputs!$B$35>0),(((S90-1)*(Skills!T17*(1+Inputs!$B$33/100))+MIN((Skills!T17*(1+Inputs!$B$33/100)),MAX(0,Inputs!$B$35-((S90-1)*Skills!D17))))/Inputs!$B$35),IF(Inputs!$B$4="pvp",MIN((Skills!T17*(1+Inputs!$B$33/100)),15)/15,(Skills!T17*(1+Inputs!$B$33/100))/Skills!D17)))))/100)*(1+Inputs!$B$15/100)*(5000/(6000+Inputs!$B$7*(1-(Inputs!$B$18+0)/100)))*(1+(Inputs!$B$23+((C98=TRUE)*(F98-Calc!F25))+((C99=TRUE)*(F99-Calc!F26))+B108)/100)*(1+1.0*IF(C84=TRUE,F84,0)/100)*(1+(IF(Skills!A9="DARK_IMPALE",Inputs!$B$16+0,Inputs!$B$17+((C96=TRUE)*(F96-Calc!F23))))/100)*((1+(((C86=TRUE)*F86*IF(AND(Inputs!$B$4<>"pvp",Inputs!$B$35>0),(((S86-1)*(Skills!T13*(1+Inputs!$B$33/100))+MIN((Skills!T13*(1+Inputs!$B$33/100)),MAX(0,Inputs!$B$35-((S86-1)*Skills!D13))))/Inputs!$B$35),IF(Inputs!$B$4="pvp",MIN((Skills!T13*(1+Inputs!$B$33/100)),15)/15,(Skills!T13*(1+Inputs!$B$33/100))/Skills!D13)))+((C87=TRUE)*F87*IF(AND(Inputs!$B$4<>"pvp",Inputs!$B$35>0),(((S87-1)*(Skills!T14*(1+Inputs!$B$33/100))+MIN((Skills!T14*(1+Inputs!$B$33/100)),MAX(0,Inputs!$B$35-((S87-1)*Skills!D14))))/Inputs!$B$35),IF(Inputs!$B$4="pvp",MIN((Skills!T14*(1+Inputs!$B$33/100)),15)/15,(Skills!T14*(1+Inputs!$B$33/100))/Skills!D14)))+((C88=TRUE)*F88*IF(AND(Inputs!$B$4<>"pvp",Inputs!$B$35>0),(((S88-1)*(Skills!T15*(1+Inputs!$B$33/100))+MIN((Skills!T15*(1+Inputs!$B$33/100)),MAX(0,Inputs!$B$35-((S88-1)*Skills!D15))))/Inputs!$B$35),IF(Inputs!$B$4="pvp",MIN((Skills!T15*(1+Inputs!$B$33/100)),15)/15,(Skills!T15*(1+Inputs!$B$33/100))/Skills!D15)))+((C89=TRUE)*F89*IF(AND(Inputs!$B$4<>"pvp",Inputs!$B$35>0),(((S89-1)*(Skills!T16*(1+Inputs!$B$33/100))+MIN((Skills!T16*(1+Inputs!$B$33/100)),MAX(0,Inputs!$B$35-((S89-1)*Skills!D16))))/Inputs!$B$35),IF(Inputs!$B$4="pvp",MIN((Skills!T16*(1+Inputs!$B$33/100)),15)/15,(Skills!T16*(1+Inputs!$B$33/100))/Skills!D16)))+0)/100)*I82) | L82: =K82*(MIN(Inputs!$B$21+((C95=TRUE)*(F95-Calc!F22)),Inputs!$B$22+((C97=TRUE)*(F97-Calc!F24)))/100+(Inputs!$B$22+((C97=TRUE)*(F97-Calc!F24)))/100)/2 | M82: =L82*(1+(Inputs!$B$9+0+B107)/100) | N82: =L82*(1-MIN((Inputs!$B$8+0+B102),100)/100)+M82*(MIN((Inputs!$B$8+0+B102),100)/100) | O82: =IF(C82,H82*N82*IF(AND(Inputs!$B$4<>"pvp",Inputs!$B$35>0),((Skills!G9*((R82-1)*IF(Skills!H9>0,Skills!I9/Skills!H9,1)+IF(Skills!H9>0,MIN(Skills!I9,MAX(0,Inputs!$B$35-((R82-1)*IF(Inputs!$B$4="pvp",15,MAX(0.1,Skills!D9-IF(Skills!E9=TRUE,Inputs!$B$31,0))))))/Skills!H9,1)))/Inputs!$B$35),G82*Q82)*IF(Inputs!$B$4="pvp",1,(1-Summary!$B$55)*(1)+Summary!$B$55*(MIN(Skills!R9,Inputs!$B$37))),0) | P82: =IF(B110=0,0,O82/B110) | Q82: =IFERROR(1/IF(Inputs!$B$4="pvp",15,MAX(0.1,Skills!D9-IF(Skills!E9=TRUE,Inputs!$B$31,0))),0) | R82: =IF(AND(Inputs!$B$4<>"pvp",Inputs!$B$35>0),(INT(Inputs!$B$35/IF(Inputs!$B$4="pvp",15,MAX(0.1,Skills!D9-IF(Skills!E9=TRUE,Inputs!$B$31,0))))+1),0) | S82: =IFERROR(O82/N82,0)
A83: =Skills!A10 | B83: =Skills!B10 | C83: =Inputs!$B$3>=110 | D83: =IF(Skills!C10=1,60+Inputs!$B$24+Inputs!$B$28,IF(Skills!C10=2,90+Inputs!$B$25+Inputs!$B$28,IF(Skills!C10=3,120+Inputs!$B$26+Inputs!$B$28,MAX(0,(Inputs!$B$3-100)*3)+Inputs!$B$27+Inputs!$B$28))) | E83: =INDEX(FactorTable!$B$2:$Y$301, MATCH(ROUND(MIN(300,MAX(1,D83)),0), FactorTable!$A$2:$A$301,0), Skills!M10+1) | F83: =IF(Skills!N10=TRUE,(Skills!L10/10)*(E83/1000),Skills!L10/10)+Skills!O10 | G83: =Skills!G10*IF(Skills!H10>0,Skills!I10/Skills!H10,1) | H83: =1-(1-Skills!J10/100)^Skills!K10 | I83: 1 | J83: =(Inputs!$B$5*(1+Inputs!$B$6/100))*(F83/100) | K83: =J83*(1+((Inputs!$B$11*(1+(Inputs!$B$12+1)/100))*0.01+Inputs!$B$13*0.0025)/100)*(1+Inputs!$B$14/100)*(1+IF(Inputs!$B$4="pvp",0,(1-Summary!$B$55)*(Inputs!$B$19+0+Skills!P10+((C90=TRUE)*F90*IF(AND(Inputs!$B$4<>"pvp",Inputs!$B$35>0),(((S90-1)*(Skills!T17*(1+Inputs!$B$33/100))+MIN((Skills!T17*(1+Inputs!$B$33/100)),MAX(0,Inputs!$B$35-((S90-1)*Skills!D17))))/Inputs!$B$35),IF(Inputs!$B$4="pvp",MIN((Skills!T17*(1+Inputs!$B$33/100)),15)/15,(Skills!T17*(1+Inputs!$B$33/100))/Skills!D17)))+((C87=TRUE)*IF(Inputs!$B$4="pvp",20,(1-Summary!$B$55)*(20)+Summary!$B$55*(0))*IF(AND(Inputs!$B$4<>"pvp",Inputs!$B$35>0),(((S87-1)*(Skills!T14*(1+Inputs!$B$33/100))+MIN((Skills!T14*(1+Inputs!$B$33/100)),MAX(0,Inputs!$B$35-((S87-1)*Skills!D14))))/Inputs!$B$35),IF(Inputs!$B$4="pvp",MIN((Skills!T14*(1+Inputs!$B$33/100)),15)/15,(Skills!T14*(1+Inputs!$B$33/100))/Skills!D14))))+Summary!$B$55*(Inputs!$B$20+Skills!Q10+((C90=TRUE)*F90*IF(AND(Inputs!$B$4<>"pvp",Inputs!$B$35>0),(((S90-1)*(Skills!T17*(1+Inputs!$B$33/100))+MIN((Skills!T17*(1+Inputs!$B$33/100)),MAX(0,Inputs!$B$35-((S90-1)*Skills!D17))))/Inputs!$B$35),IF(Inputs!$B$4="pvp",MIN((Skills!T17*(1+Inputs!$B$33/100)),15)/15,(Skills!T17*(1+Inputs!$B$33/100))/Skills!D17)))))/100)*(1+Inputs!$B$15/100)*(5000/(6000+Inputs!$B$7*(1-(Inputs!$B$18+0)/100)))*(1+(Inputs!$B$23+((C98=TRUE)*(F98-Calc!F25))+((C99=TRUE)*(F99-Calc!F26))+B108)/100)*(1+(IF(Skills!A10="DARK_IMPALE",Inputs!$B$16+0,Inputs!$B$17+((C96=TRUE)*(F96-Calc!F23))))/100)*((1+(((C86=TRUE)*F86*IF(AND(Inputs!$B$4<>"pvp",Inputs!$B$35>0),(((S86-1)*(Skills!T13*(1+Inputs!$B$33/100))+MIN((Skills!T13*(1+Inputs!$B$33/100)),MAX(0,Inputs!$B$35-((S86-1)*Skills!D13))))/Inputs!$B$35),IF(Inputs!$B$4="pvp",MIN((Skills!T13*(1+Inputs!$B$33/100)),15)/15,(Skills!T13*(1+Inputs!$B$33/100))/Skills!D13)))+((C87=TRUE)*F87*IF(AND(Inputs!$B$4<>"pvp",Inputs!$B$35>0),(((S87-1)*(Skills!T14*(1+Inputs!$B$33/100))+MIN((Skills!T14*(1+Inputs!$B$33/100)),MAX(0,Inputs!$B$35-((S87-1)*Skills!D14))))/Inputs!$B$35),IF(Inputs!$B$4="pvp",MIN((Skills!T14*(1+Inputs!$B$33/100)),15)/15,(Skills!T14*(1+Inputs!$B$33/100))/Skills!D14)))+((C88=TRUE)*F88*IF(AND(Inputs!$B$4<>"pvp",Inputs!$B$35>0),(((S88-1)*(Skills!T15*(1+Inputs!$B$33/100))+MIN((Skills!T15*(1+Inputs!$B$33/100)),MAX(0,Inputs!$B$35-((S88-1)*Skills!D15))))/Inputs!$B$35),IF(Inputs!$B$4="pvp",MIN((Skills!T15*(1+Inputs!$B$33/100)),15)/15,(Skills!T15*(1+Inputs!$B$33/100))/Skills!D15)))+((C89=TRUE)*F89*IF(AND(Inputs!$B$4<>"pvp",Inputs!$B$35>0),(((S89-1)*(Skills!T16*(1+Inputs!$B$33/100))+MIN((Skills!T16*(1+Inputs!$B$33/100)),MAX(0,Inputs!$B$35-((S89-1)*Skills!D16))))/Inputs!$B$35),IF(Inputs!$B$4="pvp",MIN((Skills!T16*(1+Inputs!$B$33/100)),15)/15,(Skills!T16*(1+Inputs!$B$33/100))/Skills!D16)))+0)/100)*I83) | L83: =K83*(MIN(Inputs!$B$21+((C95=TRUE)*(F95-Calc!F22)),Inputs!$B$22+((C97=TRUE)*(F97-Calc!F24)))/100+(Inputs!$B$22+((C97=TRUE)*(F97-Calc!F24)))/100)/2 | M83: =L83*(1+(Inputs!$B$9+0+B107)/100) | N83: =L83*(1-MIN((Inputs!$B$8+0+B102),100)/100)+M83*(MIN((Inputs!$B$8+0+B102),100)/100) | O83: =IF(C83,H83*N83*IF(AND(Inputs!$B$4<>"pvp",Inputs!$B$35>0),((Skills!G10*((R83-1)*IF(Skills!H10>0,Skills!I10/Skills!H10,1)+IF(Skills!H10>0,MIN(Skills!I10,MAX(0,Inputs!$B$35-((R83-1)*IF(Inputs!$B$4="pvp",15,MAX(0.1,Skills!D10-IF(Skills!E10=TRUE,Inputs!$B$31,0))))))/Skills!H10,1)))/Inputs!$B$35),G83*Q83)*IF(Inputs!$B$4="pvp",1,(1-Summary!$B$55)*(1)+Summary!$B$55*(MIN(Skills!R10,Inputs!$B$37))),0) | P83: =IF(B110=0,0,O83/B110) | Q83: =IFERROR(1/IF(Inputs!$B$4="pvp",15,MAX(0.1,Skills!D10-IF(Skills!E10=TRUE,Inputs!$B$31,0))),0) | R83: =IF(AND(Inputs!$B$4<>"pvp",Inputs!$B$35>0),(INT(Inputs!$B$35/IF(Inputs!$B$4="pvp",15,MAX(0.1,Skills!D10-IF(Skills!E10=TRUE,Inputs!$B$31,0))))+1),0) | S83: =IFERROR(O83/N83,0)
A84: =Skills!A11 | B84: =Skills!B11 | C84: =Inputs!$B$3>=100 | D84: =IF(Skills!C11=1,60+Inputs!$B$24+Inputs!$B$28,IF(Skills!C11=2,90+Inputs!$B$25+Inputs!$B$28,IF(Skills!C11=3,120+Inputs!$B$26+Inputs!$B$28,MAX(0,(Inputs!$B$3-100)*3)+Inputs!$B$27+Inputs!$B$28))) | E84: =INDEX(FactorTable!$B$2:$Y$301, MATCH(ROUND(MIN(300,MAX(1,D84)),0), FactorTable!$A$2:$A$301,0), Skills!M11+1) | F84: =IF(Skills!N11=TRUE,(Skills!L11/10)*(E84/1000),Skills!L11/10)+Skills!O11 | I84: 1
A85: =Skills!A12 | B85: =Skills!B12 | C85: =Inputs!$B$3>=63 | D85: =IF(Skills!C12=1,60+Inputs!$B$24+Inputs!$B$28,IF(Skills!C12=2,90+Inputs!$B$25+Inputs!$B$28,IF(Skills!C12=3,120+Inputs!$B$26+Inputs!$B$28,MAX(0,(Inputs!$B$3-100)*3)+Inputs!$B$27+Inputs!$B$28))) | E85: =INDEX(FactorTable!$B$2:$Y$301, MATCH(ROUND(MIN(300,MAX(1,D85)),0), FactorTable!$A$2:$A$301,0), Skills!M12+1) | F85: =IF(Skills!N12=TRUE,(Skills!L12/10)*(E85/1000),Skills!L12/10)+Skills!O12 | G85: =Skills!G12*IF(Skills!H12>0,Skills!I12/Skills!H12,1) | H85: =1-(1-Skills!J12/100)^Skills!K12 | I85: 1 | J85: =(Inputs!$B$5*(1+Inputs!$B$6/100))*(F85/100) | K85: =J85*(1+((Inputs!$B$11*(1+(Inputs!$B$12+1)/100))*0.01+Inputs!$B$13*0.0025)/100)*(1+Inputs!$B$14/100)*(1+IF(Inputs!$B$4="pvp",0,(1-Summary!$B$55)*(Inputs!$B$19+0+Skills!P12+((C90=TRUE)*F90*IF(AND(Inputs!$B$4<>"pvp",Inputs!$B$35>0),(((S90-1)*(Skills!T17*(1+Inputs!$B$33/100))+MIN((Skills!T17*(1+Inputs!$B$33/100)),MAX(0,Inputs!$B$35-((S90-1)*Skills!D17))))/Inputs!$B$35),IF(Inputs!$B$4="pvp",MIN((Skills!T17*(1+Inputs!$B$33/100)),15)/15,(Skills!T17*(1+Inputs!$B$33/100))/Skills!D17)))+((C87=TRUE)*IF(Inputs!$B$4="pvp",20,(1-Summary!$B$55)*(20)+Summary!$B$55*(0))*IF(AND(Inputs!$B$4<>"pvp",Inputs!$B$35>0),(((S87-1)*(Skills!T14*(1+Inputs!$B$33/100))+MIN((Skills!T14*(1+Inputs!$B$33/100)),MAX(0,Inputs!$B$35-((S87-1)*Skills!D14))))/Inputs!$B$35),IF(Inputs!$B$4="pvp",MIN((Skills!T14*(1+Inputs!$B$33/100)),15)/15,(Skills!T14*(1+Inputs!$B$33/100))/Skills!D14))))+Summary!$B$55*(Inputs!$B$20+Skills!Q12+((C90=TRUE)*F90*IF(AND(Inputs!$B$4<>"pvp",Inputs!$B$35>0),(((S90-1)*(Skills!T17*(1+Inputs!$B$33/100))+MIN((Skills!T17*(1+Inputs!$B$33/100)),MAX(0,Inputs!$B$35-((S90-1)*Skills!D17))))/Inputs!$B$35),IF(Inputs!$B$4="pvp",MIN((Skills!T17*(1+Inputs!$B$33/100)),15)/15,(Skills!T17*(1+Inputs!$B$33/100))/Skills!D17)))))/100)*(1+Inputs!$B$15/100)*(5000/(6000+Inputs!$B$7*(1-(Inputs!$B$18+0)/100)))*(1+(Inputs!$B$23+((C98=TRUE)*(F98-Calc!F25))+((C99=TRUE)*(F99-Calc!F26))+B108)/100)*(1+0.75*IF(C84=TRUE,F84,0)/100)*(1+(IF(Skills!A12="DARK_IMPALE",Inputs!$B$16+0,Inputs!$B$17+((C96=TRUE)*(F96-Calc!F23))))/100)*((1+(((C86=TRUE)*F86*IF(AND(Inputs!$B$4<>"pvp",Inputs!$B$35>0),(((S86-1)*(Skills!T13*(1+Inputs!$B$33/100))+MIN((Skills!T13*(1+Inputs!$B$33/100)),MAX(0,Inputs!$B$35-((S86-1)*Skills!D13))))/Inputs!$B$35),IF(Inputs!$B$4="pvp",MIN((Skills!T13*(1+Inputs!$B$33/100)),15)/15,(Skills!T13*(1+Inputs!$B$33/100))/Skills!D13)))+((C87=TRUE)*F87*IF(AND(Inputs!$B$4<>"pvp",Inputs!$B$35>0),(((S87-1)*(Skills!T14*(1+Inputs!$B$33/100))+MIN((Skills!T14*(1+Inputs!$B$33/100)),MAX(0,Inputs!$B$35-((S87-1)*Skills!D14))))/Inputs!$B$35),IF(Inputs!$B$4="pvp",MIN((Skills!T14*(1+Inputs!$B$33/100)),15)/15,(Skills!T14*(1+Inputs!$B$33/100))/Skills!D14)))+((C88=TRUE)*F88*IF(AND(Inputs!$B$4<>"pvp",Inputs!$B$35>0),(((S88-1)*(Skills!T15*(1+Inputs!$B$33/100))+MIN((Skills!T15*(1+Inputs!$B$33/100)),MAX(0,Inputs!$B$35-((S88-1)*Skills!D15))))/Inputs!$B$35),IF(Inputs!$B$4="pvp",MIN((Skills!T15*(1+Inputs!$B$33/100)),15)/15,(Skills!T15*(1+Inputs!$B$33/100))/Skills!D15)))+((C89=TRUE)*F89*IF(AND(Inputs!$B$4<>"pvp",Inputs!$B$35>0),(((S89-1)*(Skills!T16*(1+Inputs!$B$33/100))+MIN((Skills!T16*(1+Inputs!$B$33/100)),MAX(0,Inputs!$B$35-((S89-1)*Skills!D16))))/Inputs!$B$35),IF(Inputs!$B$4="pvp",MIN((Skills!T16*(1+Inputs!$B$33/100)),15)/15,(Skills!T16*(1+Inputs!$B$33/100))/Skills!D16)))+0)/100)*I85) | L85: =K85*(MIN(Inputs!$B$21+((C95=TRUE)*(F95-Calc!F22)),Inputs!$B$22+((C97=TRUE)*(F97-Calc!F24)))/100+(Inputs!$B$22+((C97=TRUE)*(F97-Calc!F24)))/100)/2 | M85: =L85*(1+(Inputs!$B$9+0+B107)/100) | N85: =L85*(1-MIN((Inputs!$B$8+0+B102),100)/100)+M85*(MIN((Inputs!$B$8+0+B102),100)/100) | O85: =IF(C85,H85*N85*IF(AND(Inputs!$B$4<>"pvp",Inputs!$B$35>0),((Skills!G12*((R85-1)*IF(Skills!H12>0,Skills!I12/Skills!H12,1)+IF(Skills!H12>0,MIN(Skills!I12,MAX(0,Inputs!$B$35-((R85-1)*IF(Inputs!$B$4="pvp",15,MAX(0.1,Skills!D12-IF(Skills!E12=TRUE,Inputs!$B$31,0))))))/Skills!H12,1)))/Inputs!$B$35),G85*Q85)*IF(Inputs!$B$4="pvp",1,(1-Summary!$B$55)*(1)+Summary!$B$55*(MIN(Skills!R12,Inputs!$B$37))),0) | P85: =IF(B110=0,0,O85/B110) | Q85: =IFERROR(1/IF(Inputs!$B$4="pvp",15,MAX(0.1,Skills!D12-IF(Skills!E12=TRUE,Inputs!$B$31,0))),0) | R85: =IF(AND(Inputs!$B$4<>"pvp",Inputs!$B$35>0),(INT(Inputs!$B$35/IF(Inputs!$B$4="pvp",15,MAX(0.1,Skills!D12-IF(Skills!E12=TRUE,Inputs!$B$31,0))))+1),0) | S85: =IFERROR(O85/N85,0)
A86: =Skills!A13 | B86: =Skills!B13 | C86: =Inputs!$B$3>=69 | D86: =IF(Skills!C13=1,60+Inputs!$B$24+Inputs!$B$28,IF(Skills!C13=2,90+Inputs!$B$25+Inputs!$B$28,IF(Skills!C13=3,120+Inputs!$B$26+Inputs!$B$28,MAX(0,(Inputs!$B$3-100)*3)+Inputs!$B$27+Inputs!$B$28))) | E86: =INDEX(FactorTable!$B$2:$Y$301, MATCH(ROUND(MIN(300,MAX(1,D86)),0), FactorTable!$A$2:$A$301,0), Skills!M13+1) | F86: =IF(Skills!N13=TRUE,(Skills!L13/10)*(E86/1000),Skills!L13/10)+Skills!O13 | G86: =Skills!G13*IF(Skills!H13>0,Skills!I13/Skills!H13,1) | H86: =1-(1-Skills!J13/100)^Skills!K13 | I86: 1 | O86: 0 | P86: =IF(B110=0,0,O86/B110) | Q86: =IFERROR(1/IF(Inputs!$B$4="pvp",15,MAX(0.1,Skills!D13-IF(Skills!E13=TRUE,Inputs!$B$31,0))),0) | R86: =IF(AND(Inputs!$B$4<>"pvp",Inputs!$B$35>0),(INT(Inputs!$B$35/IF(Inputs!$B$4="pvp",15,MAX(0.1,Skills!D13-IF(Skills!E13=TRUE,Inputs!$B$31,0))))+1),0) | S86: =IFERROR(O86/N86,0)
A87: =Skills!A14 | B87: =Skills!B14 | C87: =Inputs!$B$3>=115 | D87: =IF(Skills!C14=1,60+Inputs!$B$24+Inputs!$B$28,IF(Skills!C14=2,90+Inputs!$B$25+Inputs!$B$28,IF(Skills!C14=3,120+Inputs!$B$26+Inputs!$B$28,MAX(0,(Inputs!$B$3-100)*3)+Inputs!$B$27+Inputs!$B$28))) | E87: =INDEX(FactorTable!$B$2:$Y$301, MATCH(ROUND(MIN(300,MAX(1,D87)),0), FactorTable!$A$2:$A$301,0), Skills!M14+1) | F87: =IF(Skills!N14=TRUE,(Skills!L14/10)*(E87/1000),Skills!L14/10)+Skills!O14 | G87: =Skills!G14*IF(Skills!H14>0,Skills!I14/Skills!H14,1) | H87: =1-(1-Skills!J14/100)^Skills!K14 | I87: 1 | O87: 0 | P87: =IF(B110=0,0,O87/B110) | Q87: =IFERROR(1/IF(Inputs!$B$4="pvp",15,MAX(0.1,Skills!D14-IF(Skills!E14=TRUE,Inputs!$B$31,0))),0) | R87: =IF(AND(Inputs!$B$4<>"pvp",Inputs!$B$35>0),(INT(Inputs!$B$35/IF(Inputs!$B$4="pvp",15,MAX(0.1,Skills!D14-IF(Skills!E14=TRUE,Inputs!$B$31,0))))+1),0) | S87: =IFERROR(O87/N87,0)
A88: =Skills!A15 | B88: =Skills!B15 | C88: =Inputs!$B$3>=66 | D88: =IF(Skills!C15=1,60+Inputs!$B$24+Inputs!$B$28,IF(Skills!C15=2,90+Inputs!$B$25+Inputs!$B$28,IF(Skills!C15=3,120+Inputs!$B$26+Inputs!$B$28,MAX(0,(Inputs!$B$3-100)*3)+Inputs!$B$27+Inputs!$B$28))) | E88: =INDEX(FactorTable!$B$2:$Y$301, MATCH(ROUND(MIN(300,MAX(1,D88)),0), FactorTable!$A$2:$A$301,0), Skills!M15+1) | F88: =IF(Skills!N15=TRUE,(Skills!L15/10)*(E88/1000),Skills!L15/10)+Skills!O15 | G88: =Skills!G15*IF(Skills!H15>0,Skills!I15/Skills!H15,1) | H88: =1-(1-Skills!J15/100)^Skills!K15 | I88: 1 | O88: 0 | P88: =IF(B110=0,0,O88/B110) | Q88: =IFERROR(1/IF(Inputs!$B$4="pvp",15,MAX(0.1,Skills!D15-IF(Skills!E15=TRUE,Inputs!$B$31,0))),0) | R88: =IF(AND(Inputs!$B$4<>"pvp",Inputs!$B$35>0),(INT(Inputs!$B$35/IF(Inputs!$B$4="pvp",15,MAX(0.1,Skills!D15-IF(Skills!E15=TRUE,Inputs!$B$31,0))))+1),0) | S88: =IFERROR(O88/N88,0)
A89: =Skills!A16 | B89: =Skills!B16 | C89: =Inputs!$B$3>=45 | D89: =IF(Skills!C16=1,60+Inputs!$B$24+Inputs!$B$28,IF(Skills!C16=2,90+Inputs!$B$25+Inputs!$B$28,IF(Skills!C16=3,120+Inputs!$B$26+Inputs!$B$28,MAX(0,(Inputs!$B$3-100)*3)+Inputs!$B$27+Inputs!$B$28))) | E89: =INDEX(FactorTable!$B$2:$Y$301, MATCH(ROUND(MIN(300,MAX(1,D89)),0), FactorTable!$A$2:$A$301,0), Skills!M16+1) | F89: =IF(Skills!N16=TRUE,(Skills!L16/10)*(E89/1000),Skills!L16/10)+Skills!O16 | G89: =Skills!G16*IF(Skills!H16>0,Skills!I16/Skills!H16,1) | H89: =1-(1-Skills!J16/100)^Skills!K16 | I89: 1 | O89: 0 | P89: =IF(B110=0,0,O89/B110) | Q89: =IFERROR(1/IF(Inputs!$B$4="pvp",15,MAX(0.1,Skills!D16-IF(Skills!E16=TRUE,Inputs!$B$31,0))),0) | R89: =IF(AND(Inputs!$B$4<>"pvp",Inputs!$B$35>0),(INT(Inputs!$B$35/IF(Inputs!$B$4="pvp",15,MAX(0.1,Skills!D16-IF(Skills!E16=TRUE,Inputs!$B$31,0))))+1),0) | S89: =IFERROR(O89/N89,0)
A90: =Skills!A17 | B90: =Skills!B17 | C90: =Inputs!$B$3>=35 | D90: =IF(Skills!C17=1,60+Inputs!$B$24+Inputs!$B$28,IF(Skills!C17=2,90+Inputs!$B$25+Inputs!$B$28,IF(Skills!C17=3,120+Inputs!$B$26+Inputs!$B$28,MAX(0,(Inputs!$B$3-100)*3)+Inputs!$B$27+Inputs!$B$28))) | E90: =INDEX(FactorTable!$B$2:$Y$301, MATCH(ROUND(MIN(300,MAX(1,D90)),0), FactorTable!$A$2:$A$301,0), Skills!M17+1) | F90: =IF(Skills!N17=TRUE,(Skills!L17/10)*(E90/1000),Skills!L17/10)+Skills!O17 | G90: =Skills!G17*IF(Skills!H17>0,Skills!I17/Skills!H17,1) | H90: =1-(1-Skills!J17/100)^Skills!K17 | I90: 1 | O90: 0 | P90: =IF(B110=0,0,O90/B110) | Q90: =IFERROR(1/IF(Inputs!$B$4="pvp",15,MAX(0.1,Skills!D17-IF(Skills!E17=TRUE,Inputs!$B$31,0))),0) | R90: =IF(AND(Inputs!$B$4<>"pvp",Inputs!$B$35>0),(INT(Inputs!$B$35/IF(Inputs!$B$4="pvp",15,MAX(0.1,Skills!D17-IF(Skills!E17=TRUE,Inputs!$B$31,0))))+1),0) | S90: =IFERROR(O90/N90,0)
A91: =Skills!A18 | B91: =Skills!B18 | C91: =Inputs!$B$3>=72 | D91: =IF(Skills!C18=1,60+Inputs!$B$24+Inputs!$B$28,IF(Skills!C18=2,90+Inputs!$B$25+Inputs!$B$28,IF(Skills!C18=3,120+Inputs!$B$26+Inputs!$B$28,MAX(0,(Inputs!$B$3-100)*3)+Inputs!$B$27+Inputs!$B$28))) | E91: =INDEX(FactorTable!$B$2:$Y$301, MATCH(ROUND(MIN(300,MAX(1,D91)),0), FactorTable!$A$2:$A$301,0), Skills!M18+1) | F91: =IF(Skills!N18=TRUE,(Skills!L18/10)*(E91/1000),Skills!L18/10)+Skills!O18 | G91: =Skills!G18*IF(Skills!H18>0,Skills!I18/Skills!H18,1) | H91: =1-(1-Skills!J18/100)^Skills!K18 | I91: 1 | O91: 0 | P91: =IF(B110=0,0,O91/B110) | Q91: =IFERROR(1/IF(Inputs!$B$4="pvp",15,MAX(0.1,Skills!D18-IF(Skills!E18=TRUE,Inputs!$B$31,0))),0) | R91: =IF(AND(Inputs!$B$4<>"pvp",Inputs!$B$35>0),(INT(Inputs!$B$35/IF(Inputs!$B$4="pvp",15,MAX(0.1,Skills!D18-IF(Skills!E18=TRUE,Inputs!$B$31,0))))+1),0) | S91: =IFERROR(O91/N91,0)
A92: =Skills!A19 | B92: =Skills!B19 | C92: =Inputs!$B$3>=72 | D92: =IF(Skills!C19=1,60+Inputs!$B$24+Inputs!$B$28,IF(Skills!C19=2,90+Inputs!$B$25+Inputs!$B$28,IF(Skills!C19=3,120+Inputs!$B$26+Inputs!$B$28,MAX(0,(Inputs!$B$3-100)*3)+Inputs!$B$27+Inputs!$B$28))) | E92: =INDEX(FactorTable!$B$2:$Y$301, MATCH(ROUND(MIN(300,MAX(1,D92)),0), FactorTable!$A$2:$A$301,0), Skills!M19+1) | F92: =IF(Skills!N19=TRUE,(Skills!L19/10)*(E92/1000),Skills!L19/10)+Skills!O19 | G92: =Skills!G19*IF(Skills!H19>0,Skills!I19/Skills!H19,1) | H92: =1-(1-Skills!J19/100)^Skills!K19 | I92: 1 | O92: 0 | P92: =IF(B110=0,0,O92/B110) | Q92: =IFERROR(1/IF(Inputs!$B$4="pvp",15,MAX(0.1,Skills!D19-IF(Skills!E19=TRUE,Inputs!$B$31,0))),0) | R92: =IF(AND(Inputs!$B$4<>"pvp",Inputs!$B$35>0),(INT(Inputs!$B$35/IF(Inputs!$B$4="pvp",15,MAX(0.1,Skills!D19-IF(Skills!E19=TRUE,Inputs!$B$31,0))))+1),0) | S92: =IFERROR(O92/N92,0)
A93: =Skills!A20 | B93: =Skills!B20 | C93: =TRUE | D93: =IF(Skills!C20=1,60+Inputs!$B$24+Inputs!$B$28,IF(Skills!C20=2,90+Inputs!$B$25+Inputs!$B$28,IF(Skills!C20=3,120+Inputs!$B$26+Inputs!$B$28,MAX(0,(Inputs!$B$3-100)*3)+Inputs!$B$27+Inputs!$B$28))) | E93: =INDEX(FactorTable!$B$2:$Y$301, MATCH(ROUND(MIN(300,MAX(1,D93)),0), FactorTable!$A$2:$A$301,0), Skills!M20+1) | F93: =IF(Skills!N20=TRUE,(Skills!L20/10)*(E93/1000),Skills!L20/10)+Skills!O20 | G93: =Skills!G20*IF(Skills!H20>0,Skills!I20/Skills!H20,1) | H93: =1-(1-Skills!J20/100)^Skills!K20 | I93: 1 | O93: 0 | P93: =IF(B110=0,0,O93/B110) | Q93: =IFERROR(1/IF(Inputs!$B$4="pvp",15,MAX(0.1,Skills!D20-IF(Skills!E20=TRUE,Inputs!$B$31,0))),0) | R93: =IF(AND(Inputs!$B$4<>"pvp",Inputs!$B$35>0),(INT(Inputs!$B$35/IF(Inputs!$B$4="pvp",15,MAX(0.1,Skills!D20-IF(Skills!E20=TRUE,Inputs!$B$31,0))))+1),0) | S93: =IFERROR(O93/N93,0)
A94: =Skills!A21 | B94: =Skills!B21 | C94: =Inputs!$B$3>=33 | D94: =IF(Skills!C21=1,60+Inputs!$B$24+Inputs!$B$28,IF(Skills!C21=2,90+Inputs!$B$25+Inputs!$B$28,IF(Skills!C21=3,120+Inputs!$B$26+Inputs!$B$28,MAX(0,(Inputs!$B$3-100)*3)+Inputs!$B$27+Inputs!$B$28))) | E94: =INDEX(FactorTable!$B$2:$Y$301, MATCH(ROUND(MIN(300,MAX(1,D94)),0), FactorTable!$A$2:$A$301,0), Skills!M21+1) | F94: =IF(Skills!N21=TRUE,(Skills!L21/10)*(E94/1000),Skills!L21/10)+Skills!O21 | G94: =Skills!G21*IF(Skills!H21>0,Skills!I21/Skills!H21,1) | H94: =1-(1-Skills!J21/100)^Skills!K21 | I94: 1 | O94: 0 | P94: =IF(B110=0,0,O94/B110) | Q94: 0 | R94: 0 | S94: =IFERROR(O94/N94,0)
A95: =Skills!A22 | B95: =Skills!B22 | C95: =Inputs!$B$3>=43 | D95: =IF(Skills!C22=1,60+Inputs!$B$24+Inputs!$B$28,IF(Skills!C22=2,90+Inputs!$B$25+Inputs!$B$28,IF(Skills!C22=3,120+Inputs!$B$26+Inputs!$B$28,MAX(0,(Inputs!$B$3-100)*3)+Inputs!$B$27+Inputs!$B$28))) | E95: =INDEX(FactorTable!$B$2:$Y$301, MATCH(ROUND(MIN(300,MAX(1,D95)),0), FactorTable!$A$2:$A$301,0), Skills!M22+1) | F95: =IF(Skills!N22=TRUE,(Skills!L22/10)*(E95/1000),Skills!L22/10)+Skills!O22 | G95: =Skills!G22*IF(Skills!H22>0,Skills!I22/Skills!H22,1) | H95: =1-(1-Skills!J22/100)^Skills!K22 | I95: 1 | O95: 0 | P95: =IF(B110=0,0,O95/B110) | Q95: 0 | R95: 0 | S95: =IFERROR(O95/N95,0)
A96: =Skills!A23 | B96: =Skills!B23 | C96: =Inputs!$B$3>=120 | D96: =IF(Skills!C23=1,60+Inputs!$B$24+Inputs!$B$28,IF(Skills!C23=2,90+Inputs!$B$25+Inputs!$B$28,IF(Skills!C23=3,120+Inputs!$B$26+Inputs!$B$28,MAX(0,(Inputs!$B$3-100)*3)+Inputs!$B$27+Inputs!$B$28))) | E96: =INDEX(FactorTable!$B$2:$Y$301, MATCH(ROUND(MIN(300,MAX(1,D96)),0), FactorTable!$A$2:$A$301,0), Skills!M23+1) | F96: =IF(Skills!N23=TRUE,(Skills!L23/10)*(E96/1000),Skills!L23/10)+Skills!O23 | G96: =Skills!G23*IF(Skills!H23>0,Skills!I23/Skills!H23,1) | H96: =1-(1-Skills!J23/100)^Skills!K23 | I96: 1 | O96: 0 | P96: =IF(B110=0,0,O96/B110) | Q96: 0 | R96: 0 | S96: =IFERROR(O96/N96,0)
A97: =Skills!A24 | B97: =Skills!B24 | C97: =Inputs!$B$3>=120 | D97: =IF(Skills!C24=1,60+Inputs!$B$24+Inputs!$B$28,IF(Skills!C24=2,90+Inputs!$B$25+Inputs!$B$28,IF(Skills!C24=3,120+Inputs!$B$26+Inputs!$B$28,MAX(0,(Inputs!$B$3-100)*3)+Inputs!$B$27+Inputs!$B$28))) | E97: =INDEX(FactorTable!$B$2:$Y$301, MATCH(ROUND(MIN(300,MAX(1,D97)),0), FactorTable!$A$2:$A$301,0), Skills!M24+1) | F97: =IF(Skills!N24=TRUE,(Skills!L24/10)*(E97/1000),Skills!L24/10)+Skills!O24 | G97: =Skills!G24*IF(Skills!H24>0,Skills!I24/Skills!H24,1) | H97: =1-(1-Skills!J24/100)^Skills!K24 | I97: 1 | O97: 0 | P97: =IF(B110=0,0,O97/B110) | Q97: 0 | R97: 0 | S97: =IFERROR(O97/N97,0)
A98: =Skills!A25 | B98: =Skills!B25 | C98: =Inputs!$B$3>=125 | D98: =IF(Skills!C25=1,60+Inputs!$B$24+Inputs!$B$28,IF(Skills!C25=2,90+Inputs!$B$25+Inputs!$B$28,IF(Skills!C25=3,120+Inputs!$B$26+Inputs!$B$28,MAX(0,(Inputs!$B$3-100)*3)+Inputs!$B$27+Inputs!$B$28))) | E98: =INDEX(FactorTable!$B$2:$Y$301, MATCH(ROUND(MIN(300,MAX(1,D98)),0), FactorTable!$A$2:$A$301,0), Skills!M25+1) | F98: =IF(Skills!N25=TRUE,(Skills!L25/10)*(E98/1000),Skills!L25/10)+Skills!O25 | G98: =Skills!G25*IF(Skills!H25>0,Skills!I25/Skills!H25,1) | H98: =1-(1-Skills!J25/100)^Skills!K25 | I98: 1 | O98: 0 | P98: =IF(B110=0,0,O98/B110) | Q98: 0 | R98: 0 | S98: =IFERROR(O98/N98,0)
A99: =Skills!A26 | B99: =Skills!B26 | C99: =Inputs!$B$3>=107 | D99: =IF(Skills!C26=1,60+Inputs!$B$24+Inputs!$B$28,IF(Skills!C26=2,90+Inputs!$B$25+Inputs!$B$28,IF(Skills!C26=3,120+Inputs!$B$26+Inputs!$B$28,MAX(0,(Inputs!$B$3-100)*3)+Inputs!$B$27+Inputs!$B$28))) | E99: =INDEX(FactorTable!$B$2:$Y$301, MATCH(ROUND(MIN(300,MAX(1,D99)),0), FactorTable!$A$2:$A$301,0), Skills!M26+1) | F99: =IF(Skills!N26=TRUE,(Skills!L26/10)*(E99/1000),Skills!L26/10)+Skills!O26 | G99: =Skills!G26*IF(Skills!H26>0,Skills!I26/Skills!H26,1) | H99: =1-(1-Skills!J26/100)^Skills!K26 | I99: 1 | O99: 0 | P99: =IF(B110=0,0,O99/B110) | Q99: 0 | R99: 0 | S99: =IFERROR(O99/N99,0)
A101: Attack% Bucket Multiplier | B101: =(1+(((C86=TRUE)*F86*IF(AND(Inputs!$B$4<>"pvp",Inputs!$B$35>0),(((S86-1)*(Skills!T13*(1+Inputs!$B$33/100))+MIN((Skills!T13*(1+Inputs!$B$33/100)),MAX(0,Inputs!$B$35-((S86-1)*Skills!D13))))/Inputs!$B$35),IF(Inputs!$B$4="pvp",MIN((Skills!T13*(1+Inputs!$B$33/100)),15)/15,(Skills!T13*(1+Inputs!$B$33/100))/Skills!D13)))+((C87=TRUE)*F87*IF(AND(Inputs!$B$4<>"pvp",Inputs!$B$35>0),(((S87-1)*(Skills!T14*(1+Inputs!$B$33/100))+MIN((Skills!T14*(1+Inputs!$B$33/100)),MAX(0,Inputs!$B$35-((S87-1)*Skills!D14))))/Inputs!$B$35),IF(Inputs!$B$4="pvp",MIN((Skills!T14*(1+Inputs!$B$33/100)),15)/15,(Skills!T14*(1+Inputs!$B$33/100))/Skills!D14)))+((C88=TRUE)*F88*IF(AND(Inputs!$B$4<>"pvp",Inputs!$B$35>0),(((S88-1)*(Skills!T15*(1+Inputs!$B$33/100))+MIN((Skills!T15*(1+Inputs!$B$33/100)),MAX(0,Inputs!$B$35-((S88-1)*Skills!D15))))/Inputs!$B$35),IF(Inputs!$B$4="pvp",MIN((Skills!T15*(1+Inputs!$B$33/100)),15)/15,(Skills!T15*(1+Inputs!$B$33/100))/Skills!D15)))+((C89=TRUE)*F89*IF(AND(Inputs!$B$4<>"pvp",Inputs!$B$35>0),(((S89-1)*(Skills!T16*(1+Inputs!$B$33/100))+MIN((Skills!T16*(1+Inputs!$B$33/100)),MAX(0,Inputs!$B$35-((S89-1)*Skills!D16))))/Inputs!$B$35),IF(Inputs!$B$4="pvp",MIN((Skills!T16*(1+Inputs!$B$33/100)),15)/15,(Skills!T16*(1+Inputs!$B$33/100))/Skills!D16)))+0)/100)
A102: Global Crit Rate Bonus % (Lord of Darkness) | B102: =((C91=TRUE)*F91*(Skills!J18/100)*IF(AND(Inputs!$B$4<>"pvp",Inputs!$B$35>0),(((S91-1)*(Skills!T18*(1+Inputs!$B$33/100))+MIN((Skills!T18*(1+Inputs!$B$33/100)),MAX(0,Inputs!$B$35-((S91-1)*Skills!D18))))/Inputs!$B$35),IF(Inputs!$B$4="pvp",MIN((Skills!T18*(1+Inputs!$B$33/100)),15)/15,(Skills!T18*(1+Inputs!$B$33/100))/Skills!D18)))
A103: Attack Speed Buff Bonus % | B103: =((C93=TRUE)*F93*IF(AND(Inputs!$B$4<>"pvp",Inputs!$B$35>0),(((S93-1)*(Skills!T20*(1+Inputs!$B$33/100))+MIN((Skills!T20*(1+Inputs!$B$33/100)),MAX(0,Inputs!$B$35-((S93-1)*Skills!D20))))/Inputs!$B$35),IF(Inputs!$B$4="pvp",MIN((Skills!T20*(1+Inputs!$B$33/100)),15)/15,(Skills!T20*(1+Inputs!$B$33/100))/Skills!D20)))
A104: Actions Per Second | B104: =1+MIN(150,150*(1-(1-(Inputs!$B$10+((C94=TRUE)*(F94-Calc!F21)))/150)*(1-B103/150)))/100
A105: Skill + Buff Cast Rate | B105: =IF(AND(Inputs!$B$4<>"pvp",Inputs!$B$35>0),SUMPRODUCT((Skills!E2:E26=TRUE)*(C75:C99=TRUE)*R75:R99*Skills!F2:F26)/Inputs!$B$35,SUMPRODUCT((Skills!E2:E26=TRUE)*(C75:C99=TRUE)*Q75:Q99*Skills!F2:F26))
A106: Dark Impale Casts Per Second | B106: =MAX(0,B104-B105)
A107: Global Critical Damage Bonus % (Lord of Darkness) | B107: =((C92=TRUE)*F92*(Skills!J19/100)*IF(AND(Inputs!$B$4<>"pvp",Inputs!$B$35>0),(((S92-1)*(Skills!T19*(1+Inputs!$B$33/100))+MIN((Skills!T19*(1+Inputs!$B$33/100)),MAX(0,Inputs!$B$35-((S92-1)*Skills!D19))))/Inputs!$B$35),IF(Inputs!$B$4="pvp",MIN((Skills!T19*(1+Inputs!$B$33/100)),15)/15,(Skills!T19*(1+Inputs!$B$33/100))/Skills!D19)))
A108: Global Final Damage Bonus % (unused) | B108: 0
...

Sheet CubeData
A1: Slot | B1: Rarity | C1: Line | D1: Stat | E1: Value | F1: Weight | G1: Prime | H1: DPSPerUnit | J1: Stat | K1: DPSPerUnit | M1: Rarity | N1: Rate | O1: MaxPity | Q1: SlotList
A2: ALL | B2: normal | C2: 1 | D2: Critical Rate % | E2: 3 | F2: 2.5 | G2: FALSE | H2: =IF(Inputs!$B$8>=100,Sensitivity!H16,Sensitivity!H15) | J2: (none) | K2: 0 | M2: normal | N2: 0.06 | O2: 30 | Q2: head
A3: ALL | B3: normal | C3: 1 | D3: Attack Speed % | E3: 3 | F3: 2.5 | G3: FALSE | H3: =Sensitivity!H17 | J3: All Skill Level | K3: =Sensitivity!H25 | M3: rare | N3: 0.03333 | O3: 60 | Q3: cape
A4: ALL | B4: normal | C4: 1 | D4: Damage % | E4: 5 | F4: 4 | G4: FALSE | H4: =Sensitivity!H8 | J4: Attack Speed % | K4: =Sensitivity!H17 | M4: epic | N4: 0.0167 | O4: 120 | Q4: chest
A5: ALL | B5: normal | C5: 1 | D5: Min Damage Multiplier % | E5: 3 | F5: 4 | G5: FALSE | H5: =Sensitivity!H13 | J5: Basic Attack Damage % | K5: =Sensitivity!H19 | M5: unique | N5: 0.006 | O5: 333 | Q5: shoulders
A6: ALL | B6: normal | C6: 1 | D6: Max Damage Multiplier % | E6: 3 | F6: 4 | G6: FALSE | H6: =Sensitivity!H14 | J6: Basic Attack Target Increase | K6: =Sensitivity!H29 | M6: legendary | N6: 0.0021 | O6: 714 | Q6: legs
A7: ALL | B7: normal | C7: 1 | D7: Str % | E7: 3 | F7: 4.5 | G7: FALSE | H7: 0 | J7: Buff Duration Increase % | K7: =Sensitivity!H30 | M7: mystic | N7: 0 | O7: 0 | Q7: belt
A8: ALL | B8: normal | C8: 1 | D8: Dex % | E8: 3 | F8: 4.5 | G8: FALSE | H8: =Sensitivity!H7 | J8: Companion Summoning Time Increase % | K8: =Sensitivity!H16 | Q8: gloves
A9: ALL | B9: normal | C9: 1 | D9: Int % | E9: 3 | F9: 4.5 | G9: FALSE | H9: 0 | J9: Critical Damage % | K9: =Sensitivity!H16 | Q9: boots
A10: ALL | B10: normal | C10: 1 | D10: Luk % | E10: 3 | F10: 4.5 | G10: FALSE | H10: 0 | J10: Critical Rate % | K10: =IF(Inputs!$B$8>=100,Sensitivity!H16,Sensitivity!H15) | Q10: ring
A11: ALL | B11: normal | C11: 1 | D11: Defense % | E11: 3 | F11: 9 | G11: FALSE | H11: 0 | J11: Damage % | K11: =Sensitivity!H8 | Q11: neck
A12: ALL | B12: normal | C12: 1 | D12: Max HP % | E12: 6 | F12: 9 | G12: FALSE | H12: 0 | J12: Defense % | K12: 0 | Q12: eye-accessory
A13: ALL | B13: normal | C13: 1 | D13: Max MP % | E13: 3 | F13: 9 | G13: FALSE | H13: 0 | J13: Defense Penetration | K13: =Sensitivity!H18 | Q13: ring2
A14: ALL | B14: normal | C14: 1 | D14: Str | E14: 50 | F14: 9.5 | G14: FALSE | H14: 0 | J14: Dex | K14: =Sensitivity!H7 | Q14: face
A15: ALL | B15: normal | C15: 1 | D15: Dex | E15: 50 | F15: 9.5 | G15: FALSE | H15: =Sensitivity!H7 | J15: Dex % | K15: =Sensitivity!H7 | Q15: earrings
A16: ALL | B16: normal | C16: 1 | D16: Int | E16: 50 | F16: 9.5 | G16: FALSE | H16: 0 | J16: Final Damage % | K16: =Sensitivity!H12 | Q16: pocket
A17: ALL | B17: normal | C17: 1 | D17: Luk | E17: 50 | F17: 9.5 | G17: FALSE | H17: 0 | J17: Int | K17: 0
A18: ALL | B18: normal | C18: 2 | D18: Critical Rate % | E18: 3 | F18: 2.5 | G18: FALSE | H18: =IF(Inputs!$B$8>=100,Sensitivity!H16,Sensitivity!H15) | J18: Int % | K18: 0
A19: ALL | B19: normal | C19: 2 | D19: Attack Speed % | E19: 3 | F19: 2.5 | G19: FALSE | H19: =Sensitivity!H17 | J19: Luk | K19: 0
A20: ALL | B20: normal | C20: 2 | D20: Damage % | E20: 5 | F20: 4 | G20: FALSE | H20: =Sensitivity!H8 | J20: Luk % | K20: 0
A21: ALL | B21: normal | C21: 2 | D21: Min Damage Multiplier % | E21: 3 | F21: 4 | G21: FALSE | H21: =Sensitivity!H13 | J21: Main Stat % per 4 Levels | K21: =Sensitivity!H6*INT(Inputs!$B$3/4)
A22: ALL | B22: normal | C22: 2 | D22: Max Damage Multiplier % | E22: 3 | F22: 4 | G22: FALSE | H22: =Sensitivity!H14 | J22: Main Stat Per Level | K22: =Sensitivity!H5*Inputs!$B$3
A23: ALL | B23: normal | C23: 2 | D23: Str % | E23: 3 | F23: 4.5 | G23: FALSE | H23: 0 | J23: Max Damage Multiplier % | K23: =Sensitivity!H14
A24: ALL | B24: normal | C24: 2 | D24: Dex % | E24: 3 | F24: 4.5 | G24: FALSE | H24: =Sensitivity!H7 | J24: Max HP % | K24: 0
A25: ALL | B25: normal | C25: 2 | D25: Int % | E25: 3 | F25: 4.5 | G25: FALSE | H25: 0 | J25: Max MP % | K25: 0
A26: ALL | B26: normal | C26: 2 | D26: Luk % | E26: 3 | F26: 4.5 | G26: FALSE | H26: 0 | J26: Min Damage Multiplier % | K26: =Sensitivity!H13
A27: ALL | B27: normal | C27: 2 | D27: Defense % | E27: 3 | F27: 9 | G27: FALSE | H27: 0 | J27: Skill Cooldown Decrease (seconds) | K27: =Sensitivity!H28
A28: ALL | B28: normal | C28: 2 | D28: Max HP % | E28: 6 | F28: 9 | G28: FALSE | H28: 0 | J28: Skill Damage % | K28: =Sensitivity!H20
A29: ALL | B29: normal | C29: 2 | D29: Max MP % | E29: 3 | F29: 9 | G29: FALSE | H29: 0 | J29: Str | K29: 0
A30: ALL | B30: normal | C30: 2 | D30: Str | E30: 50 | F30: 9.5 | G30: FALSE | H30: 0 | J30: Str % | K30: 0
A31: ALL | B31: normal | C31: 2 | D31: Dex | E31: 50 | F31: 9.5 | G31: FALSE | H31: =Sensitivity!H7
A32: ALL | B32: normal | C32: 2 | D32: Int | E32: 50 | F32: 9.5 | G32: FALSE | H32: 0
A33: ALL | B33: normal | C33: 2 | D33: Luk | E33: 50 | F33: 9.5 | G33: FALSE | H33: 0
A34: ALL | B34: normal | C34: 3 | D34: Critical Rate % | E34: 3 | F34: 2.5 | G34: FALSE | H34: =IF(Inputs!$B$8>=100,Sensitivity!H16,Sensitivity!H15)
A35: ALL | B35: normal | C35: 3 | D35: Attack Speed % | E35: 3 | F35: 2.5 | G35: FALSE | H35: =Sensitivity!H17
A36: ALL | B36: normal | C36: 3 | D36: Damage % | E36: 5 | F36: 4 | G36: FALSE | H36: =Sensitivity!H8
A37: ALL | B37: normal | C37: 3 | D37: Min Damage Multiplier % | E37: 3 | F37: 4 | G37: FALSE | H37: =Sensitivity!H13
A38: ALL | B38: normal | C38: 3 | D38: Max Damage Multiplier % | E38: 3 | F38: 4 | G38: FALSE | H38: =Sensitivity!H14
A39: ALL | B39: normal | C39: 3 | D39: Str % | E39: 3 | F39: 4.5 | G39: FALSE | H39: 0
A40: ALL | B40: normal | C40: 3 | D40: Dex % | E40: 3 | F40: 4.5 | G40: FALSE | H40: =Sensitivity!H7
A41: ALL | B41: normal | C41: 3 | D41: Int % | E41: 3 | F41: 4.5 | G41: FALSE | H41: 0
A42: ALL | B42: normal | C42: 3 | D42: Luk % | E42: 3 | F42: 4.5 | G42: FALSE | H42: 0
A43: ALL | B43: normal | C43: 3 | D43: Defense % | E43: 3 | F43: 9 | G43: FALSE | H43: 0
A44: ALL | B44: normal | C44: 3 | D44: Max HP % | E44: 6 | F44: 9 | G44: FALSE | H44: 0
A45: ALL | B45: normal | C45: 3 | D45: Max MP % | E45: 3 | F45: 9 | G45: FALSE | H45: 0
A46: ALL | B46: normal | C46: 3 | D46: Str | E46: 50 | F46: 9.5 | G46: FALSE | H46: 0
A47: ALL | B47: normal | C47: 3 | D47: Dex | E47: 50 | F47: 9.5 | G47: FALSE | H47: =Sensitivity!H7
A48: ALL | B48: normal | C48: 3 | D48: Int | E48: 50 | F48: 9.5 | G48: FALSE | H48: 0
A49: ALL | B49: normal | C49: 3 | D49: Luk | E49: 50 | F49: 9.5 | G49: FALSE | H49: 0
A50: ALL | B50: rare | C50: 1 | D50: Critical Rate % | E50: 4.5 | F50: 2.5 | G50: TRUE | H50: =IF(Inputs!$B$8>=100,Sensitivity!H16,Sensitivity!H15)
A51: ALL | B51: rare | C51: 1 | D51: Attack Speed % | E51: 3.5 | F51: 2.5 | G51: TRUE | H51: =Sensitivity!H17
A52: ALL | B52: rare | C52: 1 | D52: Damage % | E52: 8 | F52: 4 | G52: TRUE | H52: =Sensitivity!H8
A53: ALL | B53: rare | C53: 1 | D53: Min Damage Multiplier % | E53: 6 | F53: 4 | G53: TRUE | H53: =Sensitivity!H13
A54: ALL | B54: rare | C54: 1 | D54: Max Damage Multiplier % | E54: 6 | F54: 4 | G54: TRUE | H54: =Sensitivity!H14
A55: ALL | B55: rare | C55: 1 | D55: Str % | E55: 4.5 | F55: 4.5 | G55: TRUE | H55: 0
A56: ALL | B56: rare | C56: 1 | D56: Dex % | E56: 4.5 | F56: 4.5 | G56: TRUE | H56: =Sensitivity!H7
A57: ALL | B57: rare | C57: 1 | D57: Int % | E57: 4.5 | F57: 4.5 | G57: TRUE | H57: 0
A58: ALL | B58: rare | C58: 1 | D58: Luk % | E58: 4.5 | F58: 4.5 | G58: TRUE | H58: 0
A59: ALL | B59: rare | C59: 1 | D59: Defense % | E59: 4.5 | F59: 9 | G59: TRUE | H59: 0
A60: ALL | B60: rare | C60: 1 | D60: Max HP % | E60: 9 | F60: 9 | G60: TRUE | H60: 0
A61: ALL | B61: rare | C61: 1 | D61: Max MP % | E61: 4.5 | F61: 9 | G61: TRUE | H61: 0
A62: ALL | B62: rare | C62: 1 | D62: Str | E62: 100 | F62: 9.5 | G62: TRUE | H62: 0
A63: ALL | B63: rare | C63: 1 | D63: Dex | E63: 100 | F63: 9.5 | G63: TRUE | H63: =Sensitivity!H7
A64: ALL | B64: rare | C64: 1 | D64: Int | E64: 100 | F64: 9.5 | G64: TRUE | H64: 0
A65: ALL | B65: rare | C65: 1 | D65: Luk | E65: 100 | F65: 9.5 | G65: TRUE | H65: 0
A66: ALL | B66: rare | C66: 2 | D66: Critical Rate % | E66: 3 | F66: 1.9 | G66: FALSE | H66: =IF(Inputs!$B$8>=100,Sensitivity!H16,Sensitivity!H15)
A67: ALL | B67: rare | C67: 2 | D67: Critical Rate % | E67: 4.5 | F67: 0.6 | G67: TRUE | H67: =IF(Inputs!$B$8>=100,Sensitivity!H16,Sensitivity!H15)
A68: ALL | B68: rare | C68: 2 | D68: Attack Speed % | E68: 3 | F68: 1.9 | G68: FALSE | H68: =Sensitivity!H17
A69: ALL | B69: rare | C69: 2 | D69: Attack Speed % | E69: 3.5 | F69: 0.6 | G69: TRUE | H69: =Sensitivity!H17
A70: ALL | B70: rare | C70: 2 | D70: Damage % | E70: 5 | F70: 3.04 | G70: FALSE | H70: =Sensitivity!H8
A71: ALL | B71: rare | C71: 2 | D71: Damage % | E71: 8 | F71: 0.96 | G71: TRUE | H71: =Sensitivity!H8
A72: ALL | B72: rare | C72: 2 | D72: Min Damage Multiplier % | E72: 3 | F72: 3.04 | G72: FALSE | H72: =Sensitivity!H13
A73: ALL | B73: rare | C73: 2 | D73: Min Damage Multiplier % | E73: 6 | F73: 0.96 | G73: TRUE | H73: =Sensitivity!H13
A74: ALL | B74: rare | C74: 2 | D74: Max Damage Multiplier % | E74: 3 | F74: 3.04 | G74: FALSE | H74: =Sensitivity!H14
A75: ALL | B75: rare | C75: 2 | D75: Max Damage Multiplier % | E75: 6 | F75: 0.96 | G75: TRUE | H75: =Sensitivity!H14
A76: ALL | B76: rare | C76: 2 | D76: Str % | E76: 3 | F76: 3.42 | G76: FALSE | H76: 0
A77: ALL | B77: rare | C77: 2 | D77: Str % | E77: 4.5 | F77: 1.08 | G77: TRUE | H77: 0
A78: ALL | B78: rare | C78: 2 | D78: Dex % | E78: 3 | F78: 3.42 | G78: FALSE | H78: =Sensitivity!H7
A79: ALL | B79: rare | C79: 2 | D79: Dex % | E79: 4.5 | F79: 1.08 | G79: TRUE | H79: =Sensitivity!H7
A80: ALL | B80: rare | C80: 2 | D80: Int % | E80: 3 | F80: 3.42 | G80: FALSE | H80: 0
A81: ALL | B81: rare | C81: 2 | D81: Int % | E81: 4.5 | F81: 1.08 | G81: TRUE | H81: 0
A82: ALL | B82: rare | C82: 2 | D82: Luk % | E82: 3 | F82: 3.42 | G82: FALSE | H82: 0
A83: ALL | B83: rare | C83: 2 | D83: Luk % | E83: 4.5 | F83: 1.08 | G83: TRUE | H83: 0
A84: ALL | B84: rare | C84: 2 | D84: Defense % | E84: 3 | F84: 6.84 | G84: FALSE | H84: 0
A85: ALL | B85: rare | C85: 2 | D85: Defense % | E85: 4.5 | F85: 2.16 | G85: TRUE | H85: 0
A86: ALL | B86: rare | C86: 2 | D86: Max HP % | E86: 6 | F86: 6.84 | G86: FALSE | H86: 0
A87: ALL | B87: rare | C87: 2 | D87: Max HP % | E87: 9 | F87: 2.16 | G87: TRUE | H87: 0
A88: ALL | B88: rare | C88: 2 | D88: Max MP % | E88: 3 | F88: 6.84 | G88: FALSE | H88: 0
A89: ALL | B89: rare | C89: 2 | D89: Max MP % | E89: 4.5 | F89: 2.16 | G89: TRUE | H89: 0
A90: ALL | B90: rare | C90: 2 | D90: Str | E90: 50 | F90: 7.22 | G90: FALSE | H90: 0
A91: ALL | B91: rare | C91: 2 | D91: Str | E91: 100 | F91: 2.28 | G91: TRUE | H91: 0
A92: ALL | B92: rare | C92: 2 | D92: Dex | E92: 50 | F92: 7.22 | G92: FALSE | H92: =Sensitivity!H7
A93: ALL | B93: rare | C93: 2 | D93: Dex | E93: 100 | F93: 2.28 | G93: TRUE | H93: =Sensitivity!H7
A94: ALL | B94: rare | C94: 2 | D94: Int | E94: 50 | F94: 7.22 | G94: FALSE | H94: 0
A95: ALL | B95: rare | C95: 2 | D95: Int | E95: 100 | F95: 2.28 | G95: TRUE | H95: 0
A96: ALL | B96: rare | C96: 2 | D96: Luk | E96: 50 | F96: 7.22 | G96: FALSE | H96: 0
A97: ALL | B97: rare | C97: 2 | D97: Luk | E97: 100 | F97: 2.28 | G97: TRUE | H97: 0
A98: ALL | B98: rare | C98: 3 | D98: Critical Rate % | E98: 3 | F98: 2.3 | G98: FALSE | H98: =IF(Inputs!$B$8>=100,Sensitivity!H16,Sensitivity!H15)
A99: ALL | B99: rare | C99: 3 | D99: Critical Rate % | E99: 4.5 | F99: 0.2 | G99: TRUE | H99: =IF(Inputs!$B$8>=100,Sensitivity!H16,Sensitivity!H15)
A100: ALL | B100: rare | C100: 3 | D100: Attack Speed % | E100: 3 | F100: 2.3 | G100: FALSE | H100: =Sensitivity!H17
...

Sheet PotentialCubes
A1: Potential Cubes — Current Gear State
A2: Fill in your actual current gear for every slot/potential-type you want EV results for, then run `python3 tools/potential_cubes_ev.py` — it reads this table plus the live CubeData sheet and computes exact 'expected value of the best roll kept after N rerolls' for all 30 rows (printed + written to a CSV), via a full line1 x line2 x line3 enumeration per rarity/slot rather than a single-roll average.
A3: Leave a line's Stat as "(none)" if that line isn't rolled yet / doesn't matter.
A5: Slot | B5: Potential Type | C5: Current Rarity | D5: Current Pity Count | E5: Line 1 Stat | F5: Line 1 Value | G5: Line 2 Stat | H5: Line 2 Value | I5: Line 3 Stat | J5: Line 3 Value
A6: head | B6: Potential | C6: normal | D6: 0 | E6: (none) | F6: 0 | G6: (none) | H6: 0 | I6: (none) | J6: 0
A7: head | B7: Bonus Potential | C7: normal | D7: 0 | E7: (none) | F7: 0 | G7: (none) | H7: 0 | I7: (none) | J7: 0
A8: cape | B8: Potential | C8: normal | D8: 0 | E8: (none) | F8: 0 | G8: (none) | H8: 0 | I8: (none) | J8: 0
A9: cape | B9: Bonus Potential | C9: normal | D9: 0 | E9: (none) | F9: 0 | G9: (none) | H9: 0 | I9: (none) | J9: 0
A10: chest | B10: Potential | C10: normal | D10: 0 | E10: (none) | F10: 0 | G10: (none) | H10: 0 | I10: (none) | J10: 0
A11: chest | B11: Bonus Potential | C11: normal | D11: 0 | E11: (none) | F11: 0 | G11: (none) | H11: 0 | I11: (none) | J11: 0
A12: shoulders | B12: Potential | C12: normal | D12: 0 | E12: (none) | F12: 0 | G12: (none) | H12: 0 | I12: (none) | J12: 0
A13: shoulders | B13: Bonus Potential | C13: normal | D13: 0 | E13: (none) | F13: 0 | G13: (none) | H13: 0 | I13: (none) | J13: 0
A14: legs | B14: Potential | C14: normal | D14: 0 | E14: (none) | F14: 0 | G14: (none) | H14: 0 | I14: (none) | J14: 0
A15: legs | B15: Bonus Potential | C15: normal | D15: 0 | E15: (none) | F15: 0 | G15: (none) | H15: 0 | I15: (none) | J15: 0
A16: belt | B16: Potential | C16: normal | D16: 0 | E16: (none) | F16: 0 | G16: (none) | H16: 0 | I16: (none) | J16: 0
A17: belt | B17: Bonus Potential | C17: normal | D17: 0 | E17: (none) | F17: 0 | G17: (none) | H17: 0 | I17: (none) | J17: 0
... A35: pocket | B35: Bonus Potential | C35: normal | D35: 0 | E35: (none) | F35: 0 | G35: (none) | H35: 0 | I35: (none) | J35: 0
