Workbook

Sheet README
A1: Fire/Poison Arch Mage — DPS Calculator: How to Use This Workbook
A3: How to use this workbook
A4: Only edit the yellow-highlighted cells on the Inputs sheet — every other sheet is computed from those values and will be overwritten if you rebuild the workbook.
A5: Summary shows Total DPS, a Per-Skill DPS Breakdown (damage-dealing skills only — buffs/passives that never deal their own damage are omitted), and a Marginal DPS & Stat Value table showing the DPS gained per +1 of each stat.
A6: Sensitivity has the full detail behind that marginal-value table — one self-contained block per stat, showing exactly how bumping that stat by +1 changes every downstream number.
A7: CubeData/PotentialCubes model your current gear's Potential Cube lines and drive cube-reroll expected-value decisions. For the full standalone Potential Cube EV calculator (exact optimal-stopping math, works from this workbook alone), see tools/potential_cubes_ev.py in the project repo.
A9: Design decisions & assumptions
A10: Poison/DoT skills (Poison Breath, Poison Mist, Creeping Toxin, Ignite) and Burning Magic/Elemental Decrease assume the target is permanently afflicted at steady state, not an exact on/off timer.
A11: Crit Rate pushed above 100% (e.g. by cube potential lines) automatically redirects its stat-value to Crit Damage's own per-unit DPS value on the PotentialCubes sheet, since excess Crit Rate cannot do anything past 100%.
A12: Buffs (Meditation, Magic Guard, Infinity, Nimble Feet) are modeled at steady-state duty-cycle average uptime, not as an exact moment-to-moment state machine.
A13: Meteor Proc's trigger rate is the combined cast rate of every attack that can trigger it (including Basic Attack), averaged rather than simulated hit-by-hit.
A14: Ifrit is a summon skill (own cooldown/duration/DoT-tick mechanism), not part of the game's separate Companion roster system — its damage is modeled as a real DPS source like any other skill.
... A16: Not modeled (out of scope): crowd control, Accuracy/Evasion/Defense reduction, movement speed, the character's own Defense stat, and Companion Summoning Time (the Companion roster system, unrelated to Ifrit).

Sheet Inputs
A1: Fire/Poison Arch Mage — DPS Calculator Inputs
A3: Character Level | B3: 114
A4: Monster Type ("boss", "normal", "breakthrough", or "pvp") | B4: breakthrough
A5: Flat ATTACK | B5: 901891
A6: ATTACK % | B6: 27600.8
A7: Monster Defense (flat, post-x100/x10 scaling) | B7: 3500
A8: CRIT_RATE % | B8: 107
A9: CRIT_DAMAGE % | B9: 319.1
A10: ATTACK_SPEED % (base, excludes Nimble Feet) | B10: 61.5
A11: Flat INT | B11: 58007
A12: INT % | B12: 229.4
A13: LUK | B13: 708
A14: DAMAGE % | B14: 929
A15: DAMAGE_AMP % | B15: 66.8
A16: BASIC_ATTACK_DAMAGE % | B16: 45.6
... A28: Skill Level Bonus — All Skills | B28: 55
A30: Additional Bonuses
A31: Skill Cooldown Decrease (seconds, only skills/buffs the character actively casts) | B31: 0
A32: Basic Attack Target Increase (flat, adds to the 6-target normal-monster base) | B32: 6
A33: Buff Duration Increase % | B33: 0
A34: Companion Summoning Time Increase % (companions not modeled — always 0 DPS impact) | B34: 0
A35: Fixed Fight Duration (seconds, boss or normal — leave 0 for steady-state DPS; ignored for pvp, which already uses its own fixed 15s model) | B35: 0
A36: Chapter Breakthrough: Normal-Monster Weight % (only used when Monster Type = breakthrough; rest of the weight is boss) | B36: 60
A37: Max Enemies Actually In Range (normal monsters only — caps each skill's theoretical AoE target count; default 999 = uncapped) | B37: 999

Sheet FactorTable
A1: Level | B1: F0 | C1: F1 | D1: F2 | E1: F3 | F1: F4 | G1: F5 | H1: F6 | I1: F7 | J1: F8 | K1: F9 | L1: F10 | M1: F11 | N1: F12 | O1: F13 | P1: F14 | Q1: F15 | R1: F16 | S1: F17 | T1: F18 | U1: F19 | V1: F20 | W1: F21 | X1: F22 | Y1: F23
A2: 1 | B2: 0 | C2: 1000 | D2: 1000 | E2: 1000 | F2: 1000 | G2: 1000 | H2: 1000 | I2: 1000 | J2: 1000 | K2: 1000 | L2: 1000 | M2: 1000 | N2: 1000 | O2: 1000 | P2: 1000 | Q2: 1000 | R2: 1000 | S2: 1000 | T2: 1000 | U2: 1000 | V2: 1000 | W2: 1000 | X2: 1000 | Y2: 1000
A3: 2 | B3: 0 | C3: 1015 | D3: 1020 | E3: 1030 | F3: 1040 | G3: 1050 | H3: 1060 | I3: 1070 | J3: 1020 | K3: 1020 | L3: 1020 | M3: 1000 | N3: 1010 | O3: 1020 | P3: 1030 | Q3: 1040 | R3: 1050 | S3: 1060 | T3: 1070 | U3: 1080 | V3: 1010 | W3: 1008 | X3: 1006 | Y3: 1100
A4: 3 | B4: 0 | C4: 1031 | D4: 1041 | E4: 1061 | F4: 1082 | G4: 1103 | H4: 1124 | I4: 1145 | J4: 1030 | K4: 1041 | L4: 1030 | M4: 1000 | N4: 1015 | O4: 1030 | P4: 1045 | Q4: 1060 | R4: 1075 | S4: 1090 | T4: 1105 | U4: 1120 | V4: 1020 | W4: 1012 | X4: 1009 | Y4: 1150
A5: 4 | B5: 0 | C5: 1047 | D5: 1062 | E5: 1093 | F5: 1126 | G5: 1159 | H5: 1192 | I5: 1226 | J5: 1040 | K5: 1062 | L5: 1040 | M5: 1000 | N5: 1020 | O5: 1040 | P5: 1060 | Q5: 1080 | R5: 1100 | S5: 1120 | T5: 1140 | U5: 1160 | V5: 1030 | W5: 1016 | X5: 1012 | Y5: 1200
A6: 5 | B6: 0 | C6: 1063 | D6: 1084 | E6: 1126 | F6: 1172 | G6: 1217 | H6: 1264 | I6: 1312 | J6: 1050 | K6: 1084 | L6: 1050 | M6: 1000 | N6: 1025 | O6: 1050 | P6: 1075 | Q6: 1100 | R6: 1125 | S6: 1150 | T6: 1175 | U6: 1200 | V6: 1040 | W6: 1020 | X6: 1015 | Y6: 1250
A7: 6 | B7: 0 | C7: 1079 | D7: 1106 | E7: 1160 | F7: 1219 | G7: 1278 | H7: 1340 | I7: 1404 | J7: 1060 | K7: 1106 | L7: 1060 | M7: 1000 | N7: 1030 | O7: 1060 | P7: 1090 | Q7: 1120 | R7: 1150 | S7: 1180 | T7: 1210 | U7: 1240 | V7: 1050 | W7: 1024 | X7: 1018 | Y7: 1300
A8: 7 | B8: 0 | C8: 1096 | D8: 1129 | E8: 1195 | F8: 1268 | G8: 1342 | H8: 1421 | I8: 1503 | J8: 1070 | K8: 1129 | L8: 1070 | M8: 1000 | N8: 1035 | O8: 1070 | P8: 1105 | Q8: 1140 | R8: 1175 | S8: 1210 | T8: 1245 | U8: 1280 | V8: 1060 | W8: 1028 | X8: 1021 | Y8: 1350
A9: 8 | B9: 0 | C9: 1113 | D9: 1152 | E9: 1231 | F9: 1319 | G9: 1410 | H9: 1507 | I9: 1609 | J9: 1080 | K9: 1152 | L9: 1080 | M9: 1000 | N9: 1040 | O9: 1080 | P9: 1120 | Q9: 1160 | R9: 1200 | S9: 1240 | T9: 1280 | U9: 1320 | V9: 1070 | W9: 1032 | X9: 1024 | Y9: 1400
A10: 9 | B10: 0 | C10: 1130 | D10: 1176 | E10: 1268 | F10: 1372 | G10: 1481 | H10: 1598 | I10: 1722 | J10: 1090 | K10: 1176 | L10: 1090 | M10: 1000 | N10: 1045 | O10: 1090 | P10: 1135 | Q10: 1180 | R10: 1225 | S10: 1270 | T10: 1315 | U10: 1360 | V10: 1080 | W10: 1036 | X10: 1027 | Y10: 1450
A11: 10 | B11: 0 | C11: 1147 | D11: 1200 | E11: 1307 | F11: 1427 | G11: 1556 | H11: 1694 | I11: 1843 | J11: 1100 | K11: 1200 | L11: 1100 | M11: 1000 | N11: 1050 | O11: 1100 | P11: 1150 | Q11: 1200 | R11: 1250 | S11: 1300 | T11: 1350 | U11: 1400 | V11: 1090 | W11: 1040 | X11: 1030 | Y11: 1500
A12: 11 | B12: 0 | C12: 1165 | D12: 1224 | E12: 1347 | F12: 1485 | G12: 1634 | H12: 1796 | I12: 1973 | J12: 1110 | K12: 1224 | L12: 1110 | M12: 1000 | N12: 1055 | O12: 1110 | P12: 1165 | Q12: 1220 | R12: 1275 | S12: 1330 | T12: 1385 | U12: 1440 | V12: 1100 | W12: 1044 | X12: 1033 | Y12: 1550
A13: 12 | B13: 0 | C13: 1183 | D13: 1249 | E13: 1388 | F13: 1545 | G13: 1716 | H13: 1904 | I13: 2112 | J13: 1120 | K13: 1249 | L13: 1120 | M13: 1000 | N13: 1060 | O13: 1120 | P13: 1180 | Q13: 1240 | R13: 1300 | S13: 1360 | T13: 1420 | U13: 1480 | V13: 1110 | W13: 1048 | X13: 1036 | Y13: 1600
... A301: 300 | B301: 0 | C301: 88573 | D301: 381637 | E301: 6991522 | F301: 125363453 | G301: 2185120762 | H301: 37157073039 | I301: 614631863830 | J301: 2000 | K301: 53326 | L301: 2500 | M301: 1100 | N301: 2500 | O301: 4000 | P301: 5500 | Q301: 7000 | R301: 8500 | S301: 10000 | T301: 11500 | U301: 13000 | V301: 7558 | W301: 2200 | X301: 1900 | Y301: 8800

Sheet Skills
A1: Key | B1: Name | C1: JobStep | D1: Element | E1: Cooldown(s) | F1: CostsActionSlot | G1: HitsPerCast | H1: ICD(s) | I1: ActiveWindow(s) | J1: ProcChance% | K1: RollsPerCast | L1: BaseDamage(tenths%) | M1: FactorIndex | N1: ScalesWithLevel | O1: SkillMasteryBonus% | P1: MasteryBossDamage% | Q1: MasteryNormalDamage% | R1: NormalMonsterTargets | S1: BuffTargetStat | T1: BuffDuration(s) | U1: TriggersElementalDecrease | V1: TriggersMeteorProc | W1: MeteorProcTriggersPerCast | X1: MapleHeroBase(tenths%) | Y1: MapleHeroFactorIndex | Z1: Stacks | AA1: Note
A2: BASIC_ATTACK | B2: Basic Attack | C2: 4 | D2: Fire | F2: FALSE | G2: 5 | H2: 0 | I2: 0 | J2: 100 | K2: 1 | N2: TRUE | O2: =SUMPRODUCT((Inputs!$B$3>={102,106,116,120,128,132})*{10,11,12,13,14,15}) -> 21 | P2: =SUMPRODUCT((Inputs!$B$3>={111,124})*{10,10}) -> 10 | Q2: 0 | R2: =6+Inputs!$B$32+IF(Inputs!$B$3>=136,1,0) -> 12 | T2: 0 | U2: FALSE | V2: FALSE | W2: 1 | AA2: 5 lines of damage per attack cycle — 5 independent full-damage hits (HitsPerCast=5), each using the same expected-damage-per-hit; no cooldown, DPS uses Basic Attacks/sec from the action-economy block. Basic Attack Mastery (level-gated sum: +10@102, +11@106, +12@116, +13@120, +14@128, +15@132 — 75% total once every tier is unlocked) and Boss Mastery (level-gated sum: +10@111, +10@124 — 20% total) are just this row's SkillMasteryBonus%/MasteryBossDamage% — same mechanism as every other skill, no separate Inputs-sheet fields. Basic Attack's own cast rate (Summary!Basic Attacks Per Second) is always added into the Meteor Proc trigger rate directly, so it does not need TriggersMeteorProc=TRUE here. Hits 6+Basic Attack Target Increase targets vs normal monsters (confirmed by the user), +1 more once Flame Sweep Strike Count is unlocked at level 136.
A3: IGNITE | B3: Ignite | C3: 2 | E3: 1 | F3: FALSE | G3: 3 | H3: 0 | I3: 0 | J3: 100 | K3: 1 | L3: 130 | M3: 21 | N3: TRUE | O3: 100 | P3: 0 | Q3: 0 | R3: 3 | T3: 0 | U3: FALSE | V3: FALSE | W3: 1 | X3: 500 | Y3: 23 | AA3: 3 walls of fire assumed permanently maintained (max instances). +250% vs Normal Monster not modeled. Skill Mastery: +100% added directly to the coefficient%. Hits 3 targets vs normal monsters.
A4: POISON_BREATH | B4: Poison Breath | C4: 2 | D4: Poison | E4: 18 | F4: TRUE | G4: 3 | H4: 0 | I4: 0 | J4: 100 | K4: 1 | L4: 2000 | M4: 12 | N4: TRUE | O4: 70 | P4: 0 | Q4: 0 | R4: 6 | T4: 0 | U4: TRUE | V4: TRUE | W4: 1 | X4: 800 | Y4: 23 | AA4: Skill Mastery: +70% added directly to the coefficient%. Hits 6 targets vs normal monsters.
A5: ELEMENTAL_DRAIN | B5: Elemental Drain | C5: 2 | E5: 1 | F5: FALSE | G5: 5 | H5: 0 | I5: 0 | J5: 100 | K5: 1 | L5: 120 | M5: 21 | N5: TRUE | O5: 0 | P5: 0 | Q5: 0 | R5: 1 | T5: 0 | U5: FALSE | V5: FALSE | W5: 1 | X5: 1500 | Y5: 23 | AA5: Poison assumed permanently at 5 stacks (max instances).
A6: MEDITATION | B6: Meditation | C6: 2 | E6: 30 | F6: TRUE | G6: 1 | H6: 0 | I6: 0 | J6: 100 | K6: 1 | L6: 200 | M6: 22 | N6: TRUE | O6: 0 | P6: 0 | Q6: 0 | R6: 1 | S6: ATTACK | T6: 19.5 | U6: FALSE | V6: FALSE | W6: 1 | AA6: Buff — averaged Attack% = BaseDamage/10 * Factor/1000 * Duration/Cooldown.
A7: POISON_MIST_BURST | B7: Poison Mist (burst) | C7: 3 | D7: Poison | E7: 24.5 | F7: TRUE | G7: 3 | H7: 0 | I7: 0 | J7: 100 | K7: 1 | L7: 1600 | M7: 12 | N7: TRUE | O7: 50 | P7: 0 | Q7: 0 | R7: 10 | T7: 0 | U7: TRUE | V7: TRUE | W7: 1 | X7: 100 | Y7: 23 | AA7: Skill Mastery: +50% added directly to the coefficient%. (Does not apply to the fog DoT — see that row.) Hits 10 targets vs normal monsters.
A8: POISON_MIST_DOT | B8: Poison Mist (fog DoT) | C8: 3 | D8: Poison | E8: 24.5 | F8: FALSE | G8: 1 | H8: =IF(Inputs!$B$3>=104,0.4,0.8) -> 0.4 | I8: 20 | J8: 100 | K8: 1 | L8: 700 | M8: 12 | N8: TRUE | O8: 0 | P8: 0 | Q8: 0 | R8: 10 | T8: 0 | U8: FALSE | V8: FALSE | W8: 1 | X8: 100 | Y8: 23 | AA8: EffectiveHits = 1 * (ActiveWindow/ICD) = duration/tick-interval ticks per cast. Skill Mastery's +50% damage bonus does NOT apply to the fog DoT, only the burst — SkillMasteryBonus% intentionally left at 0 here. Hits 10 targets vs normal monsters, same as the burst. Tick interval is 0.8s below level 104, 0.4s once the level-104 mastery is unlocked.
A9: MIST_ERUPTION | B9: Mist Eruption | C9: 4 | E9: =Skills!E7 -> 24.5 | F9: FALSE | G9: =IF(Inputs!$B$4="pvp",0,(1-Summary!$B$56)*(1)+Summary!$B$56*(IF(Inputs!$B$3>=108,4,3))) -> 2.8 | H9: 0 | I9: 0 | J9: 100 | K9: 1 | L9: 30000 | M9: 12 | N9: TRUE | O9: =IF(Inputs!$B$3>=122,100,0) -> 0 | P9: 0 | Q9: 0 | R9: 10 | T9: 0 | U9: FALSE | V9: FALSE | W9: 1 | AA9: A skill of its own — only related to Poison Mist in that it's triggered while the fog is active, so it fires at the same rate as Poison Mist's own cast (Cooldown mirrors Skills!Poison Mist (burst) row's Cooldown live). Vs boss: 1 explosion per Poison Mist cast (when the fog expires, since bosses don't die mid-fog). Vs normal monster: 3 explosions per cast (base), +1 (4 total) once the level-108 mastery is unlocked, hitting 10 targets each. Vs Chapter Breakthrough: weighted average of the boss and normal counts by Inputs!normal_weight_frac. Vs PvP: 0 — it only triggers when the fog naturally expires at the end of its full duration, which never happens within the 15s PvP fight (confirmed by the user). Not affected by Poison Mist's Skill Mastery or Maple Hero bonus (confirmed by the user) — it's jobStep 4, using its own 4th-job skill level, same factorIndex 12. Its own SkillMasteryBonus% is the level-122 mastery (+100% damage), unrelated to Poison Mist's.
A10: CREEPING_TOXIN | B10: Creeping Toxin | C10: 3 | D10: Poison | E10: 27 | F10: TRUE | G10: 2 | H10: 2 | I10: 15 | J10: 100 | K10: 1 | L10: 1200 | M10: 12 | N10: TRUE | O10: 50 | P10: 0 | Q10: 100 | R10: 1 | T10: 0 | U10: TRUE | V10: FALSE | W10: 1 | X10: 100 | Y10: 23 | AA10: Assumes a qualifying Fire-element hit is always available within the 2s ICD window. Skill Mastery: +50% added directly to the coefficient%, plus +100% Normal Monster Damage mastery. Deliberately excluded from Meteor Proc's trigger set (confirmed by the user).
A11: BURNING_MAGIC | B11: Burning Magic | C11: 3 | F11: FALSE | G11: 1 | H11: 0 | I11: 0 | J11: 100 | K11: 1 | L11: 50 | M11: 0 | N11: FALSE | O11: 0 | P11: 0 | Q11: 0 | R11: 1 | T11: 0 | U11: FALSE | V11: FALSE | W11: 1 | Z11: 5 | AA11: Global always-on multiplier: 1 + (BaseDamage/10 * Stacks)/100. Does not scale with level.
A12: ELEMENTAL_DECREASE | B12: Elemental Decrease | C12: 3 | F12: FALSE | G12: 1 | H12: 0 | I12: 0 | J12: 50 | K12: 1 | L12: 120 | M12: 22 | N12: TRUE | O12: 0 | P12: 0 | Q12: 0 | R12: 1 | T12: 7 | U12: FALSE | V12: FALSE | W12: 1 | AA12: Modeled as always-on (flat multiplier, like Burning Magic): at 50% chance per qualifying hit and a 7s duration, it gets reapplied well before it expires, so uptime is treated as 100% (confirmed by the user). ProcChance%/BuffDuration(s) are the real skill values for reference only — they no longer feed the Summary-sheet formula.
A13: METEOR_SHOWER_BURST | B13: Meteor Shower (burst) | C13: 4 | D13: Fire | E13: 33 | F13: TRUE | G13: 9 | H13: 0 | I13: 0 | J13: 100 | K13: 1 | L13: 6000 | M13: 12 | N13: TRUE | O13: =IF(Inputs!$B$3>=134,50,0) -> 0 | P13: 0 | Q13: 0 | R13: 7 | T13: 0 | U13: TRUE | V13: TRUE | W13: 3 | AA13: 3 meteorites x 3 hits collapsed into one 9-hit burst. Hits 7 targets vs normal monsters. MeteorProcTriggersPerCast=3 (not 1) — each of the 3 meteors is an independent Meteor Proc trigger opportunity even though all 3 land from a single cast (confirmed by the user). Skill Mastery: +50% damage once the level-134 mastery is unlocked.
A14: METEOR_PROC | B14: Meteor Proc (30% on-hit, 1s ICD) | C14: 4 | D14: Fire | F14: FALSE | G14: 1 | H14: 1 | I14: 0 | J14: 30 | K14: 1 | L14: 9500 | M14: 21 | N14: TRUE | O14: 0 | P14: 0 | Q14: 0 | R14: 1 | T14: 0 | U14: FALSE | V14: FALSE | W14: 1 | AA14: A skill of its own, NOT tied to Meteor Shower specifically — every cast of Basic Attack, Poison Breath, Poison Mist (burst), Meteor Shower, or Flame Haze (burst) has an independent 30% chance to trigger this meteor drop, gated by a 1s internal cooldown (ICD(s) column) after each trigger. Steady-state proc rate = (Chance% * R) / (1 + ICD * Chance% * R), where R is the combined cast rate of those qualifying attacks (Summary!B66) — NOT the simple EffectiveHits*ProcProbability/Cooldown pattern every other row uses, since this proc has no cooldown of its own to divide by. Creeping Toxin deliberately excluded from the trigger set. 4th job only.
A15: FLAME_HAZE_BURST | B15: Flame Haze (burst) | C15: 4 | D15: Fire | E15: 25 | F15: TRUE | G15: 3 | H15: 0 | I15: 0 | J15: 100 | K15: 1 | L15: 12000 | M15: 12 | N15: TRUE | O15: 0 | P15: 0 | Q15: 0 | R15: 10 | T15: 0 | U15: TRUE | V15: TRUE | W15: 1 | AA15: Hits 10 targets vs normal monsters.
A16: FLAME_HAZE_DOT | B16: Flame Haze (burn DoT) | C16: 4 | D16: Fire | E16: 25 | F16: FALSE | G16: 1 | H16: 0.5 | I16: =IF(Inputs!$B$4="pvp",10,(1-Summary!$B$56)*(20)+Summary!$B$56*(10)) -> 14 | J16: 100 | K16: 1 | L16: 1500 | M16: 12 | N16: TRUE | O16: 0 | P16: 0 | Q16: 0 | R16: 10 | T16: 0 | U16: FALSE | V16: FALSE | W16: 1 | AA16: Burn duration is 20s vs boss, 10s vs normal monsters and PvP (confirmed by the user); Chapter Breakthrough blends the two by Inputs!normal_weight_frac. Hits 10 targets vs normal monsters, same as the burst.
A17: MAGIC_GUARD | B17: Magic Guard | C17: 1 | E17: 21 | F17: TRUE | G17: 1 | H17: 0 | I17: 0 | J17: 100 | K17: 1 | L17: 120 | M17: 21 | N17: TRUE | O17: 0 | P17: 0 | Q17: 0 | R17: 1 | S17: ATTACK | T17: 15 | U17: FALSE | V17: FALSE | W17: 1 | AA17: Buff — only the Attack component is modeled (Defense component doesn't affect own damage).
A18: NIMBLE_FEET | B18: Nimble Feet | C18: 1 | E18: 60 | F18: TRUE | G18: 1 | H18: 0 | I18: 0 | J18: 100 | K18: 1 | L18: 150 | M18: 0 | N18: FALSE | O18: 0 | P18: 0 | Q18: 0 | R18: 1 | S18: ATTACK_SPEED | T18: 15 | U18: FALSE | V18: FALSE | W18: 1 | AA18: Buff — flat +15% Attack Speed, does not scale with level (FactorIndex is an unused placeholder here, same as Burning Magic). Averaged into effective Attack Speed before the 150% cap.
A19: INFINITY | B19: Infinity | C19: 4 | E19: 30 | F19: TRUE | G19: 1 | H19: 0 | I19: 0 | J19: 100 | K19: 1 | L19: 216.67 | M19: 21 | N19: TRUE | O19: 0 | P19: 0 | Q19: 0 | R19: 1 | S19: FINAL_DAMAGE | T19: 15 | U19: FALSE | V19: FALSE | W19: 1 | AA19: Ramps +15%->+25% Final Damage over 10s of its 15s duration; time-averaged while active = 21.6667% at factor 1000, now scaled by FactorTable[level][21]/1000 like Magic Guard/Meditation.
A20: MAGIC_CRITICAL_RATE | B20: Magic Critical (Crit Rate) | C20: 3 | F20: FALSE | G20: 1 | H20: 0 | I20: 0 | J20: 100 | K20: 1 | L20: 80 | M20: 22 | N20: TRUE | O20: 0 | P20: 0 | Q20: 0 | R20: 1 | S20: CRIT_RATE | T20: 0 | U20: FALSE | V20: FALSE | W20: 1 | AA20: Passive, always on (3rd job) — no cooldown/duration, not a damage row (Calc columns J-O stay blank/0). Its current contribution is already baked into Inputs!CRIT_RATE% by the user, so this row's own Calc!F value is NOT added to the baseline calculation — it's only used by the Sensitivity sheet to compute the marginal delta (this row's F at the swept level minus this row's F at the current level) when 'Skill Level Bonus — 3rd Job' is the stat being tested.
A21: MAGIC_CRITICAL_DAMAGE | B21: Magic Critical (Crit Damage) | C21: 3 | F21: FALSE | G21: 1 | H21: 0 | I21: 0 | J21: 100 | K21: 1 | L21: 120 | M21: 22 | N21: TRUE | O21: 0 | P21: 0 | Q21: 0 | R21: 1 | S21: CRIT_DAMAGE | T21: 0 | U21: FALSE | V21: FALSE | W21: 1 | AA21: Same mechanism as Magic Critical (Crit Rate) above, targeting CRIT_DAMAGE% instead.
A22: SPELL_MASTERY | B22: Spell Mastery | C22: 2 | F22: FALSE | G22: 1 | H22: 0 | I22: 0 | J22: 100 | K22: 1 | L22: 150 | M22: 22 | N22: TRUE | O22: 0 | P22: 0 | Q22: 0 | R22: 1 | S22: MIN_DAMAGE | T22: 0 | U22: FALSE | V22: FALSE | W22: 1 | AA22: Passive, always on (2nd job) — no cooldown/duration, not a damage row. Its current contribution is already baked into Inputs!MIN_DAMAGE% by the user; this row's Calc!F is only used by the Sensitivity sheet to compute the marginal delta when 'Skill Level Bonus — 2nd Job' is swept.
A23: ELEMENT_AMPLIFICATION | B23: Element Amplification | C23: 4 | F23: FALSE | G23: 1 | H23: 0 | I23: 0 | J23: 100 | K23: 1 | L23: 150 | M23: 22 | N23: TRUE | O23: 0 | P23: 0 | Q23: 0 | R23: 1 | S23: FINAL_DAMAGE | T23: 0 | U23: FALSE | V23: FALSE | W23: 1 | AA23: Passive, always on (4th job) — no cooldown/duration, not a damage row. Unlike the two rows above, this one is NOT reflected anywhere in Inputs, so its current-level value (Calc!F23) is added directly into every hit's Final Damage term in both the main Calc sheet and every Sensitivity block — combined MULTIPLICATIVELY with Inputs!FINAL_DAMAGE% (Final Damage sources always stack as (1+a/100)*(1+b/100), never as (1+(a+b)/100)).
A24: IFRIT | B24: Ifrit | C24: 4 | D24: Fire | E24: 80 | F24: TRUE | G24: 1 | H24: 4 | I24: =IF(Inputs!$B$3>=138,40,30) -> 30 | J24: 100 | K24: 1 | L24: 35000 | M24: 12 | N24: TRUE | O24: 0 | P24: 0 | Q24: 0 | R24: =IF(Inputs!$B$3>=138,6,3) -> 3 | T24: 0 | U24: FALSE | V24: FALSE | W24: 1 | AA24: Summon, 80s cooldown. EffectiveHits = HitsPerCast*(ActiveWindow/ICD) — same mechanism as Poison Mist's fog DoT/Flame Haze's burn DoT, no new Calc-sheet machinery needed: attacks every 4s (ICD) for its 30s duration (ActiveWindow), hitting 3 targets vs normal monsters, for the whole 80s cast cycle (Cooldown/InvCooldown). Duration -> 40s and targets -> 6 once the level-138 mastery is unlocked. Deliberately excluded from Meteor Proc's trigger set (confirmed by the user) — it only counts as a trigger source for the level-126 Flame Haze burn-proc mastery (see build_calc_sheet) and for Fervent Drain (via DAMAGE_ROW_KEYS, same as every other non-Basic-Attack skill). Gains a level-130 mastery multiplier (1+20%*Flame Haze burn stacks) — see flame_haze_total_stacks_expr.
A25: BUFF_MASTERY | B25: Buff Mastery | C25: 4 | F25: FALSE | G25: 1 | H25: 0 | I25: 0 | J25: 100 | K25: 1 | L25: 100 | M25: 22 | N25: TRUE | O25: 0 | P25: 0 | Q25: 0 | R25: 1 | T25: 0 | U25: FALSE | V25: FALSE | W25: 1 | AA25: Passive, always on (4th job, unlocked level 117) — no cooldown/duration, not a damage row. Not reflected anywhere in Inputs, so its current value (Calc!F) is added directly into every uptime_fraction_expr call's Buff Duration Increase % term, in both the main Calc sheet and every Sensitivity block (see bdi_with_buff_mastery_expr) — +10% base.
A26: ARCANE_AIM | B26: Arcane Aim | C26: 4 | F26: FALSE | G26: 1 | H26: 0 | I26: 0 | J26: 100 | K26: 1 | L26: 30 | M26: 22 | N26: TRUE | O26: 0 | P26: 0 | Q26: 0 | R26: 1 | T26: 0 | U26: FALSE | V26: FALSE | W26: 1 | AA26: Passive, always on (4th job, unlocked level 120) — no cooldown/duration, not a damage row. 25% chance per attack for +3% Final Damage for 10s, stacking up to 5 times; modeled as always at max 5 stacks (confirmed by the user, same precedent as Burning Magic/Elemental Decrease always-on). Combined MULTIPLICATIVELY into the Final Damage chain as (1+Calc!F/100)^5, alongside Element Amplification — stacks are multiplicative with each other, not additive (1.03^5, not 1+5*0.03).
A27: FERVENT_DRAIN | B27: Fervent Drain | C27: 4 | F27: FALSE | G27: 1 | H27: 0 | I27: 0 | J27: 100 | K27: 1 | L27: 40 | M27: 22 | N27: TRUE | O27: 0 | P27: 0 | Q27: 0 | R27: 1 | T27: 0 | U27: FALSE | V27: FALSE | W27: 1 | AA27: Passive, always on (4th job, unlocked level 125) — no cooldown/duration, not a damage row. +4% fire/poison skill damage per Poison stack on target; reuses Elemental Drain's permanently-5-stacks assumption, so its effective contribution is Calc!F*5. Added additively inside the skill_damage term of the hit-damage formula — confirmed by the user to boost skill damage only, NOT Basic Attack (Flame Sweep), even though it does cover both fire- and poison-element skills otherwise. Structurally excluded from Basic Attack's own term, not just numerically zero.
A28: FLAME_HAZE_FOG | B28: Flame Haze (poison fog DoT) | C28: 4 | D28: Poison | E28: =Skills!E15 -> 25 | F28: FALSE | G28: 1 | H28: =IF(Inputs!$B$3>=104,0.4,0.8) -> 0.4 | I28: 20 | J28: 100 | K28: 1 | L28: 700 | M28: 12 | N28: TRUE | O28: 0 | P28: 0 | Q28: 0 | R28: 10 | T28: 0 | U28: FALSE | V28: FALSE | W28: 1 | AA28: Unlocked level 118: Flame Haze creates a second, fully independent poisonous fog that triggers Poison Mist's DoT mechanic too — same damage/duration/ICD-mastery-gate math as POISON_MIST_DOT, tied to Flame Haze (burst)'s own live Cooldown cell (same live-cross-reference pattern MIST_ERUPTION uses for POISON_MIST_BURST). Independent of the existing Poison Mist fog — both can be active at the same time (confirmed by the user). No Maple Hero bonus (MapleHeroBase blank), matching its jobStep-4 sibling FLAME_HAZE_DOT rather than the jobStep-3 POISON_MIST_DOT.

Sheet Calc
A1: Key | B1: Name | C1: Unlocked | D1: InputLevel | E1: Factor | F1: CoefficientPercent | G1: EffectiveHits | H1: ProcProbability | I1: MapleHeroMultiplier | J1: BaseDamage | K1: BaseHitDamage | L1: NonCritAvg | M1: CritAvg | N1: ExpectedDamage(perHit) | O1: DPS | P1: % of Total | Q1: InvCooldown | R1: CastsInFight | Z1: Maple Hero helper (jobStep4, factorIndex23)
A2: =Skills!A2 -> BASIC_ATTACK | B2: =Skills!B2 -> Basic Attack | C2: =TRUE -> TRUE | F2: =Summary!$B$55+Skills!O2 -> 510.52 | G2: =Skills!G2*IF(Skills!H2>0,Skills!I2/Skills!H2,1) -> 5 | H2: =1-(1-Skills!J2/100)^Skills!K2 -> 1 | I2: =IF(Skills!X2<>"",1+(Skills!X2/10)*($Z$3/1000)/100,1) -> 1 | J2: =Summary!$B$51*(F2/100) -> 1.2754373e+09 | K2: =J2*(1+Summary!$B$52/100)*(1+Inputs!$B$14/100)*(1+IF(Inputs!$B$4="pvp",0,(1-Summary!$B$56)*(Inputs!$B$19+Skills!P2)+Summary!$B$56*(Inputs!$B$20+Skills!Q2))/100)*(1+Inputs!$B$15/100)*(5000/(6000+Inputs!$B$7*(1-Inputs!$B$18/100)))*(1+Inputs!$B$23/100)*(1+F23/100)*(1+IF(Inputs!$B$3>=120,F26,0)/100)^5*(1+(IF(Skills!A2="BASIC_ATTACK",Inputs!$B$16,Inputs!$B$17+IF(Inputs!$B$3>=125,F27*5,0)))/100)*(Summary!$B$58*Summary!$B$59*Summary!$B$60*I2) -> 6.9609526e+12 | L2: =K2*(MIN(Inputs!$B$21,Inputs!$B$22)/100+Inputs!$B$22/100)/2 -> 1.8791091e+13 | M2: =L2*(1+Inputs!$B$9/100) -> 7.8753464e+13 | N2: =L2*(1-MIN(Inputs!$B$8,100)/100)+M2*(MIN(Inputs!$B$8,100)/100) -> 7.8753464e+13 | O2: =Skills!G2*N2*Summary!$B$64*IF(Inputs!$B$4="pvp",1,(1-Summary!$B$56)*(1)+Summary!$B$56*(MIN(Skills!R2,Inputs!$B$37))) -> 3.897785e+15 | P2: =IF(Summary!$B$3=0,0,O2/Summary!$B$3) -> 0.46738363 | Q2: =IFERROR(1/IF(Inputs!$B$4="pvp",15,MAX(0.1,Skills!E2-IF(Skills!F2=TRUE,Inputs!$B$31,0))),0) -> 10 | R2: 0 | Z2: =MAX(0,(Inputs!$B$3-100)*3)+Inputs!$B$27+Inputs!$B$28 -> 172
A3: =Skills!A3 -> IGNITE | B3: =Skills!B3 -> Ignite | C3: =TRUE -> TRUE | D3: =IF(Skills!C3=1,60+Inputs!$B$24+Inputs!$B$28,IF(Skills!C3=2,90+Inputs!$B$25+Inputs!$B$28,IF(Skills!C3=3,120+Inputs!$B$26+Inputs!$B$28,MAX(0,(Inputs!$B$3-100)*3)+Inputs!$B$27+Inputs!$B$28))) -> 164 | E3: =INDEX(FactorTable!$B$2:$Y$301, MATCH(ROUND(MIN(300,MAX(1,D3)),0), FactorTable!$A$2:$A$301,0), Skills!M3+1) -> 1656 | F3: =IF(Skills!N3=TRUE,(Skills!L3/10)*(E3/1000),Skills!L3/10)+Skills!O3 -> 121.528 | G3: =Skills!G3*IF(Skills!H3>0,Skills!I3/Skills!H3,1) -> 3 | H3: =1-(1-Skills!J3/100)^Skills!K3 -> 1 | I3: =IF(Skills!X3<>"",1+(Skills!X3/10)*($Z$3/1000)/100,1) -> 4.76 | J3: =Summary!$B$51*(F3/100) -> 3.0361464e+08 | K3: =J3*(1+Summary!$B$52/100)*(1+Inputs!$B$14/100)*(1+IF(Inputs!$B$4="pvp",0,(1-Summary!$B$56)*(Inputs!$B$19+Skills!P3)+Summary!$B$56*(Inputs!$B$20+Skills!Q3))/100)*(1+Inputs!$B$15/100)*(5000/(6000+Inputs!$B$7*(1-Inputs!$B$18/100)))*(1+Inputs!$B$23/100)*(1+F23/100)*(1+IF(Inputs!$B$3>=120,F26,0)/100)^5*(1+(IF(Skills!A3="BASIC_ATTACK",Inputs!$B$16,Inputs!$B$17+IF(Inputs!$B$3>=125,F27*5,0)))/100)*(Summary!$B$58*Summary!$B$59*Summary!$B$60*I3) -> 1.0995012e+13 | L3: =K3*(MIN(Inputs!$B$21,Inputs!$B$22)/100+Inputs!$B$22/100)/2 -> 2.9681035e+13 | M3: =L3*(1+Inputs!$B$9/100) -> 1.2439322e+14 | N3: =L3*(1-MIN(Inputs!$B$8,100)/100)+M3*(MIN(Inputs!$B$8,100)/100) -> 1.2439322e+14 | O3: =IF(C3,H3*N3*IF(AND(Inputs!$B$4<>"pvp",Inputs!$B$35>0),((Skills!G3*((R3-1)*IF(Skills!H3>0,Skills!I3/Skills!H3,1)+IF(Skills!H3>0,MIN(Skills!I3,MAX(0,Inputs!$B$35-((R3-1)*IF(Inputs!$B$4="pvp",15,MAX(0.1,Skills!E3-IF(Skills!F3=TRUE,Inputs!$B$31,0))))))/Skills!H3,1)))/Inputs!$B$35),G3*Q3)*IF(Inputs!$B$4="pvp",1,(1-Summary!$B$56)*(1)+Summary!$B$56*(MIN(Skills!R3,Inputs!$B$37))),0) -> 8.2099524e+14 | P3: =IF(Summary!$B$3=0,0,O3/Summary!$B$3) -> 0.098445587 | Q3: =IFERROR(1/IF(Inputs!$B$4="pvp",15,MAX(0.1,Skills!E3-IF(Skills!F3=TRUE,Inputs!$B$31,0))),0) -> 1 | R3: =IF(AND(Inputs!$B$4<>"pvp",Inputs!$B$35>0),(INT(Inputs!$B$35/IF(Inputs!$B$4="pvp",15,MAX(0.1,Skills!E3-IF(Skills!F3=TRUE,Inputs!$B$31,0))))+1),0) -> 0 | Z3: =INDEX(FactorTable!$B$2:$Y$301, MATCH(ROUND(MIN(300,MAX(1,Z2)),0), FactorTable!$A$2:$A$301,0), 24) -> 7520
A4: =Skills!A4 -> POISON_BREATH | B4: =Skills!B4 -> Poison Breath | C4: =TRUE -> TRUE | D4: =IF(Skills!C4=1,60+Inputs!$B$24+Inputs!$B$28,IF(Skills!C4=2,90+Inputs!$B$25+Inputs!$B$28,IF(Skills!C4=3,120+Inputs!$B$26+Inputs!$B$28,MAX(0,(Inputs!$B$3-100)*3)+Inputs!$B$27+Inputs!$B$28))) -> 164 | E4: =INDEX(FactorTable!$B$2:$Y$301, MATCH(ROUND(MIN(300,MAX(1,D4)),0), FactorTable!$A$2:$A$301,0), Skills!M4+1) -> 1820 | F4: =IF(Skills!N4=TRUE,(Skills!L4/10)*(E4/1000),Skills!L4/10)+Skills!O4 -> 434 | G4: =Skills!G4*IF(Skills!H4>0,Skills!I4/Skills!H4,1) -> 3 | H4: =1-(1-Skills!J4/100)^Skills!K4 -> 1 | I4: =IF(Skills!X4<>"",1+(Skills!X4/10)*($Z$3/1000)/100,1) -> 7.016 | J4: =Summary!$B$51*(F4/100) -> 1.0842666e+09 | K4: =J4*(1+Summary!$B$52/100)*(1+Inputs!$B$14/100)*(1+IF(Inputs!$B$4="pvp",0,(1-Summary!$B$56)*(Inputs!$B$19+Skills!P4)+Summary!$B$56*(Inputs!$B$20+Skills!Q4))/100)*(1+Inputs!$B$15/100)*(5000/(6000+Inputs!$B$7*(1-Inputs!$B$18/100)))*(1+Inputs!$B$23/100)*(1+F23/100)*(1+IF(Inputs!$B$3>=120,F26,0)/100)^5*(1+(IF(Skills!A4="BASIC_ATTACK",Inputs!$B$16,Inputs!$B$17+IF(Inputs!$B$3>=125,F27*5,0)))/100)*(Summary!$B$58*Summary!$B$59*Summary!$B$60*I4) -> 5.7875095e+13 | L4: =K4*(MIN(Inputs!$B$21,Inputs!$B$22)/100+Inputs!$B$22/100)/2 -> 1.5623382e+14 | M4: =L4*(1+Inputs!$B$9/100) -> 6.5477593e+14 | N4: =L4*(1-MIN(Inputs!$B$8,100)/100)+M4*(MIN(Inputs!$B$8,100)/100) -> 6.5477593e+14 | O4: =IF(C4,H4*N4*IF(AND(Inputs!$B$4<>"pvp",Inputs!$B$35>0),((Skills!G4*((R4-1)*IF(Skills!H4>0,Skills!I4/Skills!H4,1)+IF(Skills!H4>0,MIN(Skills!I4,MAX(0,Inputs!$B$35-((R4-1)*IF(Inputs!$B$4="pvp",15,MAX(0.1,Skills!E4-IF(Skills!F4=TRUE,Inputs!$B$31,0))))))/Skills!H4,1)))/Inputs!$B$35),G4*Q4)*IF(Inputs!$B$4="pvp",1,(1-Summary!$B$56)*(1)+Summary!$B$56*(MIN(Skills!R4,Inputs!$B$37))),0) -> 4.3651729e+14 | P4: =IF(Summary!$B$3=0,0,O4/Summary!$B$3) -> 0.052342814 | Q4: =IFERROR(1/IF(Inputs!$B$4="pvp",15,MAX(0.1,Skills!E4-IF(Skills!F4=TRUE,Inputs!$B$31,0))),0) -> 0.055555556 | R4: =IF(AND(Inputs!$B$4<>"pvp",Inputs!$B$35>0),(INT(Inputs!$B$35/IF(Inputs!$B$4="pvp",15,MAX(0.1,Skills!E4-IF(Skills!F4=TRUE,Inputs!$B$31,0))))+1),0) -> 0
A5: =Skills!A5 -> ELEMENTAL_DRAIN | B5: =Skills!B5 -> Elemental Drain | C5: =TRUE -> TRUE | D5: =IF(Skills!C5=1,60+Inputs!$B$24+Inputs!$B$28,IF(Skills!C5=2,90+Inputs!$B$25+Inputs!$B$28,IF(Skills!C5=3,120+Inputs!$B$26+Inputs!$B$28,MAX(0,(Inputs!$B$3-100)*3)+Inputs!$B$27+Inputs!$B$28))) -> 164 | E5: =INDEX(FactorTable!$B$2:$Y$301, MATCH(ROUND(MIN(300,MAX(1,D5)),0), FactorTable!$A$2:$A$301,0), Skills!M5+1) -> 1656 | F5: =IF(Skills!N5=TRUE,(Skills!L5/10)*(E5/1000),Skills!L5/10)+Skills!O5 -> 19.872 | G5: =Skills!G5*IF(Skills!H5>0,Skills!I5/Skills!H5,1) -> 5 | H5: =1-(1-Skills!J5/100)^Skills!K5 -> 1 | I5: =IF(Skills!X5<>"",1+(Skills!X5/10)*($Z$3/1000)/100,1) -> 12.28 | J5: =Summary!$B$51*(F5/100) -> 49646421 | K5: =J5*(1+Summary!$B$52/100)*(1+Inputs!$B$14/100)*(1+IF(Inputs!$B$4="pvp",0,(1-Summary!$B$56)*(Inputs!$B$19+Skills!P5)+Summary!$B$56*(Inputs!$B$20+Skills!Q5))/100)*(1+Inputs!$B$15/100)*(5000/(6000+Inputs!$B$7*(1-Inputs!$B$18/100)))*(1+Inputs!$B$23/100)*(1+F23/100)*(1+IF(Inputs!$B$3>=120,F26,0)/100)^5*(1+(IF(Skills!A5="BASIC_ATTACK",Inputs!$B$16,Inputs!$B$17+IF(Inputs!$B$3>=125,F27*5,0)))/100)*(Summary!$B$58*Summary!$B$59*Summary!$B$60*I5) -> 4.6382307e+12 | L5: =K5*(MIN(Inputs!$B$21,Inputs!$B$22)/100+Inputs!$B$22/100)/2 -> 1.2520904e+13 | M5: =L5*(1+Inputs!$B$9/100) -> 5.2475108e+13 | N5: =L5*(1-MIN(Inputs!$B$8,100)/100)+M5*(MIN(Inputs!$B$8,100)/100) -> 5.2475108e+13 | O5: =IF(C5,H5*N5*IF(AND(Inputs!$B$4<>"pvp",Inputs!$B$35>0),((Skills!G5*((R5-1)*IF(Skills!H5>0,Skills!I5/Skills!H5,1)+IF(Skills!H5>0,MIN(Skills!I5,MAX(0,Inputs!$B$35-((R5-1)*IF(Inputs!$B$4="pvp",15,MAX(0.1,Skills!E5-IF(Skills!F5=TRUE,Inputs!$B$31,0))))))/Skills!H5,1)))/Inputs!$B$35),G5*Q5)*IF(Inputs!$B$4="pvp",1,(1-Summary!$B$56)*(1)+Summary!$B$56*(MIN(Skills!R5,Inputs!$B$37))),0) -> 2.6237554e+14 | P5: =IF(Summary!$B$3=0,0,O5/Summary!$B$3) -> 0.031461467 | Q5: =IFERROR(1/IF(Inputs!$B$4="pvp",15,MAX(0.1,Skills!E5-IF(Skills!F5=TRUE,Inputs!$B$31,0))),0) -> 1 | R5: =IF(AND(Inputs!$B$4<>"pvp",Inputs!$B$35>0),(INT(Inputs!$B$35/IF(Inputs!$B$4="pvp",15,MAX(0.1,Skills!E5-IF(Skills!F5=TRUE,Inputs!$B$31,0))))+1),0) -> 0
A6: =Skills!A6 -> MEDITATION | B6: =Skills!B6 -> Meditation | C6: =TRUE -> TRUE | D6: =IF(Skills!C6=1,60+Inputs!$B$24+Inputs!$B$28,IF(Skills!C6=2,90+Inputs!$B$25+Inputs!$B$28,IF(Skills!C6=3,120+Inputs!$B$26+Inputs!$B$28,MAX(0,(Inputs!$B$3-100)*3)+Inputs!$B$27+Inputs!$B$28))) -> 164 | E6: =INDEX(FactorTable!$B$2:$Y$301, MATCH(ROUND(MIN(300,MAX(1,D6)),0), FactorTable!$A$2:$A$301,0), Skills!M6+1) -> 1492 | F6: =IF(Skills!N6=TRUE,(Skills!L6/10)*(E6/1000),Skills!L6/10)+Skills!O6 -> 29.84 | G6: =Skills!G6*IF(Skills!H6>0,Skills!I6/Skills!H6,1) -> 1 | H6: =1-(1-Skills!J6/100)^Skills!K6 -> 1 | I6: =IF(Skills!X6<>"",1+(Skills!X6/10)*($Z$3/1000)/100,1) -> 1 | O6: 0 | P6: =IF(Summary!$B$3=0,0,O6/Summary!$B$3) -> 0 | Q6: =IFERROR(1/IF(Inputs!$B$4="pvp",15,MAX(0.1,Skills!E6-IF(Skills!F6=TRUE,Inputs!$B$31,0))),0) -> 0.033333333 | R6: =IF(AND(Inputs!$B$4<>"pvp",Inputs!$B$35>0),(INT(Inputs!$B$35/IF(Inputs!$B$4="pvp",15,MAX(0.1,Skills!E6-IF(Skills!F6=TRUE,Inputs!$B$31,0))))+1),0) -> 0
A7: =Skills!A7 -> POISON_MIST_BURST | B7: =Skills!B7 -> Poison Mist (burst) | C7: =TRUE -> TRUE | D7: =IF(Skills!C7=1,60+Inputs!$B$24+Inputs!$B$28,IF(Skills!C7=2,90+Inputs!$B$25+Inputs!$B$28,IF(Skills!C7=3,120+Inputs!$B$26+Inputs!$B$28,MAX(0,(Inputs!$B$3-100)*3)+Inputs!$B$27+Inputs!$B$28))) -> 184 | E7: =INDEX(FactorTable!$B$2:$Y$301, MATCH(ROUND(MIN(300,MAX(1,D7)),0), FactorTable!$A$2:$A$301,0), Skills!M7+1) -> 1920 | F7: =IF(Skills!N7=TRUE,(Skills!L7/10)*(E7/1000),Skills!L7/10)+Skills!O7 -> 357.2 | G7: =Skills!G7*IF(Skills!H7>0,Skills!I7/Skills!H7,1) -> 3 | H7: =1-(1-Skills!J7/100)^Skills!K7 -> 1 | I7: =IF(Skills!X7<>"",1+(Skills!X7/10)*($Z$3/1000)/100,1) -> 1.752 | J7: =Summary!$B$51*(F7/100) -> 8.9239641e+08 | K7: =J7*(1+Summary!$B$52/100)*(1+Inputs!$B$14/100)*(1+IF(Inputs!$B$4="pvp",0,(1-Summary!$B$56)*(Inputs!$B$19+Skills!P7)+Summary!$B$56*(Inputs!$B$20+Skills!Q7))/100)*(1+Inputs!$B$15/100)*(5000/(6000+Inputs!$B$7*(1-Inputs!$B$18/100)))*(1+Inputs!$B$23/100)*(1+F23/100)*(1+IF(Inputs!$B$3>=120,F26,0)/100)^5*(1+(IF(Skills!A7="BASIC_ATTACK",Inputs!$B$16,Inputs!$B$17+IF(Inputs!$B$3>=125,F27*5,0)))/100)*(Summary!$B$58*Summary!$B$59*Summary!$B$60*I7) -> 1.1894822e+13 | L7: =K7*(MIN(Inputs!$B$21,Inputs!$B$22)/100+Inputs!$B$22/100)/2 -> 3.2110073e+13 | M7: =L7*(1+Inputs!$B$9/100) -> 1.3457331e+14 | N7: =L7*(1-MIN(Inputs!$B$8,100)/100)+M7*(MIN(Inputs!$B$8,100)/100) -> 1.3457331e+14 | O7: =IF(C7,H7*N7*IF(AND(Inputs!$B$4<>"pvp",Inputs!$B$35>0),((Skills!G7*((R7-1)*IF(Skills!H7>0,Skills!I7/Skills!H7,1)+IF(Skills!H7>0,MIN(Skills!I7,MAX(0,Inputs!$B$35-((R7-1)*IF(Inputs!$B$4="pvp",15,MAX(0.1,Skills!E7-IF(Skills!F7=TRUE,Inputs!$B$31,0))))))/Skills!H7,1)))/Inputs!$B$35),G7*Q7)*IF(Inputs!$B$4="pvp",1,(1-Summary!$B$56)*(1)+Summary!$B$56*(MIN(Skills!R7,Inputs!$B$37))),0) -> 1.0546154e+14 | P7: =IF(Summary!$B$3=0,0,O7/Summary!$B$3) -> 0.012645899 | Q7: =IFERROR(1/IF(Inputs!$B$4="pvp",15,MAX(0.1,Skills!E7-IF(Skills!F7=TRUE,Inputs!$B$31,0))),0) -> 0.040816327 | R7: =IF(AND(Inputs!$B$4<>"pvp",Inputs!$B$35>0),(INT(Inputs!$B$35/IF(Inputs!$B$4="pvp",15,MAX(0.1,Skills!E7-IF(Skills!F7=TRUE,Inputs!$B$31,0))))+1),0) -> 0
A8: =Skills!A8 -> POISON_MIST_DOT | B8: =Skills!B8 -> Poison Mist (fog DoT) | C8: =TRUE -> TRUE | D8: =IF(Skills!C8=1,60+Inputs!$B$24+Inputs!$B$28,IF(Skills!C8=2,90+Inputs!$B$25+Inputs!$B$28,IF(Skills!C8=3,120+Inputs!$B$26+Inputs!$B$28,MAX(0,(Inputs!$B$3-100)*3)+Inputs!$B$27+Inputs!$B$28))) -> 184 | E8: =INDEX(FactorTable!$B$2:$Y$301, MATCH(ROUND(MIN(300,MAX(1,D8)),0), FactorTable!$A$2:$A$301,0), Skills!M8+1) -> 1920 | F8: =IF(Skills!N8=TRUE,(Skills!L8/10)*(E8/1000),Skills!L8/10)+Skills!O8 -> 134.4 | G8: =Skills!G8*IF(Skills!H8>0,Skills!I8/Skills!H8,1) -> 50 | H8: =1-(1-Skills!J8/100)^Skills!K8 -> 1 | I8: =IF(Skills!X8<>"",1+(Skills!X8/10)*($Z$3/1000)/100,1) -> 1.752 | J8: =Summary!$B$51*(F8/100) -> 3.3577289e+08 | K8: =J8*(1+Summary!$B$52/100)*(1+Inputs!$B$14/100)*(1+IF(Inputs!$B$4="pvp",0,(1-Summary!$B$56)*(Inputs!$B$19+Skills!P8)+Summary!$B$56*(Inputs!$B$20+Skills!Q8))/100)*(1+Inputs!$B$15/100)*(5000/(6000+Inputs!$B$7*(1-Inputs!$B$18/100)))*(1+Inputs!$B$23/100)*(1+F23/100)*(1+IF(Inputs!$B$3>=120,F26,0)/100)^5*(1+(IF(Skills!A8="BASIC_ATTACK",Inputs!$B$16,Inputs!$B$17+IF(Inputs!$B$3>=125,F27*5,0)))/100)*(Summary!$B$58*Summary!$B$59*Summary!$B$60*I8) -> 4.4755434e+12 | L8: =K8*(MIN(Inputs!$B$21,Inputs!$B$22)/100+Inputs!$B$22/100)/2 -> 1.2081729e+13 | M8: =L8*(1+Inputs!$B$9/100) -> 5.0634528e+13 | N8: =L8*(1-MIN(Inputs!$B$8,100)/100)+M8*(MIN(Inputs!$B$8,100)/100) -> 5.0634528e+13 | O8: =IF(C8,H8*N8*IF(AND(Inputs!$B$4<>"pvp",Inputs!$B$35>0),((Skills!G8*((R8-1)*IF(Skills!H8>0,Skills!I8/Skills!H8,1)+IF(Skills!H8>0,MIN(Skills!I8,MAX(0,Inputs!$B$35-((R8-1)*IF(Inputs!$B$4="pvp",15,MAX(0.1,Skills!E8-IF(Skills!F8=TRUE,Inputs!$B$31,0))))))/Skills!H8,1)))/Inputs!$B$35),G8*Q8)*IF(Inputs!$B$4="pvp",1,(1-Summary!$B$56)*(1)+Summary!$B$56*(MIN(Skills!R8,Inputs!$B$37))),0) -> 6.6134894e+14 | P8: =IF(Summary!$B$3=0,0,O8/Summary!$B$3) -> 0.07930239 | Q8: =IFERROR(1/IF(Inputs!$B$4="pvp",15,MAX(0.1,Skills!E8-IF(Skills!F8=TRUE,Inputs!$B$31,0))),0) -> 0.040816327 | R8: =IF(AND(Inputs!$B$4<>"pvp",Inputs!$B$35>0),(INT(Inputs!$B$35/IF(Inputs!$B$4="pvp",15,MAX(0.1,Skills!E8-IF(Skills!F8=TRUE,Inputs!$B$31,0))))+1),0) -> 0
A9: =Skills!A9 -> MIST_ERUPTION | B9: =Skills!B9 -> Mist Eruption | C9: =Inputs!$B$3>=103 -> TRUE | D9: =IF(Skills!C9=1,60+Inputs!$B$24+Inputs!$B$28,IF(Skills!C9=2,90+Inputs!$B$25+Inputs!$B$28,IF(Skills!C9=3,120+Inputs!$B$26+Inputs!$B$28,MAX(0,(Inputs!$B$3-100)*3)+Inputs!$B$27+Inputs!$B$28))) -> 172 | E9: =INDEX(FactorTable!$B$2:$Y$301, MATCH(ROUND(MIN(300,MAX(1,D9)),0), FactorTable!$A$2:$A$301,0), Skills!M9+1) -> 1860 | F9: =IF(Skills!N9=TRUE,(Skills!L9/10)*(E9/1000),Skills!L9/10)+Skills!O9 -> 5580 | G9: =Skills!G9*IF(Skills!H9>0,Skills!I9/Skills!H9,1) -> 2.8 | H9: =1-(1-Skills!J9/100)^Skills!K9 -> 1 | I9: =IF(Skills!X9<>"",1+(Skills!X9/10)*($Z$3/1000)/100,1) -> 1 | J9: =Summary!$B$51*(F9/100) -> 1.3940571e+10 | K9: =J9*(1+Summary!$B$52/100)*(1+Inputs!$B$14/100)*(1+IF(Inputs!$B$4="pvp",0,(1-Summary!$B$56)*(Inputs!$B$19+Skills!P9)+Summary!$B$56*(Inputs!$B$20+Skills!Q9))/100)*(1+Inputs!$B$15/100)*(5000/(6000+Inputs!$B$7*(1-Inputs!$B$18/100)))*(1+Inputs!$B$23/100)*(1+F23/100)*(1+IF(Inputs!$B$3>=120,F26,0)/100)^5*(1+(IF(Skills!A9="BASIC_ATTACK",Inputs!$B$16,Inputs!$B$17+IF(Inputs!$B$3>=125,F27*5,0)))/100)*(Summary!$B$58*Summary!$B$59*Summary!$B$60*I9) -> 1.0605877e+14 | L9: =K9*(MIN(Inputs!$B$21,Inputs!$B$22)/100+Inputs!$B$22/100)/2 -> 2.8630566e+14 | M9: =L9*(1+Inputs!$B$9/100) -> 1.199907e+15 | N9: =L9*(1-MIN(Inputs!$B$8,100)/100)+M9*(MIN(Inputs!$B$8,100)/100) -> 1.199907e+15 | O9: =IF(C9,H9*N9*IF(AND(Inputs!$B$4<>"pvp",Inputs!$B$35>0),((Skills!G9*((R9-1)*IF(Skills!H9>0,Skills!I9/Skills!H9,1)+IF(Skills!H9>0,MIN(Skills!I9,MAX(0,Inputs!$B$35-((R9-1)*IF(Inputs!$B$4="pvp",15,MAX(0.1,Skills!E9-IF(Skills!F7=TRUE,Inputs!$B$31,0))))))/Skills!H9,1)))/Inputs!$B$35),G9*Q9)*IF(Inputs!$B$4="pvp",1,(1-Summary!$B$56)*(1)+Summary!$B$56*(MIN(Skills!R9,Inputs!$B$37))),0) -> 8.7764628e+14 | P9: =IF(Summary!$B$3=0,0,O9/Summary!$B$3) -> 0.10523862 | Q9: =IFERROR(1/IF(Inputs!$B$4="pvp",15,MAX(0.1,Skills!E9-IF(Skills!F7=TRUE,Inputs!$B$31,0))),0) -> 0.040816327 | R9: =IF(AND(Inputs!$B$4<>"pvp",Inputs!$B$35>0),(INT(Inputs!$B$35/IF(Inputs!$B$4="pvp",15,MAX(0.1,Skills!E9-IF(Skills!F7=TRUE,Inputs!$B$31,0))))+1),0) -> 0
A10: =Skills!A10 -> CREEPING_TOXIN | B10: =Skills!B10 -> Creeping Toxin | C10: =TRUE -> TRUE | D10: =IF(Skills!C10=1,60+Inputs!$B$24+Inputs!$B$28,IF(Skills!C10=2,90+Inputs!$B$25+Inputs!$B$28,IF(Skills!C10=3,120+Inputs!$B$26+Inputs!$B$28,MAX(0,(Inputs!$B$3-100)*3)+Inputs!$B$27+Inputs!$B$28))) -> 184 | E10: =INDEX(FactorTable!$B$2:$Y$301, MATCH(ROUND(MIN(300,MAX(1,D10)),0), FactorTable!$A$2:$A$301,0), Skills!M10+1) -> 1920 | F10: =IF(Skills!N10=TRUE,(Skills!L10/10)*(E10/1000),Skills!L10/10)+Skills!O10 -> 280.4 | G10: =Skills!G10*IF(Skills!H10>0,Skills!I10/Skills!H10,1) -> 15 | H10: =1-(1-Skills!J10/100)^Skills!K10 -> 1 | I10: =IF(Skills!X10<>"",1+(Skills!X10/10)*($Z$3/1000)/100,1) -> 1.752 | J10: =Summary!$B$51*(F10/100) -> 7.0052619e+08 | K10: =J10*(1+Summary!$B$52/100)*(1+Inputs!$B$14/100)*(1+IF(Inputs!$B$4="pvp",0,(1-Summary!$B$56)*(Inputs!$B$19+Skills!P10)+Summary!$B$56*(Inputs!$B$20+Skills!Q10))/100)*(1+Inputs!$B$15/100)*(5000/(6000+Inputs!$B$7*(1-Inputs!$B$18/100)))*(1+Inputs!$B$23/100)*(1+F23/100)*(1+IF(Inputs!$B$3>=120,F26,0)/100)^5*(1+(IF(Skills!A10="BASIC_ATTACK",Inputs!$B$16,Inputs!$B$17+IF(Inputs!$B$3>=125,F27*5,0)))/100)*(Summary!$B$58*Summary!$B$59*Summary!$B$60*I10) -> 1.1018768e+13 | L10: =K10*(MIN(Inputs!$B$21,Inputs!$B$22)/100+Inputs!$B$22/100)/2 -> 2.9745164e+13 | M10: =L10*(1+Inputs!$B$9/100) -> 1.2466198e+14 | N10: =L10*(1-MIN(Inputs!$B$8,100)/100)+M10*(MIN(Inputs!$B$8,100)/100) -> 1.2466198e+14 | O10: =IF(C10,H10*N10*IF(AND(Inputs!$B$4<>"pvp",Inputs!$B$35>0),((Skills!G10*((R10-1)*IF(Skills!H10>0,Skills!I10/Skills!H10,1)+IF(Skills!H10>0,MIN(Skills!I10,MAX(0,Inputs!$B$35-((R10-1)*IF(Inputs!$B$4="pvp",15,MAX(0.1,Skills!E10-IF(Skills!F10=TRUE,Inputs!$B$31,0))))))/Skills!H10,1)))/Inputs!$B$35),G10*Q10)*IF(Inputs!$B$4="pvp",1,(1-Summary!$B$56)*(1)+Summary!$B$56*(MIN(Skills!R10,Inputs!$B$37))),0) -> 6.9256656e+13 | P10: =IF(Summary!$B$3=0,0,O10/Summary!$B$3) -> 0.0083045697 | Q10: =IFERROR(1/IF(Inputs!$B$4="pvp",15,MAX(0.1,Skills!E10-IF(Skills!F10=TRUE,Inputs!$B$31,0))),0) -> 0.037037037 | R10: =IF(AND(Inputs!$B$4<>"pvp",Inputs!$B$35>0),(INT(Inputs!$B$35/IF(Inputs!$B$4="pvp",15,MAX(0.1,Skills!E10-IF(Skills!F10=TRUE,Inputs!$B$31,0))))+1),0) -> 0
A11: =Skills!A11 -> BURNING_MAGIC | B11: =Skills!B11 -> Burning Magic | C11: =TRUE -> TRUE | D11: =IF(Skills!C11=1,60+Inputs!$B$24+Inputs!$B$28,IF(Skills!C11=2,90+Inputs!$B$25+Inputs!$B$28,IF(Skills!C11=3,120+Inputs!$B$26+Inputs!$B$28,MAX(0,(Inputs!$B$3-100)*3)+Inputs!$B$27+Inputs!$B$28))) -> 184 | E11: =INDEX(FactorTable!$B$2:$Y$301, MATCH(ROUND(MIN(300,MAX(1,D11)),0), FactorTable!$A$2:$A$301,0), Skills!M11+1) -> 0 | F11: =IF(Skills!N11=TRUE,(Skills!L11/10)*(E11/1000),Skills!L11/10)+Skills!O11 -> 5 | G11: =Skills!G11*IF(Skills!H11>0,Skills!I11/Skills!H11,1) -> 1 | H11: =1-(1-Skills!J11/100)^Skills!K11 -> 1 | I11: =IF(Skills!X11<>"",1+(Skills!X11/10)*($Z$3/1000)/100,1) -> 1 | O11: 0 | P11: =IF(Summary!$B$3=0,0,O11/Summary!$B$3) -> 0 | Q11: =IFERROR(1/IF(Inputs!$B$4="pvp",15,MAX(0.1,Skills!E11-IF(Skills!F11=TRUE,Inputs!$B$31,0))),0) -> 10 | R11: 0
A12: =Skills!A12 -> ELEMENTAL_DECREASE | B12: =Skills!B12 -> Elemental Decrease | C12: =TRUE -> TRUE | D12: =IF(Skills!C12=1,60+Inputs!$B$24+Inputs!$B$28,IF(Skills!C12=2,90+Inputs!$B$25+Inputs!$B$28,IF(Skills!C12=3,120+Inputs!$B$26+Inputs!$B$28,MAX(0,(Inputs!$B$3-100)*3)+Inputs!$B$27+Inputs!$B$28))) -> 184 | E12: =INDEX(FactorTable!$B$2:$Y$301, MATCH(ROUND(MIN(300,MAX(1,D12)),0), FactorTable!$A$2:$A$301,0), Skills!M12+1) -> 1552 | F12: =IF(Skills!N12=TRUE,(Skills!L12/10)*(E12/1000),Skills!L12/10)+Skills!O12 -> 18.624 | G12: =Skills!G12*IF(Skills!H12>0,Skills!I12/Skills!H12,1) -> 1 | H12: =1-(1-Skills!J12/100)^Skills!K12 -> 0.5 | I12: =IF(Skills!X12<>"",1+(Skills!X12/10)*($Z$3/1000)/100,1) -> 1 | O12: 0 | P12: =IF(Summary!$B$3=0,0,O12/Summary!$B$3) -> 0 | Q12: =IFERROR(1/IF(Inputs!$B$4="pvp",15,MAX(0.1,Skills!E12-IF(Skills!F12=TRUE,Inputs!$B$31,0))),0) -> 10 | R12: 0
A13: =Skills!A13 -> METEOR_SHOWER_BURST | B13: =Skills!B13 -> Meteor Shower (burst) | C13: =Inputs!$B$3>=105 -> TRUE | D13: =IF(Skills!C13=1,60+Inputs!$B$24+Inputs!$B$28,IF(Skills!C13=2,90+Inputs!$B$25+Inputs!$B$28,IF(Skills!C13=3,120+Inputs!$B$26+Inputs!$B$28,MAX(0,(Inputs!$B$3-100)*3)+Inputs!$B$27+Inputs!$B$28))) -> 172 | E13: =INDEX(FactorTable!$B$2:$Y$301, MATCH(ROUND(MIN(300,MAX(1,D13)),0), FactorTable!$A$2:$A$301,0), Skills!M13+1) -> 1860 | F13: =IF(Skills!N13=TRUE,(Skills!L13/10)*(E13/1000),Skills!L13/10)+Skills!O13 -> 1116 | G13: =Skills!G13*IF(Skills!H13>0,Skills!I13/Skills!H13,1) -> 9 | H13: =1-(1-Skills!J13/100)^Skills!K13 -> 1 | I13: =IF(Skills!X13<>"",1+(Skills!X13/10)*($Z$3/1000)/100,1) -> 1 | J13: =Summary!$B$51*(F13/100) -> 2.7881142e+09 | K13: =J13*(1+Summary!$B$52/100)*(1+Inputs!$B$14/100)*(1+IF(Inputs!$B$4="pvp",0,(1-Summary!$B$56)*(Inputs!$B$19+Skills!P13)+Summary!$B$56*(Inputs!$B$20+Skills!Q13))/100)*(1+Inputs!$B$15/100)*(5000/(6000+Inputs!$B$7*(1-Inputs!$B$18/100)))*(1+Inputs!$B$23/100)*(1+F23/100)*(1+IF(Inputs!$B$3>=120,F26,0)/100)^5*(1+(IF(Skills!A13="BASIC_ATTACK",Inputs!$B$16,Inputs!$B$17+IF(Inputs!$B$3>=125,F27*5,0)))/100)*(Summary!$B$58*Summary!$B$59*Summary!$B$60*I13) -> 2.1211755e+13 | L13: =K13*(MIN(Inputs!$B$21,Inputs!$B$22)/100+Inputs!$B$22/100)/2 -> 5.7261132e+13 | M13: =L13*(1+Inputs!$B$9/100) -> 2.3998141e+14 | N13: =L13*(1-MIN(Inputs!$B$8,100)/100)+M13*(MIN(Inputs!$B$8,100)/100) -> 2.3998141e+14 | O13: =IF(C13,H13*N13*IF(AND(Inputs!$B$4<>"pvp",Inputs!$B$35>0),((Skills!G13*((R13-1)*IF(Skills!H13>0,Skills!I13/Skills!H13,1)+IF(Skills!H13>0,MIN(Skills!I13,MAX(0,Inputs!$B$35-((R13-1)*IF(Inputs!$B$4="pvp",15,MAX(0.1,Skills!E13-IF(Skills!F13=TRUE,Inputs!$B$31,0))))))/Skills!H13,1)))/Inputs!$B$35),G13*Q13)*IF(Inputs!$B$4="pvp",1,(1-Summary!$B$56)*(1)+Summary!$B$56*(MIN(Skills!R13,Inputs!$B$37))),0) -> 3.0106758e+14 | P13: =IF(Summary!$B$3=0,0,O13/Summary!$B$3) -> 0.036101031 | Q13: =IFERROR(1/IF(Inputs!$B$4="pvp",15,MAX(0.1,Skills!E13-IF(Skills!F13=TRUE,Inputs!$B$31,0))),0) -> 0.03030303 | R13: =IF(AND(Inputs!$B$4<>"pvp",Inputs!$B$35>0),(INT(Inputs!$B$35/IF(Inputs!$B$4="pvp",15,MAX(0.1,Skills!E13-IF(Skills!F13=TRUE,Inputs!$B$31,0))))+1),0) -> 0
A14: =Skills!A14 -> METEOR_PROC | B14: =Skills!B14 -> Meteor Proc (30% on-hit, 1s ICD) | C14: =Inputs!$B$3>=113 -> TRUE | D14: =IF(Skills!C14=1,60+Inputs!$B$24+Inputs!$B$28,IF(Skills!C14=2,90+Inputs!$B$25+Inputs!$B$28,IF(Skills!C14=3,120+Inputs!$B$26+Inputs!$B$28,MAX(0,(Inputs!$B$3-100)*3)+Inputs!$B$27+Inputs!$B$28))) -> 172 | E14: =INDEX(FactorTable!$B$2:$Y$301, MATCH(ROUND(MIN(300,MAX(1,D14)),0), FactorTable!$A$2:$A$301,0), Skills!M14+1) -> 1688 | F14: =IF(Skills!N14=TRUE,(Skills!L14/10)*(E14/1000),Skills!L14/10)+Skills!O14 -> 1603.6 | G14: =Skills!G14*IF(Skills!H14>0,Skills!I14/Skills!H14,1) -> 0 | H14: =1-(1-Skills!J14/100)^Skills!K14 -> 0.3 | I14: =IF(Skills!X14<>"",1+(Skills!X14/10)*($Z$3/1000)/100,1) -> 1 | J14: =Summary!$B$51*(F14/100) -> 4.0062903e+09 | K14: =J14*(1+Summary!$B$52/100)*(1+Inputs!$B$14/100)*(1+IF(Inputs!$B$4="pvp",0,(1-Summary!$B$56)*(Inputs!$B$19+Skills!P14)+Summary!$B$56*(Inputs!$B$20+Skills!Q14))/100)*(1+Inputs!$B$15/100)*(5000/(6000+Inputs!$B$7*(1-Inputs!$B$18/100)))*(1+Inputs!$B$23/100)*(1+F23/100)*(1+IF(Inputs!$B$3>=120,F26,0)/100)^5*(1+(IF(Skills!A14="BASIC_ATTACK",Inputs!$B$16,Inputs!$B$17+IF(Inputs!$B$3>=125,F27*5,0)))/100)*(Summary!$B$58*Summary!$B$59*Summary!$B$60*I14) -> 3.0479543e+13 | L14: =K14*(MIN(Inputs!$B$21,Inputs!$B$22)/100+Inputs!$B$22/100)/2 -> 8.2279527e+13 | M14: =L14*(1+Inputs!$B$9/100) -> 3.448335e+14 | N14: =L14*(1-MIN(Inputs!$B$8,100)/100)+M14*(MIN(Inputs!$B$8,100)/100) -> 3.448335e+14 | O14: =IF(C14,(H14*Summary!$B$66)/(1+Skills!H14*H14*Summary!$B$66)*N14*IF(Inputs!$B$4="pvp",1,(1-Summary!$B$56)*(1)+Summary!$B$56*(MIN(Skills!R14,Inputs!$B$37))),0) -> 1.0847173e+14 | P14: =IF(Summary!$B$3=0,0,O14/Summary!$B$3) -> 0.013006852 | Q14: =IFERROR(1/IF(Inputs!$B$4="pvp",15,MAX(0.1,Skills!E14-IF(Skills!F14=TRUE,Inputs!$B$31,0))),0) -> 10 | R14: 0
A15: =Skills!A15 -> FLAME_HAZE_BURST | B15: =Skills!B15 -> Flame Haze (burst) | C15: =Inputs!$B$3>=107 -> TRUE | D15: =IF(Skills!C15=1,60+Inputs!$B$24+Inputs!$B$28,IF(Skills!C15=2,90+Inputs!$B$25+Inputs!$B$28,IF(Skills!C15=3,120+Inputs!$B$26+Inputs!$B$28,MAX(0,(Inputs!$B$3-100)*3)+Inputs!$B$27+Inputs!$B$28))) -> 172 | E15: =INDEX(FactorTable!$B$2:$Y$301, MATCH(ROUND(MIN(300,MAX(1,D15)),0), FactorTable!$A$2:$A$301,0), Skills!M15+1) -> 1860 | F15: =IF(Skills!N15=TRUE,(Skills!L15/10)*(E15/1000),Skills!L15/10)+Skills!O15 -> 2232 | G15: =Skills!G15*IF(Skills!H15>0,Skills!I15/Skills!H15,1) -> 3 | H15: =1-(1-Skills!J15/100)^Skills!K15 -> 1 | I15: =IF(Skills!X15<>"",1+(Skills!X15/10)*($Z$3/1000)/100,1) -> 1 | J15: =Summary!$B$51*(F15/100) -> 5.5762284e+09 | K15: =J15*(1+Summary!$B$52/100)*(1+Inputs!$B$14/100)*(1+IF(Inputs!$B$4="pvp",0,(1-Summary!$B$56)*(Inputs!$B$19+Skills!P15)+Summary!$B$56*(Inputs!$B$20+Skills!Q15))/100)*(1+Inputs!$B$15/100)*(5000/(6000+Inputs!$B$7*(1-Inputs!$B$18/100)))*(1+Inputs!$B$23/100)*(1+F23/100)*(1+IF(Inputs!$B$3>=120,F26,0)/100)^5*(1+(IF(Skills!A15="BASIC_ATTACK",Inputs!$B$16,Inputs!$B$17+IF(Inputs!$B$3>=125,F27*5,0)))/100)*(Summary!$B$58*Summary!$B$59*Summary!$B$60*I15) -> 4.242351e+13 | L15: =K15*(MIN(Inputs!$B$21,Inputs!$B$22)/100+Inputs!$B$22/100)/2 -> 1.1452226e+14 | M15: =L15*(1+Inputs!$B$9/100) -> 4.7996281e+14 | N15: =L15*(1-MIN(Inputs!$B$8,100)/100)+M15*(MIN(Inputs!$B$8,100)/100) -> 4.7996281e+14 | O15: =IF(C15,H15*N15*IF(AND(Inputs!$B$4<>"pvp",Inputs!$B$35>0),((Skills!G15*((R15-1)*IF(Skills!H15>0,Skills!I15/Skills!H15,1)+IF(Skills!H15>0,MIN(Skills!I15,MAX(0,Inputs!$B$35-((R15-1)*IF(Inputs!$B$4="pvp",15,MAX(0.1,Skills!E15-IF(Skills!F15=TRUE,Inputs!$B$31,0))))))/Skills!H15,1)))/Inputs!$B$35),G15*Q15)*IF(Inputs!$B$4="pvp",1,(1-Summary!$B$56)*(1)+Summary!$B$56*(MIN(Skills!R15,Inputs!$B$37))),0) -> 3.6861144e+14 | P15: =IF(Summary!$B$3=0,0,O15/Summary!$B$3) -> 0.044200219 | Q15: =IFERROR(1/IF(Inputs!$B$4="pvp",15,MAX(0.1,Skills!E15-IF(Skills!F15=TRUE,Inputs!$B$31,0))),0) -> 0.04 | R15: =IF(AND(Inputs!$B$4<>"pvp",Inputs!$B$35>0),(INT(Inputs!$B$35/IF(Inputs!$B$4="pvp",15,MAX(0.1,Skills!E15-IF(Skills!F15=TRUE,Inputs!$B$31,0))))+1),0) -> 0
A16: =Skills!A16 -> FLAME_HAZE_DOT | B16: =Skills!B16 -> Flame Haze (burn DoT) | C16: =Inputs!$B$3>=107 -> TRUE | D16: =IF(Skills!C16=1,60+Inputs!$B$24+Inputs!$B$28,IF(Skills!C16=2,90+Inputs!$B$25+Inputs!$B$28,IF(Skills!C16=3,120+Inputs!$B$26+Inputs!$B$28,MAX(0,(Inputs!$B$3-100)*3)+Inputs!$B$27+Inputs!$B$28))) -> 172 | E16: =INDEX(FactorTable!$B$2:$Y$301, MATCH(ROUND(MIN(300,MAX(1,D16)),0), FactorTable!$A$2:$A$301,0), Skills!M16+1) -> 1860 | F16: =IF(Skills!N16=TRUE,(Skills!L16/10)*(E16/1000),Skills!L16/10)+Skills!O16 -> 279 | G16: =Skills!G16*IF(Skills!H16>0,Skills!I16/Skills!H16,1) -> 28 | H16: =1-(1-Skills!J16/100)^Skills!K16 -> 1 | I16: =IF(Skills!X16<>"",1+(Skills!X16/10)*($Z$3/1000)/100,1) -> 1 | J16: =Summary!$B$51*(F16/100) -> 6.9702855e+08 | K16: =J16*(1+Summary!$B$52/100)*(1+Inputs!$B$14/100)*(1+IF(Inputs!$B$4="pvp",0,(1-Summary!$B$56)*(Inputs!$B$19+Skills!P16)+Summary!$B$56*(Inputs!$B$20+Skills!Q16))/100)*(1+Inputs!$B$15/100)*(5000/(6000+Inputs!$B$7*(1-Inputs!$B$18/100)))*(1+Inputs!$B$23/100)*(1+F23/100)*(1+IF(Inputs!$B$3>=120,F26,0)/100)^5*(1+(IF(Skills!A16="BASIC_ATTACK",Inputs!$B$16,Inputs!$B$17+IF(Inputs!$B$3>=125,F27*5,0)))/100)*(Summary!$B$58*Summary!$B$59*Summary!$B$60*I16) -> 5.3029387e+12 | L16: =K16*(MIN(Inputs!$B$21,Inputs!$B$22)/100+Inputs!$B$22/100)/2 -> 1.4315283e+13 | M16: =L16*(1+Inputs!$B$9/100) -> 5.9995351e+13 | N16: =L16*(1-MIN(Inputs!$B$8,100)/100)+M16*(MIN(Inputs!$B$8,100)/100) -> 5.9995351e+13 | O16: =IF(C16,H16*N16*IF(AND(Inputs!$B$4<>"pvp",Inputs!$B$35>0),((Skills!G16*((R16-1)*IF(Skills!H16>0,Skills!I16/Skills!H16,1)+IF(Skills!H16>0,MIN(Skills!I16,MAX(0,Inputs!$B$35-((R16-1)*IF(Inputs!$B$4="pvp",15,MAX(0.1,Skills!E16-IF(Skills!F16=TRUE,Inputs!$B$31,0))))))/Skills!H16,1)))/Inputs!$B$35),G16*Q16)*(1+IF(Inputs!$B$3>=126,0.05*(Summary!$B$64+Q13+(H14*Summary!$B$66)/(1+Skills!H14*H14*Summary!$B$66)+Q24),0)*Skills!E15)*IF(Inputs!$B$4="pvp",1,(1-Summary!$B$56)*(1)+Summary!$B$56*(MIN(Skills!R16,Inputs!$B$37))),0) -> 4.3004668e+14 | P16: =IF(Summary!$B$3=0,0,O16/Summary!$B$3) -> 0.051566923 | Q16: =IFERROR(1/IF(Inputs!$B$4="pvp",15,MAX(0.1,Skills!E16-IF(Skills!F16=TRUE,Inputs!$B$31,0))),0) -> 0.04 | R16: =IF(AND(Inputs!$B$4<>"pvp",Inputs!$B$35>0),(INT(Inputs!$B$35/IF(Inputs!$B$4="pvp",15,MAX(0.1,Skills!E16-IF(Skills!F16=TRUE,Inputs!$B$31,0))))+1),0) -> 0
A17: =Skills!A17 -> MAGIC_GUARD | B17: =Skills!B17 -> Magic Guard | C17: =TRUE -> TRUE | D17: =IF(Skills!C17=1,60+Inputs!$B$24+Inputs!$B$28,IF(Skills!C17=2,90+Inputs!$B$25+Inputs!$B$28,IF(Skills!C17=3,120+Inputs!$B$26+Inputs!$B$28,MAX(0,(Inputs!$B$3-100)*3)+Inputs!$B$27+Inputs!$B$28))) -> 115 | E17: =INDEX(FactorTable!$B$2:$Y$301, MATCH(ROUND(MIN(300,MAX(1,D17)),0), FactorTable!$A$2:$A$301,0), Skills!M17+1) -> 1460 | F17: =IF(Skills!N17=TRUE,(Skills!L17/10)*(E17/1000),Skills!L17/10)+Skills!O17 -> 17.52 | G17: =Skills!G17*IF(Skills!H17>0,Skills!I17/Skills!H17,1) -> 1 | H17: =1-(1-Skills!J17/100)^Skills!K17 -> 1 | I17: =IF(Skills!X17<>"",1+(Skills!X17/10)*($Z$3/1000)/100,1) -> 1 | O17: 0 | P17: =IF(Summary!$B$3=0,0,O17/Summary!$B$3) -> 0 | Q17: =IFERROR(1/IF(Inputs!$B$4="pvp",15,MAX(0.1,Skills!E17-IF(Skills!F17=TRUE,Inputs!$B$31,0))),0) -> 0.047619048 | R17: =IF(AND(Inputs!$B$4<>"pvp",Inputs!$B$35>0),(INT(Inputs!$B$35/IF(Inputs!$B$4="pvp",15,MAX(0.1,Skills!E17-IF(Skills!F17=TRUE,Inputs!$B$31,0))))+1),0) -> 0
A18: =Skills!A18 -> NIMBLE_FEET | B18: =Skills!B18 -> Nimble Feet | C18: =TRUE -> TRUE | D18: =IF(Skills!C18=1,60+Inputs!$B$24+Inputs!$B$28,IF(Skills!C18=2,90+Inputs!$B$25+Inputs!$B$28,IF(Skills!C18=3,120+Inputs!$B$26+Inputs!$B$28,MAX(0,(Inputs!$B$3-100)*3)+Inputs!$B$27+Inputs!$B$28))) -> 115 | E18: =INDEX(FactorTable!$B$2:$Y$301, MATCH(ROUND(MIN(300,MAX(1,D18)),0), FactorTable!$A$2:$A$301,0), Skills!M18+1) -> 0 | F18: =IF(Skills!N18=TRUE,(Skills!L18/10)*(E18/1000),Skills!L18/10)+Skills!O18 -> 15 | G18: =Skills!G18*IF(Skills!H18>0,Skills!I18/Skills!H18,1) -> 1 | H18: =1-(1-Skills!J18/100)^Skills!K18 -> 1 | I18: =IF(Skills!X18<>"",1+(Skills!X18/10)*($Z$3/1000)/100,1) -> 1 | O18: 0 | P18: =IF(Summary!$B$3=0,0,O18/Summary!$B$3) -> 0 | Q18: =IFERROR(1/IF(Inputs!$B$4="pvp",15,MAX(0.1,Skills!E18-IF(Skills!F18=TRUE,Inputs!$B$31,0))),0) -> 0.016666667 | R18: =IF(AND(Inputs!$B$4<>"pvp",Inputs!$B$35>0),(INT(Inputs!$B$35/IF(Inputs!$B$4="pvp",15,MAX(0.1,Skills!E18-IF(Skills!F18=TRUE,Inputs!$B$31,0))))+1),0) -> 0
A19: =Skills!A19 -> INFINITY | B19: =Skills!B19 -> Infinity | C19: =Inputs!$B$3>=110 -> TRUE | D19: =IF(Skills!C19=1,60+Inputs!$B$24+Inputs!$B$28,IF(Skills!C19=2,90+Inputs!$B$25+Inputs!$B$28,IF(Skills!C19=3,120+Inputs!$B$26+Inputs!$B$28,MAX(0,(Inputs!$B$3-100)*3)+Inputs!$B$27+Inputs!$B$28))) -> 172 | E19: =INDEX(FactorTable!$B$2:$Y$301, MATCH(ROUND(MIN(300,MAX(1,D19)),0), FactorTable!$A$2:$A$301,0), Skills!M19+1) -> 1688 | F19: =IF(Skills!N19=TRUE,(Skills!L19/10)*(E19/1000),Skills!L19/10)+Skills!O19 -> 36.573896 | G19: =Skills!G19*IF(Skills!H19>0,Skills!I19/Skills!H19,1) -> 1 | H19: =1-(1-Skills!J19/100)^Skills!K19 -> 1 | I19: =IF(Skills!X19<>"",1+(Skills!X19/10)*($Z$3/1000)/100,1) -> 1 | O19: 0 | P19: =IF(Summary!$B$3=0,0,O19/Summary!$B$3) -> 0 | Q19: =IFERROR(1/IF(Inputs!$B$4="pvp",15,MAX(0.1,Skills!E19-IF(Skills!F19=TRUE,Inputs!$B$31,0))),0) -> 0.033333333 | R19: =IF(AND(Inputs!$B$4<>"pvp",Inputs!$B$35>0),(INT(Inputs!$B$35/IF(Inputs!$B$4="pvp",15,MAX(0.1,Skills!E19-IF(Skills!F19=TRUE,Inputs!$B$31,0))))+1),0) -> 0
A20: =Skills!A20 -> MAGIC_CRITICAL_RATE | B20: =Skills!B20 -> Magic Critical (Crit Rate) | C20: =TRUE -> TRUE | D20: =IF(Skills!C20=1,60+Inputs!$B$24+Inputs!$B$28,IF(Skills!C20=2,90+Inputs!$B$25+Inputs!$B$28,IF(Skills!C20=3,120+Inputs!$B$26+Inputs!$B$28,MAX(0,(Inputs!$B$3-100)*3)+Inputs!$B$27+Inputs!$B$28))) -> 184 | E20: =INDEX(FactorTable!$B$2:$Y$301, MATCH(ROUND(MIN(300,MAX(1,D20)),0), FactorTable!$A$2:$A$301,0), Skills!M20+1) -> 1552 | F20: =IF(Skills!N20=TRUE,(Skills!L20/10)*(E20/1000),Skills!L20/10)+Skills!O20 -> 12.416 | G20: =Skills!G20*IF(Skills!H20>0,Skills!I20/Skills!H20,1) -> 1 | H20: =1-(1-Skills!J20/100)^Skills!K20 -> 1 | I20: =IF(Skills!X20<>"",1+(Skills!X20/10)*($Z$3/1000)/100,1) -> 1 | O20: 0 | P20: =IF(Summary!$B$3=0,0,O20/Summary!$B$3) -> 0 | Q20: =IFERROR(1/IF(Inputs!$B$4="pvp",15,MAX(0.1,Skills!E20-IF(Skills!F20=TRUE,Inputs!$B$31,0))),0) -> 10 | R20: 0
A21: =Skills!A21 -> MAGIC_CRITICAL_DAMAGE | B21: =Skills!B21 -> Magic Critical (Crit Damage) | C21: =TRUE -> TRUE | D21: =IF(Skills!C21=1,60+Inputs!$B$24+Inputs!$B$28,IF(Skills!C21=2,90+Inputs!$B$25+Inputs!$B$28,IF(Skills!C21=3,120+Inputs!$B$26+Inputs!$B$28,MAX(0,(Inputs!$B$3-100)*3)+Inputs!$B$27+Inputs!$B$28))) -> 184 | E21: =INDEX(FactorTable!$B$2:$Y$301, MATCH(ROUND(MIN(300,MAX(1,D21)),0), FactorTable!$A$2:$A$301,0), Skills!M21+1) -> 1552 | F21: =IF(Skills!N21=TRUE,(Skills!L21/10)*(E21/1000),Skills!L21/10)+Skills!O21 -> 18.624 | G21: =Skills!G21*IF(Skills!H21>0,Skills!I21/Skills!H21,1) -> 1 | H21: =1-(1-Skills!J21/100)^Skills!K21 -> 1 | I21: =IF(Skills!X21<>"",1+(Skills!X21/10)*($Z$3/1000)/100,1) -> 1 | O21: 0 | P21: =IF(Summary!$B$3=0,0,O21/Summary!$B$3) -> 0 | Q21: =IFERROR(1/IF(Inputs!$B$4="pvp",15,MAX(0.1,Skills!E21-IF(Skills!F21=TRUE,Inputs!$B$31,0))),0) -> 10 | R21: 0
A22: =Skills!A22 -> SPELL_MASTERY | B22: =Skills!B22 -> Spell Mastery | C22: =TRUE -> TRUE | D22: =IF(Skills!C22=1,60+Inputs!$B$24+Inputs!$B$28,IF(Skills!C22=2,90+Inputs!$B$25+Inputs!$B$28,IF(Skills!C22=3,120+Inputs!$B$26+Inputs!$B$28,MAX(0,(Inputs!$B$3-100)*3)+Inputs!$B$27+Inputs!$B$28))) -> 164 | E22: =INDEX(FactorTable!$B$2:$Y$301, MATCH(ROUND(MIN(300,MAX(1,D22)),0), FactorTable!$A$2:$A$301,0), Skills!M22+1) -> 1492 | F22: =IF(Skills!N22=TRUE,(Skills!L22/10)*(E22/1000),Skills!L22/10)+Skills!O22 -> 22.38 | G22: =Skills!G22*IF(Skills!H22>0,Skills!I22/Skills!H22,1) -> 1 | H22: =1-(1-Skills!J22/100)^Skills!K22 -> 1 | I22: =IF(Skills!X22<>"",1+(Skills!X22/10)*($Z$3/1000)/100,1) -> 1 | O22: 0 | P22: =IF(Summary!$B$3=0,0,O22/Summary!$B$3) -> 0 | Q22: =IFERROR(1/IF(Inputs!$B$4="pvp",15,MAX(0.1,Skills!E22-IF(Skills!F22=TRUE,Inputs!$B$31,0))),0) -> 10 | R22: 0
A23: =Skills!A23 -> ELEMENT_AMPLIFICATION | B23: =Skills!B23 -> Element Amplification | C23: =TRUE -> TRUE | D23: =IF(Skills!C23=1,60+Inputs!$B$24+Inputs!$B$28,IF(Skills!C23=2,90+Inputs!$B$25+Inputs!$B$28,IF(Skills!C23=3,120+Inputs!$B$26+Inputs!$B$28,MAX(0,(Inputs!$B$3-100)*3)+Inputs!$B$27+Inputs!$B$28))) -> 172 | E23: =INDEX(FactorTable!$B$2:$Y$301, MATCH(ROUND(MIN(300,MAX(1,D23)),0), FactorTable!$A$2:$A$301,0), Skills!M23+1) -> 1516 | F23: =IF(Skills!N23=TRUE,(Skills!L23/10)*(E23/1000),Skills!L23/10)+Skills!O23 -> 22.74 | G23: =Skills!G23*IF(Skills!H23>0,Skills!I23/Skills!H23,1) -> 1 | H23: =1-(1-Skills!J23/100)^Skills!K23 -> 1 | I23: =IF(Skills!X23<>"",1+(Skills!X23/10)*($Z$3/1000)/100,1) -> 1 | O23: 0 | P23: =IF(Summary!$B$3=0,0,O23/Summary!$B$3) -> 0 | Q23: =IFERROR(1/IF(Inputs!$B$4="pvp",15,MAX(0.1,Skills!E23-IF(Skills!F23=TRUE,Inputs!$B$31,0))),0) -> 10 | R23: 0
A24: =Skills!A24 -> IFRIT | B24: =Skills!B24 -> Ifrit | C24: =Inputs!$B$3>=115 -> FALSE | D24: =IF(Skills!C24=1,60+Inputs!$B$24+Inputs!$B$28,IF(Skills!C24=2,90+Inputs!$B$25+Inputs!$B$28,IF(Skills!C24=3,120+Inputs!$B$26+Inputs!$B$28,MAX(0,(Inputs!$B$3-100)*3)+Inputs!$B$27+Inputs!$B$28))) -> 172 | E24: =INDEX(FactorTable!$B$2:$Y$301, MATCH(ROUND(MIN(300,MAX(1,D24)),0), FactorTable!$A$2:$A$301,0), Skills!M24+1) -> 1860 | F24: =IF(Skills!N24=TRUE,(Skills!L24/10)*(E24/1000),Skills!L24/10)+Skills!O24 -> 6510 | G24: =Skills!G24*IF(Skills!H24>0,Skills!I24/Skills!H24,1) -> 7.5 | H24: =1-(1-Skills!J24/100)^Skills!K24 -> 1 | I24: =IF(Skills!X24<>"",1+(Skills!X24/10)*($Z$3/1000)/100,1) -> 1 | J24: =Summary!$B$51*(F24/100) -> 1.6264e+10 | K24: =J24*(1+Summary!$B$52/100)*(1+Inputs!$B$14/100)*(1+IF(Inputs!$B$4="pvp",0,(1-Summary!$B$56)*(Inputs!$B$19+Skills!P24)+Summary!$B$56*(Inputs!$B$20+Skills!Q24))/100)*(1+Inputs!$B$15/100)*(5000/(6000+Inputs!$B$7*(1-Inputs!$B$18/100)))*(1+Inputs!$B$23/100)*(1+F23/100)*(1+IF(Inputs!$B$3>=120,F26,0)/100)^5*(1+(IF(Skills!A24="BASIC_ATTACK",Inputs!$B$16,Inputs!$B$17+IF(Inputs!$B$3>=125,F27*5,0)))/100)*(Summary!$B$58*Summary!$B$59*Summary!$B$60*I24) -> 1.2373524e+14 | L24: =K24*(MIN(Inputs!$B$21,Inputs!$B$22)/100+Inputs!$B$22/100)/2 -> 3.3402327e+14 | M24: =L24*(1+Inputs!$B$9/100) -> 1.3998915e+15 | N24: =L24*(1-MIN(Inputs!$B$8,100)/100)+M24*(MIN(Inputs!$B$8,100)/100) -> 1.3998915e+15 | O24: =IF(C24,H24*N24*IF(AND(Inputs!$B$4<>"pvp",Inputs!$B$35>0),((Skills!G24*((R24-1)*IF(Skills!H24>0,Skills!I24/Skills!H24,1)+IF(Skills!H24>0,MIN(Skills!I24,MAX(0,Inputs!$B$35-((R24-1)*IF(Inputs!$B$4="pvp",15,MAX(0.1,Skills!E24-IF(Skills!F24=TRUE,Inputs!$B$31,0))))))/Skills!H24,1)))/Inputs!$B$35),G24*Q24)*(1+IF(Inputs!$B$3>=130,0.2*(Skills!I16/Skills!E15+IF(Inputs!$B$3>=126,0.05*(Summary!$B$64+Q13+(H14*Summary!$B$66)/(1+Skills!H14*H14*Summary!$B$66)+Q24),0)*Skills!I16),0))*IF(Inputs!$B$4="pvp",1,(1-Summary!$B$56)*(1)+Summary!$B$56*(MIN(Skills!R24,Inputs!$B$37))),0) -> 0 | P24: =IF(Summary!$B$3=0,0,O24/Summary!$B$3) -> 0 | Q24: =IFERROR(1/IF(Inputs!$B$4="pvp",15,MAX(0.1,Skills!E24-IF(Skills!F24=TRUE,Inputs!$B$31,0))),0) -> 0.0125 | R24: =IF(AND(Inputs!$B$4<>"pvp",Inputs!$B$35>0),(INT(Inputs!$B$35/IF(Inputs!$B$4="pvp",15,MAX(0.1,Skills!E24-IF(Skills!F24=TRUE,Inputs!$B$31,0))))+1),0) -> 0
A25: =Skills!A25 -> BUFF_MASTERY | B25: =Skills!B25 -> Buff Mastery | C25: =Inputs!$B$3>=117 -> FALSE | D25: =IF(Skills!C25=1,60+Inputs!$B$24+Inputs!$B$28,IF(Skills!C25=2,90+Inputs!$B$25+Inputs!$B$28,IF(Skills!C25=3,120+Inputs!$B$26+Inputs!$B$28,MAX(0,(Inputs!$B$3-100)*3)+Inputs!$B$27+Inputs!$B$28))) -> 172 | E25: =INDEX(FactorTable!$B$2:$Y$301, MATCH(ROUND(MIN(300,MAX(1,D25)),0), FactorTable!$A$2:$A$301,0), Skills!M25+1) -> 1516 | F25: =IF(Skills!N25=TRUE,(Skills!L25/10)*(E25/1000),Skills!L25/10)+Skills!O25 -> 15.16 | G25: =Skills!G25*IF(Skills!H25>0,Skills!I25/Skills!H25,1) -> 1 | H25: =1-(1-Skills!J25/100)^Skills!K25 -> 1 | I25: =IF(Skills!X25<>"",1+(Skills!X25/10)*($Z$3/1000)/100,1) -> 1 | O25: 0 | P25: =IF(Summary!$B$3=0,0,O25/Summary!$B$3) -> 0 | Q25: =IFERROR(1/IF(Inputs!$B$4="pvp",15,MAX(0.1,Skills!E25-IF(Skills!F25=TRUE,Inputs!$B$31,0))),0) -> 10 | R25: 0
A26: =Skills!A26 -> ARCANE_AIM | B26: =Skills!B26 -> Arcane Aim | C26: =Inputs!$B$3>=120 -> FALSE | D26: =IF(Skills!C26=1,60+Inputs!$B$24+Inputs!$B$28,IF(Skills!C26=2,90+Inputs!$B$25+Inputs!$B$28,IF(Skills!C26=3,120+Inputs!$B$26+Inputs!$B$28,MAX(0,(Inputs!$B$3-100)*3)+Inputs!$B$27+Inputs!$B$28))) -> 172 | E26: =INDEX(FactorTable!$B$2:$Y$301, MATCH(ROUND(MIN(300,MAX(1,D26)),0), FactorTable!$A$2:$A$301,0), Skills!M26+1) -> 1516 | F26: =IF(Skills!N26=TRUE,(Skills!L26/10)*(E26/1000),Skills!L26/10)+Skills!O26 -> 4.548 | G26: =Skills!G26*IF(Skills!H26>0,Skills!I26/Skills!H26,1) -> 1 | H26: =1-(1-Skills!J26/100)^Skills!K26 -> 1 | I26: =IF(Skills!X26<>"",1+(Skills!X26/10)*($Z$3/1000)/100,1) -> 1 | O26: 0 | P26: =IF(Summary!$B$3=0,0,O26/Summary!$B$3) -> 0 | Q26: =IFERROR(1/IF(Inputs!$B$4="pvp",15,MAX(0.1,Skills!E26-IF(Skills!F26=TRUE,Inputs!$B$31,0))),0) -> 10 | R26: 0
A27: =Skills!A27 -> FERVENT_DRAIN | B27: =Skills!B27 -> Fervent Drain | C27: =Inputs!$B$3>=125 -> FALSE | D27: =IF(Skills!C27=1,60+Inputs!$B$24+Inputs!$B$28,IF(Skills!C27=2,90+Inputs!$B$25+Inputs!$B$28,IF(Skills!C27=3,120+Inputs!$B$26+Inputs!$B$28,MAX(0,(Inputs!$B$3-100)*3)+Inputs!$B$27+Inputs!$B$28))) -> 172 | E27: =INDEX(FactorTable!$B$2:$Y$301, MATCH(ROUND(MIN(300,MAX(1,D27)),0), FactorTable!$A$2:$A$301,0), Skills!M27+1) -> 1516 | F27: =IF(Skills!N27=TRUE,(Skills!L27/10)*(E27/1000),Skills!L27/10)+Skills!O27 -> 6.064 | G27: =Skills!G27*IF(Skills!H27>0,Skills!I27/Skills!H27,1) -> 1 | H27: =1-(1-Skills!J27/100)^Skills!K27 -> 1 | I27: =IF(Skills!X27<>"",1+(Skills!X27/10)*($Z$3/1000)/100,1) -> 1 | O27: 0 | P27: =IF(Summary!$B$3=0,0,O27/Summary!$B$3) -> 0 | Q27: =IFERROR(1/IF(Inputs!$B$4="pvp",15,MAX(0.1,Skills!E27-IF(Skills!F27=TRUE,Inputs!$B$31,0))),0) -> 10 | R27: 0
A28: =Skills!A28 -> FLAME_HAZE_FOG | B28: =Skills!B28 -> Flame Haze (poison fog DoT) | C28: =Inputs!$B$3>=118 -> FALSE | D28: =IF(Skills!C28=1,60+Inputs!$B$24+Inputs!$B$28,IF(Skills!C28=2,90+Inputs!$B$25+Inputs!$B$28,IF(Skills!C28=3,120+Inputs!$B$26+Inputs!$B$28,MAX(0,(Inputs!$B$3-100)*3)+Inputs!$B$27+Inputs!$B$28))) -> 172 | E28: =INDEX(FactorTable!$B$2:$Y$301, MATCH(ROUND(MIN(300,MAX(1,D28)),0), FactorTable!$A$2:$A$301,0), Skills!M28+1) -> 1860 | F28: =IF(Skills!N28=TRUE,(Skills!L28/10)*(E28/1000),Skills!L28/10)+Skills!O28 -> 130.2 | G28: =Skills!G28*IF(Skills!H28>0,Skills!I28/Skills!H28,1) -> 50 | H28: =1-(1-Skills!J28/100)^Skills!K28 -> 1 | I28: =IF(Skills!X28<>"",1+(Skills!X28/10)*($Z$3/1000)/100,1) -> 1 | J28: =Summary!$B$51*(F28/100) -> 3.2527999e+08 | K28: =J28*(1+Summary!$B$52/100)*(1+Inputs!$B$14/100)*(1+IF(Inputs!$B$4="pvp",0,(1-Summary!$B$56)*(Inputs!$B$19+Skills!P28)+Summary!$B$56*(Inputs!$B$20+Skills!Q28))/100)*(1+Inputs!$B$15/100)*(5000/(6000+Inputs!$B$7*(1-Inputs!$B$18/100)))*(1+Inputs!$B$23/100)*(1+F23/100)*(1+IF(Inputs!$B$3>=120,F26,0)/100)^5*(1+(IF(Skills!A28="BASIC_ATTACK",Inputs!$B$16,Inputs!$B$17+IF(Inputs!$B$3>=125,F27*5,0)))/100)*(Summary!$B$58*Summary!$B$59*Summary!$B$60*I28) -> 2.4747047e+12 | L28: =K28*(MIN(Inputs!$B$21,Inputs!$B$22)/100+Inputs!$B$22/100)/2 -> 6.6804654e+12 | M28: =L28*(1+Inputs!$B$9/100) -> 2.7997831e+13 | N28: =L28*(1-MIN(Inputs!$B$8,100)/100)+M28*(MIN(Inputs!$B$8,100)/100) -> 2.7997831e+13 | O28: =IF(C28,H28*N28*IF(AND(Inputs!$B$4<>"pvp",Inputs!$B$35>0),((Skills!G28*((R28-1)*IF(Skills!H28>0,Skills!I28/Skills!H28,1)+IF(Skills!H28>0,MIN(Skills!I28,MAX(0,Inputs!$B$35-((R28-1)*IF(Inputs!$B$4="pvp",15,MAX(0.1,Skills!E28-IF(Skills!F28=TRUE,Inputs!$B$31,0))))))/Skills!H28,1)))/Inputs!$B$35),G28*Q28)*IF(Inputs!$B$4="pvp",1,(1-Summary!$B$56)*(1)+Summary!$B$56*(MIN(Skills!R28,Inputs!$B$37))),0) -> 0 | P28: =IF(Summary!$B$3=0,0,O28/Summary!$B$3) -> 0 | Q28: =IFERROR(1/IF(Inputs!$B$4="pvp",15,MAX(0.1,Skills!E28-IF(Skills!F28=TRUE,Inputs!$B$31,0))),0) -> 0.04 | R28: =IF(AND(Inputs!$B$4<>"pvp",Inputs!$B$35>0),(INT(Inputs!$B$35/IF(Inputs!$B$4="pvp",15,MAX(0.1,Skills!E28-IF(Skills!F28=TRUE,Inputs!$B$31,0))))+1),0) -> 0

Sheet Summary
A1: Fire/Poison Arch Mage — DPS Summary
A3: TOTAL DPS | B3: =SUM(Calc!O2:O28) -> 8.3395839e+15
A5: Per-Skill DPS Breakdown
A6: Skill | B6: DPS | C6: % of Total
A7: =Calc!B2 -> Basic Attack | B7: =Calc!O2 -> 3.897785e+15 | C7: =Calc!P2*100 -> 46.738363
A8: =Calc!B3 -> Ignite | B8: =Calc!O3 -> 8.2099524e+14 | C8: =Calc!P3*100 -> 9.8445587
A9: =Calc!B4 -> Poison Breath | B9: =Calc!O4 -> 4.3651729e+14 | C9: =Calc!P4*100 -> 5.2342814
A10: =Calc!B5 -> Elemental Drain | B10: =Calc!O5 -> 2.6237554e+14 | C10: =Calc!P5*100 -> 3.1461467
A11: =Calc!B7 -> Poison Mist (burst) | B11: =Calc!O7 -> 1.0546154e+14 | C11: =Calc!P7*100 -> 1.2645899
A12: =Calc!B8 -> Poison Mist (fog DoT) | B12: =Calc!O8 -> 6.6134894e+14 | C12: =Calc!P8*100 -> 7.930239
A13: =Calc!B9 -> Mist Eruption | B13: =Calc!O9 -> 8.7764628e+14 | C13: =Calc!P9*100 -> 10.523862
A14: =Calc!B10 -> Creeping Toxin | B14: =Calc!O10 -> 6.9256656e+13 | C14: =Calc!P10*100 -> 0.83045697
A15: =Calc!B13 -> Meteor Shower (burst) | B15: =Calc!O13 -> 3.0106758e+14 | C15: =Calc!P13*100 -> 3.6101031
A16: =Calc!B14 -> Meteor Proc (30% on-hit, 1s ICD) | B16: =Calc!O14 -> 1.0847173e+14 | C16: =Calc!P14*100 -> 1.3006852
A17: =Calc!B15 -> Flame Haze (burst) | B17: =Calc!O15 -> 3.6861144e+14 | C17: =Calc!P15*100 -> 4.4200219
A18: =Calc!B16 -> Flame Haze (burn DoT) | B18: =Calc!O16 -> 4.3004668e+14 | C18: =Calc!P16*100 -> 5.1566923
A19: =Calc!B24 -> Ifrit | B19: =Calc!O24 -> 0 | C19: =Calc!P24*100 -> 0
A20: =Calc!B28 -> Flame Haze (poison fog DoT) | B20: =Calc!O28 -> 0 | C20: =Calc!P28*100 -> 0
A21: Marginal DPS & Stat Value (see Sensitivity for full detail)
A23: Stat | B23: DPS per +1 | C23: Units per +1% DPS
A24: =Sensitivity!A5 -> Flat INT | B24: =Sensitivity!H5 -> 166957805663 | C24: =Sensitivity!B5 -> 499.50249
A25: =Sensitivity!A6 -> INT % | B25: =Sensitivity!H6 -> 29416469501559 | C25: =Sensitivity!B6 -> 2.835005
A26: =Sensitivity!A7 -> DAMAGE % | B26: =Sensitivity!H7 -> 8104551916653 | C26: =Sensitivity!B7 -> 10.29
A27: =Sensitivity!A8 -> DAMAGE_AMP % | B27: =Sensitivity!H8 -> 49997505528984 | C27: =Sensitivity!B8 -> 1.668
A28: =Sensitivity!A9 -> BOSS_DAMAGE % | B28: =Sensitivity!H9 -> 9943311758663 | C28: =Sensitivity!B9 -> 8.3871291
A29: =Sensitivity!A10 -> NORMAL_DAMAGE % | B29: =Sensitivity!H10 -> 14914967637997 | C29: =Sensitivity!B10 -> 5.5914194
A30: =Sensitivity!A11 -> FINAL_DAMAGE % (multiplicative source) | B30: =Sensitivity!H11 -> 83395839222349 | C30: =Sensitivity!B11 -> 1
A31: =Sensitivity!A12 -> MIN_DAMAGE % | B31: =Sensitivity!H12 -> 15446534399400 | C31: =Sensitivity!B12 -> 5.399
A32: =Sensitivity!A13 -> MAX_DAMAGE % | B32: =Sensitivity!H13 -> 15446534399400 | C32: =Sensitivity!B13 -> 5.399
A33: =Sensitivity!A14 -> CRIT_RATE % | B33: =Sensitivity!H14 -> 0 | C33: =Sensitivity!B14 -> n/a
A34: =Sensitivity!A15 -> CRIT_DAMAGE % | B34: =Sensitivity!H15 -> 19898792465366 | C34: =Sensitivity!B15 -> 4.191
A35: =Sensitivity!A16 -> ATTACK_SPEED % (diminishing returns, factor 150) | B35: =Sensitivity!H16 -> 17494373998280 | C35: =Sensitivity!B16 -> 4.7670091
... A48: =Sensitivity!A29 -> Buff Duration Increase % | B48: =Sensitivity!H29 -> 33773782296366 | C48: =Sensitivity!B29 -> 2.4692478
A50: Derived Values (read-only, computed from Inputs)
A51: ATTACK (= Flat ATTACK x (1+ATTACK%/100)) | B51: =Inputs!$B$5*(1+Inputs!$B$6/100) -> 2.4983102e+08
A52: STAT_DAMAGE % (= 1% of total INT + 0.25% of LUK) | B52: =(Inputs!$B$11*(1+Inputs!$B$12/100))*0.01+Inputs!$B$13*0.0025 -> 1912.5206
A53: Basic Attack Input Level (4th job formula) | B53: =MAX(0,(Inputs!$B$3-100)*3)+Inputs!$B$27+Inputs!$B$28 -> 172
A54: Basic Attack Factor (factorIndex 21) | B54: =INDEX(FactorTable!$B$2:$Y$301, MATCH(ROUND(MIN(300,MAX(1,Summary!$B$53)),0), FactorTable!$A$2:$A$301,0), 22) -> 1688
A55: SKILL_COEFFICIENT — Basic Attack base coefficient % (before Skill Mastery) | B55: =290*Summary!$B$54/1000 -> 489.52
A56: Normal-Monster Weight (= 0 for boss, 1 for normal, Breakthrough Normal Weight % for breakthrough, 0 for pvp) | B56: =IF(Inputs!$B$4="normal",1,IF(Inputs!$B$4="breakthrough",Inputs!$B$36/100,0)) -> 0.6
A58: Burning Magic Multiplier | B58: =1+(Calc!F11*Skills!Z11)/100 -> 1.25
A59: Elemental Decrease Multiplier (always-on) | B59: =1+Calc!F12/100 -> 1.18624
A60: Average Buff Multiplier (Magic Guard + Meditation, summed; then Infinity) | B60: =(1+(Calc!F6*IF(AND(Inputs!$B$4<>"pvp",Inputs!$B$35>0),(((Calc!R6-1)*(Skills!T6*(1+(Inputs!$B$33+IF(Inputs!$B$3>=117,Calc!F25,0))/100))+MIN((Skills!T6*(1+(Inputs!$B$33+IF(Inputs!$B$3>=117,Calc!F25,0))/100)),MAX(0,Inputs!$B$35-((Calc!R6-1)*Skills!E6))))/Inputs!$B$35),IF(Inputs!$B$4="pvp",MIN((Skills!T6*(1+(Inputs!$B$33+IF(Inputs!$B$3>=117,Calc!F25,0))/100)),15)/15,(Skills!T6*(1+(Inputs!$B$33+IF(Inputs!$B$3>=117,Calc!F25,0))/100))/Skills!E6))+Calc!F17*IF(AND(Inputs!$B$4<>"pvp",Inputs!$B$35>0),(((Calc!R17-1)*(Skills!T17*(1+(Inputs!$B$33+IF(Inputs!$B$3>=117,Calc!F25,0))/100))+MIN((Skills!T17*(1+(Inputs!$B$33+IF(Inputs!$B$3>=117,Calc!F25,0))/100)),MAX(0,Inputs!$B$35-((Calc!R17-1)*Skills!E17))))/Inputs!$B$35),IF(Inputs!$B$4="pvp",MIN((Skills!T17*(1+(Inputs!$B$33+IF(Inputs!$B$3>=117,Calc!F25,0))/100)),15)/15,(Skills!T17*(1+(Inputs!$B$33+IF(Inputs!$B$3>=117,Calc!F25,0))/100))/Skills!E17)))/100)*IF(Calc!C19=TRUE,(1+Calc!F19*IF(AND(Inputs!$B$4<>"pvp",Inputs!$B$35>0),(((Calc!R19-1)*(Skills!T19*(1+(Inputs!$B$33+IF(Inputs!$B$3>=117,Calc!F25,0))/100))+MIN((Skills!T19*(1+(Inputs!$B$33+IF(Inputs!$B$3>=117,Calc!F25,0))/100)),MAX(0,Inputs!$B$35-((Calc!R19-1)*Skills!E19))))/Inputs!$B$35),IF(Inputs!$B$4="pvp",MIN((Skills!T19*(1+(Inputs!$B$33+IF(Inputs!$B$3>=117,Calc!F25,0))/100)),15)/15,(Skills!T19*(1+(Inputs!$B$33+IF(Inputs!$B$3>=117,Calc!F25,0))/100))/Skills!E19))/100),1) -> 1.5603265
A61: Attack Speed Buff Bonus % (Nimble Feet, averaged) | B61: =Calc!F18*IF(AND(Inputs!$B$4<>"pvp",Inputs!$B$35>0),(((Calc!R18-1)*(Skills!T18*(1+(Inputs!$B$33+IF(Inputs!$B$3>=117,Calc!F25,0))/100))+MIN((Skills!T18*(1+(Inputs!$B$33+IF(Inputs!$B$3>=117,Calc!F25,0))/100)),MAX(0,Inputs!$B$35-((Calc!R18-1)*Skills!E18))))/Inputs!$B$35),IF(Inputs!$B$4="pvp",MIN((Skills!T18*(1+(Inputs!$B$33+IF(Inputs!$B$3>=117,Calc!F25,0))/100)),15)/15,(Skills!T18*(1+(Inputs!$B$33+IF(Inputs!$B$3>=117,Calc!F25,0))/100))/Skills!E18)) -> 3.75
A62: Actions Per Second (Attack Speed combined via diminishing-returns stack, factor 150, then capped) | B62: =1+MIN(150,150*(1-(1-Inputs!$B$10/150)*(1-B61/150)))/100 -> 1.637125
A63: Skill + Buff Cast Rate (subtracted from Basic Attack, 1/s) | B63: =IF(AND(Inputs!$B$4<>"pvp",Inputs!$B$35>0),SUMPRODUCT((Skills!F2:F28=TRUE)*(Calc!C2:C28=TRUE)*Calc!R2:R28)/Inputs!$B$35,SUMPRODUCT((Skills!F2:F28=TRUE)*(Calc!C2:C28=TRUE)*Calc!Q2:Q28)) -> 0.33466433
A64: Basic Attacks Per Second | B64: =MAX(0,B62-B63) -> 1.3024607
A65: Basic Attack DPS | B65: =Calc!O2 -> 3.897785e+15
A66: Meteor Proc — triggering attacks' combined cast rate, incl. Basic Attack (1/s) | B66: =IF(AND(Inputs!$B$4<>"pvp",Inputs!$B$35>0),SUMPRODUCT((Skills!V2:V28=TRUE)*(Calc!C2:C28=TRUE)*Calc!R2:R28*Skills!W2:W28)/Inputs!$B$35,SUMPRODUCT((Skills!V2:V28=TRUE)*(Calc!C2:C28=TRUE)*Calc!Q2:Q28*Skills!W2:W28))+B64 -> 1.5297416

Sheet Sensitivity
A1: Marginal DPS per +1 (percentage point / skill level / flat point)
A2: Attack Speed and Def Pen combine their +1 via the diminishing-returns formula (new = (1-(1-old/factor)*(1-1/factor))*factor), not a flat add.
A4: Stat | B4: Units per +1% DPS | C4: Type | D4: Current Value | E4: New Value | F4: Baseline Total DPS | G4: New Total DPS | H4: DPS Gain | I4: % Gain
A5: Flat INT | B5: =IFERROR(1/(I5-100),"n/a") -> 499.50249 | C5: flat | D5: =Inputs!$B$11 -> 58007 | E5: =(Inputs!$B$11+1) -> 58008 | F5: =Summary!$B$3 -> 8.3395839e+15 | G5: =B71 -> 8.3397509e+15 | H5: =G5-F5 -> 166957805663 | I5: =IF(F5=0,0,G5/F5*100) -> 100.002
A6: INT % | B6: =IFERROR(1/(I6-100),"n/a") -> 2.835005 | C6: pct | D6: =Inputs!$B$12 -> 229.4 | E6: =(Inputs!$B$12+1) -> 230.4 | F6: =Summary!$B$3 -> 8.3395839e+15 | G6: =B113 -> 8.3690004e+15 | H6: =G6-F6 -> 29416469501559 | I6: =IF(F6=0,0,G6/F6*100) -> 100.35273
A7: DAMAGE % | B7: =IFERROR(1/(I7-100),"n/a") -> 10.29 | C7: pct | D7: =Inputs!$B$14 -> 929 | E7: =(Inputs!$B$14+1) -> 930 | F7: =Summary!$B$3 -> 8.3395839e+15 | G7: =B155 -> 8.3476885e+15 | H7: =G7-F7 -> 8104551916653 | I7: =IF(F7=0,0,G7/F7*100) -> 100.09718
A8: DAMAGE_AMP % | B8: =IFERROR(1/(I8-100),"n/a") -> 1.668 | C8: pct | D8: =Inputs!$B$15 -> 66.8 | E8: =(Inputs!$B$15+1) -> 67.8 | F8: =Summary!$B$3 -> 8.3395839e+15 | G8: =B197 -> 8.3895814e+15 | H8: =G8-F8 -> 49997505528984 | I8: =IF(F8=0,0,G8/F8*100) -> 100.59952
A9: BOSS_DAMAGE % | B9: =IFERROR(1/(I9-100),"n/a") -> 8.3871291 | C9: pct | D9: =Inputs!$B$19 -> 208.3 | E9: =(Inputs!$B$19+1) -> 209.3 | F9: =Summary!$B$3 -> 8.3395839e+15 | G9: =B239 -> 8.3495272e+15 | H9: =G9-F9 -> 9943311758663 | I9: =IF(F9=0,0,G9/F9*100) -> 100.11923
A10: NORMAL_DAMAGE % | B10: =IFERROR(1/(I10-100),"n/a") -> 5.5914194 | C10: pct | D10: =Inputs!$B$20 -> 249.8 | E10: =(Inputs!$B$20+1) -> 250.8 | F10: =Summary!$B$3 -> 8.3395839e+15 | G10: =B281 -> 8.3544989e+15 | H10: =G10-F10 -> 14914967637997 | I10: =IF(F10=0,0,G10/F10*100) -> 100.17885
A11: FINAL_DAMAGE % (multiplicative source) | B11: =IFERROR(1/(I11-100),"n/a") -> 1 | C11: mult | D11: =Inputs!$B$23 -> 84.3 | E11: =((((1+Inputs!$B$23/100)*(1.01))-1)*100) -> 86.143 | F11: =Summary!$B$3 -> 8.3395839e+15 | G11: =B323 -> 8.4229798e+15 | H11: =G11-F11 -> 83395839222349 | I11: =IF(F11=0,0,G11/F11*100) -> 101
A12: MIN_DAMAGE % | B12: =IFERROR(1/(I12-100),"n/a") -> 5.399 | C12: pct | D12: =Inputs!$B$21 -> 269 | E12: =(Inputs!$B$21+1) -> 270 | F12: =Summary!$B$3 -> 8.3395839e+15 | G12: =B365 -> 8.3550305e+15 | H12: =G12-F12 -> 15446534399400 | I12: =IF(F12=0,0,G12/F12*100) -> 100.18522
A13: MAX_DAMAGE % | B13: =IFERROR(1/(I13-100),"n/a") -> 5.399 | C13: pct | D13: =Inputs!$B$22 -> 270.9 | E13: =(Inputs!$B$22+1) -> 271.9 | F13: =Summary!$B$3 -> 8.3395839e+15 | G13: =B407 -> 8.3550305e+15 | H13: =G13-F13 -> 15446534399400 | I13: =IF(F13=0,0,G13/F13*100) -> 100.18522
A14: CRIT_RATE % | B14: =IFERROR(1/(I14-100),"n/a") -> n/a | C14: pct | D14: =Inputs!$B$8 -> 107 | E14: =(Inputs!$B$8+1) -> 108 | F14: =Summary!$B$3 -> 8.3395839e+15 | G14: =B449 -> 8.3395839e+15 | H14: =G14-F14 -> 0 | I14: =IF(F14=0,0,G14/F14*100) -> 100
A15: CRIT_DAMAGE % | B15: =IFERROR(1/(I15-100),"n/a") -> 4.191 | C15: pct | D15: =Inputs!$B$9 -> 319.1 | E15: =(Inputs!$B$9+1) -> 320.1 | F15: =Summary!$B$3 -> 8.3395839e+15 | G15: =B491 -> 8.3594827e+15 | H15: =G15-F15 -> 19898792465366 | I15: =IF(F15=0,0,G15/F15*100) -> 100.23861
A16: ATTACK_SPEED % (diminishing returns, factor 150) | B16: =IFERROR(1/(I16-100),"n/a") -> 4.7670091 | C16: dr150 | D16: =Inputs!$B$10 -> 61.5 | E16: =((1-(1-Inputs!$B$10/150)*(1-1/150))*150) -> 62.09 | F16: =Summary!$B$3 -> 8.3395839e+15 | G16: =B533 -> 8.3570783e+15 | H16: =G16-F16 -> 17494373998280 | I16: =IF(F16=0,0,G16/F16*100) -> 100.20978
A17: DEF_PEN % (diminishing returns, factor 100) | B17: =IFERROR(1/(I17-100),"n/a") -> 3.8049191 | C17: dr100 | D17: =Inputs!$B$18 -> 39.1 | E17: =((1-(1-Inputs!$B$18/100)*(1-1/100))*100) -> 39.709 | F17: =Summary!$B$3 -> 8.3395839e+15 | G17: =B575 -> 8.3615018e+15 | H17: =G17-F17 -> 21917900923646 | I17: =IF(F17=0,0,G17/F17*100) -> 100.26282
A18: BASIC_ATTACK_DAMAGE % | B18: =IFERROR(1/(I18-100),"n/a") -> 3.1152139 | C18: pct | D18: =Inputs!$B$16 -> 45.6 | E18: =(Inputs!$B$16+1) -> 46.6 | F18: =Summary!$B$3 -> 8.3395839e+15 | G18: =B617 -> 8.3663544e+15 | H18: =G18-F18 -> 26770501468488 | I18: =IF(F18=0,0,G18/F18*100) -> 100.32101
A19: SKILL_DAMAGE % | B19: =IFERROR(1/(I19-100),"n/a") -> 3.8564342 | C19: pct | D19: =Inputs!$B$17 -> 105.4 | E19: =(Inputs!$B$17+1) -> 106.4 | F19: =Summary!$B$3 -> 8.3395839e+15 | G19: =B659 -> 8.361209e+15 | H19: =G19-F19 -> 21625116399331 | I19: =IF(F19=0,0,G19/F19*100) -> 100.25931
A20: Skill Level Bonus — 1st Job | B20: =IFERROR(1/(I20-100),"n/a") -> 38.473833 | C20: level | D20: =Inputs!$B$24 -> 0 | E20: =(Inputs!$B$24+1) -> 1 | F20: =Summary!$B$3 -> 8.3395839e+15 | G20: =B701 -> 8.3417515e+15 | H20: =G20-F20 -> 2167598910663 | I20: =IF(F20=0,0,G20/F20*100) -> 100.02599
A21: Skill Level Bonus — 2nd Job | B21: =IFERROR(1/(I21-100),"n/a") -> 16.185362 | C21: level | D21: =Inputs!$B$25 -> 19 | E21: =(Inputs!$B$25+1) -> 20 | F21: =Summary!$B$3 -> 8.3395839e+15 | G21: =B743 -> 8.3447365e+15 | H21: =G21-F21 -> 5152546945349 | I21: =IF(F21=0,0,G21/F21*100) -> 100.06178
A22: Skill Level Bonus — 3rd Job | B22: =IFERROR(1/(I22-100),"n/a") -> 15.573613 | C22: level | D22: =Inputs!$B$26 -> 9 | E22: =(Inputs!$B$26+1) -> 10 | F22: =Summary!$B$3 -> 8.3395839e+15 | G22: =B785 -> 8.3449389e+15 | H22: =G22-F22 -> 5354944716547 | I22: =IF(F22=0,0,G22/F22*100) -> 100.06421
A23: Skill Level Bonus — 4th Job | B23: =IFERROR(1/(I23-100),"n/a") -> 3.6717401 | C23: level | D23: =Inputs!$B$27 -> 75 | E23: =(Inputs!$B$27+1) -> 76 | F23: =Summary!$B$3 -> 8.3395839e+15 | G23: =B827 -> 8.3622968e+15 | H23: =G23-F23 -> 22712893081353 | I23: =IF(F23=0,0,G23/F23*100) -> 100.27235
A24: Skill Level Bonus — All Skills | B24: =IFERROR(1/(I24-100),"n/a") -> 2.3543018 | C24: level | D24: =Inputs!$B$28 -> 55 | E24: =(Inputs!$B$28+1) -> 56 | F24: =Summary!$B$3 -> 8.3395839e+15 | G24: =B869 -> 8.3750067e+15 | H24: =G24-F24 -> 35422747738737 | I24: =IF(F24=0,0,G24/F24*100) -> 100.42475
A25: Flat ATTACK | B25: =IFERROR(1/(I25-100),"n/a") -> 9018.91 | C25: flat | D25: =Inputs!$B$5 -> 901891 | E25: =(Inputs!$B$5+1) -> 901892 | F25: =Summary!$B$3 -> 8.3395839e+15 | G25: =B911 -> 8.3395932e+15 | H25: =G25-F25 -> 9246775854 | I25: =IF(F25=0,0,G25/F25*100) -> 100.00011
A26: ATTACK % | B26: =IFERROR(1/(I26-100),"n/a") -> 277.008 | C26: pct | D26: =Inputs!$B$6 -> 27600.8 | E26: =(Inputs!$B$6+1) -> 27601.8 | F26: =Summary!$B$3 -> 8.3395839e+15 | G26: =B953 -> 8.339885e+15 | H26: =G26-F26 -> 301059316777 | I26: =IF(F26=0,0,G26/F26*100) -> 100.00361
A27: Skill Cooldown Decrease (seconds) | B27: =IFERROR(1/(I27-100),"n/a") -> 1.5791203 | C27: flat | D27: =Inputs!$B$31 -> 0 | E27: =(Inputs!$B$31+1) -> 1 | F27: =Summary!$B$3 -> 8.3395839e+15 | G27: =B995 -> 8.3923955e+15 | H27: =G27-F27 -> 52811582128798 | I27: =IF(F27=0,0,G27/F27*100) -> 100.63326
A28: Basic Attack Target Increase (flat) | B28: =IFERROR(1/(I28-100),"n/a") -> 0.2710122 | C28: flat | D28: =Inputs!$B$32 -> 6 | E28: =(Inputs!$B$32+1) -> 7 | F28: =Summary!$B$3 -> 8.3395839e+15 | G28: =B1037 -> 8.6473038e+15 | H28: =G28-F28 -> 307719869511460 | I28: =IF(F28=0,0,G28/F28*100) -> 103.68987
A29: Buff Duration Increase % | B29: =IFERROR(1/(I29-100),"n/a") -> 2.4692478 | C29: pct | D29: =Inputs!$B$33 -> 0 | E29: =(Inputs!$B$33+1) -> 1 | F29: =Summary!$B$3 -> 8.3395839e+15 | G29: =B1079 -> 8.3733577e+15 | H29: =G29-F29 -> 33773782296366 | I29: =IF(F29=0,0,G29/F29*100) -> 100.40498
A32: Stat: Flat INT
A33: Key | B33: Name | C33: Unlocked | D33: InputLevel | E33: Factor | F33: CoefficientPercent | G33: EffectiveHits | H33: ProcProbability | I33: MapleHeroMultiplier | J33: BaseDamage | K33: BaseHitDamage | L33: NonCritAvg | M33: CritAvg | N33: ExpectedDamage(perHit) | O33: DPS | P33: % of Total | R33: helpers
A34: =Skills!A2 -> BASIC_ATTACK | B34: =Skills!B2 -> Basic Attack | C34: =TRUE -> TRUE | F34: =T36+Skills!O2 -> 510.52 | G34: =Calc!G2 -> 5 | H34: =Calc!H2 -> 1 | I34: =IF(Skills!X2<>"",1+(Skills!X2/10)*(R35/1000)/100,1) -> 1 | J34: =((Inputs!$B$5*(1+Inputs!$B$6/100))+(((Inputs!$B$11+1)*(1+Inputs!$B$12/100))-(Inputs!$B$11*(1+Inputs!$B$12/100)))*(1+Inputs!$B$6/100))*(F34/100) -> 1.275442e+09 | K34: =J34*(1+(((Inputs!$B$11+1)*(1+Inputs!$B$12/100))*0.01+Inputs!$B$13*0.0025)/100)*(1+Inputs!$B$14/100)*(1+IF(Inputs!$B$4="pvp",0,(1-Summary!$B$56)*(Inputs!$B$19+Skills!P2)+Summary!$B$56*(Inputs!$B$20+Skills!Q2))/100)*(1+Inputs!$B$15/100)*(5000/(6000+Inputs!$B$7*(1-Inputs!$B$18/100)))*(1+Inputs!$B$23/100)*(1+F55/100)*(1+IF(Inputs!$B$3>=120,F58,0)/100)^5*(1+(IF(Skills!A2="BASIC_ATTACK",Inputs!$B$16,Inputs!$B$17+IF(Inputs!$B$3>=125,F59*5,0)))/100)*(B62*B63*B64*I34) -> 6.9610919e+12 | L34: =K34*(MIN(Inputs!$B$21+(F54-Calc!F22),Inputs!$B$22)/100+Inputs!$B$22/100)/2 -> 1.8791468e+13 | M34: =L34*(1+(Inputs!$B$9+(F53-Calc!F21))/100) -> 7.8755041e+13 | N34: =L34*(1-MIN(Inputs!$B$8+(F52-Calc!F20),100)/100)+M34*(MIN(Inputs!$B$8+(F52-Calc!F20),100)/100) -> 7.8755041e+13 | O34: =Skills!G2*N34*B68*IF(Inputs!$B$4="pvp",1,(1-Summary!$B$56)*(1)+Summary!$B$56*(MIN((6+Inputs!$B$32+IF(Inputs!$B$3>=136,1,0)),Inputs!$B$37))) -> 3.897863e+15 | P34: =IF(B71=0,0,O34/B71) -> 0.46738363 | R34: =MAX(0,(Inputs!$B$3-100)*3)+Inputs!$B$27+Inputs!$B$28 -> 172 | S34: 0 | T34: =MAX(0,(Inputs!$B$3-100)*3)+Inputs!$B$27+Inputs!$B$28 -> 172 | V34: =IFERROR(1/IF(Inputs!$B$4="pvp",15,MAX(0.1,Skills!E2-IF(Skills!F2=TRUE,Inputs!$B$31,0))),0) -> 10
A35: =Skills!A3 -> IGNITE | B35: =Skills!B3 -> Ignite | C35: =TRUE -> TRUE | D35: =IF(Skills!C3=1,60+Inputs!$B$24+Inputs!$B$28,IF(Skills!C3=2,90+Inputs!$B$25+Inputs!$B$28,IF(Skills!C3=3,120+Inputs!$B$26+Inputs!$B$28,MAX(0,(Inputs!$B$3-100)*3)+Inputs!$B$27+Inputs!$B$28))) -> 164 | E35: =INDEX(FactorTable!$B$2:$Y$301, MATCH(ROUND(MIN(300,MAX(1,D35)),0), FactorTable!$A$2:$A$301,0), Skills!M3+1) -> 1656 | F35: =IF(Skills!N3=TRUE,(Skills!L3/10)*(E35/1000),Skills!L3/10)+Skills!O3 -> 121.528 | G35: =Calc!G3 -> 3 | H35: =Calc!H3 -> 1 | I35: =IF(Skills!X3<>"",1+(Skills!X3/10)*(R35/1000)/100,1) -> 4.76 | J35: =((Inputs!$B$5*(1+Inputs!$B$6/100))+(((Inputs!$B$11+1)*(1+Inputs!$B$12/100))-(Inputs!$B$11*(1+Inputs!$B$12/100)))*(1+Inputs!$B$6/100))*(F35/100) -> 3.0361575e+08 | K35: =J35*(1+(((Inputs!$B$11+1)*(1+Inputs!$B$12/100))*0.01+Inputs!$B$13*0.0025)/100)*(1+Inputs!$B$14/100)*(1+IF(Inputs!$B$4="pvp",0,(1-Summary!$B$56)*(Inputs!$B$19+Skills!P3)+Summary!$B$56*(Inputs!$B$20+Skills!Q3))/100)*(1+Inputs!$B$15/100)*(5000/(6000+Inputs!$B$7*(1-Inputs!$B$18/100)))*(1+Inputs!$B$23/100)*(1+F55/100)*(1+IF(Inputs!$B$3>=120,F58,0)/100)^5*(1+(IF(Skills!A3="BASIC_ATTACK",Inputs!$B$16,Inputs!$B$17+IF(Inputs!$B$3>=125,F59*5,0)))/100)*(B62*B63*B64*I35) -> 1.0995232e+13 | L35: =K35*(MIN(Inputs!$B$21+(F54-Calc!F22),Inputs!$B$22)/100+Inputs!$B$22/100)/2 -> 2.9681629e+13 | M35: =L35*(1+(Inputs!$B$9+(F53-Calc!F21))/100) -> 1.2439571e+14 | N35: =L35*(1-MIN(Inputs!$B$8+(F52-Calc!F20),100)/100)+M35*(MIN(Inputs!$B$8+(F52-Calc!F20),100)/100) -> 1.2439571e+14 | O35: =IF(C35,H35*N35*IF(AND(Inputs!$B$4<>"pvp",Inputs!$B$35>0),((Skills!G3*((S35-1)*IF(Skills!H3>0,Skills!I3/Skills!H3,1)+IF(Skills!H3>0,MIN(Skills!I3,MAX(0,Inputs!$B$35-((S35-1)*IF(Inputs!$B$4="pvp",15,MAX(0.1,Skills!E3-IF(Skills!F3=TRUE,Inputs!$B$31,0))))))/Skills!H3,1)))/Inputs!$B$35),G35*V35)*IF(Inputs!$B$4="pvp",1,(1-Summary!$B$56)*(1)+Summary!$B$56*(MIN(Skills!R3,Inputs!$B$37))),0) -> 821011671404547 | P35: =IF(B71=0,0,O35/B71) -> 0.098445587 | R35: =INDEX(FactorTable!$B$2:$Y$301, MATCH(ROUND(MIN(300,MAX(1,R34)),0), FactorTable!$A$2:$A$301,0), 24) -> 7520 | S35: =IF(AND(Inputs!$B$4<>"pvp",Inputs!$B$35>0),(INT(Inputs!$B$35/IF(Inputs!$B$4="pvp",15,MAX(0.1,Skills!E3-IF(Skills!F3=TRUE,Inputs!$B$31,0))))+1),0) -> 0 | T35: =INDEX(FactorTable!$B$2:$Y$301, MATCH(ROUND(MIN(300,MAX(1,T34)),0), FactorTable!$A$2:$A$301,0), 22) -> 1688 | V35: =IFERROR(1/IF(Inputs!$B$4="pvp",15,MAX(0.1,Skills!E3-IF(Skills!F3=TRUE,Inputs!$B$31,0))),0) -> 1
A36: =Skills!A4 -> POISON_BREATH | B36: =Skills!B4 -> Poison Breath | C36: =TRUE -> TRUE | D36: =IF(Skills!C4=1,60+Inputs!$B$24+Inputs!$B$28,IF(Skills!C4=2,90+Inputs!$B$25+Inputs!$B$28,IF(Skills!C4=3,120+Inputs!$B$26+Inputs!$B$28,MAX(0,(Inputs!$B$3-100)*3)+Inputs!$B$27+Inputs!$B$28))) -> 164 | E36: =INDEX(FactorTable!$B$2:$Y$301, MATCH(ROUND(MIN(300,MAX(1,D36)),0), FactorTable!$A$2:$A$301,0), Skills!M4+1) -> 1820 | F36: =IF(Skills!N4=TRUE,(Skills!L4/10)*(E36/1000),Skills!L4/10)+Skills!O4 -> 434 | G36: =Calc!G4 -> 3 | H36: =Calc!H4 -> 1 | I36: =IF(Skills!X4<>"",1+(Skills!X4/10)*(R35/1000)/100,1) -> 7.016 | J36: =((Inputs!$B$5*(1+Inputs!$B$6/100))+(((Inputs!$B$11+1)*(1+Inputs!$B$12/100))-(Inputs!$B$11*(1+Inputs!$B$12/100)))*(1+Inputs!$B$6/100))*(F36/100) -> 1.0842706e+09 | K36: =J36*(1+(((Inputs!$B$11+1)*(1+Inputs!$B$12/100))*0.01+Inputs!$B$13*0.0025)/100)*(1+Inputs!$B$14/100)*(1+IF(Inputs!$B$4="pvp",0,(1-Summary!$B$56)*(Inputs!$B$19+Skills!P4)+Summary!$B$56*(Inputs!$B$20+Skills!Q4))/100)*(1+Inputs!$B$15/100)*(5000/(6000+Inputs!$B$7*(1-Inputs!$B$18/100)))*(1+Inputs!$B$23/100)*(1+F55/100)*(1+IF(Inputs!$B$3>=120,F58,0)/100)^5*(1+(IF(Skills!A4="BASIC_ATTACK",Inputs!$B$16,Inputs!$B$17+IF(Inputs!$B$3>=125,F59*5,0)))/100)*(B62*B63*B64*I36) -> 5.7876253e+13 | L36: =K36*(MIN(Inputs!$B$21+(F54-Calc!F22),Inputs!$B$22)/100+Inputs!$B$22/100)/2 -> 1.5623695e+14 | M36: =L36*(1+(Inputs!$B$9+(F53-Calc!F21))/100) -> 6.5478904e+14 | N36: =L36*(1-MIN(Inputs!$B$8+(F52-Calc!F20),100)/100)+M36*(MIN(Inputs!$B$8+(F52-Calc!F20),100)/100) -> 6.5478904e+14 | O36: =IF(C36,H36*N36*IF(AND(Inputs!$B$4<>"pvp",Inputs!$B$35>0),((Skills!G4*((S36-1)*IF(Skills!H4>0,Skills!I4/Skills!H4,1)+IF(Skills!H4>0,MIN(Skills!I4,MAX(0,Inputs!$B$35-((S36-1)*IF(Inputs!$B$4="pvp",15,MAX(0.1,Skills!E4-IF(Skills!F4=TRUE,Inputs!$B$31,0))))))/Skills!H4,1)))/Inputs!$B$35),G36*V36)*IF(Inputs!$B$4="pvp",1,(1-Summary!$B$56)*(1)+Summary!$B$56*(MIN(Skills!R4,Inputs!$B$37))),0) -> 4.3652603e+14 | P36: =IF(B71=0,0,O36/B71) -> 0.052342814 | S36: =IF(AND(Inputs!$B$4<>"pvp",Inputs!$B$35>0),(INT(Inputs!$B$35/IF(Inputs!$B$4="pvp",15,MAX(0.1,Skills!E4-IF(Skills!F4=TRUE,Inputs!$B$31,0))))+1),0) -> 0 | T36: =290*T35/1000 -> 489.52 | V36: =IFERROR(1/IF(Inputs!$B$4="pvp",15,MAX(0.1,Skills!E4-IF(Skills!F4=TRUE,Inputs!$B$31,0))),0) -> 0.055555556
A37: =Skills!A5 -> ELEMENTAL_DRAIN | B37: =Skills!B5 -> Elemental Drain | C37: =TRUE -> TRUE | D37: =IF(Skills!C5=1,60+Inputs!$B$24+Inputs!$B$28,IF(Skills!C5=2,90+Inputs!$B$25+Inputs!$B$28,IF(Skills!C5=3,120+Inputs!$B$26+Inputs!$B$28,MAX(0,(Inputs!$B$3-100)*3)+Inputs!$B$27+Inputs!$B$28))) -> 164 | E37: =INDEX(FactorTable!$B$2:$Y$301, MATCH(ROUND(MIN(300,MAX(1,D37)),0), FactorTable!$A$2:$A$301,0), Skills!M5+1) -> 1656 | F37: =IF(Skills!N5=TRUE,(Skills!L5/10)*(E37/1000),Skills!L5/10)+Skills!O5 -> 19.872 | G37: =Calc!G5 -> 5 | H37: =Calc!H5 -> 1 | I37: =IF(Skills!X5<>"",1+(Skills!X5/10)*(R35/1000)/100,1) -> 12.28 | J37: =((Inputs!$B$5*(1+Inputs!$B$6/100))+(((Inputs!$B$11+1)*(1+Inputs!$B$12/100))-(Inputs!$B$11*(1+Inputs!$B$12/100)))*(1+Inputs!$B$6/100))*(F37/100) -> 49646602 | K37: =J37*(1+(((Inputs!$B$11+1)*(1+Inputs!$B$12/100))*0.01+Inputs!$B$13*0.0025)/100)*(1+Inputs!$B$14/100)*(1+IF(Inputs!$B$4="pvp",0,(1-Summary!$B$56)*(Inputs!$B$19+Skills!P5)+Summary!$B$56*(Inputs!$B$20+Skills!Q5))/100)*(1+Inputs!$B$15/100)*(5000/(6000+Inputs!$B$7*(1-Inputs!$B$18/100)))*(1+Inputs!$B$23/100)*(1+F55/100)*(1+IF(Inputs!$B$3>=120,F58,0)/100)^5*(1+(IF(Skills!A5="BASIC_ATTACK",Inputs!$B$16,Inputs!$B$17+IF(Inputs!$B$3>=125,F59*5,0)))/100)*(B62*B63*B64*I37) -> 4.6383236e+12 | L37: =K37*(MIN(Inputs!$B$21+(F54-Calc!F22),Inputs!$B$22)/100+Inputs!$B$22/100)/2 -> 1.2521155e+13 | M37: =L37*(1+(Inputs!$B$9+(F53-Calc!F21))/100) -> 5.2476159e+13 | N37: =L37*(1-MIN(Inputs!$B$8+(F52-Calc!F20),100)/100)+M37*(MIN(Inputs!$B$8+(F52-Calc!F20),100)/100) -> 5.2476159e+13 | O37: =IF(C37,H37*N37*IF(AND(Inputs!$B$4<>"pvp",Inputs!$B$35>0),((Skills!G5*((S37-1)*IF(Skills!H5>0,Skills!I5/Skills!H5,1)+IF(Skills!H5>0,MIN(Skills!I5,MAX(0,Inputs!$B$35-((S37-1)*IF(Inputs!$B$4="pvp",15,MAX(0.1,Skills!E5-IF(Skills!F5=TRUE,Inputs!$B$31,0))))))/Skills!H5,1)))/Inputs!$B$35),G37*V37)*IF(Inputs!$B$4="pvp",1,(1-Summary!$B$56)*(1)+Summary!$B$56*(MIN(Skills!R5,Inputs!$B$37))),0) -> 2.6238079e+14 | P37: =IF(B71=0,0,O37/B71) -> 0.031461467 | S37: =IF(AND(Inputs!$B$4<>"pvp",Inputs!$B$35>0),(INT(Inputs!$B$35/IF(Inputs!$B$4="pvp",15,MAX(0.1,Skills!E5-IF(Skills!F5=TRUE,Inputs!$B$31,0))))+1),0) -> 0 | V37: =IFERROR(1/IF(Inputs!$B$4="pvp",15,MAX(0.1,Skills!E5-IF(Skills!F5=TRUE,Inputs!$B$31,0))),0) -> 1
A38: =Skills!A6 -> MEDITATION | B38: =Skills!B6 -> Meditation | C38: =TRUE -> TRUE | D38: =IF(Skills!C6=1,60+Inputs!$B$24+Inputs!$B$28,IF(Skills!C6=2,90+Inputs!$B$25+Inputs!$B$28,IF(Skills!C6=3,120+Inputs!$B$26+Inputs!$B$28,MAX(0,(Inputs!$B$3-100)*3)+Inputs!$B$27+Inputs!$B$28))) -> 164 | E38: =INDEX(FactorTable!$B$2:$Y$301, MATCH(ROUND(MIN(300,MAX(1,D38)),0), FactorTable!$A$2:$A$301,0), Skills!M6+1) -> 1492 | F38: =IF(Skills!N6=TRUE,(Skills!L6/10)*(E38/1000),Skills!L6/10)+Skills!O6 -> 29.84 | G38: =Calc!G6 -> 1 | H38: =Calc!H6 -> 1 | I38: =IF(Skills!X6<>"",1+(Skills!X6/10)*(R35/1000)/100,1) -> 1 | O38: 0 | P38: =IF(B71=0,0,O38/B71) -> 0 | S38: =IF(AND(Inputs!$B$4<>"pvp",Inputs!$B$35>0),(INT(Inputs!$B$35/IF(Inputs!$B$4="pvp",15,MAX(0.1,Skills!E6-IF(Skills!F6=TRUE,Inputs!$B$31,0))))+1),0) -> 0 | V38: =IFERROR(1/IF(Inputs!$B$4="pvp",15,MAX(0.1,Skills!E6-IF(Skills!F6=TRUE,Inputs!$B$31,0))),0) -> 0.033333333
A39: =Skills!A7 -> POISON_MIST_BURST | B39: =Skills!B7 -> Poison Mist (burst) | C39: =TRUE -> TRUE | D39: =IF(Skills!C7=1,60+Inputs!$B$24+Inputs!$B$28,IF(Skills!C7=2,90+Inputs!$B$25+Inputs!$B$28,IF(Skills!C7=3,120+Inputs!$B$26+Inputs!$B$28,MAX(0,(Inputs!$B$3-100)*3)+Inputs!$B$27+Inputs!$B$28))) -> 184 | E39: =INDEX(FactorTable!$B$2:$Y$301, MATCH(ROUND(MIN(300,MAX(1,D39)),0), FactorTable!$A$2:$A$301,0), Skills!M7+1) -> 1920 | F39: =IF(Skills!N7=TRUE,(Skills!L7/10)*(E39/1000),Skills!L7/10)+Skills!O7 -> 357.2 | G39: =Calc!G7 -> 3 | H39: =Calc!H7 -> 1 | I39: =IF(Skills!X7<>"",1+(Skills!X7/10)*(R35/1000)/100,1) -> 1.752 | J39: =((Inputs!$B$5*(1+Inputs!$B$6/100))+(((Inputs!$B$11+1)*(1+Inputs!$B$12/100))-(Inputs!$B$11*(1+Inputs!$B$12/100)))*(1+Inputs!$B$6/100))*(F39/100) -> 8.9239967e+08 | K39: =J39*(1+(((Inputs!$B$11+1)*(1+Inputs!$B$12/100))*0.01+Inputs!$B$13*0.0025)/100)*(1+Inputs!$B$14/100)*(1+IF(Inputs!$B$4="pvp",0,(1-Summary!$B$56)*(Inputs!$B$19+Skills!P7)+Summary!$B$56*(Inputs!$B$20+Skills!Q7))/100)*(1+Inputs!$B$15/100)*(5000/(6000+Inputs!$B$7*(1-Inputs!$B$18/100)))*(1+Inputs!$B$23/100)*(1+F55/100)*(1+IF(Inputs!$B$3>=120,F58,0)/100)^5*(1+(IF(Skills!A7="BASIC_ATTACK",Inputs!$B$16,Inputs!$B$17+IF(Inputs!$B$3>=125,F59*5,0)))/100)*(B62*B63*B64*I39) -> 1.189506e+13 | L39: =K39*(MIN(Inputs!$B$21+(F54-Calc!F22),Inputs!$B$22)/100+Inputs!$B$22/100)/2 -> 3.2110716e+13 | M39: =L39*(1+(Inputs!$B$9+(F53-Calc!F21))/100) -> 1.3457601e+14 | N39: =L39*(1-MIN(Inputs!$B$8+(F52-Calc!F20),100)/100)+M39*(MIN(Inputs!$B$8+(F52-Calc!F20),100)/100) -> 1.3457601e+14 | O39: =IF(C39,H39*N39*IF(AND(Inputs!$B$4<>"pvp",Inputs!$B$35>0),((Skills!G7*((S39-1)*IF(Skills!H7>0,Skills!I7/Skills!H7,1)+IF(Skills!H7>0,MIN(Skills!I7,MAX(0,Inputs!$B$35-((S39-1)*IF(Inputs!$B$4="pvp",15,MAX(0.1,Skills!E7-IF(Skills!F7=TRUE,Inputs!$B$31,0))))))/Skills!H7,1)))/Inputs!$B$35),G39*V39)*IF(Inputs!$B$4="pvp",1,(1-Summary!$B$56)*(1)+Summary!$B$56*(MIN(Skills!R7,Inputs!$B$37))),0) -> 1.0546365e+14 | P39: =IF(B71=0,0,O39/B71) -> 0.012645899 | S39: =IF(AND(Inputs!$B$4<>"pvp",Inputs!$B$35>0),(INT(Inputs!$B$35/IF(Inputs!$B$4="pvp",15,MAX(0.1,Skills!E7-IF(Skills!F7=TRUE,Inputs!$B$31,0))))+1),0) -> 0 | V39: =IFERROR(1/IF(Inputs!$B$4="pvp",15,MAX(0.1,Skills!E7-IF(Skills!F7=TRUE,Inputs!$B$31,0))),0) -> 0.040816327
A40: =Skills!A8 -> POISON_MIST_DOT | B40: =Skills!B8 -> Poison Mist (fog DoT) | C40: =TRUE -> TRUE | D40: =IF(Skills!C8=1,60+Inputs!$B$24+Inputs!$B$28,IF(Skills!C8=2,90+Inputs!$B$25+Inputs!$B$28,IF(Skills!C8=3,120+Inputs!$B$26+Inputs!$B$28,MAX(0,(Inputs!$B$3-100)*3)+Inputs!$B$27+Inputs!$B$28))) -> 184 | E40: =INDEX(FactorTable!$B$2:$Y$301, MATCH(ROUND(MIN(300,MAX(1,D40)),0), FactorTable!$A$2:$A$301,0), Skills!M8+1) -> 1920 | F40: =IF(Skills!N8=TRUE,(Skills!L8/10)*(E40/1000),Skills!L8/10)+Skills!O8 -> 134.4 | G40: =Calc!G8 -> 50 | H40: =Calc!H8 -> 1 | I40: =IF(Skills!X8<>"",1+(Skills!X8/10)*(R35/1000)/100,1) -> 1.752 | J40: =((Inputs!$B$5*(1+Inputs!$B$6/100))+(((Inputs!$B$11+1)*(1+Inputs!$B$12/100))-(Inputs!$B$11*(1+Inputs!$B$12/100)))*(1+Inputs!$B$6/100))*(F40/100) -> 3.3577412e+08 | K40: =J40*(1+(((Inputs!$B$11+1)*(1+Inputs!$B$12/100))*0.01+Inputs!$B$13*0.0025)/100)*(1+Inputs!$B$14/100)*(1+IF(Inputs!$B$4="pvp",0,(1-Summary!$B$56)*(Inputs!$B$19+Skills!P8)+Summary!$B$56*(Inputs!$B$20+Skills!Q8))/100)*(1+Inputs!$B$15/100)*(5000/(6000+Inputs!$B$7*(1-Inputs!$B$18/100)))*(1+Inputs!$B$23/100)*(1+F55/100)*(1+IF(Inputs!$B$3>=120,F58,0)/100)^5*(1+(IF(Skills!A8="BASIC_ATTACK",Inputs!$B$16,Inputs!$B$17+IF(Inputs!$B$3>=125,F59*5,0)))/100)*(B62*B63*B64*I40) -> 4.475633e+12 | L40: =K40*(MIN(Inputs!$B$21+(F54-Calc!F22),Inputs!$B$22)/100+Inputs!$B$22/100)/2 -> 1.2081971e+13 | M40: =L40*(1+(Inputs!$B$9+(F53-Calc!F21))/100) -> 5.0635542e+13 | N40: =L40*(1-MIN(Inputs!$B$8+(F52-Calc!F20),100)/100)+M40*(MIN(Inputs!$B$8+(F52-Calc!F20),100)/100) -> 5.0635542e+13 | O40: =IF(C40,H40*N40*IF(AND(Inputs!$B$4<>"pvp",Inputs!$B$35>0),((Skills!G8*((S40-1)*IF(Skills!H8>0,Skills!I8/Skills!H8,1)+IF(Skills!H8>0,MIN(Skills!I8,MAX(0,Inputs!$B$35-((S40-1)*IF(Inputs!$B$4="pvp",15,MAX(0.1,Skills!E8-IF(Skills!F8=TRUE,Inputs!$B$31,0))))))/Skills!H8,1)))/Inputs!$B$35),G40*V40)*IF(Inputs!$B$4="pvp",1,(1-Summary!$B$56)*(1)+Summary!$B$56*(MIN(Skills!R8,Inputs!$B$37))),0) -> 6.6136218e+14 | P40: =IF(B71=0,0,O40/B71) -> 0.07930239 | S40: =IF(AND(Inputs!$B$4<>"pvp",Inputs!$B$35>0),(INT(Inputs!$B$35/IF(Inputs!$B$4="pvp",15,MAX(0.1,Skills!E8-IF(Skills!F8=TRUE,Inputs!$B$31,0))))+1),0) -> 0 | V40: =IFERROR(1/IF(Inputs!$B$4="pvp",15,MAX(0.1,Skills!E8-IF(Skills!F8=TRUE,Inputs!$B$31,0))),0) -> 0.040816327
A41: =Skills!A9 -> MIST_ERUPTION | B41: =Skills!B9 -> Mist Eruption | C41: =Inputs!$B$3>=103 -> TRUE | D41: =IF(Skills!C9=1,60+Inputs!$B$24+Inputs!$B$28,IF(Skills!C9=2,90+Inputs!$B$25+Inputs!$B$28,IF(Skills!C9=3,120+Inputs!$B$26+Inputs!$B$28,MAX(0,(Inputs!$B$3-100)*3)+Inputs!$B$27+Inputs!$B$28))) -> 172 | E41: =INDEX(FactorTable!$B$2:$Y$301, MATCH(ROUND(MIN(300,MAX(1,D41)),0), FactorTable!$A$2:$A$301,0), Skills!M9+1) -> 1860 | F41: =IF(Skills!N9=TRUE,(Skills!L9/10)*(E41/1000),Skills!L9/10)+Skills!O9 -> 5580 | G41: =Calc!G9 -> 2.8 | H41: =Calc!H9 -> 1 | I41: =IF(Skills!X9<>"",1+(Skills!X9/10)*(R35/1000)/100,1) -> 1 | J41: =((Inputs!$B$5*(1+Inputs!$B$6/100))+(((Inputs!$B$11+1)*(1+Inputs!$B$12/100))-(Inputs!$B$11*(1+Inputs!$B$12/100)))*(1+Inputs!$B$6/100))*(F41/100) -> 1.3940622e+10 | K41: =J41*(1+(((Inputs!$B$11+1)*(1+Inputs!$B$12/100))*0.01+Inputs!$B$13*0.0025)/100)*(1+Inputs!$B$14/100)*(1+IF(Inputs!$B$4="pvp",0,(1-Summary!$B$56)*(Inputs!$B$19+Skills!P9)+Summary!$B$56*(Inputs!$B$20+Skills!Q9))/100)*(1+Inputs!$B$15/100)*(5000/(6000+Inputs!$B$7*(1-Inputs!$B$18/100)))*(1+Inputs!$B$23/100)*(1+F55/100)*(1+IF(Inputs!$B$3>=120,F58,0)/100)^5*(1+(IF(Skills!A9="BASIC_ATTACK",Inputs!$B$16,Inputs!$B$17+IF(Inputs!$B$3>=125,F59*5,0)))/100)*(B62*B63*B64*I41) -> 1.060609e+14 | L41: =K41*(MIN(Inputs!$B$21+(F54-Calc!F22),Inputs!$B$22)/100+Inputs!$B$22/100)/2 -> 2.8631139e+14 | M41: =L41*(1+(Inputs!$B$9+(F53-Calc!F21))/100) -> 1.199931e+15 | N41: =L41*(1-MIN(Inputs!$B$8+(F52-Calc!F20),100)/100)+M41*(MIN(Inputs!$B$8+(F52-Calc!F20),100)/100) -> 1.199931e+15 | O41: =IF(C41,H41*N41*IF(AND(Inputs!$B$4<>"pvp",Inputs!$B$35>0),((Skills!G9*((S41-1)*IF(Skills!H9>0,Skills!I9/Skills!H9,1)+IF(Skills!H9>0,MIN(Skills!I9,MAX(0,Inputs!$B$35-((S41-1)*IF(Inputs!$B$4="pvp",15,MAX(0.1,Skills!E9-IF(Skills!F7=TRUE,Inputs!$B$31,0))))))/Skills!H9,1)))/Inputs!$B$35),G41*V41)*IF(Inputs!$B$4="pvp",1,(1-Summary!$B$56)*(1)+Summary!$B$56*(MIN(Skills!R9,Inputs!$B$37))),0) -> 8.7766385e+14 | P41: =IF(B71=0,0,O41/B71) -> 0.10523862 | S41: =IF(AND(Inputs!$B$4<>"pvp",Inputs!$B$35>0),(INT(Inputs!$B$35/IF(Inputs!$B$4="pvp",15,MAX(0.1,Skills!E9-IF(Skills!F7=TRUE,Inputs!$B$31,0))))+1),0) -> 0 | V41: =IFERROR(1/IF(Inputs!$B$4="pvp",15,MAX(0.1,Skills!E9-IF(Skills!F7=TRUE,Inputs!$B$31,0))),0) -> 0.040816327
A42: =Skills!A10 -> CREEPING_TOXIN | B42: =Skills!B10 -> Creeping Toxin | C42: =TRUE -> TRUE | D42: =IF(Skills!C10=1,60+Inputs!$B$24+Inputs!$B$28,IF(Skills!C10=2,90+Inputs!$B$25+Inputs!$B$28,IF(Skills!C10=3,120+Inputs!$B$26+Inputs!$B$28,MAX(0,(Inputs!$B$3-100)*3)+Inputs!$B$27+Inputs!$B$28))) -> 184 | E42: =INDEX(FactorTable!$B$2:$Y$301, MATCH(ROUND(MIN(300,MAX(1,D42)),0), FactorTable!$A$2:$A$301,0), Skills!M10+1) -> 1920 | F42: =IF(Skills!N10=TRUE,(Skills!L10/10)*(E42/1000),Skills!L10/10)+Skills!O10 -> 280.4 | G42: =Calc!G10 -> 15 | H42: =Calc!H10 -> 1 | I42: =IF(Skills!X10<>"",1+(Skills!X10/10)*(R35/1000)/100,1) -> 1.752 | J42: =((Inputs!$B$5*(1+Inputs!$B$6/100))+(((Inputs!$B$11+1)*(1+Inputs!$B$12/100))-(Inputs!$B$11*(1+Inputs!$B$12/100)))*(1+Inputs!$B$6/100))*(F42/100) -> 7.0052874e+08 | K42: =J42*(1+(((Inputs!$B$11+1)*(1+Inputs!$B$12/100))*0.01+Inputs!$B$13*0.0025)/100)*(1+Inputs!$B$14/100)*(1+IF(Inputs!$B$4="pvp",0,(1-Summary!$B$56)*(Inputs!$B$19+Skills!P10)+Summary!$B$56*(Inputs!$B$20+Skills!Q10))/100)*(1+Inputs!$B$15/100)*(5000/(6000+Inputs!$B$7*(1-Inputs!$B$18/100)))*(1+Inputs!$B$23/100)*(1+F55/100)*(1+IF(Inputs!$B$3>=120,F58,0)/100)^5*(1+(IF(Skills!A10="BASIC_ATTACK",Inputs!$B$16,Inputs!$B$17+IF(Inputs!$B$3>=125,F59*5,0)))/100)*(B62*B63*B64*I42) -> 1.1018988e+13 | L42: =K42*(MIN(Inputs!$B$21+(F54-Calc!F22),Inputs!$B$22)/100+Inputs!$B$22/100)/2 -> 2.9745759e+13 | M42: =L42*(1+(Inputs!$B$9+(F53-Calc!F21))/100) -> 1.2466448e+14 | N42: =L42*(1-MIN(Inputs!$B$8+(F52-Calc!F20),100)/100)+M42*(MIN(Inputs!$B$8+(F52-Calc!F20),100)/100) -> 1.2466448e+14 | O42: =IF(C42,H42*N42*IF(AND(Inputs!$B$4<>"pvp",Inputs!$B$35>0),((Skills!G10*((S42-1)*IF(Skills!H10>0,Skills!I10/Skills!H10,1)+IF(Skills!H10>0,MIN(Skills!I10,MAX(0,Inputs!$B$35-((S42-1)*IF(Inputs!$B$4="pvp",15,MAX(0.1,Skills!E10-IF(Skills!F10=TRUE,Inputs!$B$31,0))))))/Skills!H10,1)))/Inputs!$B$35),G42*V42)*IF(Inputs!$B$4="pvp",1,(1-Summary!$B$56)*(1)+Summary!$B$56*(MIN(Skills!R10,Inputs!$B$37))),0) -> 6.9258043e+13 | P42: =IF(B71=0,0,O42/B71) -> 0.0083045697 | S42: =IF(AND(Inputs!$B$4<>"pvp",Inputs!$B$35>0),(INT(Inputs!$B$35/IF(Inputs!$B$4="pvp",15,MAX(0.1,Skills!E10-IF(Skills!F10=TRUE,Inputs!$B$31,0))))+1),0) -> 0 | V42: =IFERROR(1/IF(Inputs!$B$4="pvp",15,MAX(0.1,Skills!E10-IF(Skills!F10=TRUE,Inputs!$B$31,0))),0) -> 0.037037037
A43: =Skills!A11 -> BURNING_MAGIC | B43: =Skills!B11 -> Burning Magic | C43: =TRUE -> TRUE | D43: =IF(Skills!C11=1,60+Inputs!$B$24+Inputs!$B$28,IF(Skills!C11=2,90+Inputs!$B$25+Inputs!$B$28,IF(Skills!C11=3,120+Inputs!$B$26+Inputs!$B$28,MAX(0,(Inputs!$B$3-100)*3)+Inputs!$B$27+Inputs!$B$28))) -> 184 | E43: =INDEX(FactorTable!$B$2:$Y$301, MATCH(ROUND(MIN(300,MAX(1,D43)),0), FactorTable!$A$2:$A$301,0), Skills!M11+1) -> 0 | F43: =IF(Skills!N11=TRUE,(Skills!L11/10)*(E43/1000),Skills!L11/10)+Skills!O11 -> 5 | G43: =Calc!G11 -> 1 | H43: =Calc!H11 -> 1 | I43: =IF(Skills!X11<>"",1+(Skills!X11/10)*(R35/1000)/100,1) -> 1 | O43: 0 | P43: =IF(B71=0,0,O43/B71) -> 0 | S43: 0 | V43: =IFERROR(1/IF(Inputs!$B$4="pvp",15,MAX(0.1,Skills!E11-IF(Skills!F11=TRUE,Inputs!$B$31,0))),0) -> 10
A44: =Skills!A12 -> ELEMENTAL_DECREASE | B44: =Skills!B12 -> Elemental Decrease | C44: =TRUE -> TRUE | D44: =IF(Skills!C12=1,60+Inputs!$B$24+Inputs!$B$28,IF(Skills!C12=2,90+Inputs!$B$25+Inputs!$B$28,IF(Skills!C12=3,120+Inputs!$B$26+Inputs!$B$28,MAX(0,(Inputs!$B$3-100)*3)+Inputs!$B$27+Inputs!$B$28))) -> 184 | E44: =INDEX(FactorTable!$B$2:$Y$301, MATCH(ROUND(MIN(300,MAX(1,D44)),0), FactorTable!$A$2:$A$301,0), Skills!M12+1) -> 1552 | F44: =IF(Skills!N12=TRUE,(Skills!L12/10)*(E44/1000),Skills!L12/10)+Skills!O12 -> 18.624 | G44: =Calc!G12 -> 1 | H44: =Calc!H12 -> 0.5 | I44: =IF(Skills!X12<>"",1+(Skills!X12/10)*(R35/1000)/100,1) -> 1 | O44: 0 | P44: =IF(B71=0,0,O44/B71) -> 0 | S44: 0 | V44: =IFERROR(1/IF(Inputs!$B$4="pvp",15,MAX(0.1,Skills!E12-IF(Skills!F12=TRUE,Inputs!$B$31,0))),0) -> 10
A45: =Skills!A13 -> METEOR_SHOWER_BURST | B45: =Skills!B13 -> Meteor Shower (burst) | C45: =Inputs!$B$3>=105 -> TRUE | D45: =IF(Skills!C13=1,60+Inputs!$B$24+Inputs!$B$28,IF(Skills!C13=2,90+Inputs!$B$25+Inputs!$B$28,IF(Skills!C13=3,120+Inputs!$B$26+Inputs!$B$28,MAX(0,(Inputs!$B$3-100)*3)+Inputs!$B$27+Inputs!$B$28))) -> 172 | E45: =INDEX(FactorTable!$B$2:$Y$301, MATCH(ROUND(MIN(300,MAX(1,D45)),0), FactorTable!$A$2:$A$301,0), Skills!M13+1) -> 1860 | F45: =IF(Skills!N13=TRUE,(Skills!L13/10)*(E45/1000),Skills!L13/10)+Skills!O13 -> 1116 | G45: =Calc!G13 -> 9 | H45: =Calc!H13 -> 1 | I45: =IF(Skills!X13<>"",1+(Skills!X13/10)*(R35/1000)/100,1) -> 1 | J45: =((Inputs!$B$5*(1+Inputs!$B$6/100))+(((Inputs!$B$11+1)*(1+Inputs!$B$12/100))-(Inputs!$B$11*(1+Inputs!$B$12/100)))*(1+Inputs!$B$6/100))*(F45/100) -> 2.7881244e+09 | K45: =J45*(1+(((Inputs!$B$11+1)*(1+Inputs!$B$12/100))*0.01+Inputs!$B$13*0.0025)/100)*(1+Inputs!$B$14/100)*(1+IF(Inputs!$B$4="pvp",0,(1-Summary!$B$56)*(Inputs!$B$19+Skills!P13)+Summary!$B$56*(Inputs!$B$20+Skills!Q13))/100)*(1+Inputs!$B$15/100)*(5000/(6000+Inputs!$B$7*(1-Inputs!$B$18/100)))*(1+Inputs!$B$23/100)*(1+F55/100)*(1+IF(Inputs!$B$3>=120,F58,0)/100)^5*(1+(IF(Skills!A13="BASIC_ATTACK",Inputs!$B$16,Inputs!$B$17+IF(Inputs!$B$3>=125,F59*5,0)))/100)*(B62*B63*B64*I45) -> 2.121218e+13 | L45: =K45*(MIN(Inputs!$B$21+(F54-Calc!F22),Inputs!$B$22)/100+Inputs!$B$22/100)/2 -> 5.7262279e+13 | M45: =L45*(1+(Inputs!$B$9+(F53-Calc!F21))/100) -> 2.3998621e+14 | N45: =L45*(1-MIN(Inputs!$B$8+(F52-Calc!F20),100)/100)+M45*(MIN(Inputs!$B$8+(F52-Calc!F20),100)/100) -> 2.3998621e+14 | O45: =IF(C45,H45*N45*IF(AND(Inputs!$B$4<>"pvp",Inputs!$B$35>0),((Skills!G13*((S45-1)*IF(Skills!H13>0,Skills!I13/Skills!H13,1)+IF(Skills!H13>0,MIN(Skills!I13,MAX(0,Inputs!$B$35-((S45-1)*IF(Inputs!$B$4="pvp",15,MAX(0.1,Skills!E13-IF(Skills!F13=TRUE,Inputs!$B$31,0))))))/Skills!H13,1)))/Inputs!$B$35),G45*V45)*IF(Inputs!$B$4="pvp",1,(1-Summary!$B$56)*(1)+Summary!$B$56*(MIN(Skills!R13,Inputs!$B$37))),0) -> 3.0107361e+14 | P45: =IF(B71=0,0,O45/B71) -> 0.036101031 | S45: =IF(AND(Inputs!$B$4<>"pvp",Inputs!$B$35>0),(INT(Inputs!$B$35/IF(Inputs!$B$4="pvp",15,MAX(0.1,Skills!E13-IF(Skills!F13=TRUE,Inputs!$B$31,0))))+1),0) -> 0 | V45: =IFERROR(1/IF(Inputs!$B$4="pvp",15,MAX(0.1,Skills!E13-IF(Skills!F13=TRUE,Inputs!$B$31,0))),0) -> 0.03030303
A46: =Skills!A14 -> METEOR_PROC | B46: =Skills!B14 -> Meteor Proc (30% on-hit, 1s ICD) | C46: =Inputs!$B$3>=113 -> TRUE | D46: =IF(Skills!C14=1,60+Inputs!$B$24+Inputs!$B$28,IF(Skills!C14=2,90+Inputs!$B$25+Inputs!$B$28,IF(Skills!C14=3,120+Inputs!$B$26+Inputs!$B$28,MAX(0,(Inputs!$B$3-100)*3)+Inputs!$B$27+Inputs!$B$28))) -> 172 | E46: =INDEX(FactorTable!$B$2:$Y$301, MATCH(ROUND(MIN(300,MAX(1,D46)),0), FactorTable!$A$2:$A$301,0), Skills!M14+1) -> 1688 | F46: =IF(Skills!N14=TRUE,(Skills!L14/10)*(E46/1000),Skills!L14/10)+Skills!O14 -> 1603.6 | G46: =Calc!G14 -> 0 | H46: =Calc!H14 -> 0.3 | I46: =IF(Skills!X14<>"",1+(Skills!X14/10)*(R35/1000)/100,1) -> 1 | J46: =((Inputs!$B$5*(1+Inputs!$B$6/100))+(((Inputs!$B$11+1)*(1+Inputs!$B$12/100))-(Inputs!$B$11*(1+Inputs!$B$12/100)))*(1+Inputs!$B$6/100))*(F46/100) -> 4.0063049e+09 | K46: =J46*(1+(((Inputs!$B$11+1)*(1+Inputs!$B$12/100))*0.01+Inputs!$B$13*0.0025)/100)*(1+Inputs!$B$14/100)*(1+IF(Inputs!$B$4="pvp",0,(1-Summary!$B$56)*(Inputs!$B$19+Skills!P14)+Summary!$B$56*(Inputs!$B$20+Skills!Q14))/100)*(1+Inputs!$B$15/100)*(5000/(6000+Inputs!$B$7*(1-Inputs!$B$18/100)))*(1+Inputs!$B$23/100)*(1+F55/100)*(1+IF(Inputs!$B$3>=120,F58,0)/100)^5*(1+(IF(Skills!A14="BASIC_ATTACK",Inputs!$B$16,Inputs!$B$17+IF(Inputs!$B$3>=125,F59*5,0)))/100)*(B62*B63*B64*I46) -> 3.0480153e+13 | L46: =K46*(MIN(Inputs!$B$21+(F54-Calc!F22),Inputs!$B$22)/100+Inputs!$B$22/100)/2 -> 8.2281174e+13 | M46: =L46*(1+(Inputs!$B$9+(F53-Calc!F21))/100) -> 3.448404e+14 | N46: =L46*(1-MIN(Inputs!$B$8+(F52-Calc!F20),100)/100)+M46*(MIN(Inputs!$B$8+(F52-Calc!F20),100)/100) -> 3.448404e+14 | O46: =IF(C46,(H46*B69)/(1+Skills!H14*H46*B69)*N46*IF(Inputs!$B$4="pvp",1,(1-Summary!$B$56)*(1)+Summary!$B$56*(MIN(Skills!R14,Inputs!$B$37))),0) -> 1.084739e+14 | P46: =IF(B71=0,0,O46/B71) -> 0.013006852 | S46: 0 | V46: =IFERROR(1/IF(Inputs!$B$4="pvp",15,MAX(0.1,Skills!E14-IF(Skills!F14=TRUE,Inputs!$B$31,0))),0) -> 10
A47: =Skills!A15 -> FLAME_HAZE_BURST | B47: =Skills!B15 -> Flame Haze (burst) | C47: =Inputs!$B$3>=107 -> TRUE | D47: =IF(Skills!C15=1,60+Inputs!$B$24+Inputs!$B$28,IF(Skills!C15=2,90+Inputs!$B$25+Inputs!$B$28,IF(Skills!C15=3,120+Inputs!$B$26+Inputs!$B$28,MAX(0,(Inputs!$B$3-100)*3)+Inputs!$B$27+Inputs!$B$28))) -> 172 | E47: =INDEX(FactorTable!$B$2:$Y$301, MATCH(ROUND(MIN(300,MAX(1,D47)),0), FactorTable!$A$2:$A$301,0), Skills!M15+1) -> 1860 | F47: =IF(Skills!N15=TRUE,(Skills!L15/10)*(E47/1000),Skills!L15/10)+Skills!O15 -> 2232 | G47: =Calc!G15 -> 3 | H47: =Calc!H15 -> 1 | I47: =IF(Skills!X15<>"",1+(Skills!X15/10)*(R35/1000)/100,1) -> 1 | J47: =((Inputs!$B$5*(1+Inputs!$B$6/100))+(((Inputs!$B$11+1)*(1+Inputs!$B$12/100))-(Inputs!$B$11*(1+Inputs!$B$12/100)))*(1+Inputs!$B$6/100))*(F47/100) -> 5.5762488e+09 | K47: =J47*(1+(((Inputs!$B$11+1)*(1+Inputs!$B$12/100))*0.01+Inputs!$B$13*0.0025)/100)*(1+Inputs!$B$14/100)*(1+IF(Inputs!$B$4="pvp",0,(1-Summary!$B$56)*(Inputs!$B$19+Skills!P15)+Summary!$B$56*(Inputs!$B$20+Skills!Q15))/100)*(1+Inputs!$B$15/100)*(5000/(6000+Inputs!$B$7*(1-Inputs!$B$18/100)))*(1+Inputs!$B$23/100)*(1+F55/100)*(1+IF(Inputs!$B$3>=120,F58,0)/100)^5*(1+(IF(Skills!A15="BASIC_ATTACK",Inputs!$B$16,Inputs!$B$17+IF(Inputs!$B$3>=125,F59*5,0)))/100)*(B62*B63*B64*I47) -> 4.2424359e+13 | L47: =K47*(MIN(Inputs!$B$21+(F54-Calc!F22),Inputs!$B$22)/100+Inputs!$B$22/100)/2 -> 1.1452456e+14 | M47: =L47*(1+(Inputs!$B$9+(F53-Calc!F21))/100) -> 4.7997242e+14 | N47: =L47*(1-MIN(Inputs!$B$8+(F52-Calc!F20),100)/100)+M47*(MIN(Inputs!$B$8+(F52-Calc!F20),100)/100) -> 4.7997242e+14 | O47: =IF(C47,H47*N47*IF(AND(Inputs!$B$4<>"pvp",Inputs!$B$35>0),((Skills!G15*((S47-1)*IF(Skills!H15>0,Skills!I15/Skills!H15,1)+IF(Skills!H15>0,MIN(Skills!I15,MAX(0,Inputs!$B$35-((S47-1)*IF(Inputs!$B$4="pvp",15,MAX(0.1,Skills!E15-IF(Skills!F15=TRUE,Inputs!$B$31,0))))))/Skills!H15,1)))/Inputs!$B$35),G47*V47)*IF(Inputs!$B$4="pvp",1,(1-Summary!$B$56)*(1)+Summary!$B$56*(MIN(Skills!R15,Inputs!$B$37))),0) -> 368618818131368 | P47: =IF(B71=0,0,O47/B71) -> 0.044200219 | S47: =IF(AND(Inputs!$B$4<>"pvp",Inputs!$B$35>0),(INT(Inputs!$B$35/IF(Inputs!$B$4="pvp",15,MAX(0.1,Skills!E15-IF(Skills!F15=TRUE,Inputs!$B$31,0))))+1),0) -> 0 | V47: =IFERROR(1/IF(Inputs!$B$4="pvp",15,MAX(0.1,Skills!E15-IF(Skills!F15=TRUE,Inputs!$B$31,0))),0) -> 0.04
A48: =Skills!A16 -> FLAME_HAZE_DOT | B48: =Skills!B16 -> Flame Haze (burn DoT) | C48: =Inputs!$B$3>=107 -> TRUE | D48: =IF(Skills!C16=1,60+Inputs!$B$24+Inputs!$B$28,IF(Skills!C16=2,90+Inputs!$B$25+Inputs!$B$28,IF(Skills!C16=3,120+Inputs!$B$26+Inputs!$B$28,MAX(0,(Inputs!$B$3-100)*3)+Inputs!$B$27+Inputs!$B$28))) -> 172 | E48: =INDEX(FactorTable!$B$2:$Y$301, MATCH(ROUND(MIN(300,MAX(1,D48)),0), FactorTable!$A$2:$A$301,0), Skills!M16+1) -> 1860 | F48: =IF(Skills!N16=TRUE,(Skills!L16/10)*(E48/1000),Skills!L16/10)+Skills!O16 -> 279 | G48: =Calc!G16 -> 28 | H48: =Calc!H16 -> 1 | I48: =IF(Skills!X16<>"",1+(Skills!X16/10)*(R35/1000)/100,1) -> 1 | J48: =((Inputs!$B$5*(1+Inputs!$B$6/100))+(((Inputs!$B$11+1)*(1+Inputs!$B$12/100))-(Inputs!$B$11*(1+Inputs!$B$12/100)))*(1+Inputs!$B$6/100))*(F48/100) -> 6.970311e+08 | K48: =J48*(1+(((Inputs!$B$11+1)*(1+Inputs!$B$12/100))*0.01+Inputs!$B$13*0.0025)/100)*(1+Inputs!$B$14/100)*(1+IF(Inputs!$B$4="pvp",0,(1-Summary!$B$56)*(Inputs!$B$19+Skills!P16)+Summary!$B$56*(Inputs!$B$20+Skills!Q16))/100)*(1+Inputs!$B$15/100)*(5000/(6000+Inputs!$B$7*(1-Inputs!$B$18/100)))*(1+Inputs!$B$23/100)*(1+F55/100)*(1+IF(Inputs!$B$3>=120,F58,0)/100)^5*(1+(IF(Skills!A16="BASIC_ATTACK",Inputs!$B$16,Inputs!$B$17+IF(Inputs!$B$3>=125,F59*5,0)))/100)*(B62*B63*B64*I48) -> 5.3030449e+12 | L48: =K48*(MIN(Inputs!$B$21+(F54-Calc!F22),Inputs!$B$22)/100+Inputs!$B$22/100)/2 -> 1.431557e+13 | M48: =L48*(1+(Inputs!$B$9+(F53-Calc!F21))/100) -> 5.9996552e+13 | N48: =L48*(1-MIN(Inputs!$B$8+(F52-Calc!F20),100)/100)+M48*(MIN(Inputs!$B$8+(F52-Calc!F20),100)/100) -> 5.9996552e+13 | O48: =IF(C48,H48*N48*IF(AND(Inputs!$B$4<>"pvp",Inputs!$B$35>0),((Skills!G16*((S48-1)*IF(Skills!H16>0,Skills!I16/Skills!H16,1)+IF(Skills!H16>0,MIN(Skills!I16,MAX(0,Inputs!$B$35-((S48-1)*IF(Inputs!$B$4="pvp",15,MAX(0.1,Skills!E16-IF(Skills!F16=TRUE,Inputs!$B$31,0))))))/Skills!H16,1)))/Inputs!$B$35),G48*V48)*(1+IF(Inputs!$B$3>=126,0.05*(B68+V45+(H46*B69)/(1+Skills!H14*H46*B69)+V56),0)*Skills!E15)*IF(Inputs!$B$4="pvp",1,(1-Summary!$B$56)*(1)+Summary!$B$56*(MIN(Skills!R16,Inputs!$B$37))),0) -> 4.3005529e+14 | P48: =IF(B71=0,0,O48/B71) -> 0.051566923 | S48: =IF(AND(Inputs!$B$4<>"pvp",Inputs!$B$35>0),(INT(Inputs!$B$35/IF(Inputs!$B$4="pvp",15,MAX(0.1,Skills!E16-IF(Skills!F16=TRUE,Inputs!$B$31,0))))+1),0) -> 0 | V48: =IFERROR(1/IF(Inputs!$B$4="pvp",15,MAX(0.1,Skills!E16-IF(Skills!F16=TRUE,Inputs!$B$31,0))),0) -> 0.04
A49: =Skills!A17 -> MAGIC_GUARD | B49: =Skills!B17 -> Magic Guard | C49: =TRUE -> TRUE | D49: =IF(Skills!C17=1,60+Inputs!$B$24+Inputs!$B$28,IF(Skills!C17=2,90+Inputs!$B$25+Inputs!$B$28,IF(Skills!C17=3,120+Inputs!$B$26+Inputs!$B$28,MAX(0,(Inputs!$B$3-100)*3)+Inputs!$B$27+Inputs!$B$28))) -> 115 | E49: =INDEX(FactorTable!$B$2:$Y$301, MATCH(ROUND(MIN(300,MAX(1,D49)),0), FactorTable!$A$2:$A$301,0), Skills!M17+1) -> 1460 | F49: =IF(Skills!N17=TRUE,(Skills!L17/10)*(E49/1000),Skills!L17/10)+Skills!O17 -> 17.52 | G49: =Calc!G17 -> 1 | H49: =Calc!H17 -> 1 | I49: =IF(Skills!X17<>"",1+(Skills!X17/10)*(R35/1000)/100,1) -> 1 | O49: 0 | P49: =IF(B71=0,0,O49/B71) -> 0 | S49: =IF(AND(Inputs!$B$4<>"pvp",Inputs!$B$35>0),(INT(Inputs!$B$35/IF(Inputs!$B$4="pvp",15,MAX(0.1,Skills!E17-IF(Skills!F17=TRUE,Inputs!$B$31,0))))+1),0) -> 0 | V49: =IFERROR(1/IF(Inputs!$B$4="pvp",15,MAX(0.1,Skills!E17-IF(Skills!F17=TRUE,Inputs!$B$31,0))),0) -> 0.047619048
A50: =Skills!A18 -> NIMBLE_FEET | B50: =Skills!B18 -> Nimble Feet | C50: =TRUE -> TRUE | D50: =IF(Skills!C18=1,60+Inputs!$B$24+Inputs!$B$28,IF(Skills!C18=2,90+Inputs!$B$25+Inputs!$B$28,IF(Skills!C18=3,120+Inputs!$B$26+Inputs!$B$28,MAX(0,(Inputs!$B$3-100)*3)+Inputs!$B$27+Inputs!$B$28))) -> 115 | E50: =INDEX(FactorTable!$B$2:$Y$301, MATCH(ROUND(MIN(300,MAX(1,D50)),0), FactorTable!$A$2:$A$301,0), Skills!M18+1) -> 0 | F50: =IF(Skills!N18=TRUE,(Skills!L18/10)*(E50/1000),Skills!L18/10)+Skills!O18 -> 15 | G50: =Calc!G18 -> 1 | H50: =Calc!H18 -> 1 | I50: =IF(Skills!X18<>"",1+(Skills!X18/10)*(R35/1000)/100,1) -> 1 | O50: 0 | P50: =IF(B71=0,0,O50/B71) -> 0 | S50: =IF(AND(Inputs!$B$4<>"pvp",Inputs!$B$35>0),(INT(Inputs!$B$35/IF(Inputs!$B$4="pvp",15,MAX(0.1,Skills!E18-IF(Skills!F18=TRUE,Inputs!$B$31,0))))+1),0) -> 0 | V50: =IFERROR(1/IF(Inputs!$B$4="pvp",15,MAX(0.1,Skills!E18-IF(Skills!F18=TRUE,Inputs!$B$31,0))),0) -> 0.016666667
A51: =Skills!A19 -> INFINITY | B51: =Skills!B19 -> Infinity | C51: =Inputs!$B$3>=110 -> TRUE | D51: =IF(Skills!C19=1,60+Inputs!$B$24+Inputs!$B$28,IF(Skills!C19=2,90+Inputs!$B$25+Inputs!$B$28,IF(Skills!C19=3,120+Inputs!$B$26+Inputs!$B$28,MAX(0,(Inputs!$B$3-100)*3)+Inputs!$B$27+Inputs!$B$28))) -> 172 | E51: =INDEX(FactorTable!$B$2:$Y$301, MATCH(ROUND(MIN(300,MAX(1,D51)),0), FactorTable!$A$2:$A$301,0), Skills!M19+1) -> 1688 | F51: =IF(Skills!N19=TRUE,(Skills!L19/10)*(E51/1000),Skills!L19/10)+Skills!O19 -> 36.573896 | G51: =Calc!G19 -> 1 | H51: =Calc!H19 -> 1 | I51: =IF(Skills!X19<>"",1+(Skills!X19/10)*(R35/1000)/100,1) -> 1 | O51: 0 | P51: =IF(B71=0,0,O51/B71) -> 0 | S51: =IF(AND(Inputs!$B$4<>"pvp",Inputs!$B$35>0),(INT(Inputs!$B$35/IF(Inputs!$B$4="pvp",15,MAX(0.1,Skills!E19-IF(Skills!F19=TRUE,Inputs!$B$31,0))))+1),0) -> 0 | V51: =IFERROR(1/IF(Inputs!$B$4="pvp",15,MAX(0.1,Skills!E19-IF(Skills!F19=TRUE,Inputs!$B$31,0))),0) -> 0.033333333
A52: =Skills!A20 -> MAGIC_CRITICAL_RATE | B52: =Skills!B20 -> Magic Critical (Crit Rate) | C52: =TRUE -> TRUE | D52: =IF(Skills!C20=1,60+Inputs!$B$24+Inputs!$B$28,IF(Skills!C20=2,90+Inputs!$B$25+Inputs!$B$28,IF(Skills!C20=3,120+Inputs!$B$26+Inputs!$B$28,MAX(0,(Inputs!$B$3-100)*3)+Inputs!$B$27+Inputs!$B$28))) -> 184 | E52: =INDEX(FactorTable!$B$2:$Y$301, MATCH(ROUND(MIN(300,MAX(1,D52)),0), FactorTable!$A$2:$A$301,0), Skills!M20+1) -> 1552 | F52: =IF(Skills!N20=TRUE,(Skills!L20/10)*(E52/1000),Skills!L20/10)+Skills!O20 -> 12.416 | G52: =Calc!G20 -> 1 | H52: =Calc!H20 -> 1 | I52: =IF(Skills!X20<>"",1+(Skills!X20/10)*(R35/1000)/100,1) -> 1 | O52: 0 | P52: =IF(B71=0,0,O52/B71) -> 0 | S52: 0 | V52: =IFERROR(1/IF(Inputs!$B$4="pvp",15,MAX(0.1,Skills!E20-IF(Skills!F20=TRUE,Inputs!$B$31,0))),0) -> 10
A53: =Skills!A21 -> MAGIC_CRITICAL_DAMAGE | B53: =Skills!B21 -> Magic Critical (Crit Damage) | C53: =TRUE -> TRUE | D53: =IF(Skills!C21=1,60+Inputs!$B$24+Inputs!$B$28,IF(Skills!C21=2,90+Inputs!$B$25+Inputs!$B$28,IF(Skills!C21=3,120+Inputs!$B$26+Inputs!$B$28,MAX(0,(Inputs!$B$3-100)*3)+Inputs!$B$27+Inputs!$B$28))) -> 184 | E53: =INDEX(FactorTable!$B$2:$Y$301, MATCH(ROUND(MIN(300,MAX(1,D53)),0), FactorTable!$A$2:$A$301,0), Skills!M21+1) -> 1552 | F53: =IF(Skills!N21=TRUE,(Skills!L21/10)*(E53/1000),Skills!L21/10)+Skills!O21 -> 18.624 | G53: =Calc!G21 -> 1 | H53: =Calc!H21 -> 1 | I53: =IF(Skills!X21<>"",1+(Skills!X21/10)*(R35/1000)/100,1) -> 1 | O53: 0 | P53: =IF(B71=0,0,O53/B71) -> 0 | S53: 0 | V53: =IFERROR(1/IF(Inputs!$B$4="pvp",15,MAX(0.1,Skills!E21-IF(Skills!F21=TRUE,Inputs!$B$31,0))),0) -> 10
A54: =Skills!A22 -> SPELL_MASTERY | B54: =Skills!B22 -> Spell Mastery | C54: =TRUE -> TRUE | D54: =IF(Skills!C22=1,60+Inputs!$B$24+Inputs!$B$28,IF(Skills!C22=2,90+Inputs!$B$25+Inputs!$B$28,IF(Skills!C22=3,120+Inputs!$B$26+Inputs!$B$28,MAX(0,(Inputs!$B$3-100)*3)+Inputs!$B$27+Inputs!$B$28))) -> 164 | E54: =INDEX(FactorTable!$B$2:$Y$301, MATCH(ROUND(MIN(300,MAX(1,D54)),0), FactorTable!$A$2:$A$301,0), Skills!M22+1) -> 1492 | F54: =IF(Skills!N22=TRUE,(Skills!L22/10)*(E54/1000),Skills!L22/10)+Skills!O22 -> 22.38 | G54: =Calc!G22 -> 1 | H54: =Calc!H22 -> 1 | I54: =IF(Skills!X22<>"",1+(Skills!X22/10)*(R35/1000)/100,1) -> 1 | O54: 0 | P54: =IF(B71=0,0,O54/B71) -> 0 | S54: 0 | V54: =IFERROR(1/IF(Inputs!$B$4="pvp",15,MAX(0.1,Skills!E22-IF(Skills!F22=TRUE,Inputs!$B$31,0))),0) -> 10
A55: =Skills!A23 -> ELEMENT_AMPLIFICATION | B55: =Skills!B23 -> Element Amplification | C55: =TRUE -> TRUE | D55: =IF(Skills!C23=1,60+Inputs!$B$24+Inputs!$B$28,IF(Skills!C23=2,90+Inputs!$B$25+Inputs!$B$28,IF(Skills!C23=3,120+Inputs!$B$26+Inputs!$B$28,MAX(0,(Inputs!$B$3-100)*3)+Inputs!$B$27+Inputs!$B$28))) -> 172 | E55: =INDEX(FactorTable!$B$2:$Y$301, MATCH(ROUND(MIN(300,MAX(1,D55)),0), FactorTable!$A$2:$A$301,0), Skills!M23+1) -> 1516 | F55: =IF(Skills!N23=TRUE,(Skills!L23/10)*(E55/1000),Skills!L23/10)+Skills!O23 -> 22.74 | G55: =Calc!G23 -> 1 | H55: =Calc!H23 -> 1 | I55: =IF(Skills!X23<>"",1+(Skills!X23/10)*(R35/1000)/100,1) -> 1 | O55: 0 | P55: =IF(B71=0,0,O55/B71) -> 0 | S55: 0 | V55: =IFERROR(1/IF(Inputs!$B$4="pvp",15,MAX(0.1,Skills!E23-IF(Skills!F23=TRUE,Inputs!$B$31,0))),0) -> 10
A56: =Skills!A24 -> IFRIT | B56: =Skills!B24 -> Ifrit | C56: =Inputs!$B$3>=115 -> FALSE | D56: =IF(Skills!C24=1,60+Inputs!$B$24+Inputs!$B$28,IF(Skills!C24=2,90+Inputs!$B$25+Inputs!$B$28,IF(Skills!C24=3,120+Inputs!$B$26+Inputs!$B$28,MAX(0,(Inputs!$B$3-100)*3)+Inputs!$B$27+Inputs!$B$28))) -> 172 | E56: =INDEX(FactorTable!$B$2:$Y$301, MATCH(ROUND(MIN(300,MAX(1,D56)),0), FactorTable!$A$2:$A$301,0), Skills!M24+1) -> 1860 | F56: =IF(Skills!N24=TRUE,(Skills!L24/10)*(E56/1000),Skills!L24/10)+Skills!O24 -> 6510 | G56: =Calc!G24 -> 7.5 | H56: =Calc!H24 -> 1 | I56: =IF(Skills!X24<>"",1+(Skills!X24/10)*(R35/1000)/100,1) -> 1 | J56: =((Inputs!$B$5*(1+Inputs!$B$6/100))+(((Inputs!$B$11+1)*(1+Inputs!$B$12/100))-(Inputs!$B$11*(1+Inputs!$B$12/100)))*(1+Inputs!$B$6/100))*(F56/100) -> 1.6264059e+10 | K56: =J56*(1+(((Inputs!$B$11+1)*(1+Inputs!$B$12/100))*0.01+Inputs!$B$13*0.0025)/100)*(1+Inputs!$B$14/100)*(1+IF(Inputs!$B$4="pvp",0,(1-Summary!$B$56)*(Inputs!$B$19+Skills!P24)+Summary!$B$56*(Inputs!$B$20+Skills!Q24))/100)*(1+Inputs!$B$15/100)*(5000/(6000+Inputs!$B$7*(1-Inputs!$B$18/100)))*(1+Inputs!$B$23/100)*(1+F55/100)*(1+IF(Inputs!$B$3>=120,F58,0)/100)^5*(1+(IF(Skills!A24="BASIC_ATTACK",Inputs!$B$16,Inputs!$B$17+IF(Inputs!$B$3>=125,F59*5,0)))/100)*(B62*B63*B64*I56) -> 1.2373771e+14 | L56: =K56*(MIN(Inputs!$B$21+(F54-Calc!F22),Inputs!$B$22)/100+Inputs!$B$22/100)/2 -> 3.3402996e+14 | M56: =L56*(1+(Inputs!$B$9+(F53-Calc!F21))/100) -> 1.3999196e+15 | N56: =L56*(1-MIN(Inputs!$B$8+(F52-Calc!F20),100)/100)+M56*(MIN(Inputs!$B$8+(F52-Calc!F20),100)/100) -> 1.3999196e+15 | O56: =IF(C56,H56*N56*IF(AND(Inputs!$B$4<>"pvp",Inputs!$B$35>0),((Skills!G24*((S56-1)*IF(Skills!H24>0,Skills!I24/Skills!H24,1)+IF(Skills!H24>0,MIN(Skills!I24,MAX(0,Inputs!$B$35-((S56-1)*IF(Inputs!$B$4="pvp",15,MAX(0.1,Skills!E24-IF(Skills!F24=TRUE,Inputs!$B$31,0))))))/Skills!H24,1)))/Inputs!$B$35),G56*V56)*(1+IF(Inputs!$B$3>=130,0.2*(Skills!I16/Skills!E15+IF(Inputs!$B$3>=126,0.05*(B68+V45+(H46*B69)/(1+Skills!H14*H46*B69)+V56),0)*Skills!I16),0))*IF(Inputs!$B$4="pvp",1,(1-Summary!$B$56)*(1)+Summary!$B$56*(MIN(Skills!R24,Inputs!$B$37))),0) -> 0 | P56: =IF(B71=0,0,O56/B71) -> 0 | S56: =IF(AND(Inputs!$B$4<>"pvp",Inputs!$B$35>0),(INT(Inputs!$B$35/IF(Inputs!$B$4="pvp",15,MAX(0.1,Skills!E24-IF(Skills!F24=TRUE,Inputs!$B$31,0))))+1),0) -> 0 | V56: =IFERROR(1/IF(Inputs!$B$4="pvp",15,MAX(0.1,Skills!E24-IF(Skills!F24=TRUE,Inputs!$B$31,0))),0) -> 0.0125
A57: =Skills!A25 -> BUFF_MASTERY | B57: =Skills!B25 -> Buff Mastery | C57: =Inputs!$B$3>=117 -> FALSE | D57: =IF(Skills!C25=1,60+Inputs!$B$24+Inputs!$B$28,IF(Skills!C25=2,90+Inputs!$B$25+Inputs!$B$28,IF(Skills!C25=3,120+Inputs!$B$26+Inputs!$B$28,MAX(0,(Inputs!$B$3-100)*3)+Inputs!$B$27+Inputs!$B$28))) -> 172 | E57: =INDEX(FactorTable!$B$2:$Y$301, MATCH(ROUND(MIN(300,MAX(1,D57)),0), FactorTable!$A$2:$A$301,0), Skills!M25+1) -> 1516 | F57: =IF(Skills!N25=TRUE,(Skills!L25/10)*(E57/1000),Skills!L25/10)+Skills!O25 -> 15.16 | G57: =Calc!G25 -> 1 | H57: =Calc!H25 -> 1 | I57: =IF(Skills!X25<>"",1+(Skills!X25/10)*(R35/1000)/100,1) -> 1 | O57: 0 | P57: =IF(B71=0,0,O57/B71) -> 0 | S57: 0 | V57: =IFERROR(1/IF(Inputs!$B$4="pvp",15,MAX(0.1,Skills!E25-IF(Skills!F25=TRUE,Inputs!$B$31,0))),0) -> 10
A58: =Skills!A26 -> ARCANE_AIM | B58: =Skills!B26 -> Arcane Aim | C58: =Inputs!$B$3>=120 -> FALSE | D58: =IF(Skills!C26=1,60+Inputs!$B$24+Inputs!$B$28,IF(Skills!C26=2,90+Inputs!$B$25+Inputs!$B$28,IF(Skills!C26=3,120+Inputs!$B$26+Inputs!$B$28,MAX(0,(Inputs!$B$3-100)*3)+Inputs!$B$27+Inputs!$B$28))) -> 172 | E58: =INDEX(FactorTable!$B$2:$Y$301, MATCH(ROUND(MIN(300,MAX(1,D58)),0), FactorTable!$A$2:$A$301,0), Skills!M26+1) -> 1516 | F58: =IF(Skills!N26=TRUE,(Skills!L26/10)*(E58/1000),Skills!L26/10)+Skills!O26 -> 4.548 | G58: =Calc!G26 -> 1 | H58: =Calc!H26 -> 1 | I58: =IF(Skills!X26<>"",1+(Skills!X26/10)*(R35/1000)/100,1) -> 1 | O58: 0 | P58: =IF(B71=0,0,O58/B71) -> 0 | S58: 0 | V58: =IFERROR(1/IF(Inputs!$B$4="pvp",15,MAX(0.1,Skills!E26-IF(Skills!F26=TRUE,Inputs!$B$31,0))),0) -> 10
A59: =Skills!A27 -> FERVENT_DRAIN | B59: =Skills!B27 -> Fervent Drain | C59: =Inputs!$B$3>=125 -> FALSE | D59: =IF(Skills!C27=1,60+Inputs!$B$24+Inputs!$B$28,IF(Skills!C27=2,90+Inputs!$B$25+Inputs!$B$28,IF(Skills!C27=3,120+Inputs!$B$26+Inputs!$B$28,MAX(0,(Inputs!$B$3-100)*3)+Inputs!$B$27+Inputs!$B$28))) -> 172 | E59: =INDEX(FactorTable!$B$2:$Y$301, MATCH(ROUND(MIN(300,MAX(1,D59)),0), FactorTable!$A$2:$A$301,0), Skills!M27+1) -> 1516 | F59: =IF(Skills!N27=TRUE,(Skills!L27/10)*(E59/1000),Skills!L27/10)+Skills!O27 -> 6.064 | G59: =Calc!G27 -> 1 | H59: =Calc!H27 -> 1 | I59: =IF(Skills!X27<>"",1+(Skills!X27/10)*(R35/1000)/100,1) -> 1 | O59: 0 | P59: =IF(B71=0,0,O59/B71) -> 0 | S59: 0 | V59: =IFERROR(1/IF(Inputs!$B$4="pvp",15,MAX(0.1,Skills!E27-IF(Skills!F27=TRUE,Inputs!$B$31,0))),0) -> 10
A60: =Skills!A28 -> FLAME_HAZE_FOG | B60: =Skills!B28 -> Flame Haze (poison fog DoT) | C60: =Inputs!$B$3>=118 -> FALSE | D60: =IF(Skills!C28=1,60+Inputs!$B$24+Inputs!$B$28,IF(Skills!C28=2,90+Inputs!$B$25+Inputs!$B$28,IF(Skills!C28=3,120+Inputs!$B$26+Inputs!$B$28,MAX(0,(Inputs!$B$3-100)*3)+Inputs!$B$27+Inputs!$B$28))) -> 172 | E60: =INDEX(FactorTable!$B$2:$Y$301, MATCH(ROUND(MIN(300,MAX(1,D60)),0), FactorTable!$A$2:$A$301,0), Skills!M28+1) -> 1860 | F60: =IF(Skills!N28=TRUE,(Skills!L28/10)*(E60/1000),Skills!L28/10)+Skills!O28 -> 130.2 | G60: =Calc!G28 -> 50 | H60: =Calc!H28 -> 1 | I60: =IF(Skills!X28<>"",1+(Skills!X28/10)*(R35/1000)/100,1) -> 1 | J60: =((Inputs!$B$5*(1+Inputs!$B$6/100))+(((Inputs!$B$11+1)*(1+Inputs!$B$12/100))-(Inputs!$B$11*(1+Inputs!$B$12/100)))*(1+Inputs!$B$6/100))*(F60/100) -> 3.2528118e+08 | K60: =J60*(1+(((Inputs!$B$11+1)*(1+Inputs!$B$12/100))*0.01+Inputs!$B$13*0.0025)/100)*(1+Inputs!$B$14/100)*(1+IF(Inputs!$B$4="pvp",0,(1-Summary!$B$56)*(Inputs!$B$19+Skills!P28)+Summary!$B$56*(Inputs!$B$20+Skills!Q28))/100)*(1+Inputs!$B$15/100)*(5000/(6000+Inputs!$B$7*(1-Inputs!$B$18/100)))*(1+Inputs!$B$23/100)*(1+F55/100)*(1+IF(Inputs!$B$3>=120,F58,0)/100)^5*(1+(IF(Skills!A28="BASIC_ATTACK",Inputs!$B$16,Inputs!$B$17+IF(Inputs!$B$3>=125,F59*5,0)))/100)*(B62*B63*B64*I60) -> 2.4747543e+12 | L60: =K60*(MIN(Inputs!$B$21+(F54-Calc!F22),Inputs!$B$22)/100+Inputs!$B$22/100)/2 -> 6.6805992e+12 | M60: =L60*(1+(Inputs!$B$9+(F53-Calc!F21))/100) -> 2.7998391e+13 | N60: =L60*(1-MIN(Inputs!$B$8+(F52-Calc!F20),100)/100)+M60*(MIN(Inputs!$B$8+(F52-Calc!F20),100)/100) -> 2.7998391e+13 | O60: =IF(C60,H60*N60*IF(AND(Inputs!$B$4<>"pvp",Inputs!$B$35>0),((Skills!G28*((S60-1)*IF(Skills!H28>0,Skills!I28/Skills!H28,1)+IF(Skills!H28>0,MIN(Skills!I28,MAX(0,Inputs!$B$35-((S60-1)*IF(Inputs!$B$4="pvp",15,MAX(0.1,Skills!E28-IF(Skills!F28=TRUE,Inputs!$B$31,0))))))/Skills!H28,1)))/Inputs!$B$35),G60*V60)*IF(Inputs!$B$4="pvp",1,(1-Summary!$B$56)*(1)+Summary!$B$56*(MIN(Skills!R28,Inputs!$B$37))),0) -> 0 | P60: =IF(B71=0,0,O60/B71) -> 0 | S60: =IF(AND(Inputs!$B$4<>"pvp",Inputs!$B$35>0),(INT(Inputs!$B$35/IF(Inputs!$B$4="pvp",15,MAX(0.1,Skills!E28-IF(Skills!F28=TRUE,Inputs!$B$31,0))))+1),0) -> 0 | V60: =IFERROR(1/IF(Inputs!$B$4="pvp",15,MAX(0.1,Skills!E28-IF(Skills!F28=TRUE,Inputs!$B$31,0))),0) -> 0.04
A62: Burning Magic Multiplier | B62: =1+(F43*Skills!Z11)/100 -> 1.25
A63: Elemental Decrease Multiplier (always-on) | B63: =1+F44/100 -> 1.18624
A64: Average Buff Multiplier (Magic Guard + Meditation, summed; then Infinity) | B64: =(1+(F38*IF(AND(Inputs!$B$4<>"pvp",Inputs!$B$35>0),(((S38-1)*(Skills!T6*(1+(Inputs!$B$33+IF(Inputs!$B$3>=117,F57,0))/100))+MIN((Skills!T6*(1+(Inputs!$B$33+IF(Inputs!$B$3>=117,F57,0))/100)),MAX(0,Inputs!$B$35-((S38-1)*Skills!E6))))/Inputs!$B$35),IF(Inputs!$B$4="pvp",MIN((Skills!T6*(1+(Inputs!$B$33+IF(Inputs!$B$3>=117,F57,0))/100)),15)/15,(Skills!T6*(1+(Inputs!$B$33+IF(Inputs!$B$3>=117,F57,0))/100))/Skills!E6))+F49*IF(AND(Inputs!$B$4<>"pvp",Inputs!$B$35>0),(((S49-1)*(Skills!T17*(1+(Inputs!$B$33+IF(Inputs!$B$3>=117,F57,0))/100))+MIN((Skills!T17*(1+(Inputs!$B$33+IF(Inputs!$B$3>=117,F57,0))/100)),MAX(0,Inputs!$B$35-((S49-1)*Skills!E17))))/Inputs!$B$35),IF(Inputs!$B$4="pvp",MIN((Skills!T17*(1+(Inputs!$B$33+IF(Inputs!$B$3>=117,F57,0))/100)),15)/15,(Skills!T17*(1+(Inputs!$B$33+IF(Inputs!$B$3>=117,F57,0))/100))/Skills!E17)))/100)*IF(C51=TRUE,(1+F51*IF(AND(Inputs!$B$4<>"pvp",Inputs!$B$35>0),(((S51-1)*(Skills!T19*(1+(Inputs!$B$33+IF(Inputs!$B$3>=117,F57,0))/100))+MIN((Skills!T19*(1+(Inputs!$B$33+IF(Inputs!$B$3>=117,F57,0))/100)),MAX(0,Inputs!$B$35-((S51-1)*Skills!E19))))/Inputs!$B$35),IF(Inputs!$B$4="pvp",MIN((Skills!T19*(1+(Inputs!$B$33+IF(Inputs!$B$3>=117,F57,0))/100)),15)/15,(Skills!T19*(1+(Inputs!$B$33+IF(Inputs!$B$3>=117,F57,0))/100))/Skills!E19))/100),1) -> 1.5603265
A65: Attack Speed Buff Bonus % (Nimble Feet, averaged) | B65: =F50*IF(AND(Inputs!$B$4<>"pvp",Inputs!$B$35>0),(((S50-1)*(Skills!T18*(1+(Inputs!$B$33+IF(Inputs!$B$3>=117,F57,0))/100))+MIN((Skills!T18*(1+(Inputs!$B$33+IF(Inputs!$B$3>=117,F57,0))/100)),MAX(0,Inputs!$B$35-((S50-1)*Skills!E18))))/Inputs!$B$35),IF(Inputs!$B$4="pvp",MIN((Skills!T18*(1+(Inputs!$B$33+IF(Inputs!$B$3>=117,F57,0))/100)),15)/15,(Skills!T18*(1+(Inputs!$B$33+IF(Inputs!$B$3>=117,F57,0))/100))/Skills!E18)) -> 3.75
A66: Actions Per Second | B66: =1+MIN(150,150*(1-(1-Inputs!$B$10/150)*(1-B65/150)))/100 -> 1.637125
A67: Skill + Buff Cast Rate | B67: =IF(AND(Inputs!$B$4<>"pvp",Inputs!$B$35>0),SUMPRODUCT((Skills!F2:F28=TRUE)*(C34:C60=TRUE)*S34:S60)/Inputs!$B$35,SUMPRODUCT((Skills!F2:F28=TRUE)*(C34:C60=TRUE)*V34:V60)) -> 0.33466433
A68: Basic Attacks Per Second | B68: =MAX(0,B66-B67) -> 1.3024607
A69: Meteor Proc — combined trigger cast rate | B69: =IF(AND(Inputs!$B$4<>"pvp",Inputs!$B$35>0),SUMPRODUCT((Skills!V2:V28=TRUE)*(C34:C60=TRUE)*S34:S60*Skills!W2:W28)/Inputs!$B$35,SUMPRODUCT((Skills!V2:V28=TRUE)*(C34:C60=TRUE)*V34:V60*Skills!W2:W28))+B68 -> 1.5297416
A71: TOTAL DPS | B71: =SUM(O34:O60) -> 8.3397509e+15
A74: Stat: INT %
A75: Key | B75: Name | C75: Unlocked | D75: InputLevel | E75: Factor | F75: CoefficientPercent | G75: EffectiveHits | H75: ProcProbability | I75: MapleHeroMultiplier | J75: BaseDamage | K75: BaseHitDamage | L75: NonCritAvg | M75: CritAvg | N75: ExpectedDamage(perHit) | O75: DPS | P75: % of Total | R75: helpers
A76: =Skills!A2 -> BASIC_ATTACK | B76: =Skills!B2 -> Basic Attack | C76: =TRUE -> TRUE | F76: =T78+Skills!O2 -> 510.52 | G76: =Calc!G2 -> 5 | H76: =Calc!H2 -> 1 | I76: =IF(Skills!X2<>"",1+(Skills!X2/10)*(R77/1000)/100,1) -> 1 | J76: =((Inputs!$B$5*(1+Inputs!$B$6/100))+((Inputs!$B$11*(1+(Inputs!$B$12+1)/100))-(Inputs!$B$11*(1+Inputs!$B$12/100)))*(1+Inputs!$B$6/100))*(F76/100) -> 1.2762577e+09 | K76: =J76*(1+((Inputs!$B$11*(1+(Inputs!$B$12+1)/100))*0.01+Inputs!$B$13*0.0025)/100)*(1+Inputs!$B$14/100)*(1+IF(Inputs!$B$4="pvp",0,(1-Summary!$B$56)*(Inputs!$B$19+Skills!P2)+Summary!$B$56*(Inputs!$B$20+Skills!Q2))/100)*(1+Inputs!$B$15/100)*(5000/(6000+Inputs!$B$7*(1-Inputs!$B$18/100)))*(1+Inputs!$B$23/100)*(1+F97/100)*(1+IF(Inputs!$B$3>=120,F100,0)/100)^5*(1+(IF(Skills!A2="BASIC_ATTACK",Inputs!$B$16,Inputs!$B$17+IF(Inputs!$B$3>=125,F101*5,0)))/100)*(B104*B105*B106*I76) -> 6.9855061e+12 | L76: =K76*(MIN(Inputs!$B$21+(F96-Calc!F22),Inputs!$B$22)/100+Inputs!$B$22/100)/2 -> 1.8857374e+13 | M76: =L76*(1+(Inputs!$B$9+(F95-Calc!F21))/100) -> 7.9031254e+13 | N76: =L76*(1-MIN(Inputs!$B$8+(F94-Calc!F20),100)/100)+M76*(MIN(Inputs!$B$8+(F94-Calc!F20),100)/100) -> 7.9031254e+13 | O76: =Skills!G2*N76*B110*IF(Inputs!$B$4="pvp",1,(1-Summary!$B$56)*(1)+Summary!$B$56*(MIN((6+Inputs!$B$32+IF(Inputs!$B$3>=136,1,0)),Inputs!$B$37))) -> 3.9115338e+15 | P76: =IF(B113=0,0,O76/B113) -> 0.46738363 | R76: =MAX(0,(Inputs!$B$3-100)*3)+Inputs!$B$27+Inputs!$B$28 -> 172 | S76: 0 | T76: =MAX(0,(Inputs!$B$3-100)*3)+Inputs!$B$27+Inputs!$B$28 -> 172 | V76: =IFERROR(1/IF(Inputs!$B$4="pvp",15,MAX(0.1,Skills!E2-IF(Skills!F2=TRUE,Inputs!$B$31,0))),0) -> 10
A77: =Skills!A3 -> IGNITE | B77: =Skills!B3 -> Ignite | C77: =TRUE -> TRUE | D77: =IF(Skills!C3=1,60+Inputs!$B$24+Inputs!$B$28,IF(Skills!C3=2,90+Inputs!$B$25+Inputs!$B$28,IF(Skills!C3=3,120+Inputs!$B$26+Inputs!$B$28,MAX(0,(Inputs!$B$3-100)*3)+Inputs!$B$27+Inputs!$B$28))) -> 164 | E77: =INDEX(FactorTable!$B$2:$Y$301, MATCH(ROUND(MIN(300,MAX(1,D77)),0), FactorTable!$A$2:$A$301,0), Skills!M3+1) -> 1656 | F77: =IF(Skills!N3=TRUE,(Skills!L3/10)*(E77/1000),Skills!L3/10)+Skills!O3 -> 121.528 | G77: =Calc!G3 -> 3 | H77: =Calc!H3 -> 1 | I77: =IF(Skills!X3<>"",1+(Skills!X3/10)*(R77/1000)/100,1) -> 4.76 | J77: =((Inputs!$B$5*(1+Inputs!$B$6/100))+((Inputs!$B$11*(1+(Inputs!$B$12+1)/100))-(Inputs!$B$11*(1+Inputs!$B$12/100)))*(1+Inputs!$B$6/100))*(F77/100) -> 3.0380992e+08 | K77: =J77*(1+((Inputs!$B$11*(1+(Inputs!$B$12+1)/100))*0.01+Inputs!$B$13*0.0025)/100)*(1+Inputs!$B$14/100)*(1+IF(Inputs!$B$4="pvp",0,(1-Summary!$B$56)*(Inputs!$B$19+Skills!P3)+Summary!$B$56*(Inputs!$B$20+Skills!Q3))/100)*(1+Inputs!$B$15/100)*(5000/(6000+Inputs!$B$7*(1-Inputs!$B$18/100)))*(1+Inputs!$B$23/100)*(1+F97/100)*(1+IF(Inputs!$B$3>=120,F100,0)/100)^5*(1+(IF(Skills!A3="BASIC_ATTACK",Inputs!$B$16,Inputs!$B$17+IF(Inputs!$B$3>=125,F101*5,0)))/100)*(B104*B105*B106*I77) -> 1.1033795e+13 | L77: =K77*(MIN(Inputs!$B$21+(F96-Calc!F22),Inputs!$B$22)/100+Inputs!$B$22/100)/2 -> 2.978573e+13 | M77: =L77*(1+(Inputs!$B$9+(F95-Calc!F21))/100) -> 1.2483199e+14 | N77: =L77*(1-MIN(Inputs!$B$8+(F94-Calc!F20),100)/100)+M77*(MIN(Inputs!$B$8+(F94-Calc!F20),100)/100) -> 1.2483199e+14 | O77: =IF(C77,H77*N77*IF(AND(Inputs!$B$4<>"pvp",Inputs!$B$35>0),((Skills!G3*((S77-1)*IF(Skills!H3>0,Skills!I3/Skills!H3,1)+IF(Skills!H3>0,MIN(Skills!I3,MAX(0,Inputs!$B$35-((S77-1)*IF(Inputs!$B$4="pvp",15,MAX(0.1,Skills!E3-IF(Skills!F3=TRUE,Inputs!$B$31,0))))))/Skills!H3,1)))/Inputs!$B$35),G77*V77)*IF(Inputs!$B$4="pvp",1,(1-Summary!$B$56)*(1)+Summary!$B$56*(MIN(Skills!R3,Inputs!$B$37))),0) -> 8.2389116e+14 | P77: =IF(B113=0,0,O77/B113) -> 0.098445587 | R77: =INDEX(FactorTable!$B$2:$Y$301, MATCH(ROUND(MIN(300,MAX(1,R76)),0), FactorTable!$A$2:$A$301,0), 24) -> 7520 | S77: =IF(AND(Inputs!$B$4<>"pvp",Inputs!$B$35>0),(INT(Inputs!$B$35/IF(Inputs!$B$4="pvp",15,MAX(0.1,Skills!E3-IF(Skills!F3=TRUE,Inputs!$B$31,0))))+1),0) -> 0 | T77: =INDEX(FactorTable!$B$2:$Y$301, MATCH(ROUND(MIN(300,MAX(1,T76)),0), FactorTable!$A$2:$A$301,0), 22) -> 1688 | V77: =IFERROR(1/IF(Inputs!$B$4="pvp",15,MAX(0.1,Skills!E3-IF(Skills!F3=TRUE,Inputs!$B$31,0))),0) -> 1
A78: =Skills!A4 -> POISON_BREATH | B78: =Skills!B4 -> Poison Breath | C78: =TRUE -> TRUE | D78: =IF(Skills!C4=1,60+Inputs!$B$24+Inputs!$B$28,IF(Skills!C4=2,90+Inputs!$B$25+Inputs!$B$28,IF(Skills!C4=3,120+Inputs!$B$26+Inputs!$B$28,MAX(0,(Inputs!$B$3-100)*3)+Inputs!$B$27+Inputs!$B$28))) -> 164 | E78: =INDEX(FactorTable!$B$2:$Y$301, MATCH(ROUND(MIN(300,MAX(1,D78)),0), FactorTable!$A$2:$A$301,0), Skills!M4+1) -> 1820 | F78: =IF(Skills!N4=TRUE,(Skills!L4/10)*(E78/1000),Skills!L4/10)+Skills!O4 -> 434 | G78: =Calc!G4 -> 3 | H78: =Calc!H4 -> 1 | I78: =IF(Skills!X4<>"",1+(Skills!X4/10)*(R77/1000)/100,1) -> 7.016 | J78: =((Inputs!$B$5*(1+Inputs!$B$6/100))+((Inputs!$B$11*(1+(Inputs!$B$12+1)/100))-(Inputs!$B$11*(1+Inputs!$B$12/100)))*(1+Inputs!$B$6/100))*(F78/100) -> 1.084964e+09 | K78: =J78*(1+((Inputs!$B$11*(1+(Inputs!$B$12+1)/100))*0.01+Inputs!$B$13*0.0025)/100)*(1+Inputs!$B$14/100)*(1+IF(Inputs!$B$4="pvp",0,(1-Summary!$B$56)*(Inputs!$B$19+Skills!P4)+Summary!$B$56*(Inputs!$B$20+Skills!Q4))/100)*(1+Inputs!$B$15/100)*(5000/(6000+Inputs!$B$7*(1-Inputs!$B$18/100)))*(1+Inputs!$B$23/100)*(1+F97/100)*(1+IF(Inputs!$B$3>=120,F100,0)/100)^5*(1+(IF(Skills!A4="BASIC_ATTACK",Inputs!$B$16,Inputs!$B$17+IF(Inputs!$B$3>=125,F101*5,0)))/100)*(B104*B105*B106*I78) -> 5.8079239e+13 | L78: =K78*(MIN(Inputs!$B$21+(F96-Calc!F22),Inputs!$B$22)/100+Inputs!$B$22/100)/2 -> 1.5678491e+14 | M78: =L78*(1+(Inputs!$B$9+(F95-Calc!F21))/100) -> 657085543271213 | N78: =L78*(1-MIN(Inputs!$B$8+(F94-Calc!F20),100)/100)+M78*(MIN(Inputs!$B$8+(F94-Calc!F20),100)/100) -> 657085543271213 | O78: =IF(C78,H78*N78*IF(AND(Inputs!$B$4<>"pvp",Inputs!$B$35>0),((Skills!G4*((S78-1)*IF(Skills!H4>0,Skills!I4/Skills!H4,1)+IF(Skills!H4>0,MIN(Skills!I4,MAX(0,Inputs!$B$35-((S78-1)*IF(Inputs!$B$4="pvp",15,MAX(0.1,Skills!E4-IF(Skills!F4=TRUE,Inputs!$B$31,0))))))/Skills!H4,1)))/Inputs!$B$35),G78*V78)*IF(Inputs!$B$4="pvp",1,(1-Summary!$B$56)*(1)+Summary!$B$56*(MIN(Skills!R4,Inputs!$B$37))),0) -> 4.3805703e+14 | P78: =IF(B113=0,0,O78/B113) -> 0.052342814 | S78: =IF(AND(Inputs!$B$4<>"pvp",Inputs!$B$35>0),(INT(Inputs!$B$35/IF(Inputs!$B$4="pvp",15,MAX(0.1,Skills!E4-IF(Skills!F4=TRUE,Inputs!$B$31,0))))+1),0) -> 0 | T78: =290*T77/1000 -> 489.52 | V78: =IFERROR(1/IF(Inputs!$B$4="pvp",15,MAX(0.1,Skills!E4-IF(Skills!F4=TRUE,Inputs!$B$31,0))),0) -> 0.055555556
A79: =Skills!A5 -> ELEMENTAL_DRAIN | B79: =Skills!B5 -> Elemental Drain | C79: =TRUE -> TRUE | D79: =IF(Skills!C5=1,60+Inputs!$B$24+Inputs!$B$28,IF(Skills!C5=2,90+Inputs!$B$25+Inputs!$B$28,IF(Skills!C5=3,120+Inputs!$B$26+Inputs!$B$28,MAX(0,(Inputs!$B$3-100)*3)+Inputs!$B$27+Inputs!$B$28))) -> 164 | E79: =INDEX(FactorTable!$B$2:$Y$301, MATCH(ROUND(MIN(300,MAX(1,D79)),0), FactorTable!$A$2:$A$301,0), Skills!M5+1) -> 1656 | F79: =IF(Skills!N5=TRUE,(Skills!L5/10)*(E79/1000),Skills!L5/10)+Skills!O5 -> 19.872 | G79: =Calc!G5 -> 5 | H79: =Calc!H5 -> 1 | I79: =IF(Skills!X5<>"",1+(Skills!X5/10)*(R77/1000)/100,1) -> 12.28 | J79: =((Inputs!$B$5*(1+Inputs!$B$6/100))+((Inputs!$B$11*(1+(Inputs!$B$12+1)/100))-(Inputs!$B$11*(1+Inputs!$B$12/100)))*(1+Inputs!$B$6/100))*(F79/100) -> 49678352 | K79: =J79*(1+((Inputs!$B$11*(1+(Inputs!$B$12+1)/100))*0.01+Inputs!$B$13*0.0025)/100)*(1+Inputs!$B$14/100)*(1+IF(Inputs!$B$4="pvp",0,(1-Summary!$B$56)*(Inputs!$B$19+Skills!P5)+Summary!$B$56*(Inputs!$B$20+Skills!Q5))/100)*(1+Inputs!$B$15/100)*(5000/(6000+Inputs!$B$7*(1-Inputs!$B$18/100)))*(1+Inputs!$B$23/100)*(1+F97/100)*(1+IF(Inputs!$B$3>=120,F100,0)/100)^5*(1+(IF(Skills!A5="BASIC_ATTACK",Inputs!$B$16,Inputs!$B$17+IF(Inputs!$B$3>=125,F101*5,0)))/100)*(B104*B105*B106*I79) -> 4.6545913e+12 | L79: =K79*(MIN(Inputs!$B$21+(F96-Calc!F22),Inputs!$B$22)/100+Inputs!$B$22/100)/2 -> 1.2565069e+13 | M79: =L79*(1+(Inputs!$B$9+(F95-Calc!F21))/100) -> 5.2660205e+13 | N79: =L79*(1-MIN(Inputs!$B$8+(F94-Calc!F20),100)/100)+M79*(MIN(Inputs!$B$8+(F94-Calc!F20),100)/100) -> 5.2660205e+13 | O79: =IF(C79,H79*N79*IF(AND(Inputs!$B$4<>"pvp",Inputs!$B$35>0),((Skills!G5*((S79-1)*IF(Skills!H5>0,Skills!I5/Skills!H5,1)+IF(Skills!H5>0,MIN(Skills!I5,MAX(0,Inputs!$B$35-((S79-1)*IF(Inputs!$B$4="pvp",15,MAX(0.1,Skills!E5-IF(Skills!F5=TRUE,Inputs!$B$31,0))))))/Skills!H5,1)))/Inputs!$B$35),G79*V79)*IF(Inputs!$B$4="pvp",1,(1-Summary!$B$56)*(1)+Summary!$B$56*(MIN(Skills!R5,Inputs!$B$37))),0) -> 2.6330103e+14 | P79: =IF(B113=0,0,O79/B113) -> 0.031461467 | S79: =IF(AND(Inputs!$B$4<>"pvp",Inputs!$B$35>0),(INT(Inputs!$B$35/IF(Inputs!$B$4="pvp",15,MAX(0.1,Skills!E5-IF(Skills!F5=TRUE,Inputs!$B$31,0))))+1),0) -> 0 | V79: =IFERROR(1/IF(Inputs!$B$4="pvp",15,MAX(0.1,Skills!E5-IF(Skills!F5=TRUE,Inputs!$B$31,0))),0) -> 1
A80: =Skills!A6 -> MEDITATION | B80: =Skills!B6 -> Meditation | C80: =TRUE -> TRUE | D80: =IF(Skills!C6=1,60+Inputs!$B$24+Inputs!$B$28,IF(Skills!C6=2,90+Inputs!$B$25+Inputs!$B$28,IF(Skills!C6=3,120+Inputs!$B$26+Inputs!$B$28,MAX(0,(Inputs!$B$3-100)*3)+Inputs!$B$27+Inputs!$B$28))) -> 164 | E80: =INDEX(FactorTable!$B$2:$Y$301, MATCH(ROUND(MIN(300,MAX(1,D80)),0), FactorTable!$A$2:$A$301,0), Skills!M6+1) -> 1492 | F80: =IF(Skills!N6=TRUE,(Skills!L6/10)*(E80/1000),Skills!L6/10)+Skills!O6 -> 29.84 | G80: =Calc!G6 -> 1 | H80: =Calc!H6 -> 1 | I80: =IF(Skills!X6<>"",1+(Skills!X6/10)*(R77/1000)/100,1) -> 1 | O80: 0 | P80: =IF(B113=0,0,O80/B113) -> 0 | S80: =IF(AND(Inputs!$B$4<>"pvp",Inputs!$B$35>0),(INT(Inputs!$B$35/IF(Inputs!$B$4="pvp",15,MAX(0.1,Skills!E6-IF(Skills!F6=TRUE,Inputs!$B$31,0))))+1),0) -> 0 | V80: =IFERROR(1/IF(Inputs!$B$4="pvp",15,MAX(0.1,Skills!E6-IF(Skills!F6=TRUE,Inputs!$B$31,0))),0) -> 0.033333333
A81: =Skills!A7 -> POISON_MIST_BURST | B81: =Skills!B7 -> Poison Mist (burst) | C81: =TRUE -> TRUE | D81: =IF(Skills!C7=1,60+Inputs!$B$24+Inputs!$B$28,IF(Skills!C7=2,90+Inputs!$B$25+Inputs!$B$28,IF(Skills!C7=3,120+Inputs!$B$26+Inputs!$B$28,MAX(0,(Inputs!$B$3-100)*3)+Inputs!$B$27+Inputs!$B$28))) -> 184 | E81: =INDEX(FactorTable!$B$2:$Y$301, MATCH(ROUND(MIN(300,MAX(1,D81)),0), FactorTable!$A$2:$A$301,0), Skills!M7+1) -> 1920 | F81: =IF(Skills!N7=TRUE,(Skills!L7/10)*(E81/1000),Skills!L7/10)+Skills!O7 -> 357.2 | G81: =Calc!G7 -> 3 | H81: =Calc!H7 -> 1 | I81: =IF(Skills!X7<>"",1+(Skills!X7/10)*(R77/1000)/100,1) -> 1.752 | J81: =((Inputs!$B$5*(1+Inputs!$B$6/100))+((Inputs!$B$11*(1+(Inputs!$B$12+1)/100))-(Inputs!$B$11*(1+Inputs!$B$12/100)))*(1+Inputs!$B$6/100))*(F81/100) -> 8.9297037e+08 | K81: =J81*(1+((Inputs!$B$11*(1+(Inputs!$B$12+1)/100))*0.01+Inputs!$B$13*0.0025)/100)*(1+Inputs!$B$14/100)*(1+IF(Inputs!$B$4="pvp",0,(1-Summary!$B$56)*(Inputs!$B$19+Skills!P7)+Summary!$B$56*(Inputs!$B$20+Skills!Q7))/100)*(1+Inputs!$B$15/100)*(5000/(6000+Inputs!$B$7*(1-Inputs!$B$18/100)))*(1+Inputs!$B$23/100)*(1+F97/100)*(1+IF(Inputs!$B$3>=120,F100,0)/100)^5*(1+(IF(Skills!A7="BASIC_ATTACK",Inputs!$B$16,Inputs!$B$17+IF(Inputs!$B$3>=125,F101*5,0)))/100)*(B104*B105*B106*I81) -> 1.1936779e+13 | L81: =K81*(MIN(Inputs!$B$21+(F96-Calc!F22),Inputs!$B$22)/100+Inputs!$B$22/100)/2 -> 3.2223336e+13 | M81: =L81*(1+(Inputs!$B$9+(F95-Calc!F21))/100) -> 1.35048e+14 | N81: =L81*(1-MIN(Inputs!$B$8+(F94-Calc!F20),100)/100)+M81*(MIN(Inputs!$B$8+(F94-Calc!F20),100)/100) -> 1.35048e+14 | O81: =IF(C81,H81*N81*IF(AND(Inputs!$B$4<>"pvp",Inputs!$B$35>0),((Skills!G7*((S81-1)*IF(Skills!H7>0,Skills!I7/Skills!H7,1)+IF(Skills!H7>0,MIN(Skills!I7,MAX(0,Inputs!$B$35-((S81-1)*IF(Inputs!$B$4="pvp",15,MAX(0.1,Skills!E7-IF(Skills!F7=TRUE,Inputs!$B$31,0))))))/Skills!H7,1)))/Inputs!$B$35),G81*V81)*IF(Inputs!$B$4="pvp",1,(1-Summary!$B$56)*(1)+Summary!$B$56*(MIN(Skills!R7,Inputs!$B$37))),0) -> 1.0583353e+14 | P81: =IF(B113=0,0,O81/B113) -> 0.012645899 | S81: =IF(AND(Inputs!$B$4<>"pvp",Inputs!$B$35>0),(INT(Inputs!$B$35/IF(Inputs!$B$4="pvp",15,MAX(0.1,Skills!E7-IF(Skills!F7=TRUE,Inputs!$B$31,0))))+1),0) -> 0 | V81: =IFERROR(1/IF(Inputs!$B$4="pvp",15,MAX(0.1,Skills!E7-IF(Skills!F7=TRUE,Inputs!$B$31,0))),0) -> 0.040816327
A82: =Skills!A8 -> POISON_MIST_DOT | B82: =Skills!B8 -> Poison Mist (fog DoT) | C82: =TRUE -> TRUE | D82: =IF(Skills!C8=1,60+Inputs!$B$24+Inputs!$B$28,IF(Skills!C8=2,90+Inputs!$B$25+Inputs!$B$28,IF(Skills!C8=3,120+Inputs!$B$26+Inputs!$B$28,MAX(0,(Inputs!$B$3-100)*3)+Inputs!$B$27+Inputs!$B$28))) -> 184 | E82: =INDEX(FactorTable!$B$2:$Y$301, MATCH(ROUND(MIN(300,MAX(1,D82)),0), FactorTable!$A$2:$A$301,0), Skills!M8+1) -> 1920 | F82: =IF(Skills!N8=TRUE,(Skills!L8/10)*(E82/1000),Skills!L8/10)+Skills!O8 -> 134.4 | G82: =Calc!G8 -> 50 | H82: =Calc!H8 -> 1 | I82: =IF(Skills!X8<>"",1+(Skills!X8/10)*(R77/1000)/100,1) -> 1.752 | J82: =((Inputs!$B$5*(1+Inputs!$B$6/100))+((Inputs!$B$11*(1+(Inputs!$B$12+1)/100))-(Inputs!$B$11*(1+Inputs!$B$12/100)))*(1+Inputs!$B$6/100))*(F82/100) -> 3.3598885e+08 | K82: =J82*(1+((Inputs!$B$11*(1+(Inputs!$B$12+1)/100))*0.01+Inputs!$B$13*0.0025)/100)*(1+Inputs!$B$14/100)*(1+IF(Inputs!$B$4="pvp",0,(1-Summary!$B$56)*(Inputs!$B$19+Skills!P8)+Summary!$B$56*(Inputs!$B$20+Skills!Q8))/100)*(1+Inputs!$B$15/100)*(5000/(6000+Inputs!$B$7*(1-Inputs!$B$18/100)))*(1+Inputs!$B$23/100)*(1+F97/100)*(1+IF(Inputs!$B$3>=120,F100,0)/100)^5*(1+(IF(Skills!A8="BASIC_ATTACK",Inputs!$B$16,Inputs!$B$17+IF(Inputs!$B$3>=125,F101*5,0)))/100)*(B104*B105*B106*I82) -> 4.4913301e+12 | L82: =K82*(MIN(Inputs!$B$21+(F96-Calc!F22),Inputs!$B$22)/100+Inputs!$B$22/100)/2 -> 1.2124346e+13 | M82: =L82*(1+(Inputs!$B$9+(F95-Calc!F21))/100) -> 5.0813133e+13 | N82: =L82*(1-MIN(Inputs!$B$8+(F94-Calc!F20),100)/100)+M82*(MIN(Inputs!$B$8+(F94-Calc!F20),100)/100) -> 5.0813133e+13 | O82: =IF(C82,H82*N82*IF(AND(Inputs!$B$4<>"pvp",Inputs!$B$35>0),((Skills!G8*((S82-1)*IF(Skills!H8>0,Skills!I8/Skills!H8,1)+IF(Skills!H8>0,MIN(Skills!I8,MAX(0,Inputs!$B$35-((S82-1)*IF(Inputs!$B$4="pvp",15,MAX(0.1,Skills!E8-IF(Skills!F8=TRUE,Inputs!$B$31,0))))))/Skills!H8,1)))/Inputs!$B$35),G82*V82)*IF(Inputs!$B$4="pvp",1,(1-Summary!$B$56)*(1)+Summary!$B$56*(MIN(Skills!R8,Inputs!$B$37))),0) -> 6.6368174e+14 | P82: =IF(B113=0,0,O82/B113) -> 0.07930239 | S82: =IF(AND(Inputs!$B$4<>"pvp",Inputs!$B$35>0),(INT(Inputs!$B$35/IF(Inputs!$B$4="pvp",15,MAX(0.1,Skills!E8-IF(Skills!F8=TRUE,Inputs!$B$31,0))))+1),0) -> 0 | V82: =IFERROR(1/IF(Inputs!$B$4="pvp",15,MAX(0.1,Skills!E8-IF(Skills!F8=TRUE,Inputs!$B$31,0))),0) -> 0.040816327
A83: =Skills!A9 -> MIST_ERUPTION | B83: =Skills!B9 -> Mist Eruption | C83: =Inputs!$B$3>=103 -> TRUE | D83: =IF(Skills!C9=1,60+Inputs!$B$24+Inputs!$B$28,IF(Skills!C9=2,90+Inputs!$B$25+Inputs!$B$28,IF(Skills!C9=3,120+Inputs!$B$26+Inputs!$B$28,MAX(0,(Inputs!$B$3-100)*3)+Inputs!$B$27+Inputs!$B$28))) -> 172 | E83: =INDEX(FactorTable!$B$2:$Y$301, MATCH(ROUND(MIN(300,MAX(1,D83)),0), FactorTable!$A$2:$A$301,0), Skills!M9+1) -> 1860 | F83: =IF(Skills!N9=TRUE,(Skills!L9/10)*(E83/1000),Skills!L9/10)+Skills!O9 -> 5580 | G83: =Calc!G9 -> 2.8 | H83: =Calc!H9 -> 1 | I83: =IF(Skills!X9<>"",1+(Skills!X9/10)*(R77/1000)/100,1) -> 1 | J83: =((Inputs!$B$5*(1+Inputs!$B$6/100))+((Inputs!$B$11*(1+(Inputs!$B$12+1)/100))-(Inputs!$B$11*(1+Inputs!$B$12/100)))*(1+Inputs!$B$6/100))*(F83/100) -> 1.3949537e+10 | K83: =J83*(1+((Inputs!$B$11*(1+(Inputs!$B$12+1)/100))*0.01+Inputs!$B$13*0.0025)/100)*(1+Inputs!$B$14/100)*(1+IF(Inputs!$B$4="pvp",0,(1-Summary!$B$56)*(Inputs!$B$19+Skills!P9)+Summary!$B$56*(Inputs!$B$20+Skills!Q9))/100)*(1+Inputs!$B$15/100)*(5000/(6000+Inputs!$B$7*(1-Inputs!$B$18/100)))*(1+Inputs!$B$23/100)*(1+F97/100)*(1+IF(Inputs!$B$3>=120,F100,0)/100)^5*(1+(IF(Skills!A9="BASIC_ATTACK",Inputs!$B$16,Inputs!$B$17+IF(Inputs!$B$3>=125,F101*5,0)))/100)*(B104*B105*B106*I83) -> 1.0643288e+14 | L83: =K83*(MIN(Inputs!$B$21+(F96-Calc!F22),Inputs!$B$22)/100+Inputs!$B$22/100)/2 -> 287315556030818 | M83: =L83*(1+(Inputs!$B$9+(F95-Calc!F21))/100) -> 1.2041395e+15 | N83: =L83*(1-MIN(Inputs!$B$8+(F94-Calc!F20),100)/100)+M83*(MIN(Inputs!$B$8+(F94-Calc!F20),100)/100) -> 1.2041395e+15 | O83: =IF(C83,H83*N83*IF(AND(Inputs!$B$4<>"pvp",Inputs!$B$35>0),((Skills!G9*((S83-1)*IF(Skills!H9>0,Skills!I9/Skills!H9,1)+IF(Skills!H9>0,MIN(Skills!I9,MAX(0,Inputs!$B$35-((S83-1)*IF(Inputs!$B$4="pvp",15,MAX(0.1,Skills!E9-IF(Skills!F7=TRUE,Inputs!$B$31,0))))))/Skills!H9,1)))/Inputs!$B$35),G83*V83)*IF(Inputs!$B$4="pvp",1,(1-Summary!$B$56)*(1)+Summary!$B$56*(MIN(Skills!R9,Inputs!$B$37))),0) -> 8.8074203e+14 | P83: =IF(B113=0,0,O83/B113) -> 0.10523862 | S83: =IF(AND(Inputs!$B$4<>"pvp",Inputs!$B$35>0),(INT(Inputs!$B$35/IF(Inputs!$B$4="pvp",15,MAX(0.1,Skills!E9-IF(Skills!F7=TRUE,Inputs!$B$31,0))))+1),0) -> 0 | V83: =IFERROR(1/IF(Inputs!$B$4="pvp",15,MAX(0.1,Skills!E9-IF(Skills!F7=TRUE,Inputs!$B$31,0))),0) -> 0.040816327
A84: =Skills!A10 -> CREEPING_TOXIN | B84: =Skills!B10 -> Creeping Toxin | C84: =TRUE -> TRUE | D84: =IF(Skills!C10=1,60+Inputs!$B$24+Inputs!$B$28,IF(Skills!C10=2,90+Inputs!$B$25+Inputs!$B$28,IF(Skills!C10=3,120+Inputs!$B$26+Inputs!$B$28,MAX(0,(Inputs!$B$3-100)*3)+Inputs!$B$27+Inputs!$B$28))) -> 184 | E84: =INDEX(FactorTable!$B$2:$Y$301, MATCH(ROUND(MIN(300,MAX(1,D84)),0), FactorTable!$A$2:$A$301,0), Skills!M10+1) -> 1920 | F84: =IF(Skills!N10=TRUE,(Skills!L10/10)*(E84/1000),Skills!L10/10)+Skills!O10 -> 280.4 | G84: =Calc!G10 -> 15 | H84: =Calc!H10 -> 1 | I84: =IF(Skills!X10<>"",1+(Skills!X10/10)*(R77/1000)/100,1) -> 1.752 | J84: =((Inputs!$B$5*(1+Inputs!$B$6/100))+((Inputs!$B$11*(1+(Inputs!$B$12+1)/100))-(Inputs!$B$11*(1+Inputs!$B$12/100)))*(1+Inputs!$B$6/100))*(F84/100) -> 7.0097674e+08 | K84: =J84*(1+((Inputs!$B$11*(1+(Inputs!$B$12+1)/100))*0.01+Inputs!$B$13*0.0025)/100)*(1+Inputs!$B$14/100)*(1+IF(Inputs!$B$4="pvp",0,(1-Summary!$B$56)*(Inputs!$B$19+Skills!P10)+Summary!$B$56*(Inputs!$B$20+Skills!Q10))/100)*(1+Inputs!$B$15/100)*(5000/(6000+Inputs!$B$7*(1-Inputs!$B$18/100)))*(1+Inputs!$B$23/100)*(1+F97/100)*(1+IF(Inputs!$B$3>=120,F100,0)/100)^5*(1+(IF(Skills!A10="BASIC_ATTACK",Inputs!$B$16,Inputs!$B$17+IF(Inputs!$B$3>=125,F101*5,0)))/100)*(B104*B105*B106*I84) -> 1.1057635e+13 | L84: =K84*(MIN(Inputs!$B$21+(F96-Calc!F22),Inputs!$B$22)/100+Inputs!$B$22/100)/2 -> 2.9850085e+13 | M84: =L84*(1+(Inputs!$B$9+(F95-Calc!F21))/100) -> 1.2510171e+14 | N84: =L84*(1-MIN(Inputs!$B$8+(F94-Calc!F20),100)/100)+M84*(MIN(Inputs!$B$8+(F94-Calc!F20),100)/100) -> 1.2510171e+14 | O84: =IF(C84,H84*N84*IF(AND(Inputs!$B$4<>"pvp",Inputs!$B$35>0),((Skills!G10*((S84-1)*IF(Skills!H10>0,Skills!I10/Skills!H10,1)+IF(Skills!H10>0,MIN(Skills!I10,MAX(0,Inputs!$B$35-((S84-1)*IF(Inputs!$B$4="pvp",15,MAX(0.1,Skills!E10-IF(Skills!F10=TRUE,Inputs!$B$31,0))))))/Skills!H10,1)))/Inputs!$B$35),G84*V84)*IF(Inputs!$B$4="pvp",1,(1-Summary!$B$56)*(1)+Summary!$B$56*(MIN(Skills!R10,Inputs!$B$37))),0) -> 6.9500947e+13 | P84: =IF(B113=0,0,O84/B113) -> 0.0083045697 | S84: =IF(AND(Inputs!$B$4<>"pvp",Inputs!$B$35>0),(INT(Inputs!$B$35/IF(Inputs!$B$4="pvp",15,MAX(0.1,Skills!E10-IF(Skills!F10=TRUE,Inputs!$B$31,0))))+1),0) -> 0 | V84: =IFERROR(1/IF(Inputs!$B$4="pvp",15,MAX(0.1,Skills!E10-IF(Skills!F10=TRUE,Inputs!$B$31,0))),0) -> 0.037037037
A85: =Skills!A11 -> BURNING_MAGIC | B85: =Skills!B11 -> Burning Magic | C85: =TRUE -> TRUE | D85: =IF(Skills!C11=1,60+Inputs!$B$24+Inputs!$B$28,IF(Skills!C11=2,90+Inputs!$B$25+Inputs!$B$28,IF(Skills!C11=3,120+Inputs!$B$26+Inputs!$B$28,MAX(0,(Inputs!$B$3-100)*3)+Inputs!$B$27+Inputs!$B$28))) -> 184 | E85: =INDEX(FactorTable!$B$2:$Y$301, MATCH(ROUND(MIN(300,MAX(1,D85)),0), FactorTable!$A$2:$A$301,0), Skills!M11+1) -> 0 | F85: =IF(Skills!N11=TRUE,(Skills!L11/10)*(E85/1000),Skills!L11/10)+Skills!O11 -> 5 | G85: =Calc!G11 -> 1 | H85: =Calc!H11 -> 1 | I85: =IF(Skills!X11<>"",1+(Skills!X11/10)*(R77/1000)/100,1) -> 1 | O85: 0 | P85: =IF(B113=0,0,O85/B113) -> 0 | S85: 0 | V85: =IFERROR(1/IF(Inputs!$B$4="pvp",15,MAX(0.1,Skills!E11-IF(Skills!F11=TRUE,Inputs!$B$31,0))),0) -> 10
A86: =Skills!A12 -> ELEMENTAL_DECREASE | B86: =Skills!B12 -> Elemental Decrease | C86: =TRUE -> TRUE | D86: =IF(Skills!C12=1,60+Inputs!$B$24+Inputs!$B$28,IF(Skills!C12=2,90+Inputs!$B$25+Inputs!$B$28,IF(Skills!C12=3,120+Inputs!$B$26+Inputs!$B$28,MAX(0,(Inputs!$B$3-100)*3)+Inputs!$B$27+Inputs!$B$28))) -> 184 | E86: =INDEX(FactorTable!$B$2:$Y$301, MATCH(ROUND(MIN(300,MAX(1,D86)),0), FactorTable!$A$2:$A$301,0), Skills!M12+1) -> 1552 | F86: =IF(Skills!N12=TRUE,(Skills!L12/10)*(E86/1000),Skills!L12/10)+Skills!O12 -> 18.624 | G86: =Calc!G12 -> 1 | H86: =Calc!H12 -> 0.5 | I86: =IF(Skills!X12<>"",1+(Skills!X12/10)*(R77/1000)/100,1) -> 1 | O86: 0 | P86: =IF(B113=0,0,O86/B113) -> 0 | S86: 0 | V86: =IFERROR(1/IF(Inputs!$B$4="pvp",15,MAX(0.1,Skills!E12-IF(Skills!F12=TRUE,Inputs!$B$31,0))),0) -> 10
A87: =Skills!A13 -> METEOR_SHOWER_BURST | B87: =Skills!B13 -> Meteor Shower (burst) | C87: =Inputs!$B$3>=105 -> TRUE | D87: =IF(Skills!C13=1,60+Inputs!$B$24+Inputs!$B$28,IF(Skills!C13=2,90+Inputs!$B$25+Inputs!$B$28,IF(Skills!C13=3,120+Inputs!$B$26+Inputs!$B$28,MAX(0,(Inputs!$B$3-100)*3)+Inputs!$B$27+Inputs!$B$28))) -> 172 | E87: =INDEX(FactorTable!$B$2:$Y$301, MATCH(ROUND(MIN(300,MAX(1,D87)),0), FactorTable!$A$2:$A$301,0), Skills!M13+1) -> 1860 | F87: =IF(Skills!N13=TRUE,(Skills!L13/10)*(E87/1000),Skills!L13/10)+Skills!O13 -> 1116 | G87: =Calc!G13 -> 9 | H87: =Calc!H13 -> 1 | I87: =IF(Skills!X13<>"",1+(Skills!X13/10)*(R77/1000)/100,1) -> 1 | J87: =((Inputs!$B$5*(1+Inputs!$B$6/100))+((Inputs!$B$11*(1+(Inputs!$B$12+1)/100))-(Inputs!$B$11*(1+Inputs!$B$12/100)))*(1+Inputs!$B$6/100))*(F87/100) -> 2.7899074e+09 | K87: =J87*(1+((Inputs!$B$11*(1+(Inputs!$B$12+1)/100))*0.01+Inputs!$B$13*0.0025)/100)*(1+Inputs!$B$14/100)*(1+IF(Inputs!$B$4="pvp",0,(1-Summary!$B$56)*(Inputs!$B$19+Skills!P13)+Summary!$B$56*(Inputs!$B$20+Skills!Q13))/100)*(1+Inputs!$B$15/100)*(5000/(6000+Inputs!$B$7*(1-Inputs!$B$18/100)))*(1+Inputs!$B$23/100)*(1+F97/100)*(1+IF(Inputs!$B$3>=120,F100,0)/100)^5*(1+(IF(Skills!A13="BASIC_ATTACK",Inputs!$B$16,Inputs!$B$17+IF(Inputs!$B$3>=125,F101*5,0)))/100)*(B104*B105*B106*I87) -> 2.1286576e+13 | L87: =K87*(MIN(Inputs!$B$21+(F96-Calc!F22),Inputs!$B$22)/100+Inputs!$B$22/100)/2 -> 5.7463111e+13 | M87: =L87*(1+(Inputs!$B$9+(F95-Calc!F21))/100) -> 2.408279e+14 | N87: =L87*(1-MIN(Inputs!$B$8+(F94-Calc!F20),100)/100)+M87*(MIN(Inputs!$B$8+(F94-Calc!F20),100)/100) -> 2.408279e+14 | O87: =IF(C87,H87*N87*IF(AND(Inputs!$B$4<>"pvp",Inputs!$B$35>0),((Skills!G13*((S87-1)*IF(Skills!H13>0,Skills!I13/Skills!H13,1)+IF(Skills!H13>0,MIN(Skills!I13,MAX(0,Inputs!$B$35-((S87-1)*IF(Inputs!$B$4="pvp",15,MAX(0.1,Skills!E13-IF(Skills!F13=TRUE,Inputs!$B$31,0))))))/Skills!H13,1)))/Inputs!$B$35),G87*V87)*IF(Inputs!$B$4="pvp",1,(1-Summary!$B$56)*(1)+Summary!$B$56*(MIN(Skills!R13,Inputs!$B$37))),0) -> 3.0212955e+14 | P87: =IF(B113=0,0,O87/B113) -> 0.036101031 | S87: =IF(AND(Inputs!$B$4<>"pvp",Inputs!$B$35>0),(INT(Inputs!$B$35/IF(Inputs!$B$4="pvp",15,MAX(0.1,Skills!E13-IF(Skills!F13=TRUE,Inputs!$B$31,0))))+1),0) -> 0 | V87: =IFERROR(1/IF(Inputs!$B$4="pvp",15,MAX(0.1,Skills!E13-IF(Skills!F13=TRUE,Inputs!$B$31,0))),0) -> 0.03030303
A88: =Skills!A14 -> METEOR_PROC | B88: =Skills!B14 -> Meteor Proc (30% on-hit, 1s ICD) | C88: =Inputs!$B$3>=113 -> TRUE | D88: =IF(Skills!C14=1,60+Inputs!$B$24+Inputs!$B$28,IF(Skills!C14=2,90+Inputs!$B$25+Inputs!$B$28,IF(Skills!C14=3,120+Inputs!$B$26+Inputs!$B$28,MAX(0,(Inputs!$B$3-100)*3)+Inputs!$B$27+Inputs!$B$28))) -> 172 | E88: =INDEX(FactorTable!$B$2:$Y$301, MATCH(ROUND(MIN(300,MAX(1,D88)),0), FactorTable!$A$2:$A$301,0), Skills!M14+1) -> 1688 | F88: =IF(Skills!N14=TRUE,(Skills!L14/10)*(E88/1000),Skills!L14/10)+Skills!O14 -> 1603.6 | G88: =Calc!G14 -> 0 | H88: =Calc!H14 -> 0.3 | I88: =IF(Skills!X14<>"",1+(Skills!X14/10)*(R77/1000)/100,1) -> 1 | J88: =((Inputs!$B$5*(1+Inputs!$B$6/100))+((Inputs!$B$11*(1+(Inputs!$B$12+1)/100))-(Inputs!$B$11*(1+Inputs!$B$12/100)))*(1+Inputs!$B$6/100))*(F88/100) -> 4.008867e+09 | K88: =J88*(1+((Inputs!$B$11*(1+(Inputs!$B$12+1)/100))*0.01+Inputs!$B$13*0.0025)/100)*(1+Inputs!$B$14/100)*(1+IF(Inputs!$B$4="pvp",0,(1-Summary!$B$56)*(Inputs!$B$19+Skills!P14)+Summary!$B$56*(Inputs!$B$20+Skills!Q14))/100)*(1+Inputs!$B$15/100)*(5000/(6000+Inputs!$B$7*(1-Inputs!$B$18/100)))*(1+Inputs!$B$23/100)*(1+F97/100)*(1+IF(Inputs!$B$3>=120,F100,0)/100)^5*(1+(IF(Skills!A14="BASIC_ATTACK",Inputs!$B$16,Inputs!$B$17+IF(Inputs!$B$3>=125,F101*5,0)))/100)*(B104*B105*B106*I88) -> 3.0587055e+13 | L88: =K88*(MIN(Inputs!$B$21+(F96-Calc!F22),Inputs!$B$22)/100+Inputs!$B$22/100)/2 -> 8.2569754e+13 | M88: =L88*(1+(Inputs!$B$9+(F95-Calc!F21))/100) -> 3.4604984e+14 | N88: =L88*(1-MIN(Inputs!$B$8+(F94-Calc!F20),100)/100)+M88*(MIN(Inputs!$B$8+(F94-Calc!F20),100)/100) -> 3.4604984e+14 | O88: =IF(C88,(H88*B111)/(1+Skills!H14*H88*B111)*N88*IF(Inputs!$B$4="pvp",1,(1-Summary!$B$56)*(1)+Summary!$B$56*(MIN(Skills!R14,Inputs!$B$37))),0) -> 1.0885435e+14 | P88: =IF(B113=0,0,O88/B113) -> 0.013006852 | S88: 0 | V88: =IFERROR(1/IF(Inputs!$B$4="pvp",15,MAX(0.1,Skills!E14-IF(Skills!F14=TRUE,Inputs!$B$31,0))),0) -> 10
A89: =Skills!A15 -> FLAME_HAZE_BURST | B89: =Skills!B15 -> Flame Haze (burst) | C89: =Inputs!$B$3>=107 -> TRUE | D89: =IF(Skills!C15=1,60+Inputs!$B$24+Inputs!$B$28,IF(Skills!C15=2,90+Inputs!$B$25+Inputs!$B$28,IF(Skills!C15=3,120+Inputs!$B$26+Inputs!$B$28,MAX(0,(Inputs!$B$3-100)*3)+Inputs!$B$27+Inputs!$B$28))) -> 172 | E89: =INDEX(FactorTable!$B$2:$Y$301, MATCH(ROUND(MIN(300,MAX(1,D89)),0), FactorTable!$A$2:$A$301,0), Skills!M15+1) -> 1860 | F89: =IF(Skills!N15=TRUE,(Skills!L15/10)*(E89/1000),Skills!L15/10)+Skills!O15 -> 2232 | G89: =Calc!G15 -> 3 | H89: =Calc!H15 -> 1 | I89: =IF(Skills!X15<>"",1+(Skills!X15/10)*(R77/1000)/100,1) -> 1 | J89: =((Inputs!$B$5*(1+Inputs!$B$6/100))+((Inputs!$B$11*(1+(Inputs!$B$12+1)/100))-(Inputs!$B$11*(1+Inputs!$B$12/100)))*(1+Inputs!$B$6/100))*(F89/100) -> 5.5798149e+09 | K89: =J89*(1+((Inputs!$B$11*(1+(Inputs!$B$12+1)/100))*0.01+Inputs!$B$13*0.0025)/100)*(1+Inputs!$B$14/100)*(1+IF(Inputs!$B$4="pvp",0,(1-Summary!$B$56)*(Inputs!$B$19+Skills!P15)+Summary!$B$56*(Inputs!$B$20+Skills!Q15))/100)*(1+Inputs!$B$15/100)*(5000/(6000+Inputs!$B$7*(1-Inputs!$B$18/100)))*(1+Inputs!$B$23/100)*(1+F97/100)*(1+IF(Inputs!$B$3>=120,F100,0)/100)^5*(1+(IF(Skills!A15="BASIC_ATTACK",Inputs!$B$16,Inputs!$B$17+IF(Inputs!$B$3>=125,F101*5,0)))/100)*(B104*B105*B106*I89) -> 4.2573151e+13 | L89: =K89*(MIN(Inputs!$B$21+(F96-Calc!F22),Inputs!$B$22)/100+Inputs!$B$22/100)/2 -> 1.1492622e+14 | M89: =L89*(1+(Inputs!$B$9+(F95-Calc!F21))/100) -> 4.816558e+14 | N89: =L89*(1-MIN(Inputs!$B$8+(F94-Calc!F20),100)/100)+M89*(MIN(Inputs!$B$8+(F94-Calc!F20),100)/100) -> 4.816558e+14 | O89: =IF(C89,H89*N89*IF(AND(Inputs!$B$4<>"pvp",Inputs!$B$35>0),((Skills!G15*((S89-1)*IF(Skills!H15>0,Skills!I15/Skills!H15,1)+IF(Skills!H15>0,MIN(Skills!I15,MAX(0,Inputs!$B$35-((S89-1)*IF(Inputs!$B$4="pvp",15,MAX(0.1,Skills!E15-IF(Skills!F15=TRUE,Inputs!$B$31,0))))))/Skills!H15,1)))/Inputs!$B$35),G89*V89)*IF(Inputs!$B$4="pvp",1,(1-Summary!$B$56)*(1)+Summary!$B$56*(MIN(Skills!R15,Inputs!$B$37))),0) -> 3.6991165e+14 | P89: =IF(B113=0,0,O89/B113) -> 0.044200219 | S89: =IF(AND(Inputs!$B$4<>"pvp",Inputs!$B$35>0),(INT(Inputs!$B$35/IF(Inputs!$B$4="pvp",15,MAX(0.1,Skills!E15-IF(Skills!F15=TRUE,Inputs!$B$31,0))))+1),0) -> 0 | V89: =IFERROR(1/IF(Inputs!$B$4="pvp",15,MAX(0.1,Skills!E15-IF(Skills!F15=TRUE,Inputs!$B$31,0))),0) -> 0.04
A90: =Skills!A16 -> FLAME_HAZE_DOT | B90: =Skills!B16 -> Flame Haze (burn DoT) | C90: =Inputs!$B$3>=107 -> TRUE | D90: =IF(Skills!C16=1,60+Inputs!$B$24+Inputs!$B$28,IF(Skills!C16=2,90+Inputs!$B$25+Inputs!$B$28,IF(Skills!C16=3,120+Inputs!$B$26+Inputs!$B$28,MAX(0,(Inputs!$B$3-100)*3)+Inputs!$B$27+Inputs!$B$28))) -> 172 | E90: =INDEX(FactorTable!$B$2:$Y$301, MATCH(ROUND(MIN(300,MAX(1,D90)),0), FactorTable!$A$2:$A$301,0), Skills!M16+1) -> 1860 | F90: =IF(Skills!N16=TRUE,(Skills!L16/10)*(E90/1000),Skills!L16/10)+Skills!O16 -> 279 | G90: =Calc!G16 -> 28 | H90: =Calc!H16 -> 1 | I90: =IF(Skills!X16<>"",1+(Skills!X16/10)*(R77/1000)/100,1) -> 1 | J90: =((Inputs!$B$5*(1+Inputs!$B$6/100))+((Inputs!$B$11*(1+(Inputs!$B$12+1)/100))-(Inputs!$B$11*(1+Inputs!$B$12/100)))*(1+Inputs!$B$6/100))*(F90/100) -> 6.9747686e+08 | K90: =J90*(1+((Inputs!$B$11*(1+(Inputs!$B$12+1)/100))*0.01+Inputs!$B$13*0.0025)/100)*(1+Inputs!$B$14/100)*(1+IF(Inputs!$B$4="pvp",0,(1-Summary!$B$56)*(Inputs!$B$19+Skills!P16)+Summary!$B$56*(Inputs!$B$20+Skills!Q16))/100)*(1+Inputs!$B$15/100)*(5000/(6000+Inputs!$B$7*(1-Inputs!$B$18/100)))*(1+Inputs!$B$23/100)*(1+F97/100)*(1+IF(Inputs!$B$3>=120,F100,0)/100)^5*(1+(IF(Skills!A16="BASIC_ATTACK",Inputs!$B$16,Inputs!$B$17+IF(Inputs!$B$3>=125,F101*5,0)))/100)*(B104*B105*B106*I90) -> 5.3216439e+12 | L90: =K90*(MIN(Inputs!$B$21+(F96-Calc!F22),Inputs!$B$22)/100+Inputs!$B$22/100)/2 -> 1.4365778e+13 | M90: =L90*(1+(Inputs!$B$9+(F95-Calc!F21))/100) -> 6.0206975e+13 | N90: =L90*(1-MIN(Inputs!$B$8+(F94-Calc!F20),100)/100)+M90*(MIN(Inputs!$B$8+(F94-Calc!F20),100)/100) -> 6.0206975e+13 | O90: =IF(C90,H90*N90*IF(AND(Inputs!$B$4<>"pvp",Inputs!$B$35>0),((Skills!G16*((S90-1)*IF(Skills!H16>0,Skills!I16/Skills!H16,1)+IF(Skills!H16>0,MIN(Skills!I16,MAX(0,Inputs!$B$35-((S90-1)*IF(Inputs!$B$4="pvp",15,MAX(0.1,Skills!E16-IF(Skills!F16=TRUE,Inputs!$B$31,0))))))/Skills!H16,1)))/Inputs!$B$35),G90*V90)*(1+IF(Inputs!$B$3>=126,0.05*(B110+V87+(H88*B111)/(1+Skills!H14*H88*B111)+V98),0)*Skills!E15)*IF(Inputs!$B$4="pvp",1,(1-Summary!$B$56)*(1)+Summary!$B$56*(MIN(Skills!R16,Inputs!$B$37))),0) -> 431563595124537 | P90: =IF(B113=0,0,O90/B113) -> 0.051566923 | S90: =IF(AND(Inputs!$B$4<>"pvp",Inputs!$B$35>0),(INT(Inputs!$B$35/IF(Inputs!$B$4="pvp",15,MAX(0.1,Skills!E16-IF(Skills!F16=TRUE,Inputs!$B$31,0))))+1),0) -> 0 | V90: =IFERROR(1/IF(Inputs!$B$4="pvp",15,MAX(0.1,Skills!E16-IF(Skills!F16=TRUE,Inputs!$B$31,0))),0) -> 0.04
A91: =Skills!A17 -> MAGIC_GUARD | B91: =Skills!B17 -> Magic Guard | C91: =TRUE -> TRUE | D91: =IF(Skills!C17=1,60+Inputs!$B$24+Inputs!$B$28,IF(Skills!C17=2,90+Inputs!$B$25+Inputs!$B$28,IF(Skills!C17=3,120+Inputs!$B$26+Inputs!$B$28,MAX(0,(Inputs!$B$3-100)*3)+Inputs!$B$27+Inputs!$B$28))) -> 115 | E91: =INDEX(FactorTable!$B$2:$Y$301, MATCH(ROUND(MIN(300,MAX(1,D91)),0), FactorTable!$A$2:$A$301,0), Skills!M17+1) -> 1460 | F91: =IF(Skills!N17=TRUE,(Skills!L17/10)*(E91/1000),Skills!L17/10)+Skills!O17 -> 17.52 | G91: =Calc!G17 -> 1 | H91: =Calc!H17 -> 1 | I91: =IF(Skills!X17<>"",1+(Skills!X17/10)*(R77/1000)/100,1) -> 1 | O91: 0 | P91: =IF(B113=0,0,O91/B113) -> 0 | S91: =IF(AND(Inputs!$B$4<>"pvp",Inputs!$B$35>0),(INT(Inputs!$B$35/IF(Inputs!$B$4="pvp",15,MAX(0.1,Skills!E17-IF(Skills!F17=TRUE,Inputs!$B$31,0))))+1),0) -> 0 | V91: =IFERROR(1/IF(Inputs!$B$4="pvp",15,MAX(0.1,Skills!E17-IF(Skills!F17=TRUE,Inputs!$B$31,0))),0) -> 0.047619048
A92: =Skills!A18 -> NIMBLE_FEET | B92: =Skills!B18 -> Nimble Feet | C92: =TRUE -> TRUE | D92: =IF(Skills!C18=1,60+Inputs!$B$24+Inputs!$B$28,IF(Skills!C18=2,90+Inputs!$B$25+Inputs!$B$28,IF(Skills!C18=3,120+Inputs!$B$26+Inputs!$B$28,MAX(0,(Inputs!$B$3-100)*3)+Inputs!$B$27+Inputs!$B$28))) -> 115 | E92: =INDEX(FactorTable!$B$2:$Y$301, MATCH(ROUND(MIN(300,MAX(1,D92)),0), FactorTable!$A$2:$A$301,0), Skills!M18+1) -> 0 | F92: =IF(Skills!N18=TRUE,(Skills!L18/10)*(E92/1000),Skills!L18/10)+Skills!O18 -> 15 | G92: =Calc!G18 -> 1 | H92: =Calc!H18 -> 1 | I92: =IF(Skills!X18<>"",1+(Skills!X18/10)*(R77/1000)/100,1) -> 1 | O92: 0 | P92: =IF(B113=0,0,O92/B113) -> 0 | S92: =IF(AND(Inputs!$B$4<>"pvp",Inputs!$B$35>0),(INT(Inputs!$B$35/IF(Inputs!$B$4="pvp",15,MAX(0.1,Skills!E18-IF(Skills!F18=TRUE,Inputs!$B$31,0))))+1),0) -> 0 | V92: =IFERROR(1/IF(Inputs!$B$4="pvp",15,MAX(0.1,Skills!E18-IF(Skills!F18=TRUE,Inputs!$B$31,0))),0) -> 0.016666667
A93: =Skills!A19 -> INFINITY | B93: =Skills!B19 -> Infinity | C93: =Inputs!$B$3>=110 -> TRUE | D93: =IF(Skills!C19=1,60+Inputs!$B$24+Inputs!$B$28,IF(Skills!C19=2,90+Inputs!$B$25+Inputs!$B$28,IF(Skills!C19=3,120+Inputs!$B$26+Inputs!$B$28,MAX(0,(Inputs!$B$3-100)*3)+Inputs!$B$27+Inputs!$B$28))) -> 172 | E93: =INDEX(FactorTable!$B$2:$Y$301, MATCH(ROUND(MIN(300,MAX(1,D93)),0), FactorTable!$A$2:$A$301,0), Skills!M19+1) -> 1688 | F93: =IF(Skills!N19=TRUE,(Skills!L19/10)*(E93/1000),Skills!L19/10)+Skills!O19 -> 36.573896 | G93: =Calc!G19 -> 1 | H93: =Calc!H19 -> 1 | I93: =IF(Skills!X19<>"",1+(Skills!X19/10)*(R77/1000)/100,1) -> 1 | O93: 0 | P93: =IF(B113=0,0,O93/B113) -> 0 | S93: =IF(AND(Inputs!$B$4<>"pvp",Inputs!$B$35>0),(INT(Inputs!$B$35/IF(Inputs!$B$4="pvp",15,MAX(0.1,Skills!E19-IF(Skills!F19=TRUE,Inputs!$B$31,0))))+1),0) -> 0 | V93: =IFERROR(1/IF(Inputs!$B$4="pvp",15,MAX(0.1,Skills!E19-IF(Skills!F19=TRUE,Inputs!$B$31,0))),0) -> 0.033333333
A94: =Skills!A20 -> MAGIC_CRITICAL_RATE | B94: =Skills!B20 -> Magic Critical (Crit Rate) | C94: =TRUE -> TRUE | D94: =IF(Skills!C20=1,60+Inputs!$B$24+Inputs!$B$28,IF(Skills!C20=2,90+Inputs!$B$25+Inputs!$B$28,IF(Skills!C20=3,120+Inputs!$B$26+Inputs!$B$28,MAX(0,(Inputs!$B$3-100)*3)+Inputs!$B$27+Inputs!$B$28))) -> 184 | E94: =INDEX(FactorTable!$B$2:$Y$301, MATCH(ROUND(MIN(300,MAX(1,D94)),0), FactorTable!$A$2:$A$301,0), Skills!M20+1) -> 1552 | F94: =IF(Skills!N20=TRUE,(Skills!L20/10)*(E94/1000),Skills!L20/10)+Skills!O20 -> 12.416 | G94: =Calc!G20 -> 1 | H94: =Calc!H20 -> 1 | I94: =IF(Skills!X20<>"",1+(Skills!X20/10)*(R77/1000)/100,1) -> 1 | O94: 0 | P94: =IF(B113=0,0,O94/B113) -> 0 | S94: 0 | V94: =IFERROR(1/IF(Inputs!$B$4="pvp",15,MAX(0.1,Skills!E20-IF(Skills!F20=TRUE,Inputs!$B$31,0))),0) -> 10
A95: =Skills!A21 -> MAGIC_CRITICAL_DAMAGE | B95: =Skills!B21 -> Magic Critical (Crit Damage) | C95: =TRUE -> TRUE | D95: =IF(Skills!C21=1,60+Inputs!$B$24+Inputs!$B$28,IF(Skills!C21=2,90+Inputs!$B$25+Inputs!$B$28,IF(Skills!C21=3,120+Inputs!$B$26+Inputs!$B$28,MAX(0,(Inputs!$B$3-100)*3)+Inputs!$B$27+Inputs!$B$28))) -> 184 | E95: =INDEX(FactorTable!$B$2:$Y$301, MATCH(ROUND(MIN(300,MAX(1,D95)),0), FactorTable!$A$2:$A$301,0), Skills!M21+1) -> 1552 | F95: =IF(Skills!N21=TRUE,(Skills!L21/10)*(E95/1000),Skills!L21/10)+Skills!O21 -> 18.624 | G95: =Calc!G21 -> 1 | H95: =Calc!H21 -> 1 | I95: =IF(Skills!X21<>"",1+(Skills!X21/10)*(R77/1000)/100,1) -> 1 | O95: 0 | P95: =IF(B113=0,0,O95/B113) -> 0 | S95: 0 | V95: =IFERROR(1/IF(Inputs!$B$4="pvp",15,MAX(0.1,Skills!E21-IF(Skills!F21=TRUE,Inputs!$B$31,0))),0) -> 10
A96: =Skills!A22 -> SPELL_MASTERY | B96: =Skills!B22 -> Spell Mastery | C96: =TRUE -> TRUE | D96: =IF(Skills!C22=1,60+Inputs!$B$24+Inputs!$B$28,IF(Skills!C22=2,90+Inputs!$B$25+Inputs!$B$28,IF(Skills!C22=3,120+Inputs!$B$26+Inputs!$B$28,MAX(0,(Inputs!$B$3-100)*3)+Inputs!$B$27+Inputs!$B$28))) -> 164 | E96: =INDEX(FactorTable!$B$2:$Y$301, MATCH(ROUND(MIN(300,MAX(1,D96)),0), FactorTable!$A$2:$A$301,0), Skills!M22+1) -> 1492 | F96: =IF(Skills!N22=TRUE,(Skills!L22/10)*(E96/1000),Skills!L22/10)+Skills!O22 -> 22.38 | G96: =Calc!G22 -> 1 | H96: =Calc!H22 -> 1 | I96: =IF(Skills!X22<>"",1+(Skills!X22/10)*(R77/1000)/100,1) -> 1 | O96: 0 | P96: =IF(B113=0,0,O96/B113) -> 0 | S96: 0 | V96: =IFERROR(1/IF(Inputs!$B$4="pvp",15,MAX(0.1,Skills!E22-IF(Skills!F22=TRUE,Inputs!$B$31,0))),0) -> 10
A97: =Skills!A23 -> ELEMENT_AMPLIFICATION | B97: =Skills!B23 -> Element Amplification | C97: =TRUE -> TRUE | D97: =IF(Skills!C23=1,60+Inputs!$B$24+Inputs!$B$28,IF(Skills!C23=2,90+Inputs!$B$25+Inputs!$B$28,IF(Skills!C23=3,120+Inputs!$B$26+Inputs!$B$28,MAX(0,(Inputs!$B$3-100)*3)+Inputs!$B$27+Inputs!$B$28))) -> 172 | E97: =INDEX(FactorTable!$B$2:$Y$301, MATCH(ROUND(MIN(300,MAX(1,D97)),0), FactorTable!$A$2:$A$301,0), Skills!M23+1) -> 1516 | F97: =IF(Skills!N23=TRUE,(Skills!L23/10)*(E97/1000),Skills!L23/10)+Skills!O23 -> 22.74 | G97: =Calc!G23 -> 1 | H97: =Calc!H23 -> 1 | I97: =IF(Skills!X23<>"",1+(Skills!X23/10)*(R77/1000)/100,1) -> 1 | O97: 0 | P97: =IF(B113=0,0,O97/B113) -> 0 | S97: 0 | V97: =IFERROR(1/IF(Inputs!$B$4="pvp",15,MAX(0.1,Skills!E23-IF(Skills!F23=TRUE,Inputs!$B$31,0))),0) -> 10
A98: =Skills!A24 -> IFRIT | B98: =Skills!B24 -> Ifrit | C98: =Inputs!$B$3>=115 -> FALSE | D98: =IF(Skills!C24=1,60+Inputs!$B$24+Inputs!$B$28,IF(Skills!C24=2,90+Inputs!$B$25+Inputs!$B$28,IF(Skills!C24=3,120+Inputs!$B$26+Inputs!$B$28,MAX(0,(Inputs!$B$3-100)*3)+Inputs!$B$27+Inputs!$B$28))) -> 172 | E98: =INDEX(FactorTable!$B$2:$Y$301, MATCH(ROUND(MIN(300,MAX(1,D98)),0), FactorTable!$A$2:$A$301,0), Skills!M24+1) -> 1860 | F98: =IF(Skills!N24=TRUE,(Skills!L24/10)*(E98/1000),Skills!L24/10)+Skills!O24 -> 6510 | G98: =Calc!G24 -> 7.5 | H98: =Calc!H24 -> 1 | I98: =IF(Skills!X24<>"",1+(Skills!X24/10)*(R77/1000)/100,1) -> 1 | J98: =((Inputs!$B$5*(1+Inputs!$B$6/100))+((Inputs!$B$11*(1+(Inputs!$B$12+1)/100))-(Inputs!$B$11*(1+Inputs!$B$12/100)))*(1+Inputs!$B$6/100))*(F98/100) -> 1.627446e+10 | K98: =J98*(1+((Inputs!$B$11*(1+(Inputs!$B$12+1)/100))*0.01+Inputs!$B$13*0.0025)/100)*(1+Inputs!$B$14/100)*(1+IF(Inputs!$B$4="pvp",0,(1-Summary!$B$56)*(Inputs!$B$19+Skills!P24)+Summary!$B$56*(Inputs!$B$20+Skills!Q24))/100)*(1+Inputs!$B$15/100)*(5000/(6000+Inputs!$B$7*(1-Inputs!$B$18/100)))*(1+Inputs!$B$23/100)*(1+F97/100)*(1+IF(Inputs!$B$3>=120,F100,0)/100)^5*(1+(IF(Skills!A24="BASIC_ATTACK",Inputs!$B$16,Inputs!$B$17+IF(Inputs!$B$3>=125,F101*5,0)))/100)*(B104*B105*B106*I98) -> 1.2417169e+14 | L98: =K98*(MIN(Inputs!$B$21+(F96-Calc!F22),Inputs!$B$22)/100+Inputs!$B$22/100)/2 -> 3.3520148e+14 | M98: =L98*(1+(Inputs!$B$9+(F95-Calc!F21))/100) -> 1.4048294e+15 | N98: =L98*(1-MIN(Inputs!$B$8+(F94-Calc!F20),100)/100)+M98*(MIN(Inputs!$B$8+(F94-Calc!F20),100)/100) -> 1.4048294e+15 | O98: =IF(C98,H98*N98*IF(AND(Inputs!$B$4<>"pvp",Inputs!$B$35>0),((Skills!G24*((S98-1)*IF(Skills!H24>0,Skills!I24/Skills!H24,1)+IF(Skills!H24>0,MIN(Skills!I24,MAX(0,Inputs!$B$35-((S98-1)*IF(Inputs!$B$4="pvp",15,MAX(0.1,Skills!E24-IF(Skills!F24=TRUE,Inputs!$B$31,0))))))/Skills!H24,1)))/Inputs!$B$35),G98*V98)*(1+IF(Inputs!$B$3>=130,0.2*(Skills!I16/Skills!E15+IF(Inputs!$B$3>=126,0.05*(B110+V87+(H88*B111)/(1+Skills!H14*H88*B111)+V98),0)*Skills!I16),0))*IF(Inputs!$B$4="pvp",1,(1-Summary!$B$56)*(1)+Summary!$B$56*(MIN(Skills!R24,Inputs!$B$37))),0) -> 0 | P98: =IF(B113=0,0,O98/B113) -> 0 | S98: =IF(AND(Inputs!$B$4<>"pvp",Inputs!$B$35>0),(INT(Inputs!$B$35/IF(Inputs!$B$4="pvp",15,MAX(0.1,Skills!E24-IF(Skills!F24=TRUE,Inputs!$B$31,0))))+1),0) -> 0 | V98: =IFERROR(1/IF(Inputs!$B$4="pvp",15,MAX(0.1,Skills!E24-IF(Skills!F24=TRUE,Inputs!$B$31,0))),0) -> 0.0125
A99: =Skills!A25 -> BUFF_MASTERY | B99: =Skills!B25 -> Buff Mastery | C99: =Inputs!$B$3>=117 -> FALSE | D99: =IF(Skills!C25=1,60+Inputs!$B$24+Inputs!$B$28,IF(Skills!C25=2,90+Inputs!$B$25+Inputs!$B$28,IF(Skills!C25=3,120+Inputs!$B$26+Inputs!$B$28,MAX(0,(Inputs!$B$3-100)*3)+Inputs!$B$27+Inputs!$B$28))) -> 172 | E99: =INDEX(FactorTable!$B$2:$Y$301, MATCH(ROUND(MIN(300,MAX(1,D99)),0), FactorTable!$A$2:$A$301,0), Skills!M25+1) -> 1516 | F99: =IF(Skills!N25=TRUE,(Skills!L25/10)*(E99/1000),Skills!L25/10)+Skills!O25 -> 15.16 | G99: =Calc!G25 -> 1 | H99: =Calc!H25 -> 1 | I99: =IF(Skills!X25<>"",1+(Skills!X25/10)*(R77/1000)/100,1) -> 1 | O99: 0 | P99: =IF(B113=0,0,O99/B113) -> 0 | S99: 0 | V99: =IFERROR(1/IF(Inputs!$B$4="pvp",15,MAX(0.1,Skills!E25-IF(Skills!F25=TRUE,Inputs!$B$31,0))),0) -> 10
A100: =Skills!A26 -> ARCANE_AIM | B100: =Skills!B26 -> Arcane Aim | C100: =Inputs!$B$3>=120 -> FALSE | D100: =IF(Skills!C26=1,60+Inputs!$B$24+Inputs!$B$28,IF(Skills!C26=2,90+Inputs!$B$25+Inputs!$B$28,IF(Skills!C26=3,120+Inputs!$B$26+Inputs!$B$28,MAX(0,(Inputs!$B$3-100)*3)+Inputs!$B$27+Inputs!$B$28))) -> 172 | E100: =INDEX(FactorTable!$B$2:$Y$301, MATCH(ROUND(MIN(300,MAX(1,D100)),0), FactorTable!$A$2:$A$301,0), Skills!M26+1) -> 1516 | F100: =IF(Skills!N26=TRUE,(Skills!L26/10)*(E100/1000),Skills!L26/10)+Skills!O26 -> 4.548 | G100: =Calc!G26 -> 1 | H100: =Calc!H26 -> 1 | I100: =IF(Skills!X26<>"",1+(Skills!X26/10)*(R77/1000)/100,1) -> 1 | O100: 0 | P100: =IF(B113=0,0,O100/B113) -> 0 | S100: 0 | V100: =IFERROR(1/IF(Inputs!$B$4="pvp",15,MAX(0.1,Skills!E26-IF(Skills!F26=TRUE,Inputs!$B$31,0))),0) -> 10
A101: =Skills!A27 -> FERVENT_DRAIN | B101: =Skills!B27 -> Fervent Drain | C101: =Inputs!$B$3>=125 -> FALSE | D101: =IF(Skills!C27=1,60+Inputs!$B$24+Inputs!$B$28,IF(Skills!C27=2,90+Inputs!$B$25+Inputs!$B$28,IF(Skills!C27=3,120+Inputs!$B$26+Inputs!$B$28,MAX(0,(Inputs!$B$3-100)*3)+Inputs!$B$27+Inputs!$B$28))) -> 172 | E101: =INDEX(FactorTable!$B$2:$Y$301, MATCH(ROUND(MIN(300,MAX(1,D101)),0), FactorTable!$A$2:$A$301,0), Skills!M27+1) -> 1516 | F101: =IF(Skills!N27=TRUE,(Skills!L27/10)*(E101/1000),Skills!L27/10)+Skills!O27 -> 6.064 | G101: =Calc!G27 -> 1 | H101: =Calc!H27 -> 1 | I101: =IF(Skills!X27<>"",1+(Skills!X27/10)*(R77/1000)/100,1) -> 1 | O101: 0 | P101: =IF(B113=0,0,O101/B113) -> 0 | S101: 0 | V101: =IFERROR(1/IF(Inputs!$B$4="pvp",15,MAX(0.1,Skills!E27-IF(Skills!F27=TRUE,Inputs!$B$31,0))),0) -> 10
A102: =Skills!A28 -> FLAME_HAZE_FOG | B102: =Skills!B28 -> Flame Haze (poison fog DoT) | C102: =Inputs!$B$3>=118 -> FALSE | D102: =IF(Skills!C28=1,60+Inputs!$B$24+Inputs!$B$28,IF(Skills!C28=2,90+Inputs!$B$25+Inputs!$B$28,IF(Skills!C28=3,120+Inputs!$B$26+Inputs!$B$28,MAX(0,(Inputs!$B$3-100)*3)+Inputs!$B$27+Inputs!$B$28))) -> 172 | E102: =INDEX(FactorTable!$B$2:$Y$301, MATCH(ROUND(MIN(300,MAX(1,D102)),0), FactorTable!$A$2:$A$301,0), Skills!M28+1) -> 1860 | F102: =IF(Skills!N28=TRUE,(Skills!L28/10)*(E102/1000),Skills!L28/10)+Skills!O28 -> 130.2 | G102: =Calc!G28 -> 50 | H102: =Calc!H28 -> 1 | I102: =IF(Skills!X28<>"",1+(Skills!X28/10)*(R77/1000)/100,1) -> 1 | J102: =((Inputs!$B$5*(1+Inputs!$B$6/100))+((Inputs!$B$11*(1+(Inputs!$B$12+1)/100))-(Inputs!$B$11*(1+Inputs!$B$12/100)))*(1+Inputs!$B$6/100))*(F102/100) -> 3.254892e+08 | K102: =J102*(1+((Inputs!$B$11*(1+(Inputs!$B$12+1)/100))*0.01+Inputs!$B$13*0.0025)/100)*(1+Inputs!$B$14/100)*(1+IF(Inputs!$B$4="pvp",0,(1-Summary!$B$56)*(Inputs!$B$19+Skills!P28)+Summary!$B$56*(Inputs!$B$20+Skills!Q28))/100)*(1+Inputs!$B$15/100)*(5000/(6000+Inputs!$B$7*(1-Inputs!$B$18/100)))*(1+Inputs!$B$23/100)*(1+F97/100)*(1+IF(Inputs!$B$3>=120,F100,0)/100)^5*(1+(IF(Skills!A28="BASIC_ATTACK",Inputs!$B$16,Inputs!$B$17+IF(Inputs!$B$3>=125,F101*5,0)))/100)*(B104*B105*B106*I102) -> 2.4834338e+12 | L102: =K102*(MIN(Inputs!$B$21+(F96-Calc!F22),Inputs!$B$22)/100+Inputs!$B$22/100)/2 -> 6.7040296e+12 | M102: =L102*(1+(Inputs!$B$9+(F95-Calc!F21))/100) -> 2.8096588e+13 | N102: =L102*(1-MIN(Inputs!$B$8+(F94-Calc!F20),100)/100)+M102*(MIN(Inputs!$B$8+(F94-Calc!F20),100)/100) -> 2.8096588e+13 | O102: =IF(C102,H102*N102*IF(AND(Inputs!$B$4<>"pvp",Inputs!$B$35>0),((Skills!G28*((S102-1)*IF(Skills!H28>0,Skills!I28/Skills!H28,1)+IF(Skills!H28>0,MIN(Skills!I28,MAX(0,Inputs!$B$35-((S102-1)*IF(Inputs!$B$4="pvp",15,MAX(0.1,Skills!E28-IF(Skills!F28=TRUE,Inputs!$B$31,0))))))/Skills!H28,1)))/Inputs!$B$35),G102*V102)*IF(Inputs!$B$4="pvp",1,(1-Summary!$B$56)*(1)+Summary!$B$56*(MIN(Skills!R28,Inputs!$B$37))),0) -> 0 | P102: =IF(B113=0,0,O102/B113) -> 0 | S102: =IF(AND(Inputs!$B$4<>"pvp",Inputs!$B$35>0),(INT(Inputs!$B$35/IF(Inputs!$B$4="pvp",15,MAX(0.1,Skills!E28-IF(Skills!F28=TRUE,Inputs!$B$31,0))))+1),0) -> 0 | V102: =IFERROR(1/IF(Inputs!$B$4="pvp",15,MAX(0.1,Skills!E28-IF(Skills!F28=TRUE,Inputs!$B$31,0))),0) -> 0.04
A104: Burning Magic Multiplier | B104: =1+(F85*Skills!Z11)/100 -> 1.25
A105: Elemental Decrease Multiplier (always-on) | B105: =1+F86/100 -> 1.18624
A106: Average Buff Multiplier (Magic Guard + Meditation, summed; then Infinity) | B106: =(1+(F80*IF(AND(Inputs!$B$4<>"pvp",Inputs!$B$35>0),(((S80-1)*(Skills!T6*(1+(Inputs!$B$33+IF(Inputs!$B$3>=117,F99,0))/100))+MIN((Skills!T6*(1+(Inputs!$B$33+IF(Inputs!$B$3>=117,F99,0))/100)),MAX(0,Inputs!$B$35-((S80-1)*Skills!E6))))/Inputs!$B$35),IF(Inputs!$B$4="pvp",MIN((Skills!T6*(1+(Inputs!$B$33+IF(Inputs!$B$3>=117,F99,0))/100)),15)/15,(Skills!T6*(1+(Inputs!$B$33+IF(Inputs!$B$3>=117,F99,0))/100))/Skills!E6))+F91*IF(AND(Inputs!$B$4<>"pvp",Inputs!$B$35>0),(((S91-1)*(Skills!T17*(1+(Inputs!$B$33+IF(Inputs!$B$3>=117,F99,0))/100))+MIN((Skills!T17*(1+(Inputs!$B$33+IF(Inputs!$B$3>=117,F99,0))/100)),MAX(0,Inputs!$B$35-((S91-1)*Skills!E17))))/Inputs!$B$35),IF(Inputs!$B$4="pvp",MIN((Skills!T17*(1+(Inputs!$B$33+IF(Inputs!$B$3>=117,F99,0))/100)),15)/15,(Skills!T17*(1+(Inputs!$B$33+IF(Inputs!$B$3>=117,F99,0))/100))/Skills!E17)))/100)*IF(C93=TRUE,(1+F93*IF(AND(Inputs!$B$4<>"pvp",Inputs!$B$35>0),(((S93-1)*(Skills!T19*(1+(Inputs!$B$33+IF(Inputs!$B$3>=117,F99,0))/100))+MIN((Skills!T19*(1+(Inputs!$B$33+IF(Inputs!$B$3>=117,F99,0))/100)),MAX(0,Inputs!$B$35-((S93-1)*Skills!E19))))/Inputs!$B$35),IF(Inputs!$B$4="pvp",MIN((Skills!T19*(1+(Inputs!$B$33+IF(Inputs!$B$3>=117,F99,0))/100)),15)/15,(Skills!T19*(1+(Inputs!$B$33+IF(Inputs!$B$3>=117,F99,0))/100))/Skills!E19))/100),1) -> 1.5603265
A107: Attack Speed Buff Bonus % (Nimble Feet, averaged) | B107: =F92*IF(AND(Inputs!$B$4<>"pvp",Inputs!$B$35>0),(((S92-1)*(Skills!T18*(1+(Inputs!$B$33+IF(Inputs!$B$3>=117,F99,0))/100))+MIN((Skills!T18*(1+(Inputs!$B$33+IF(Inputs!$B$3>=117,F99,0))/100)),MAX(0,Inputs!$B$35-((S92-1)*Skills!E18))))/Inputs!$B$35),IF(Inputs!$B$4="pvp",MIN((Skills!T18*(1+(Inputs!$B$33+IF(Inputs!$B$3>=117,F99,0))/100)),15)/15,(Skills!T18*(1+(Inputs!$B$33+IF(Inputs!$B$3>=117,F99,0))/100))/Skills!E18)) -> 3.75
A108: Actions Per Second | B108: =1+MIN(150,150*(1-(1-Inputs!$B$10/150)*(1-B107/150)))/100 -> 1.637125
...

Sheet CubeData
A1: Slot | B1: Rarity | C1: Line | D1: Stat | E1: Value | F1: Weight | G1: Prime | H1: DPSPerUnit | J1: Stat | K1: DPSPerUnit | M1: Rarity | N1: Rate | O1: MaxPity | Q1: SlotList
A2: ALL | B2: normal | C2: 1 | D2: Critical Rate % | E2: 3 | F2: 2.5 | G2: FALSE | H2: =IF(Inputs!$B$8>=100,Sensitivity!H15,Sensitivity!H14) -> 19898792465366 | J2: (none) | K2: 0 | M2: normal | N2: 0.06 | O2: 30 | Q2: head
A3: ALL | B3: normal | C3: 1 | D3: Attack Speed % | E3: 3 | F3: 2.5 | G3: FALSE | H3: =Sensitivity!H16 -> 17494373998280 | J3: All Skill Level | K3: =Sensitivity!H24 -> 35422747738737 | M3: rare | N3: 0.03333 | O3: 60 | Q3: cape
A4: ALL | B4: normal | C4: 1 | D4: Damage % | E4: 5 | F4: 4 | G4: FALSE | H4: =Sensitivity!H7 -> 8104551916653 | J4: Attack Speed % | K4: =Sensitivity!H16 -> 17494373998280 | M4: epic | N4: 0.0167 | O4: 120 | Q4: chest
A5: ALL | B5: normal | C5: 1 | D5: Min Damage Multiplier % | E5: 3 | F5: 4 | G5: FALSE | H5: =Sensitivity!H12 -> 15446534399400 | J5: Basic Attack Damage % | K5: =Sensitivity!H18 -> 26770501468488 | M5: unique | N5: 0.006 | O5: 333 | Q5: shoulders
A6: ALL | B6: normal | C6: 1 | D6: Max Damage Multiplier % | E6: 3 | F6: 4 | G6: FALSE | H6: =Sensitivity!H13 -> 15446534399400 | J6: Basic Attack Target Increase | K6: =Sensitivity!H28 -> 307719869511460 | M6: legendary | N6: 0.0021 | O6: 714 | Q6: legs
A7: ALL | B7: normal | C7: 1 | D7: Str % | E7: 3 | F7: 4.5 | G7: FALSE | H7: 0 | J7: Buff Duration Increase % | K7: =Sensitivity!H29 -> 33773782296366 | M7: mystic | N7: 0 | O7: 0 | Q7: belt
A8: ALL | B8: normal | C8: 1 | D8: Dex % | E8: 3 | F8: 4.5 | G8: FALSE | H8: 0 | J8: Companion Summoning Time Increase % | K8: =Sensitivity!H15 -> 19898792465366 | Q8: gloves
A9: ALL | B9: normal | C9: 1 | D9: Int % | E9: 3 | F9: 4.5 | G9: FALSE | H9: =Sensitivity!H6 -> 29416469501559 | J9: Critical Damage % | K9: =Sensitivity!H15 -> 19898792465366 | Q9: boots
A10: ALL | B10: normal | C10: 1 | D10: Luk % | E10: 3 | F10: 4.5 | G10: FALSE | H10: 0 | J10: Critical Rate % | K10: =IF(Inputs!$B$8>=100,Sensitivity!H15,Sensitivity!H14) -> 19898792465366 | Q10: ring
A11: ALL | B11: normal | C11: 1 | D11: Defense % | E11: 3 | F11: 9 | G11: FALSE | H11: 0 | J11: Damage % | K11: =Sensitivity!H7 -> 8104551916653 | Q11: neck
A12: ALL | B12: normal | C12: 1 | D12: Max HP % | E12: 6 | F12: 9 | G12: FALSE | H12: 0 | J12: Defense % | K12: 0 | Q12: eye-accessory
A13: ALL | B13: normal | C13: 1 | D13: Max MP % | E13: 3 | F13: 9 | G13: FALSE | H13: 0 | J13: Defense Penetration | K13: =Sensitivity!H17 -> 21917900923646 | Q13: ring2
A14: ALL | B14: normal | C14: 1 | D14: Str | E14: 50 | F14: 9.5 | G14: FALSE | H14: 0 | J14: Dex | K14: 0 | Q14: face
A15: ALL | B15: normal | C15: 1 | D15: Dex | E15: 50 | F15: 9.5 | G15: FALSE | H15: 0 | J15: Dex % | K15: 0 | Q15: earrings
A16: ALL | B16: normal | C16: 1 | D16: Int | E16: 50 | F16: 9.5 | G16: FALSE | H16: =Sensitivity!H5 -> 166957805663 | J16: Final Damage % | K16: =Sensitivity!H11 -> 83395839222349 | Q16: pocket
A17: ALL | B17: normal | C17: 1 | D17: Luk | E17: 50 | F17: 9.5 | G17: FALSE | H17: 0 | J17: Int | K17: =Sensitivity!H5 -> 166957805663
A18: ALL | B18: normal | C18: 2 | D18: Critical Rate % | E18: 3 | F18: 2.5 | G18: FALSE | H18: =IF(Inputs!$B$8>=100,Sensitivity!H15,Sensitivity!H14) -> 19898792465366 | J18: Int % | K18: =Sensitivity!H6 -> 29416469501559
A19: ALL | B19: normal | C19: 2 | D19: Attack Speed % | E19: 3 | F19: 2.5 | G19: FALSE | H19: =Sensitivity!H16 -> 17494373998280 | J19: Luk | K19: 0
A20: ALL | B20: normal | C20: 2 | D20: Damage % | E20: 5 | F20: 4 | G20: FALSE | H20: =Sensitivity!H7 -> 8104551916653 | J20: Luk % | K20: 0
A21: ALL | B21: normal | C21: 2 | D21: Min Damage Multiplier % | E21: 3 | F21: 4 | G21: FALSE | H21: =Sensitivity!H12 -> 15446534399400 | J21: Main Stat % per 4 Levels | K21: =Sensitivity!H6*INT(Inputs!$B$3/4) -> 823661146043652
A22: ALL | B22: normal | C22: 2 | D22: Max Damage Multiplier % | E22: 3 | F22: 4 | G22: FALSE | H22: =Sensitivity!H13 -> 15446534399400 | J22: Main Stat Per Level | K22: =Sensitivity!H5*Inputs!$B$3 -> 19033189845582
A23: ALL | B23: normal | C23: 2 | D23: Str % | E23: 3 | F23: 4.5 | G23: FALSE | H23: 0 | J23: Max Damage Multiplier % | K23: =Sensitivity!H13 -> 15446534399400
A24: ALL | B24: normal | C24: 2 | D24: Dex % | E24: 3 | F24: 4.5 | G24: FALSE | H24: 0 | J24: Max HP % | K24: 0
A25: ALL | B25: normal | C25: 2 | D25: Int % | E25: 3 | F25: 4.5 | G25: FALSE | H25: =Sensitivity!H6 -> 29416469501559 | J25: Max MP % | K25: 0
A26: ALL | B26: normal | C26: 2 | D26: Luk % | E26: 3 | F26: 4.5 | G26: FALSE | H26: 0 | J26: Min Damage Multiplier % | K26: =Sensitivity!H12 -> 15446534399400
A27: ALL | B27: normal | C27: 2 | D27: Defense % | E27: 3 | F27: 9 | G27: FALSE | H27: 0 | J27: Skill Cooldown Decrease (seconds) | K27: =Sensitivity!H27 -> 52811582128798
A28: ALL | B28: normal | C28: 2 | D28: Max HP % | E28: 6 | F28: 9 | G28: FALSE | H28: 0 | J28: Skill Damage % | K28: =Sensitivity!H19 -> 21625116399331
A29: ALL | B29: normal | C29: 2 | D29: Max MP % | E29: 3 | F29: 9 | G29: FALSE | H29: 0 | J29: Str | K29: 0
A30: ALL | B30: normal | C30: 2 | D30: Str | E30: 50 | F30: 9.5 | G30: FALSE | H30: 0 | J30: Str % | K30: 0
A31: ALL | B31: normal | C31: 2 | D31: Dex | E31: 50 | F31: 9.5 | G31: FALSE | H31: 0
A32: ALL | B32: normal | C32: 2 | D32: Int | E32: 50 | F32: 9.5 | G32: FALSE | H32: =Sensitivity!H5 -> 166957805663
A33: ALL | B33: normal | C33: 2 | D33: Luk | E33: 50 | F33: 9.5 | G33: FALSE | H33: 0
A34: ALL | B34: normal | C34: 3 | D34: Critical Rate % | E34: 3 | F34: 2.5 | G34: FALSE | H34: =IF(Inputs!$B$8>=100,Sensitivity!H15,Sensitivity!H14) -> 19898792465366
A35: ALL | B35: normal | C35: 3 | D35: Attack Speed % | E35: 3 | F35: 2.5 | G35: FALSE | H35: =Sensitivity!H16 -> 17494373998280
A36: ALL | B36: normal | C36: 3 | D36: Damage % | E36: 5 | F36: 4 | G36: FALSE | H36: =Sensitivity!H7 -> 8104551916653
A37: ALL | B37: normal | C37: 3 | D37: Min Damage Multiplier % | E37: 3 | F37: 4 | G37: FALSE | H37: =Sensitivity!H12 -> 15446534399400
A38: ALL | B38: normal | C38: 3 | D38: Max Damage Multiplier % | E38: 3 | F38: 4 | G38: FALSE | H38: =Sensitivity!H13 -> 15446534399400
A39: ALL | B39: normal | C39: 3 | D39: Str % | E39: 3 | F39: 4.5 | G39: FALSE | H39: 0
A40: ALL | B40: normal | C40: 3 | D40: Dex % | E40: 3 | F40: 4.5 | G40: FALSE | H40: 0
A41: ALL | B41: normal | C41: 3 | D41: Int % | E41: 3 | F41: 4.5 | G41: FALSE | H41: =Sensitivity!H6 -> 29416469501559
A42: ALL | B42: normal | C42: 3 | D42: Luk % | E42: 3 | F42: 4.5 | G42: FALSE | H42: 0
A43: ALL | B43: normal | C43: 3 | D43: Defense % | E43: 3 | F43: 9 | G43: FALSE | H43: 0
A44: ALL | B44: normal | C44: 3 | D44: Max HP % | E44: 6 | F44: 9 | G44: FALSE | H44: 0
A45: ALL | B45: normal | C45: 3 | D45: Max MP % | E45: 3 | F45: 9 | G45: FALSE | H45: 0
A46: ALL | B46: normal | C46: 3 | D46: Str | E46: 50 | F46: 9.5 | G46: FALSE | H46: 0
A47: ALL | B47: normal | C47: 3 | D47: Dex | E47: 50 | F47: 9.5 | G47: FALSE | H47: 0
A48: ALL | B48: normal | C48: 3 | D48: Int | E48: 50 | F48: 9.5 | G48: FALSE | H48: =Sensitivity!H5 -> 166957805663
A49: ALL | B49: normal | C49: 3 | D49: Luk | E49: 50 | F49: 9.5 | G49: FALSE | H49: 0
A50: ALL | B50: rare | C50: 1 | D50: Critical Rate % | E50: 4.5 | F50: 2.5 | G50: TRUE | H50: =IF(Inputs!$B$8>=100,Sensitivity!H15,Sensitivity!H14) -> 19898792465366
A51: ALL | B51: rare | C51: 1 | D51: Attack Speed % | E51: 3.5 | F51: 2.5 | G51: TRUE | H51: =Sensitivity!H16 -> 17494373998280
A52: ALL | B52: rare | C52: 1 | D52: Damage % | E52: 8 | F52: 4 | G52: TRUE | H52: =Sensitivity!H7 -> 8104551916653
A53: ALL | B53: rare | C53: 1 | D53: Min Damage Multiplier % | E53: 6 | F53: 4 | G53: TRUE | H53: =Sensitivity!H12 -> 15446534399400
A54: ALL | B54: rare | C54: 1 | D54: Max Damage Multiplier % | E54: 6 | F54: 4 | G54: TRUE | H54: =Sensitivity!H13 -> 15446534399400
A55: ALL | B55: rare | C55: 1 | D55: Str % | E55: 4.5 | F55: 4.5 | G55: TRUE | H55: 0
A56: ALL | B56: rare | C56: 1 | D56: Dex % | E56: 4.5 | F56: 4.5 | G56: TRUE | H56: 0
A57: ALL | B57: rare | C57: 1 | D57: Int % | E57: 4.5 | F57: 4.5 | G57: TRUE | H57: =Sensitivity!H6 -> 29416469501559
A58: ALL | B58: rare | C58: 1 | D58: Luk % | E58: 4.5 | F58: 4.5 | G58: TRUE | H58: 0
A59: ALL | B59: rare | C59: 1 | D59: Defense % | E59: 4.5 | F59: 9 | G59: TRUE | H59: 0
A60: ALL | B60: rare | C60: 1 | D60: Max HP % | E60: 9 | F60: 9 | G60: TRUE | H60: 0
A61: ALL | B61: rare | C61: 1 | D61: Max MP % | E61: 4.5 | F61: 9 | G61: TRUE | H61: 0
A62: ALL | B62: rare | C62: 1 | D62: Str | E62: 100 | F62: 9.5 | G62: TRUE | H62: 0
A63: ALL | B63: rare | C63: 1 | D63: Dex | E63: 100 | F63: 9.5 | G63: TRUE | H63: 0
A64: ALL | B64: rare | C64: 1 | D64: Int | E64: 100 | F64: 9.5 | G64: TRUE | H64: =Sensitivity!H5 -> 166957805663
A65: ALL | B65: rare | C65: 1 | D65: Luk | E65: 100 | F65: 9.5 | G65: TRUE | H65: 0
A66: ALL | B66: rare | C66: 2 | D66: Critical Rate % | E66: 3 | F66: 1.9 | G66: FALSE | H66: =IF(Inputs!$B$8>=100,Sensitivity!H15,Sensitivity!H14) -> 19898792465366
A67: ALL | B67: rare | C67: 2 | D67: Critical Rate % | E67: 4.5 | F67: 0.6 | G67: TRUE | H67: =IF(Inputs!$B$8>=100,Sensitivity!H15,Sensitivity!H14) -> 19898792465366
A68: ALL | B68: rare | C68: 2 | D68: Attack Speed % | E68: 3 | F68: 1.9 | G68: FALSE | H68: =Sensitivity!H16 -> 17494373998280
A69: ALL | B69: rare | C69: 2 | D69: Attack Speed % | E69: 3.5 | F69: 0.6 | G69: TRUE | H69: =Sensitivity!H16 -> 17494373998280
A70: ALL | B70: rare | C70: 2 | D70: Damage % | E70: 5 | F70: 3.04 | G70: FALSE | H70: =Sensitivity!H7 -> 8104551916653
A71: ALL | B71: rare | C71: 2 | D71: Damage % | E71: 8 | F71: 0.96 | G71: TRUE | H71: =Sensitivity!H7 -> 8104551916653
A72: ALL | B72: rare | C72: 2 | D72: Min Damage Multiplier % | E72: 3 | F72: 3.04 | G72: FALSE | H72: =Sensitivity!H12 -> 15446534399400
A73: ALL | B73: rare | C73: 2 | D73: Min Damage Multiplier % | E73: 6 | F73: 0.96 | G73: TRUE | H73: =Sensitivity!H12 -> 15446534399400
A74: ALL | B74: rare | C74: 2 | D74: Max Damage Multiplier % | E74: 3 | F74: 3.04 | G74: FALSE | H74: =Sensitivity!H13 -> 15446534399400
A75: ALL | B75: rare | C75: 2 | D75: Max Damage Multiplier % | E75: 6 | F75: 0.96 | G75: TRUE | H75: =Sensitivity!H13 -> 15446534399400
A76: ALL | B76: rare | C76: 2 | D76: Str % | E76: 3 | F76: 3.42 | G76: FALSE | H76: 0
A77: ALL | B77: rare | C77: 2 | D77: Str % | E77: 4.5 | F77: 1.08 | G77: TRUE | H77: 0
A78: ALL | B78: rare | C78: 2 | D78: Dex % | E78: 3 | F78: 3.42 | G78: FALSE | H78: 0
A79: ALL | B79: rare | C79: 2 | D79: Dex % | E79: 4.5 | F79: 1.08 | G79: TRUE | H79: 0
A80: ALL | B80: rare | C80: 2 | D80: Int % | E80: 3 | F80: 3.42 | G80: FALSE | H80: =Sensitivity!H6 -> 29416469501559
A81: ALL | B81: rare | C81: 2 | D81: Int % | E81: 4.5 | F81: 1.08 | G81: TRUE | H81: =Sensitivity!H6 -> 29416469501559
A82: ALL | B82: rare | C82: 2 | D82: Luk % | E82: 3 | F82: 3.42 | G82: FALSE | H82: 0
A83: ALL | B83: rare | C83: 2 | D83: Luk % | E83: 4.5 | F83: 1.08 | G83: TRUE | H83: 0
A84: ALL | B84: rare | C84: 2 | D84: Defense % | E84: 3 | F84: 6.84 | G84: FALSE | H84: 0
A85: ALL | B85: rare | C85: 2 | D85: Defense % | E85: 4.5 | F85: 2.16 | G85: TRUE | H85: 0
A86: ALL | B86: rare | C86: 2 | D86: Max HP % | E86: 6 | F86: 6.84 | G86: FALSE | H86: 0
A87: ALL | B87: rare | C87: 2 | D87: Max HP % | E87: 9 | F87: 2.16 | G87: TRUE | H87: 0
A88: ALL | B88: rare | C88: 2 | D88: Max MP % | E88: 3 | F88: 6.84 | G88: FALSE | H88: 0
A89: ALL | B89: rare | C89: 2 | D89: Max MP % | E89: 4.5 | F89: 2.16 | G89: TRUE | H89: 0
A90: ALL | B90: rare | C90: 2 | D90: Str | E90: 50 | F90: 7.22 | G90: FALSE | H90: 0
A91: ALL | B91: rare | C91: 2 | D91: Str | E91: 100 | F91: 2.28 | G91: TRUE | H91: 0
A92: ALL | B92: rare | C92: 2 | D92: Dex | E92: 50 | F92: 7.22 | G92: FALSE | H92: 0
A93: ALL | B93: rare | C93: 2 | D93: Dex | E93: 100 | F93: 2.28 | G93: TRUE | H93: 0
A94: ALL | B94: rare | C94: 2 | D94: Int | E94: 50 | F94: 7.22 | G94: FALSE | H94: =Sensitivity!H5 -> 166957805663
A95: ALL | B95: rare | C95: 2 | D95: Int | E95: 100 | F95: 2.28 | G95: TRUE | H95: =Sensitivity!H5 -> 166957805663
A96: ALL | B96: rare | C96: 2 | D96: Luk | E96: 50 | F96: 7.22 | G96: FALSE | H96: 0
A97: ALL | B97: rare | C97: 2 | D97: Luk | E97: 100 | F97: 2.28 | G97: TRUE | H97: 0
A98: ALL | B98: rare | C98: 3 | D98: Critical Rate % | E98: 3 | F98: 2.3 | G98: FALSE | H98: =IF(Inputs!$B$8>=100,Sensitivity!H15,Sensitivity!H14) -> 19898792465366
A99: ALL | B99: rare | C99: 3 | D99: Critical Rate % | E99: 4.5 | F99: 0.2 | G99: TRUE | H99: =IF(Inputs!$B$8>=100,Sensitivity!H15,Sensitivity!H14) -> 19898792465366
A100: ALL | B100: rare | C100: 3 | D100: Attack Speed % | E100: 3 | F100: 2.3 | G100: FALSE | H100: =Sensitivity!H16 -> 17494373998280
...

Sheet PotentialCubes
A1: Potential Cubes — Current Gear State
A2: Fill in your actual current gear for every slot/potential-type you want EV results for, then run `python3 tools/potential_cubes_ev.py` — it reads this table plus the live Sensitivity!H DPS-per-unit values and computes exact 'expected value of the best roll kept after N rerolls' for all 30 rows (printed + written to a CSV), via a full line1 x line2 x line3 enumeration per rarity/slot rather than a single-roll average.
A3: Leave a line's Stat as "(none)" if that line isn't rolled yet / doesn't matter.
A5: Slot | B5: Potential Type | C5: Current Rarity | D5: Current Pity Count | E5: Line 1 Stat | F5: Line 1 Value | G5: Line 2 Stat | H5: Line 2 Value | I5: Line 3 Stat | J5: Line 3 Value
A6: head | B6: Potential | C6: unique | D6: 49 | E6: Int % | F6: 9 | G6: Int % | H6: 6 | I6: Attack Speed % | J6: 4
A7: head | B7: Bonus Potential | C7: epic | D7: 49 | E7: Int % | F7: 9 | G7: Defense % | H7: 4.5 | I7: Min Damage Multiplier % | J7: 6
A8: cape | B8: Potential | C8: legendary | D8: 67 | E8: Final Damage % | F8: 8 | G8: Min Damage Multiplier % | H8: 15 | I8: Final Damage % | J8: 5
A9: cape | B9: Bonus Potential | C9: epic | D9: 14 | E9: Min Damage Multiplier % | F9: 8 | G9: Int % | H9: 4.5 | I9: Max Damage Multiplier % | J9: 6
A10: chest | B10: Potential | C10: mystic | D10: 0 | E10: Basic Attack Target Increase | F10: 3 | G10: Critical Rate % | H10: 12 | I10: Basic Attack Target Increase | J10: 2
A11: chest | B11: Bonus Potential | C11: unique | D11: 20 | E11: Int | F11: 400 | G11: Int % | H11: 9 | I11: Int % | J11: 6
A12: shoulders | B12: Potential | C12: legendary | D12: 44 | E12: Defense Penetration | F12: 12 | G12: Max Damage Multiplier % | H12: 10 | I12: Attack Speed % | J12: 5
A13: shoulders | B13: Bonus Potential | C13: rare | D13: 3 | E13: Max Damage Multiplier % | F13: 6 | G13: Int % | H13: 3 | I13: Attack Speed % | J13: 3
A14: legs | B14: Potential | C14: legendary | D14: 15 | E14: Min Damage Multiplier % | F14: 15 | G14: Final Damage % | H14: 8 | I14: Defense % | J14: 9
A15: legs | B15: Bonus Potential | C15: epic | D15: 38 | E15: Int | F15: 200 | G15: Int % | H15: 4.5 | I15: Int % | J15: 4.5
A16: belt | B16: Potential | C16: legendary | D16: 382 | E16: Min Damage Multiplier % | F16: 15 | G16: Int % | H16: 9 | I16: Damage % | J16: 18
A17: belt | B17: Bonus Potential | C17: rare | D17: 1 | E17: Int % | F17: 4.5 | G17: Damage % | H17: 5 | I17: Damage % | J17: 5
... A35: pocket | B35: Bonus Potential | C35: epic | D35: 27 | E35: Main Stat % per 4 Levels | F35: 0.4 | G35: Str | H35: 200 | I35: Defense % | J35: 4.5
