Workbook

Sheet README
A1: Arch Mage (Ice/Lightning) — DPS Calculator: How to Use This Workbook
A3: How to use this workbook
A4: Only edit the yellow-highlighted cells on the Inputs sheet — every other sheet is computed from those values and will be overwritten if you rebuild the workbook.
A5: Summary shows Total DPS, a Per-Skill DPS Breakdown (damage-dealing skills only — buffs/passives that never deal their own damage are omitted), and a Marginal DPS & Stat Value table showing the DPS gained per +1 of each stat.
A6: Sensitivity has the full detail behind that marginal-value table — one self-contained block per stat, showing exactly how bumping that stat by +1 changes every downstream number.
A7: CubeData/PotentialCubes model your current gear's Potential Cube lines and drive cube-reroll expected-value decisions. For the full standalone Potential Cube EV calculator (exact optimal-stopping math, works from this workbook alone), see tools/potential_cubes_ev.py in the project repo.
A9: Design decisions & assumptions
A10: Freezing Breath's Weaken debuff and Elemental Reset's own Damage Taken bonus assume the target is permanently afflicted at steady state, not an exact on/off timer.
A11: Crit Rate pushed above 100% (e.g. by cube potential lines) automatically redirects its stat-value to Crit Damage's own per-unit DPS value on the PotentialCubes sheet, since excess Crit Rate cannot do anything past 100%.
A12: Buffs (Magic Guard, Meditation, Infinity) are modeled at steady-state duty-cycle average uptime, not as an exact moment-to-moment state machine.
A13: Monster Type blends Boss/Normal Monster Damage% by the Chapter Breakthrough weight %; PvP forces a fixed 15-second window regardless of the Fixed Fight Duration input.
A14: Not modeled (out of scope): crowd control, Accuracy/Evasion/Defense reduction, movement speed, the character's own Defense stat, and Companion Summoning Time.

Sheet Inputs
A1: Arch Mage (Ice/Lightning) — DPS Calculator Inputs
A3: Character Level | B3: 200
A4: Monster Type ("boss", "normal", "breakthrough", or "pvp") | B4: boss
A5: Flat ATTACK | B5: 10000
A6: ATTACK % | B6: 0
A7: Monster Defense (flat, post-x100/x10 scaling) | B7: 0
A8: CRIT_RATE % | B8: 0
A9: CRIT_DAMAGE % | B9: 0
A10: ATTACK_SPEED % (base, excludes Nimble Feet/MP Eater) | B10: 0
A11: Flat INT | B11: 0
A12: INT % | B12: 0
A13: LUK | B13: 0
A14: DAMAGE % | B14: 0
A15: DAMAGE_AMP % | B15: 0
A16: BASIC_ATTACK_DAMAGE % | B16: 0
... A28: Skill Level Bonus — All Skills | B28: 0
A30: Additional Bonuses
A31: Skill Cooldown Decrease (seconds, only skills/buffs the character actively casts) | B31: 0
A32: Basic Attack Target Increase (flat, adds to the 6-target normal-monster base) | B32: 1
A33: Buff Duration Increase % | B33: 0
A34: Companion Summoning Time Increase % (companions not modeled — always 0 DPS impact) | B34: 0
A35: Fixed Fight Duration (seconds, boss or normal — leave 0 for steady-state DPS; ignored for pvp) | B35: 0
A36: Chapter Breakthrough: Normal-Monster Weight % (only used when Monster Type = breakthrough) | B36: 60
A37: Max Enemies Actually In Range (normal monsters only; default 999 = uncapped) | B37: 999

Sheet FactorTable
A1: Level | B1: F0 | C1: F1 | D1: F2 | E1: F3 | F1: F4 | G1: F5 | H1: F6 | I1: F7 | J1: F8 | K1: F9 | L1: F10 | M1: F11 | N1: F12 | O1: F13 | P1: F14 | Q1: F15 | R1: F16 | S1: F17 | T1: F18 | U1: F19 | V1: F20 | W1: F21 | X1: F22 | Y1: F23
A2: 1 | B2: 0 | C2: 1000 | D2: 1000 | E2: 1000 | F2: 1000 | G2: 1000 | H2: 1000 | I2: 1000 | J2: 1000 | K2: 1000 | L2: 1000 | M2: 1000 | N2: 1000 | O2: 1000 | P2: 1000 | Q2: 1000 | R2: 1000 | S2: 1000 | T2: 1000 | U2: 1000 | V2: 1000 | W2: 1000 | X2: 1000 | Y2: 1000
A3: 2 | B3: 0 | C3: 1015 | D3: 1020 | E3: 1030 | F3: 1040 | G3: 1050 | H3: 1060 | I3: 1070 | J3: 1020 | K3: 1020 | L3: 1020 | M3: 1000 | N3: 1010 | O3: 1020 | P3: 1030 | Q3: 1040 | R3: 1050 | S3: 1060 | T3: 1070 | U3: 1080 | V3: 1010 | W3: 1008 | X3: 1006 | Y3: 1100
A4: 3 | B4: 0 | C4: 1031 | D4: 1041 | E4: 1061 | F4: 1082 | G4: 1103 | H4: 1124 | I4: 1145 | J4: 1030 | K4: 1041 | L4: 1030 | M4: 1000 | N4: 1015 | O4: 1030 | P4: 1045 | Q4: 1060 | R4: 1075 | S4: 1090 | T4: 1105 | U4: 1120 | V4: 1020 | W4: 1012 | X4: 1009 | Y4: 1150
A5: 4 | B5: 0 | C5: 1047 | D5: 1062 | E5: 1093 | F5: 1126 | G5: 1159 | H5: 1192 | I5: 1226 | J5: 1040 | K5: 1062 | L5: 1040 | M5: 1000 | N5: 1020 | O5: 1040 | P5: 1060 | Q5: 1080 | R5: 1100 | S5: 1120 | T5: 1140 | U5: 1160 | V5: 1030 | W5: 1016 | X5: 1012 | Y5: 1200
A6: 5 | B6: 0 | C6: 1063 | D6: 1084 | E6: 1126 | F6: 1172 | G6: 1217 | H6: 1264 | I6: 1312 | J6: 1050 | K6: 1084 | L6: 1050 | M6: 1000 | N6: 1025 | O6: 1050 | P6: 1075 | Q6: 1100 | R6: 1125 | S6: 1150 | T6: 1175 | U6: 1200 | V6: 1040 | W6: 1020 | X6: 1015 | Y6: 1250
A7: 6 | B7: 0 | C7: 1079 | D7: 1106 | E7: 1160 | F7: 1219 | G7: 1278 | H7: 1340 | I7: 1404 | J7: 1060 | K7: 1106 | L7: 1060 | M7: 1000 | N7: 1030 | O7: 1060 | P7: 1090 | Q7: 1120 | R7: 1150 | S7: 1180 | T7: 1210 | U7: 1240 | V7: 1050 | W7: 1024 | X7: 1018 | Y7: 1300
A8: 7 | B8: 0 | C8: 1096 | D8: 1129 | E8: 1195 | F8: 1268 | G8: 1342 | H8: 1421 | I8: 1503 | J8: 1070 | K8: 1129 | L8: 1070 | M8: 1000 | N8: 1035 | O8: 1070 | P8: 1105 | Q8: 1140 | R8: 1175 | S8: 1210 | T8: 1245 | U8: 1280 | V8: 1060 | W8: 1028 | X8: 1021 | Y8: 1350
A9: 8 | B9: 0 | C9: 1113 | D9: 1152 | E9: 1231 | F9: 1319 | G9: 1410 | H9: 1507 | I9: 1609 | J9: 1080 | K9: 1152 | L9: 1080 | M9: 1000 | N9: 1040 | O9: 1080 | P9: 1120 | Q9: 1160 | R9: 1200 | S9: 1240 | T9: 1280 | U9: 1320 | V9: 1070 | W9: 1032 | X9: 1024 | Y9: 1400
A10: 9 | B10: 0 | C10: 1130 | D10: 1176 | E10: 1268 | F10: 1372 | G10: 1481 | H10: 1598 | I10: 1722 | J10: 1090 | K10: 1176 | L10: 1090 | M10: 1000 | N10: 1045 | O10: 1090 | P10: 1135 | Q10: 1180 | R10: 1225 | S10: 1270 | T10: 1315 | U10: 1360 | V10: 1080 | W10: 1036 | X10: 1027 | Y10: 1450
A11: 10 | B11: 0 | C11: 1147 | D11: 1200 | E11: 1307 | F11: 1427 | G11: 1556 | H11: 1694 | I11: 1843 | J11: 1100 | K11: 1200 | L11: 1100 | M11: 1000 | N11: 1050 | O11: 1100 | P11: 1150 | Q11: 1200 | R11: 1250 | S11: 1300 | T11: 1350 | U11: 1400 | V11: 1090 | W11: 1040 | X11: 1030 | Y11: 1500
A12: 11 | B12: 0 | C12: 1165 | D12: 1224 | E12: 1347 | F12: 1485 | G12: 1634 | H12: 1796 | I12: 1973 | J12: 1110 | K12: 1224 | L12: 1110 | M12: 1000 | N12: 1055 | O12: 1110 | P12: 1165 | Q12: 1220 | R12: 1275 | S12: 1330 | T12: 1385 | U12: 1440 | V12: 1100 | W12: 1044 | X12: 1033 | Y12: 1550
A13: 12 | B13: 0 | C13: 1183 | D13: 1249 | E13: 1388 | F13: 1545 | G13: 1716 | H13: 1904 | I13: 2112 | J13: 1120 | K13: 1249 | L13: 1120 | M13: 1000 | N13: 1060 | O13: 1120 | P13: 1180 | Q13: 1240 | R13: 1300 | S13: 1360 | T13: 1420 | U13: 1480 | V13: 1110 | W13: 1048 | X13: 1036 | Y13: 1600
... A301: 300 | B301: 0 | C301: 88573 | D301: 381637 | E301: 6991522 | F301: 125363453 | G301: 2185120762 | H301: 37157073039 | I301: 614631863830 | J301: 2000 | K301: 53326 | L301: 2500 | M301: 1100 | N301: 2500 | O301: 4000 | P301: 5500 | Q301: 7000 | R301: 8500 | S301: 10000 | T301: 11500 | U301: 13000 | V301: 7558 | W301: 2200 | X301: 1900 | Y301: 8800

Sheet Skills
A1: Key | B1: Name | C1: JobStep | D1: Cooldown(s) | E1: CostsActionSlot | F1: HitsPerCast | G1: ICD(s) | H1: ActiveWindow(s) | I1: ProcChance% | J1: RollsPerCast | K1: BaseDamage(tenths%) | L1: FactorIndex | M1: ScalesWithLevel | N1: SkillMasteryBonus% | O1: MasteryBossDamage% | P1: MasteryNormalDamage% | Q1: NormalMonsterTargets | R1: BuffTargetStat | S1: BuffDuration(s) | T1: MapleHeroBase(tenths%) | U1: MapleHeroFactorIndex | V1: Stacks | W1: Note
A2: CHAIN_LIGHTNING | B2: Chain Lightning | C2: 4 | E2: FALSE | F2: =IF(Inputs!$B$3>=136,6,5) | G2: 0 | H2: 0 | I2: 100 | J2: 1 | M2: TRUE | N2: =SUMPRODUCT((Inputs!$B$3>={102,106,116,120,128,132})*{10,1,1,1,1,1}) | O2: =SUMPRODUCT((Inputs!$B$3>={111,124})*{10,10}) | P2: 0 | Q2: =6+Inputs!$B$32 | S2: 0 | W2: 4th-job basic-attack effect (supersedes Energy Bolt/Cold Beam/Ice Strike, out of scope per the project's job-tier-is-gone convention). Wiki: 290%->522% (levels 1-200) to 6 target(s) 5 time(s) — factorIndex 21, baseDamage 2900 tenths%, matching Inputs!skill_coefficient (=290*basic_factor/1000) exactly, so this row's own coefficient is just that Inputs value + SkillMasteryBonus% (same mechanism as FP-Mage/Night Lord's own Basic Attack/Showdown rows). SkillMasteryBonus% is the 6-tier 'Chain Lightning - Damage' mastery chain (102/106/116/120/128/132), cumulative totals 10%->15% per the game's own tooltip convention, so level_gated_sum uses DELTA increments (10, then +1 five times). MasteryBossDamage% is the 2-tier 'Chain Lightning - Boss Monster Damage' chain (111/124), each independently +10%, totaling +20%. HitsPerCast 5->6 once the level-136 'Strike' mastery unlocks.
A3: MAGIC_GUARD | B3: Magic Guard | C3: 1 | D3: =IF(Inputs!$B$3>=21,30*0.7,30) | E3: TRUE | F3: 1 | G3: 0 | H3: 0 | I3: 100 | J3: 1 | K3: 120 | L3: 21 | M3: TRUE | N3: 0 | O3: 0 | P3: 0 | Q3: 1 | R3: ATTACK | S3: 15 | W3: Self-buff, +12%->16.8% Attack (levels 1-100), 15s duration/30s cooldown (Mastery Lv.21 'Magic Guard - Reuse' -30% cooldown -> 21s, baked directly into the Cooldown(s) formula). factorIndex 21, baseDamage 120 tenths%. Shared w/ FP-Mage.
A4: MEDITATION | B4: Meditation | C4: 2 | D4: 30 | E4: TRUE | F4: 1 | G4: 0 | H4: 0 | I4: 100 | J4: 1 | K4: 200 | L4: 21 | M4: TRUE | N4: 0 | O4: 0 | P4: 0 | Q4: 1 | R4: ATTACK | S4: =IF(Inputs!$B$3>=44,15*1.3,15) | W4: Self-buff, +20%->28% Attack (levels 1-100), 15s duration (Mastery Lv.44 'Meditation - Persistence' +30% duration -> 19.5s, baked directly into the BuffDuration(s) formula), 30s cooldown. factorIndex 21, baseDamage 200 tenths%. Shared w/ FP-Mage.
A5: THUNDER_BOLT | B5: Thunder Bolt | C5: 2 | D5: 18 | E5: TRUE | F5: 3 | G5: 0 | H5: 0 | I5: 100 | J5: 1 | K5: 1800 | L5: 12 | M5: TRUE | N5: =SUMPRODUCT((Inputs!$B$3>={39})*{70}) | O5: 0 | P5: 0 | Q5: 8 | S5: 0 | T5: 1000 | U5: 23 | W5: Wiki: 180%->270% (levels 1-100) to 8 target(s) 3 time(s), cooldown 18s. factorIndex 12, baseDamage 1800 tenths%. Mastery Lv.39 'Thunder Bolt - Damage' +70% (single-tier, real SkillMasteryBonus%). Maple Hero (Ice/Lightning) target: 100%->780% (levels 1-200), factorIndex 23, baseDamage 1000 tenths% (jointly reverse-engineered with Glacier Wall's and Thunder Sphere's own Maple Hero curves, confirmed same factorIndex).
A6: GLACIER_WALL | B6: Glacier Wall | C6: 3 | D6: =IF(Inputs!$B$3>=90,22*0.7,22) | E6: TRUE | F6: 3 | G6: 0 | H6: 0 | I6: 100 | J6: 1 | K6: 2900 | L6: 12 | M6: TRUE | N6: =SUMPRODUCT((Inputs!$B$3>={68})*{80}) | O6: 0 | P6: 0 | Q6: 8 | S6: 0 | T6: 300 | U6: 23 | W6: Wiki: 290%->580% (levels 1-200) to 8 target(s) 3 time(s), freezing them for 2s (freeze not modeled — no CC mechanic anywhere in this calculator), cooldown 22s. factorIndex 12, baseDamage 2900 tenths%. Mastery Lv.68 'Glacier Wall - Damage' +80% (real SkillMasteryBonus%), Lv.90 'Glacier Wall - Reuse' -30% cooldown -> 15.4s (baked into the Cooldown(s) formula). Maple Hero target: 30%->234% (levels 1-200), factorIndex 23, baseDamage 300 tenths%.
A7: THUNDER_SPHERE | B7: Thunder Sphere | C7: 3 | D7: =IF(Inputs!$B$3>=78,30*0.7,30) | E7: TRUE | F7: 3 | G7: =IF(Inputs!$B$3>=104,2*0.7,2) | H7: 10 | I7: 100 | J7: 1 | K7: 1000 | L7: 12 | M7: TRUE | N7: =SUMPRODUCT((Inputs!$B$3>={73})*{50}) | O7: 0 | P7: =150+SUMPRODUCT((Inputs!$B$3>={94})*{100}) | Q7: 6 | S7: 0 | T7: 200 | U7: 23 | W7: Wiki: 100%->200% (levels 1-200) to 6 target(s) 3 time(s) every 2s, for a 10s duration, cooldown 30s. factorIndex 12, baseDamage 1000 tenths%. Skill-intrinsic (unconditional, NOT mastery-gated) +150% Normal Monster Damage baked directly into this row's own MasteryNormalDamage% field, PLUS Mastery Lv.94's +100%p on top (so the field itself is '150 + level_gated_sum'). Mastery Lv.73 'Thunder Sphere - Damage' +50% (real SkillMasteryBonus%), Lv.78 'Thunder Sphere - Reuse' -30% cooldown -> 21s, Lv.104 'Thunder Sphere - Strike Interval' -30% tick interval (2s->1.4s, baked into the ICD(s) formula). Maple Hero target: 20%->200% (levels 1-200), factorIndex 23, baseDamage 200 tenths%.
A8: FREEZING_BREATH | B8: Freezing Breath | C8: 4 | D8: 40 | E8: TRUE | F8: 1 | G8: 0.5 | H8: 5 | I8: 100 | J8: 1 | K8: 8000 | L8: 12 | M8: TRUE | N8: =SUMPRODUCT((Inputs!$B$3>={108})*{50}) | O8: 0 | P8: 0 | Q8: 10 | S8: 0 | W8: Wiki: 800%->1600% (levels 1-200) to 10 target(s) every 0.5s for a 5s duration, cooldown 45s (patched -> 40s, Aug 13 2026 patch note — the wiki page itself is stale). factorIndex 12, baseDamage 8000 tenths%. EffectiveHits = 1*(5/0.5) = 10 ticks per cast. Mastery Lv.108 'Freezing Breath - Damage' +50% (real SkillMasteryBonus%). Mastery Lv.118 'Freezing Breath - Weaken' (+15% Damage Taken debuff, 30s) is NOT part of this row — it's a separate global Summary-sheet duty-cycle-averaged monster-damage bonus (see build_summary_sheet, mirrors Night Lord's Venom Lv.82/Frailty Curse Debuff precedent), added in a later build stage.
A9: BLIZZARD | B9: Blizzard | C9: 4 | D9: 33 | E9: TRUE | F9: 3 | G9: 0 | H9: 0 | I9: 100 | J9: 1 | K9: 6000 | L9: 12 | M9: TRUE | N9: =SUMPRODUCT((Inputs!$B$3>={130})*{40}) | O9: 0 | P9: 0 | Q9: 7 | S9: 0 | W9: Wiki: 600%->1200% (levels 1-200) to 5 target(s) 3 time(s) (patched targets 5->7, Aug 13 2026 patch note — the wiki page is stale), cooldown 33s. factorIndex 12, baseDamage 6000 tenths%. Mastery Lv.130 (corrected name/description pairing — wiki mismatch resolved via content-matching, see the plan) 'Blizzard - Damage' +40% flat (real SkillMasteryBonus%). Mastery Lv.113 'Blizzard - Final Attack' is its own separate proc row, see BLIZZARD_FINAL_ATTACK below, not part of this row's own fields.
A10: BLIZZARD_FINAL_ATTACK | B10: Blizzard - Final Attack (Mastery Lv.113) | C10: 4 | D10: =Skills!D9 | E10: FALSE | F10: 1 | G10: 0 | H10: 0 | I10: 30 | J10: 3 | K10: 9500 | L10: 21 | M10: TRUE | N10: 0 | O10: 0 | P10: 0 | Q10: 1 | S10: 0 | W10: Standalone proc row, mirrors FP-Mage's own METEOR_PROC row structure but simpler: procs only off Blizzard's own casts (per the wiki's own '[Blizzard in Slot] When attacking, deals...' phrasing — self-contained, not a multi-skill trigger set), so it shares Blizzard's own live Cooldown(s) cell directly instead of needing an external combined-cast-rate formula. Wiki formula ({#expr:750*(1+x*0.004)}%, patched base 750->950%, chance 20%->30%): reverse-engineered as factorIndex 21, baseDamage 9500 tenths% (950%, already the patched value). RollsPerCast=3 (Blizzard's own 3 hits, each an independent 30% roll -> ProcProbability = 1-(1-0.3)^3 = 65.7% chance per Blizzard cast), ICD(s)=0 (already capped to at most one proc per Blizzard cast via HitsPerCast=1, no further ICD needed). Single-target (NormalMonsterTargets=1), matching FP-Mage's own Meteor Proc precedent for an 'additional damage on a hit' style proc, absent any wiki text specifying a target count of its own.
A11: FROZEN_ORB | B11: Frozen Orb | C11: 4 | D11: 23 | E11: TRUE | F11: 1 | G11: =IF(Inputs!$B$3>=134,0.5*0.5,0.5) | H11: 6 | I11: 100 | J11: 1 | K11: 9000 | L11: 12 | M11: TRUE | N11: =SUMPRODUCT((Inputs!$B$3>={122})*{50}) | O11: 0 | P11: 0 | Q11: 10 | S11: 0 | W11: Wiki: 900%->1800% (levels 1-200) to 10 target(s) every 0.5s for a 5s duration (patched -> 6s, Aug 13 2026 patch note), cooldown 23s. factorIndex 12, baseDamage 9000 tenths%. 'If there is 1 target near the orb, the damage is halved' — a single-target (boss) halving mechanic implemented ONLY in this row's own Calc!O (DPS) formula in a later build stage (x0.5 when monster_type=boss, x1 otherwise), not a Skills-sheet field. Mastery Lv.122 'Frozen Orb - Damage' +50% (real SkillMasteryBonus%), Lv.134 (corrected name/description pairing) 'Frozen Orb - Strike Interval' -50% tick interval (0.5s->0.25s, baked into the ICD(s) formula).
A12: ELQUINES | B12: Elquines | C12: 4 | D12: 80 | E12: TRUE | F12: 1 | G12: =IF(Inputs!$B$3>=126,4*0.8,4) | H12: 30 | I12: 100 | J12: 1 | K12: 35000 | L12: 12 | M12: TRUE | N12: =SUMPRODUCT((Inputs!$B$3>={138})*{50}) | O12: 0 | P12: 0 | Q12: =IF(Inputs!$B$3>=138,6,3) | S12: 0 | W12: Summon, wiki: 3500%->7000% (levels 1-200) to 3 target(s) every 4s for a 30s duration, cooldown 80s. factorIndex 12, baseDamage 35000 tenths%. Mastery Lv.126 (corrected name/description pairing, user-confirmed 20% not the wiki's typo'd 0.2%) 'Elquines - Strike Interval' -20% attack interval (4s->3.2s, baked into the ICD(s) formula), Lv.138 'Elquines - Damage & Target' +50% damage (real SkillMasteryBonus%) AND +3 max targets (3->6, baked into the NormalMonsterTargets formula).
A13: MP_EATER_MP_BOOST | B13: MP Eater - MP Boost (Mastery Lv.49) | C13: 2 | E13: FALSE | F13: 1 | G13: 0 | H13: 0 | I13: 100 | J13: 1 | K13: 70 | L13: 0 | M13: FALSE | N13: 0 | O13: 0 | P13: 0 | Q13: 1 | S13: 0 | W13: Mastery-only row (MP Eater's own base MP-recovery mechanic is not modeled — MP isn't tracked anywhere in this calculator). Flat +7% Attack Speed once unlocked (level 49, see UNLOCK_LEVEL's own note on the 47-vs-49 discrepancy), ignoring the MP>=50% condition per the user's always-on decision (same treatment as Element Amplification). This IS a real, always-on contributor (NOT baked into Inputs, unlike the Magic-Critical-pattern rows below) — folds into the Attack Speed diminishing-returns stack in Summary once unlocked, with no uptime averaging (it's a permanent passive, not a timed buff — BuffTargetStat deliberately left blank so the generic buff-uptime machinery doesn't try to average it; Summary reads this row's Calc!F and Calc!C directly instead). FactorIndex is an unused placeholder (ScalesWithLevel=False), same convention as Nimble Feet's own non-scaling row in FP-Mage/Night Lord.
A14: ELEMENTAL_RESET | B14: Elemental Reset | C14: 3 | E14: FALSE | F14: 1 | G14: 0 | H14: 0 | I14: =IF(Inputs!$B$3>=82,50,25) | J14: 1 | K14: 120 | L14: 22 | M14: TRUE | N14: 0 | O14: 0 | P14: 0 | Q14: 1 | S14: 7 | W14: User-confirmed: this is the patch note's 'Elemental Decrease' entry (patched base chance 20%->25%, base Damage Taken 10%->12% — the wiki's own 10%->16% curve rescaled by the patch's 12/10=1.2x factor, giving the reverse-engineered factorIndex 22/baseDamage 120 used here, which already reflects the patched 12%->19.2% curve). Mastery Lv.82 'Elemental Reset - Chance' doubles the PATCHED chance (25%->50%, NOT the stale wiki 20%->40%). Modeled always-on (100% uptime), same precedent as FP-Mage's own Elemental Decrease — ProcChance%/BuffDuration(s) here are reference-only, they do not feed the Summary formula (which instead just adds Calc!F/100 as an unconditional multiplier).
A15: ELEMENT_AMPLIFICATION | B15: Element Amplification | C15: 3 | E15: FALSE | F15: 1 | G15: 0 | H15: 0 | I15: 100 | J15: 1 | K15: 150 | L15: 22 | M15: TRUE | N15: 0 | O15: 0 | P15: 0 | Q15: 1 | R15: FINAL_DAMAGE | S15: 0 | W15: Wiki: +15%->24% Final Damage (levels 1-200), unconditional (ignore the MP>=50% condition and MP-cost increase per the user's decision, matching FP-Mage's own established treatment of this exact shared-kit passive). factorIndex 22, baseDamage 150 tenths%. Not reflected anywhere in Inputs — added directly into the Final Damage chain (multiplied in, same as Arcane Aim/Element Amplification are combined in FP-Mage) in a later build stage.
A16: INFINITY | B16: Infinity | C16: 4 | D16: 30 | E16: TRUE | F16: 1 | G16: 0 | H16: 0 | I16: 100 | J16: 1 | K16: 150 | L16: 21 | M16: TRUE | N16: 0 | O16: 0 | P16: 0 | Q16: 1 | R16: FINAL_DAMAGE | S16: 15 | W16: Wiki: base +15%->27% Final Damage for 15s, ADDITIONALLY +1%->1.8% per second, stacking up to 10 times (levels 1-200), cooldown 30s. Both curves reverse-engineered independently: base factorIndex 21/baseDamage 150 tenths%, increment factorIndex 21/baseDamage 10 tenths% — the increment is EXACTLY base/15 at every sampled level (zero residual error), confirming the ramp is a fixed fraction of the base, not an independently-scaled curve. Time-averaged stacks over the 15s window = (0+1+...+9+10*5)/15 = 6.3333, so the time-averaged total = base*(1+6.3333/15) = base*64/45 exactly. This row's own Calc!F needs a BESPOKE formula in build_calc_sheet (base_pct * 64/45, using the single factorIndex-21 lookup for 'base_pct') instead of the generic F-column formula every other row uses — flagged here so the Calc-sheet build stage doesn't miss it.
A17: MAGIC_ACCELERATION | B17: Magic Acceleration | C17: 2 | E17: FALSE | F17: 1 | G17: 0 | H17: 0 | I17: 100 | J17: 1 | K17: 50 | L17: 22 | M17: TRUE | N17: 0 | O17: 0 | P17: 0 | Q17: 1 | R17: ATTACK_SPEED | S17: 0 | W17: Permanent passive, +5%->6.5% Attack Speed (levels 1-100) — Magic Critical pattern, already baked into Inputs!ATTACK_SPEED%; this row only feeds the 2nd-Job Skill Level Bonus Sensitivity delta. factorIndex 22, baseDamage 50 tenths%.
A18: SPELL_MASTERY | B18: Spell Mastery | C18: 2 | E18: FALSE | F18: 1 | G18: 0 | H18: 0 | I18: 100 | J18: 1 | K18: 150 | L18: 22 | M18: TRUE | N18: 0 | O18: 0 | P18: 0 | Q18: 1 | R18: MIN_DAMAGE | S18: 0 | W18: Permanent passive, +15%->19.5% Min Damage Multiplier (levels 1-100) — Magic Critical pattern, already baked into Inputs!MIN_DAMAGE%; feeds the 2nd-Job Skill Level Bonus delta. factorIndex 22, baseDamage 150 tenths%.
A19: HIGH_WISDOM | B19: High Wisdom | C19: 2 | E19: FALSE | F19: 1 | G19: 0 | H19: 0 | I19: 100 | J19: 1 | K19: 80 | L19: 22 | M19: TRUE | N19: 0 | O19: 0 | P19: 0 | Q19: 1 | R19: CRIT_RATE | S19: 0 | W19: Permanent passive, +8%->10.4% Critical Rate (levels 1-100) — Magic Critical pattern, already baked into Inputs!CRIT_RATE% (jointly with Magic Critical (Crit Rate) below, both are separate skills contributing to the same Inputs field); feeds the 2nd-Job Skill Level Bonus delta. factorIndex 22, baseDamage 80 tenths%.
A20: MAGIC_CRITICAL_RATE | B20: Magic Critical (Crit Rate) | C20: 3 | E20: FALSE | F20: 1 | G20: 0 | H20: 0 | I20: 100 | J20: 1 | K20: 80 | L20: 22 | M20: TRUE | N20: 0 | O20: 0 | P20: 0 | Q20: 1 | R20: CRIT_RATE | S20: 0 | W20: Permanent passive, +8%->12.8% Critical Rate (levels 1-200) — Magic Critical pattern, already baked into Inputs!CRIT_RATE%; feeds the 3rd-Job Skill Level Bonus delta. factorIndex 22, baseDamage 80 tenths%.
A21: MAGIC_CRITICAL_DAMAGE | B21: Magic Critical (Crit Damage) | C21: 3 | E21: FALSE | F21: 1 | G21: 0 | H21: 0 | I21: 100 | J21: 1 | K21: 120 | L21: 22 | M21: TRUE | N21: 0 | O21: 0 | P21: 0 | Q21: 1 | R21: CRIT_DAMAGE | S21: 0 | W21: Same skill as Magic Critical (Crit Rate) above, +12%->19.2% Critical Damage (levels 1-200) — Magic Critical pattern, already baked into Inputs!CRIT_DAMAGE%; feeds the 3rd-Job Skill Level Bonus delta. factorIndex 22, baseDamage 120 tenths%.
A22: BUFF_MASTERY | B22: Buff Mastery | C22: 4 | E22: FALSE | F22: 1 | G22: 0 | H22: 0 | I22: 100 | J22: 1 | K22: 100 | L22: 22 | M22: TRUE | N22: 0 | O22: 0 | P22: 0 | Q22: 1 | S22: 0 | W22: Permanent passive (unlocked level 117), +10%->16% Buff Duration (levels 1-200) — not reflected anywhere in Inputs, so its current value (Calc!F) is added directly into every uptime_fraction_expr call's Buff Duration Increase % term (see bdi_with_buff_mastery_expr, already defined above). factorIndex 22, baseDamage 100 tenths%. Shared w/ FP-Mage.
A23: ARCANE_AIM | B23: Arcane Aim | C23: 4 | E23: FALSE | F23: 1 | G23: 0 | H23: 0 | I23: 100 | J23: 1 | K23: 30 | L23: 22 | M23: TRUE | N23: 0 | O23: 0 | P23: 0 | Q23: 1 | S23: 0 | W23: Permanent passive (unlocked level 120), 25% chance per attack for +3%->4.8% Final Damage (levels 1-200) for 10s, stacking up to 5 times — modeled as always at max 5 stacks (same always-on-proc-stack precedent as Elemental Reset/FP-Mage's own Arcane Aim). Combined MULTIPLICATIVELY into the Final Damage chain as (1+Calc!F/100)^5 in a later build stage. factorIndex 22, baseDamage 30 tenths%. Shared w/ FP-Mage.

Sheet Calc
A1: Key | B1: Name | C1: Unlocked | D1: InputLevel | E1: Factor | F1: CoefficientPercent | G1: EffectiveHits | H1: ProcProbability | I1: MapleHeroMultiplier | J1: BaseDamage | K1: BaseHitDamage | L1: NonCritAvg | M1: CritAvg | N1: ExpectedDamage(perHit) | O1: DPS | P1: % of Total | Q1: InvCooldown | R1: CastsInFight | Z1: Maple Hero helper (jobStep4, factorIndex23)
A2: =Skills!A2 | B2: =Skills!B2 | C2: =Inputs!$B$3>=100 | F2: =Summary!$B$50+Skills!N2 | G2: =Skills!F2*IF(Skills!G2>0,Skills!H2/Skills!G2,1) | H2: =1-(1-Skills!I2/100)^Skills!J2 | I2: =IF(Skills!T2<>"",1+(Skills!T2/10)*($Z$3/1000)/100,1) | J2: =Summary!$B$46*(F2/100) | K2: =J2*(1+Summary!$B$47/100)*(1+(Inputs!$B$14+Summary!$B$55)/100)*(1+IF(Inputs!$B$4="pvp",0,(1-Summary!$B$51)*(Inputs!$B$19+Skills!O2+Summary!$B$54)+Summary!$B$51*(Inputs!$B$20+Skills!P2+Summary!$B$54))/100)*(1+Inputs!$B$15/100)*(5000/(6000+Inputs!$B$7*(1-Inputs!$B$18/100)))*(1+Inputs!$B$23/100)*(1+IF(C15=TRUE,F15,0)/100)*(1+IF(C23=TRUE,F23,0)/100)^5*(1+(IF(Skills!A2="CHAIN_LIGHTNING",Inputs!$B$16,Inputs!$B$17))/100)*(Summary!$B$53*I2) | L2: =K2*(MIN(Inputs!$B$21,Inputs!$B$22)/100+Inputs!$B$22/100)/2 | M2: =L2*(1+Inputs!$B$9/100) | N2: =L2*(1-MIN(Inputs!$B$8,100)/100)+M2*(MIN(Inputs!$B$8,100)/100) | O2: =IF(C2,Skills!F2*N2*Summary!$B$59*IF(Inputs!$B$4="pvp",1,(1-Summary!$B$51)*(1)+Summary!$B$51*(MIN(Skills!Q2,Inputs!$B$37))),0) | P2: =IF(Summary!$B$3=0,0,O2/Summary!$B$3) | Q2: =IFERROR(1/IF(Inputs!$B$4="pvp",15,MAX(0.1,Skills!D2-IF(Skills!E2=TRUE,Inputs!$B$31,0))),0) | R2: 0 | Z2: =MAX(0,(Inputs!$B$3-100)*3)+Inputs!$B$27+Inputs!$B$28
A3: =Skills!A3 | B3: =Skills!B3 | C3: =Inputs!$B$3>=15 | D3: =IF(Skills!C3=1,60+Inputs!$B$24+Inputs!$B$28,IF(Skills!C3=2,90+Inputs!$B$25+Inputs!$B$28,IF(Skills!C3=3,120+Inputs!$B$26+Inputs!$B$28,MAX(0,(Inputs!$B$3-100)*3)+Inputs!$B$27+Inputs!$B$28))) | E3: =INDEX(FactorTable!$B$2:$Y$301, MATCH(ROUND(MIN(300,MAX(1,D3)),0), FactorTable!$A$2:$A$301,0), Skills!L3+1) | F3: =IF(Skills!M3=TRUE,(Skills!K3/10)*(E3/1000),Skills!K3/10)+Skills!N3 | G3: =Skills!F3*IF(Skills!G3>0,Skills!H3/Skills!G3,1) | H3: =1-(1-Skills!I3/100)^Skills!J3 | I3: =IF(Skills!T3<>"",1+(Skills!T3/10)*($Z$3/1000)/100,1) | O3: 0 | P3: =IF(Summary!$B$3=0,0,O3/Summary!$B$3) | Q3: =IFERROR(1/IF(Inputs!$B$4="pvp",15,MAX(0.1,Skills!D3-IF(Skills!E3=TRUE,Inputs!$B$31,0))),0) | R3: =IF(AND(Inputs!$B$4<>"pvp",Inputs!$B$35>0),(INT(Inputs!$B$35/IF(Inputs!$B$4="pvp",15,MAX(0.1,Skills!D3-IF(Skills!E3=TRUE,Inputs!$B$31,0))))+1),0) | Z3: =INDEX(FactorTable!$B$2:$Y$301, MATCH(ROUND(MIN(300,MAX(1,Z2)),0), FactorTable!$A$2:$A$301,0), 24)
A4: =Skills!A4 | B4: =Skills!B4 | C4: =Inputs!$B$3>=40 | D4: =IF(Skills!C4=1,60+Inputs!$B$24+Inputs!$B$28,IF(Skills!C4=2,90+Inputs!$B$25+Inputs!$B$28,IF(Skills!C4=3,120+Inputs!$B$26+Inputs!$B$28,MAX(0,(Inputs!$B$3-100)*3)+Inputs!$B$27+Inputs!$B$28))) | E4: =INDEX(FactorTable!$B$2:$Y$301, MATCH(ROUND(MIN(300,MAX(1,D4)),0), FactorTable!$A$2:$A$301,0), Skills!L4+1) | F4: =IF(Skills!M4=TRUE,(Skills!K4/10)*(E4/1000),Skills!K4/10)+Skills!N4 | G4: =Skills!F4*IF(Skills!G4>0,Skills!H4/Skills!G4,1) | H4: =1-(1-Skills!I4/100)^Skills!J4 | I4: =IF(Skills!T4<>"",1+(Skills!T4/10)*($Z$3/1000)/100,1) | O4: 0 | P4: =IF(Summary!$B$3=0,0,O4/Summary!$B$3) | Q4: =IFERROR(1/IF(Inputs!$B$4="pvp",15,MAX(0.1,Skills!D4-IF(Skills!E4=TRUE,Inputs!$B$31,0))),0) | R4: =IF(AND(Inputs!$B$4<>"pvp",Inputs!$B$35>0),(INT(Inputs!$B$35/IF(Inputs!$B$4="pvp",15,MAX(0.1,Skills!D4-IF(Skills!E4=TRUE,Inputs!$B$31,0))))+1),0)
A5: =Skills!A5 | B5: =Skills!B5 | C5: =Inputs!$B$3>=38 | D5: =IF(Skills!C5=1,60+Inputs!$B$24+Inputs!$B$28,IF(Skills!C5=2,90+Inputs!$B$25+Inputs!$B$28,IF(Skills!C5=3,120+Inputs!$B$26+Inputs!$B$28,MAX(0,(Inputs!$B$3-100)*3)+Inputs!$B$27+Inputs!$B$28))) | E5: =INDEX(FactorTable!$B$2:$Y$301, MATCH(ROUND(MIN(300,MAX(1,D5)),0), FactorTable!$A$2:$A$301,0), Skills!L5+1) | F5: =IF(Skills!M5=TRUE,(Skills!K5/10)*(E5/1000),Skills!K5/10)+Skills!N5 | G5: =Skills!F5*IF(Skills!G5>0,Skills!H5/Skills!G5,1) | H5: =1-(1-Skills!I5/100)^Skills!J5 | I5: =IF(Skills!T5<>"",1+(Skills!T5/10)*($Z$3/1000)/100,1) | J5: =Summary!$B$46*(F5/100) | K5: =J5*(1+Summary!$B$47/100)*(1+(Inputs!$B$14+Summary!$B$55)/100)*(1+IF(Inputs!$B$4="pvp",0,(1-Summary!$B$51)*(Inputs!$B$19+Skills!O5+Summary!$B$54)+Summary!$B$51*(Inputs!$B$20+Skills!P5+Summary!$B$54))/100)*(1+Inputs!$B$15/100)*(5000/(6000+Inputs!$B$7*(1-Inputs!$B$18/100)))*(1+Inputs!$B$23/100)*(1+IF(C15=TRUE,F15,0)/100)*(1+IF(C23=TRUE,F23,0)/100)^5*(1+(IF(Skills!A5="CHAIN_LIGHTNING",Inputs!$B$16,Inputs!$B$17))/100)*(Summary!$B$53*I5) | L5: =K5*(MIN(Inputs!$B$21,Inputs!$B$22)/100+Inputs!$B$22/100)/2 | M5: =L5*(1+Inputs!$B$9/100) | N5: =L5*(1-MIN(Inputs!$B$8,100)/100)+M5*(MIN(Inputs!$B$8,100)/100) | O5: =IF(C5,H5*N5*IF(AND(Inputs!$B$4<>"pvp",Inputs!$B$35>0),((Skills!F5*((R5-1)*IF(Skills!G5>0,Skills!H5/Skills!G5,1)+IF(Skills!G5>0,MIN(Skills!H5,MAX(0,Inputs!$B$35-((R5-1)*IF(Inputs!$B$4="pvp",15,MAX(0.1,Skills!D5-IF(Skills!E5=TRUE,Inputs!$B$31,0))))))/Skills!G5,1)))/Inputs!$B$35),G5*Q5)*IF(Inputs!$B$4="pvp",1,(1-Summary!$B$51)*(1)+Summary!$B$51*(MIN(Skills!Q5,Inputs!$B$37))),0) | P5: =IF(Summary!$B$3=0,0,O5/Summary!$B$3) | Q5: =IFERROR(1/IF(Inputs!$B$4="pvp",15,MAX(0.1,Skills!D5-IF(Skills!E5=TRUE,Inputs!$B$31,0))),0) | R5: =IF(AND(Inputs!$B$4<>"pvp",Inputs!$B$35>0),(INT(Inputs!$B$35/IF(Inputs!$B$4="pvp",15,MAX(0.1,Skills!D5-IF(Skills!E5=TRUE,Inputs!$B$31,0))))+1),0)
A6: =Skills!A6 | B6: =Skills!B6 | C6: =Inputs!$B$3>=63 | D6: =IF(Skills!C6=1,60+Inputs!$B$24+Inputs!$B$28,IF(Skills!C6=2,90+Inputs!$B$25+Inputs!$B$28,IF(Skills!C6=3,120+Inputs!$B$26+Inputs!$B$28,MAX(0,(Inputs!$B$3-100)*3)+Inputs!$B$27+Inputs!$B$28))) | E6: =INDEX(FactorTable!$B$2:$Y$301, MATCH(ROUND(MIN(300,MAX(1,D6)),0), FactorTable!$A$2:$A$301,0), Skills!L6+1) | F6: =IF(Skills!M6=TRUE,(Skills!K6/10)*(E6/1000),Skills!K6/10)+Skills!N6 | G6: =Skills!F6*IF(Skills!G6>0,Skills!H6/Skills!G6,1) | H6: =1-(1-Skills!I6/100)^Skills!J6 | I6: =IF(Skills!T6<>"",1+(Skills!T6/10)*($Z$3/1000)/100,1) | J6: =Summary!$B$46*(F6/100) | K6: =J6*(1+Summary!$B$47/100)*(1+(Inputs!$B$14+Summary!$B$55)/100)*(1+IF(Inputs!$B$4="pvp",0,(1-Summary!$B$51)*(Inputs!$B$19+Skills!O6+Summary!$B$54)+Summary!$B$51*(Inputs!$B$20+Skills!P6+Summary!$B$54))/100)*(1+Inputs!$B$15/100)*(5000/(6000+Inputs!$B$7*(1-Inputs!$B$18/100)))*(1+Inputs!$B$23/100)*(1+IF(C15=TRUE,F15,0)/100)*(1+IF(C23=TRUE,F23,0)/100)^5*(1+(IF(Skills!A6="CHAIN_LIGHTNING",Inputs!$B$16,Inputs!$B$17))/100)*(Summary!$B$53*I6) | L6: =K6*(MIN(Inputs!$B$21,Inputs!$B$22)/100+Inputs!$B$22/100)/2 | M6: =L6*(1+Inputs!$B$9/100) | N6: =L6*(1-MIN(Inputs!$B$8,100)/100)+M6*(MIN(Inputs!$B$8,100)/100) | O6: =IF(C6,H6*N6*IF(AND(Inputs!$B$4<>"pvp",Inputs!$B$35>0),((Skills!F6*((R6-1)*IF(Skills!G6>0,Skills!H6/Skills!G6,1)+IF(Skills!G6>0,MIN(Skills!H6,MAX(0,Inputs!$B$35-((R6-1)*IF(Inputs!$B$4="pvp",15,MAX(0.1,Skills!D6-IF(Skills!E6=TRUE,Inputs!$B$31,0))))))/Skills!G6,1)))/Inputs!$B$35),G6*Q6)*IF(Inputs!$B$4="pvp",1,(1-Summary!$B$51)*(1)+Summary!$B$51*(MIN(Skills!Q6,Inputs!$B$37))),0) | P6: =IF(Summary!$B$3=0,0,O6/Summary!$B$3) | Q6: =IFERROR(1/IF(Inputs!$B$4="pvp",15,MAX(0.1,Skills!D6-IF(Skills!E6=TRUE,Inputs!$B$31,0))),0) | R6: =IF(AND(Inputs!$B$4<>"pvp",Inputs!$B$35>0),(INT(Inputs!$B$35/IF(Inputs!$B$4="pvp",15,MAX(0.1,Skills!D6-IF(Skills!E6=TRUE,Inputs!$B$31,0))))+1),0)
A7: =Skills!A7 | B7: =Skills!B7 | C7: =Inputs!$B$3>=69 | D7: =IF(Skills!C7=1,60+Inputs!$B$24+Inputs!$B$28,IF(Skills!C7=2,90+Inputs!$B$25+Inputs!$B$28,IF(Skills!C7=3,120+Inputs!$B$26+Inputs!$B$28,MAX(0,(Inputs!$B$3-100)*3)+Inputs!$B$27+Inputs!$B$28))) | E7: =INDEX(FactorTable!$B$2:$Y$301, MATCH(ROUND(MIN(300,MAX(1,D7)),0), FactorTable!$A$2:$A$301,0), Skills!L7+1) | F7: =IF(Skills!M7=TRUE,(Skills!K7/10)*(E7/1000),Skills!K7/10)+Skills!N7 | G7: =Skills!F7*IF(Skills!G7>0,Skills!H7/Skills!G7,1) | H7: =1-(1-Skills!I7/100)^Skills!J7 | I7: =IF(Skills!T7<>"",1+(Skills!T7/10)*($Z$3/1000)/100,1) | J7: =Summary!$B$46*(F7/100) | K7: =J7*(1+Summary!$B$47/100)*(1+(Inputs!$B$14+Summary!$B$55)/100)*(1+IF(Inputs!$B$4="pvp",0,(1-Summary!$B$51)*(Inputs!$B$19+Skills!O7+Summary!$B$54)+Summary!$B$51*(Inputs!$B$20+Skills!P7+Summary!$B$54))/100)*(1+Inputs!$B$15/100)*(5000/(6000+Inputs!$B$7*(1-Inputs!$B$18/100)))*(1+Inputs!$B$23/100)*(1+IF(C15=TRUE,F15,0)/100)*(1+IF(C23=TRUE,F23,0)/100)^5*(1+(IF(Skills!A7="CHAIN_LIGHTNING",Inputs!$B$16,Inputs!$B$17))/100)*(Summary!$B$53*I7) | L7: =K7*(MIN(Inputs!$B$21,Inputs!$B$22)/100+Inputs!$B$22/100)/2 | M7: =L7*(1+Inputs!$B$9/100) | N7: =L7*(1-MIN(Inputs!$B$8,100)/100)+M7*(MIN(Inputs!$B$8,100)/100) | O7: =IF(C7,H7*N7*IF(AND(Inputs!$B$4<>"pvp",Inputs!$B$35>0),((Skills!F7*((R7-1)*IF(Skills!G7>0,Skills!H7/Skills!G7,1)+IF(Skills!G7>0,MIN(Skills!H7,MAX(0,Inputs!$B$35-((R7-1)*IF(Inputs!$B$4="pvp",15,MAX(0.1,Skills!D7-IF(Skills!E7=TRUE,Inputs!$B$31,0))))))/Skills!G7,1)))/Inputs!$B$35),G7*Q7)*IF(Inputs!$B$4="pvp",1,(1-Summary!$B$51)*(1)+Summary!$B$51*(MIN(Skills!Q7,Inputs!$B$37))),0) | P7: =IF(Summary!$B$3=0,0,O7/Summary!$B$3) | Q7: =IFERROR(1/IF(Inputs!$B$4="pvp",15,MAX(0.1,Skills!D7-IF(Skills!E7=TRUE,Inputs!$B$31,0))),0) | R7: =IF(AND(Inputs!$B$4<>"pvp",Inputs!$B$35>0),(INT(Inputs!$B$35/IF(Inputs!$B$4="pvp",15,MAX(0.1,Skills!D7-IF(Skills!E7=TRUE,Inputs!$B$31,0))))+1),0)
A8: =Skills!A8 | B8: =Skills!B8 | C8: =Inputs!$B$3>=103 | D8: =IF(Skills!C8=1,60+Inputs!$B$24+Inputs!$B$28,IF(Skills!C8=2,90+Inputs!$B$25+Inputs!$B$28,IF(Skills!C8=3,120+Inputs!$B$26+Inputs!$B$28,MAX(0,(Inputs!$B$3-100)*3)+Inputs!$B$27+Inputs!$B$28))) | E8: =INDEX(FactorTable!$B$2:$Y$301, MATCH(ROUND(MIN(300,MAX(1,D8)),0), FactorTable!$A$2:$A$301,0), Skills!L8+1) | F8: =IF(Skills!M8=TRUE,(Skills!K8/10)*(E8/1000),Skills!K8/10)+Skills!N8 | G8: =Skills!F8*IF(Skills!G8>0,Skills!H8/Skills!G8,1) | H8: =1-(1-Skills!I8/100)^Skills!J8 | I8: =IF(Skills!T8<>"",1+(Skills!T8/10)*($Z$3/1000)/100,1) | J8: =Summary!$B$46*(F8/100) | K8: =J8*(1+Summary!$B$47/100)*(1+(Inputs!$B$14+Summary!$B$55)/100)*(1+IF(Inputs!$B$4="pvp",0,(1-Summary!$B$51)*(Inputs!$B$19+Skills!O8+Summary!$B$54)+Summary!$B$51*(Inputs!$B$20+Skills!P8+Summary!$B$54))/100)*(1+Inputs!$B$15/100)*(5000/(6000+Inputs!$B$7*(1-Inputs!$B$18/100)))*(1+Inputs!$B$23/100)*(1+IF(C15=TRUE,F15,0)/100)*(1+IF(C23=TRUE,F23,0)/100)^5*(1+(IF(Skills!A8="CHAIN_LIGHTNING",Inputs!$B$16,Inputs!$B$17))/100)*(Summary!$B$53*I8) | L8: =K8*(MIN(Inputs!$B$21,Inputs!$B$22)/100+Inputs!$B$22/100)/2 | M8: =L8*(1+Inputs!$B$9/100) | N8: =L8*(1-MIN(Inputs!$B$8,100)/100)+M8*(MIN(Inputs!$B$8,100)/100) | O8: =IF(C8,H8*N8*IF(AND(Inputs!$B$4<>"pvp",Inputs!$B$35>0),((Skills!F8*((R8-1)*IF(Skills!G8>0,Skills!H8/Skills!G8,1)+IF(Skills!G8>0,MIN(Skills!H8,MAX(0,Inputs!$B$35-((R8-1)*IF(Inputs!$B$4="pvp",15,MAX(0.1,Skills!D8-IF(Skills!E8=TRUE,Inputs!$B$31,0))))))/Skills!G8,1)))/Inputs!$B$35),G8*Q8)*IF(Inputs!$B$4="pvp",1,(1-Summary!$B$51)*(1)+Summary!$B$51*(MIN(Skills!Q8,Inputs!$B$37))),0) | P8: =IF(Summary!$B$3=0,0,O8/Summary!$B$3) | Q8: =IFERROR(1/IF(Inputs!$B$4="pvp",15,MAX(0.1,Skills!D8-IF(Skills!E8=TRUE,Inputs!$B$31,0))),0) | R8: =IF(AND(Inputs!$B$4<>"pvp",Inputs!$B$35>0),(INT(Inputs!$B$35/IF(Inputs!$B$4="pvp",15,MAX(0.1,Skills!D8-IF(Skills!E8=TRUE,Inputs!$B$31,0))))+1),0)
A9: =Skills!A9 | B9: =Skills!B9 | C9: =Inputs!$B$3>=105 | D9: =IF(Skills!C9=1,60+Inputs!$B$24+Inputs!$B$28,IF(Skills!C9=2,90+Inputs!$B$25+Inputs!$B$28,IF(Skills!C9=3,120+Inputs!$B$26+Inputs!$B$28,MAX(0,(Inputs!$B$3-100)*3)+Inputs!$B$27+Inputs!$B$28))) | E9: =INDEX(FactorTable!$B$2:$Y$301, MATCH(ROUND(MIN(300,MAX(1,D9)),0), FactorTable!$A$2:$A$301,0), Skills!L9+1) | F9: =IF(Skills!M9=TRUE,(Skills!K9/10)*(E9/1000),Skills!K9/10)+Skills!N9 | G9: =Skills!F9*IF(Skills!G9>0,Skills!H9/Skills!G9,1) | H9: =1-(1-Skills!I9/100)^Skills!J9 | I9: =IF(Skills!T9<>"",1+(Skills!T9/10)*($Z$3/1000)/100,1) | J9: =Summary!$B$46*(F9/100) | K9: =J9*(1+Summary!$B$47/100)*(1+(Inputs!$B$14+Summary!$B$55)/100)*(1+IF(Inputs!$B$4="pvp",0,(1-Summary!$B$51)*(Inputs!$B$19+Skills!O9+Summary!$B$54)+Summary!$B$51*(Inputs!$B$20+Skills!P9+Summary!$B$54))/100)*(1+Inputs!$B$15/100)*(5000/(6000+Inputs!$B$7*(1-Inputs!$B$18/100)))*(1+Inputs!$B$23/100)*(1+IF(C15=TRUE,F15,0)/100)*(1+IF(C23=TRUE,F23,0)/100)^5*(1+(IF(Skills!A9="CHAIN_LIGHTNING",Inputs!$B$16,Inputs!$B$17))/100)*(Summary!$B$53*I9) | L9: =K9*(MIN(Inputs!$B$21,Inputs!$B$22)/100+Inputs!$B$22/100)/2 | M9: =L9*(1+Inputs!$B$9/100) | N9: =L9*(1-MIN(Inputs!$B$8,100)/100)+M9*(MIN(Inputs!$B$8,100)/100) | O9: =IF(C9,H9*N9*IF(AND(Inputs!$B$4<>"pvp",Inputs!$B$35>0),((Skills!F9*((R9-1)*IF(Skills!G9>0,Skills!H9/Skills!G9,1)+IF(Skills!G9>0,MIN(Skills!H9,MAX(0,Inputs!$B$35-((R9-1)*IF(Inputs!$B$4="pvp",15,MAX(0.1,Skills!D9-IF(Skills!E9=TRUE,Inputs!$B$31,0))))))/Skills!G9,1)))/Inputs!$B$35),G9*Q9)*IF(Inputs!$B$4="pvp",1,(1-Summary!$B$51)*(1)+Summary!$B$51*(MIN(Skills!Q9,Inputs!$B$37))),0) | P9: =IF(Summary!$B$3=0,0,O9/Summary!$B$3) | Q9: =IFERROR(1/IF(Inputs!$B$4="pvp",15,MAX(0.1,Skills!D9-IF(Skills!E9=TRUE,Inputs!$B$31,0))),0) | R9: =IF(AND(Inputs!$B$4<>"pvp",Inputs!$B$35>0),(INT(Inputs!$B$35/IF(Inputs!$B$4="pvp",15,MAX(0.1,Skills!D9-IF(Skills!E9=TRUE,Inputs!$B$31,0))))+1),0)
A10: =Skills!A10 | B10: =Skills!B10 | C10: =Inputs!$B$3>=113 | D10: =IF(Skills!C10=1,60+Inputs!$B$24+Inputs!$B$28,IF(Skills!C10=2,90+Inputs!$B$25+Inputs!$B$28,IF(Skills!C10=3,120+Inputs!$B$26+Inputs!$B$28,MAX(0,(Inputs!$B$3-100)*3)+Inputs!$B$27+Inputs!$B$28))) | E10: =INDEX(FactorTable!$B$2:$Y$301, MATCH(ROUND(MIN(300,MAX(1,D10)),0), FactorTable!$A$2:$A$301,0), Skills!L10+1) | F10: =IF(Skills!M10=TRUE,(Skills!K10/10)*(E10/1000),Skills!K10/10)+Skills!N10 | G10: =Skills!F10*IF(Skills!G10>0,Skills!H10/Skills!G10,1) | H10: =1-(1-Skills!I10/100)^Skills!J10 | I10: =IF(Skills!T10<>"",1+(Skills!T10/10)*($Z$3/1000)/100,1) | J10: =Summary!$B$46*(F10/100) | K10: =J10*(1+Summary!$B$47/100)*(1+(Inputs!$B$14+Summary!$B$55)/100)*(1+IF(Inputs!$B$4="pvp",0,(1-Summary!$B$51)*(Inputs!$B$19+Skills!O10+Summary!$B$54)+Summary!$B$51*(Inputs!$B$20+Skills!P10+Summary!$B$54))/100)*(1+Inputs!$B$15/100)*(5000/(6000+Inputs!$B$7*(1-Inputs!$B$18/100)))*(1+Inputs!$B$23/100)*(1+IF(C15=TRUE,F15,0)/100)*(1+IF(C23=TRUE,F23,0)/100)^5*(1+(IF(Skills!A10="CHAIN_LIGHTNING",Inputs!$B$16,Inputs!$B$17))/100)*(Summary!$B$53*I10) | L10: =K10*(MIN(Inputs!$B$21,Inputs!$B$22)/100+Inputs!$B$22/100)/2 | M10: =L10*(1+Inputs!$B$9/100) | N10: =L10*(1-MIN(Inputs!$B$8,100)/100)+M10*(MIN(Inputs!$B$8,100)/100) | O10: =IF(C10,H10*N10*IF(AND(Inputs!$B$4<>"pvp",Inputs!$B$35>0),((Skills!F10*((R10-1)*IF(Skills!G10>0,Skills!H10/Skills!G10,1)+IF(Skills!G10>0,MIN(Skills!H10,MAX(0,Inputs!$B$35-((R10-1)*IF(Inputs!$B$4="pvp",15,MAX(0.1,Skills!D10-IF(Skills!E9=TRUE,Inputs!$B$31,0))))))/Skills!G10,1)))/Inputs!$B$35),G10*Q10)*IF(Inputs!$B$4="pvp",1,(1-Summary!$B$51)*(1)+Summary!$B$51*(MIN(Skills!Q10,Inputs!$B$37))),0) | P10: =IF(Summary!$B$3=0,0,O10/Summary!$B$3) | Q10: =IFERROR(1/IF(Inputs!$B$4="pvp",15,MAX(0.1,Skills!D10-IF(Skills!E9=TRUE,Inputs!$B$31,0))),0) | R10: =IF(AND(Inputs!$B$4<>"pvp",Inputs!$B$35>0),(INT(Inputs!$B$35/IF(Inputs!$B$4="pvp",15,MAX(0.1,Skills!D10-IF(Skills!E9=TRUE,Inputs!$B$31,0))))+1),0)
A11: =Skills!A11 | B11: =Skills!B11 | C11: =Inputs!$B$3>=107 | D11: =IF(Skills!C11=1,60+Inputs!$B$24+Inputs!$B$28,IF(Skills!C11=2,90+Inputs!$B$25+Inputs!$B$28,IF(Skills!C11=3,120+Inputs!$B$26+Inputs!$B$28,MAX(0,(Inputs!$B$3-100)*3)+Inputs!$B$27+Inputs!$B$28))) | E11: =INDEX(FactorTable!$B$2:$Y$301, MATCH(ROUND(MIN(300,MAX(1,D11)),0), FactorTable!$A$2:$A$301,0), Skills!L11+1) | F11: =IF(Skills!M11=TRUE,(Skills!K11/10)*(E11/1000),Skills!K11/10)+Skills!N11 | G11: =Skills!F11*IF(Skills!G11>0,Skills!H11/Skills!G11,1) | H11: =1-(1-Skills!I11/100)^Skills!J11 | I11: =IF(Skills!T11<>"",1+(Skills!T11/10)*($Z$3/1000)/100,1) | J11: =Summary!$B$46*(F11/100) | K11: =J11*(1+Summary!$B$47/100)*(1+(Inputs!$B$14+Summary!$B$55)/100)*(1+IF(Inputs!$B$4="pvp",0,(1-Summary!$B$51)*(Inputs!$B$19+Skills!O11+Summary!$B$54)+Summary!$B$51*(Inputs!$B$20+Skills!P11+Summary!$B$54))/100)*(1+Inputs!$B$15/100)*(5000/(6000+Inputs!$B$7*(1-Inputs!$B$18/100)))*(1+Inputs!$B$23/100)*(1+IF(C15=TRUE,F15,0)/100)*(1+IF(C23=TRUE,F23,0)/100)^5*(1+(IF(Skills!A11="CHAIN_LIGHTNING",Inputs!$B$16,Inputs!$B$17))/100)*(Summary!$B$53*I11) | L11: =K11*(MIN(Inputs!$B$21,Inputs!$B$22)/100+Inputs!$B$22/100)/2 | M11: =L11*(1+Inputs!$B$9/100) | N11: =L11*(1-MIN(Inputs!$B$8,100)/100)+M11*(MIN(Inputs!$B$8,100)/100) | O11: =IF(C11,H11*N11*IF(AND(Inputs!$B$4<>"pvp",Inputs!$B$35>0),((Skills!F11*((R11-1)*IF(Skills!G11>0,Skills!H11/Skills!G11,1)+IF(Skills!G11>0,MIN(Skills!H11,MAX(0,Inputs!$B$35-((R11-1)*IF(Inputs!$B$4="pvp",15,MAX(0.1,Skills!D11-IF(Skills!E11=TRUE,Inputs!$B$31,0))))))/Skills!G11,1)))/Inputs!$B$35),G11*Q11)*IF(Inputs!$B$4="pvp",0.5,(1-Summary!$B$51)*0.5+Summary!$B$51*1)*IF(Inputs!$B$4="pvp",1,(1-Summary!$B$51)*(1)+Summary!$B$51*(MIN(Skills!Q11,Inputs!$B$37))),0) | P11: =IF(Summary!$B$3=0,0,O11/Summary!$B$3) | Q11: =IFERROR(1/IF(Inputs!$B$4="pvp",15,MAX(0.1,Skills!D11-IF(Skills!E11=TRUE,Inputs!$B$31,0))),0) | R11: =IF(AND(Inputs!$B$4<>"pvp",Inputs!$B$35>0),(INT(Inputs!$B$35/IF(Inputs!$B$4="pvp",15,MAX(0.1,Skills!D11-IF(Skills!E11=TRUE,Inputs!$B$31,0))))+1),0)
A12: =Skills!A12 | B12: =Skills!B12 | C12: =Inputs!$B$3>=115 | D12: =IF(Skills!C12=1,60+Inputs!$B$24+Inputs!$B$28,IF(Skills!C12=2,90+Inputs!$B$25+Inputs!$B$28,IF(Skills!C12=3,120+Inputs!$B$26+Inputs!$B$28,MAX(0,(Inputs!$B$3-100)*3)+Inputs!$B$27+Inputs!$B$28))) | E12: =INDEX(FactorTable!$B$2:$Y$301, MATCH(ROUND(MIN(300,MAX(1,D12)),0), FactorTable!$A$2:$A$301,0), Skills!L12+1) | F12: =IF(Skills!M12=TRUE,(Skills!K12/10)*(E12/1000),Skills!K12/10)+Skills!N12 | G12: =Skills!F12*IF(Skills!G12>0,Skills!H12/Skills!G12,1) | H12: =1-(1-Skills!I12/100)^Skills!J12 | I12: =IF(Skills!T12<>"",1+(Skills!T12/10)*($Z$3/1000)/100,1) | J12: =Summary!$B$46*(F12/100) | K12: =J12*(1+Summary!$B$47/100)*(1+(Inputs!$B$14+Summary!$B$55)/100)*(1+IF(Inputs!$B$4="pvp",0,(1-Summary!$B$51)*(Inputs!$B$19+Skills!O12+Summary!$B$54)+Summary!$B$51*(Inputs!$B$20+Skills!P12+Summary!$B$54))/100)*(1+Inputs!$B$15/100)*(5000/(6000+Inputs!$B$7*(1-Inputs!$B$18/100)))*(1+Inputs!$B$23/100)*(1+IF(C15=TRUE,F15,0)/100)*(1+IF(C23=TRUE,F23,0)/100)^5*(1+(IF(Skills!A12="CHAIN_LIGHTNING",Inputs!$B$16,Inputs!$B$17))/100)*(Summary!$B$53*I12) | L12: =K12*(MIN(Inputs!$B$21,Inputs!$B$22)/100+Inputs!$B$22/100)/2 | M12: =L12*(1+Inputs!$B$9/100) | N12: =L12*(1-MIN(Inputs!$B$8,100)/100)+M12*(MIN(Inputs!$B$8,100)/100) | O12: =IF(C12,H12*N12*IF(AND(Inputs!$B$4<>"pvp",Inputs!$B$35>0),((Skills!F12*((R12-1)*IF(Skills!G12>0,Skills!H12/Skills!G12,1)+IF(Skills!G12>0,MIN(Skills!H12,MAX(0,Inputs!$B$35-((R12-1)*IF(Inputs!$B$4="pvp",15,MAX(0.1,Skills!D12-IF(Skills!E12=TRUE,Inputs!$B$31,0))))))/Skills!G12,1)))/Inputs!$B$35),G12*Q12)*IF(Inputs!$B$4="pvp",1,(1-Summary!$B$51)*(1)+Summary!$B$51*(MIN(Skills!Q12,Inputs!$B$37))),0) | P12: =IF(Summary!$B$3=0,0,O12/Summary!$B$3) | Q12: =IFERROR(1/IF(Inputs!$B$4="pvp",15,MAX(0.1,Skills!D12-IF(Skills!E12=TRUE,Inputs!$B$31,0))),0) | R12: =IF(AND(Inputs!$B$4<>"pvp",Inputs!$B$35>0),(INT(Inputs!$B$35/IF(Inputs!$B$4="pvp",15,MAX(0.1,Skills!D12-IF(Skills!E12=TRUE,Inputs!$B$31,0))))+1),0)
A13: =Skills!A13 | B13: =Skills!B13 | C13: =Inputs!$B$3>=49 | D13: =IF(Skills!C13=1,60+Inputs!$B$24+Inputs!$B$28,IF(Skills!C13=2,90+Inputs!$B$25+Inputs!$B$28,IF(Skills!C13=3,120+Inputs!$B$26+Inputs!$B$28,MAX(0,(Inputs!$B$3-100)*3)+Inputs!$B$27+Inputs!$B$28))) | E13: =INDEX(FactorTable!$B$2:$Y$301, MATCH(ROUND(MIN(300,MAX(1,D13)),0), FactorTable!$A$2:$A$301,0), Skills!L13+1) | F13: =IF(Skills!M13=TRUE,(Skills!K13/10)*(E13/1000),Skills!K13/10)+Skills!N13 | G13: =Skills!F13*IF(Skills!G13>0,Skills!H13/Skills!G13,1) | H13: =1-(1-Skills!I13/100)^Skills!J13 | I13: =IF(Skills!T13<>"",1+(Skills!T13/10)*($Z$3/1000)/100,1) | O13: 0 | P13: =IF(Summary!$B$3=0,0,O13/Summary!$B$3) | Q13: =IFERROR(1/IF(Inputs!$B$4="pvp",15,MAX(0.1,Skills!D13-IF(Skills!E13=TRUE,Inputs!$B$31,0))),0) | R13: 0
A14: =Skills!A14 | B14: =Skills!B14 | C14: =Inputs!$B$3>=72 | D14: =IF(Skills!C14=1,60+Inputs!$B$24+Inputs!$B$28,IF(Skills!C14=2,90+Inputs!$B$25+Inputs!$B$28,IF(Skills!C14=3,120+Inputs!$B$26+Inputs!$B$28,MAX(0,(Inputs!$B$3-100)*3)+Inputs!$B$27+Inputs!$B$28))) | E14: =INDEX(FactorTable!$B$2:$Y$301, MATCH(ROUND(MIN(300,MAX(1,D14)),0), FactorTable!$A$2:$A$301,0), Skills!L14+1) | F14: =IF(Skills!M14=TRUE,(Skills!K14/10)*(E14/1000),Skills!K14/10)+Skills!N14 | G14: =Skills!F14*IF(Skills!G14>0,Skills!H14/Skills!G14,1) | H14: =1-(1-Skills!I14/100)^Skills!J14 | I14: =IF(Skills!T14<>"",1+(Skills!T14/10)*($Z$3/1000)/100,1) | O14: 0 | P14: =IF(Summary!$B$3=0,0,O14/Summary!$B$3) | Q14: =IFERROR(1/IF(Inputs!$B$4="pvp",15,MAX(0.1,Skills!D14-IF(Skills!E14=TRUE,Inputs!$B$31,0))),0) | R14: 0
A15: =Skills!A15 | B15: =Skills!B15 | C15: =Inputs!$B$3>=75 | D15: =IF(Skills!C15=1,60+Inputs!$B$24+Inputs!$B$28,IF(Skills!C15=2,90+Inputs!$B$25+Inputs!$B$28,IF(Skills!C15=3,120+Inputs!$B$26+Inputs!$B$28,MAX(0,(Inputs!$B$3-100)*3)+Inputs!$B$27+Inputs!$B$28))) | E15: =INDEX(FactorTable!$B$2:$Y$301, MATCH(ROUND(MIN(300,MAX(1,D15)),0), FactorTable!$A$2:$A$301,0), Skills!L15+1) | F15: =IF(Skills!M15=TRUE,(Skills!K15/10)*(E15/1000),Skills!K15/10)+Skills!N15 | G15: =Skills!F15*IF(Skills!G15>0,Skills!H15/Skills!G15,1) | H15: =1-(1-Skills!I15/100)^Skills!J15 | I15: =IF(Skills!T15<>"",1+(Skills!T15/10)*($Z$3/1000)/100,1) | O15: 0 | P15: =IF(Summary!$B$3=0,0,O15/Summary!$B$3) | Q15: =IFERROR(1/IF(Inputs!$B$4="pvp",15,MAX(0.1,Skills!D15-IF(Skills!E15=TRUE,Inputs!$B$31,0))),0) | R15: 0
A16: =Skills!A16 | B16: =Skills!B16 | C16: =Inputs!$B$3>=110 | D16: =IF(Skills!C16=1,60+Inputs!$B$24+Inputs!$B$28,IF(Skills!C16=2,90+Inputs!$B$25+Inputs!$B$28,IF(Skills!C16=3,120+Inputs!$B$26+Inputs!$B$28,MAX(0,(Inputs!$B$3-100)*3)+Inputs!$B$27+Inputs!$B$28))) | E16: =INDEX(FactorTable!$B$2:$Y$301, MATCH(ROUND(MIN(300,MAX(1,D16)),0), FactorTable!$A$2:$A$301,0), Skills!L16+1) | F16: =(Skills!K16/10)*(E16/1000)*64/45+Skills!N16 | G16: =Skills!F16*IF(Skills!G16>0,Skills!H16/Skills!G16,1) | H16: =1-(1-Skills!I16/100)^Skills!J16 | I16: =IF(Skills!T16<>"",1+(Skills!T16/10)*($Z$3/1000)/100,1) | O16: 0 | P16: =IF(Summary!$B$3=0,0,O16/Summary!$B$3) | Q16: =IFERROR(1/IF(Inputs!$B$4="pvp",15,MAX(0.1,Skills!D16-IF(Skills!E16=TRUE,Inputs!$B$31,0))),0) | R16: =IF(AND(Inputs!$B$4<>"pvp",Inputs!$B$35>0),(INT(Inputs!$B$35/IF(Inputs!$B$4="pvp",15,MAX(0.1,Skills!D16-IF(Skills!E16=TRUE,Inputs!$B$31,0))))+1),0)
A17: =Skills!A17 | B17: =Skills!B17 | C17: =Inputs!$B$3>=33 | D17: =IF(Skills!C17=1,60+Inputs!$B$24+Inputs!$B$28,IF(Skills!C17=2,90+Inputs!$B$25+Inputs!$B$28,IF(Skills!C17=3,120+Inputs!$B$26+Inputs!$B$28,MAX(0,(Inputs!$B$3-100)*3)+Inputs!$B$27+Inputs!$B$28))) | E17: =INDEX(FactorTable!$B$2:$Y$301, MATCH(ROUND(MIN(300,MAX(1,D17)),0), FactorTable!$A$2:$A$301,0), Skills!L17+1) | F17: =IF(Skills!M17=TRUE,(Skills!K17/10)*(E17/1000),Skills!K17/10)+Skills!N17 | G17: =Skills!F17*IF(Skills!G17>0,Skills!H17/Skills!G17,1) | H17: =1-(1-Skills!I17/100)^Skills!J17 | I17: =IF(Skills!T17<>"",1+(Skills!T17/10)*($Z$3/1000)/100,1) | O17: 0 | P17: =IF(Summary!$B$3=0,0,O17/Summary!$B$3) | Q17: =IFERROR(1/IF(Inputs!$B$4="pvp",15,MAX(0.1,Skills!D17-IF(Skills!E17=TRUE,Inputs!$B$31,0))),0) | R17: 0
A18: =Skills!A18 | B18: =Skills!B18 | C18: =Inputs!$B$3>=43 | D18: =IF(Skills!C18=1,60+Inputs!$B$24+Inputs!$B$28,IF(Skills!C18=2,90+Inputs!$B$25+Inputs!$B$28,IF(Skills!C18=3,120+Inputs!$B$26+Inputs!$B$28,MAX(0,(Inputs!$B$3-100)*3)+Inputs!$B$27+Inputs!$B$28))) | E18: =INDEX(FactorTable!$B$2:$Y$301, MATCH(ROUND(MIN(300,MAX(1,D18)),0), FactorTable!$A$2:$A$301,0), Skills!L18+1) | F18: =IF(Skills!M18=TRUE,(Skills!K18/10)*(E18/1000),Skills!K18/10)+Skills!N18 | G18: =Skills!F18*IF(Skills!G18>0,Skills!H18/Skills!G18,1) | H18: =1-(1-Skills!I18/100)^Skills!J18 | I18: =IF(Skills!T18<>"",1+(Skills!T18/10)*($Z$3/1000)/100,1) | O18: 0 | P18: =IF(Summary!$B$3=0,0,O18/Summary!$B$3) | Q18: =IFERROR(1/IF(Inputs!$B$4="pvp",15,MAX(0.1,Skills!D18-IF(Skills!E18=TRUE,Inputs!$B$31,0))),0) | R18: 0
A19: =Skills!A19 | B19: =Skills!B19 | C19: =Inputs!$B$3>=50 | D19: =IF(Skills!C19=1,60+Inputs!$B$24+Inputs!$B$28,IF(Skills!C19=2,90+Inputs!$B$25+Inputs!$B$28,IF(Skills!C19=3,120+Inputs!$B$26+Inputs!$B$28,MAX(0,(Inputs!$B$3-100)*3)+Inputs!$B$27+Inputs!$B$28))) | E19: =INDEX(FactorTable!$B$2:$Y$301, MATCH(ROUND(MIN(300,MAX(1,D19)),0), FactorTable!$A$2:$A$301,0), Skills!L19+1) | F19: =IF(Skills!M19=TRUE,(Skills!K19/10)*(E19/1000),Skills!K19/10)+Skills!N19 | G19: =Skills!F19*IF(Skills!G19>0,Skills!H19/Skills!G19,1) | H19: =1-(1-Skills!I19/100)^Skills!J19 | I19: =IF(Skills!T19<>"",1+(Skills!T19/10)*($Z$3/1000)/100,1) | O19: 0 | P19: =IF(Summary!$B$3=0,0,O19/Summary!$B$3) | Q19: =IFERROR(1/IF(Inputs!$B$4="pvp",15,MAX(0.1,Skills!D19-IF(Skills!E19=TRUE,Inputs!$B$31,0))),0) | R19: 0
A20: =Skills!A20 | B20: =Skills!B20 | C20: =Inputs!$B$3>=74 | D20: =IF(Skills!C20=1,60+Inputs!$B$24+Inputs!$B$28,IF(Skills!C20=2,90+Inputs!$B$25+Inputs!$B$28,IF(Skills!C20=3,120+Inputs!$B$26+Inputs!$B$28,MAX(0,(Inputs!$B$3-100)*3)+Inputs!$B$27+Inputs!$B$28))) | E20: =INDEX(FactorTable!$B$2:$Y$301, MATCH(ROUND(MIN(300,MAX(1,D20)),0), FactorTable!$A$2:$A$301,0), Skills!L20+1) | F20: =IF(Skills!M20=TRUE,(Skills!K20/10)*(E20/1000),Skills!K20/10)+Skills!N20 | G20: =Skills!F20*IF(Skills!G20>0,Skills!H20/Skills!G20,1) | H20: =1-(1-Skills!I20/100)^Skills!J20 | I20: =IF(Skills!T20<>"",1+(Skills!T20/10)*($Z$3/1000)/100,1) | O20: 0 | P20: =IF(Summary!$B$3=0,0,O20/Summary!$B$3) | Q20: =IFERROR(1/IF(Inputs!$B$4="pvp",15,MAX(0.1,Skills!D20-IF(Skills!E20=TRUE,Inputs!$B$31,0))),0) | R20: 0
A21: =Skills!A21 | B21: =Skills!B21 | C21: =Inputs!$B$3>=74 | D21: =IF(Skills!C21=1,60+Inputs!$B$24+Inputs!$B$28,IF(Skills!C21=2,90+Inputs!$B$25+Inputs!$B$28,IF(Skills!C21=3,120+Inputs!$B$26+Inputs!$B$28,MAX(0,(Inputs!$B$3-100)*3)+Inputs!$B$27+Inputs!$B$28))) | E21: =INDEX(FactorTable!$B$2:$Y$301, MATCH(ROUND(MIN(300,MAX(1,D21)),0), FactorTable!$A$2:$A$301,0), Skills!L21+1) | F21: =IF(Skills!M21=TRUE,(Skills!K21/10)*(E21/1000),Skills!K21/10)+Skills!N21 | G21: =Skills!F21*IF(Skills!G21>0,Skills!H21/Skills!G21,1) | H21: =1-(1-Skills!I21/100)^Skills!J21 | I21: =IF(Skills!T21<>"",1+(Skills!T21/10)*($Z$3/1000)/100,1) | O21: 0 | P21: =IF(Summary!$B$3=0,0,O21/Summary!$B$3) | Q21: =IFERROR(1/IF(Inputs!$B$4="pvp",15,MAX(0.1,Skills!D21-IF(Skills!E21=TRUE,Inputs!$B$31,0))),0) | R21: 0
A22: =Skills!A22 | B22: =Skills!B22 | C22: =Inputs!$B$3>=117 | D22: =IF(Skills!C22=1,60+Inputs!$B$24+Inputs!$B$28,IF(Skills!C22=2,90+Inputs!$B$25+Inputs!$B$28,IF(Skills!C22=3,120+Inputs!$B$26+Inputs!$B$28,MAX(0,(Inputs!$B$3-100)*3)+Inputs!$B$27+Inputs!$B$28))) | E22: =INDEX(FactorTable!$B$2:$Y$301, MATCH(ROUND(MIN(300,MAX(1,D22)),0), FactorTable!$A$2:$A$301,0), Skills!L22+1) | F22: =IF(Skills!M22=TRUE,(Skills!K22/10)*(E22/1000),Skills!K22/10)+Skills!N22 | G22: =Skills!F22*IF(Skills!G22>0,Skills!H22/Skills!G22,1) | H22: =1-(1-Skills!I22/100)^Skills!J22 | I22: =IF(Skills!T22<>"",1+(Skills!T22/10)*($Z$3/1000)/100,1) | O22: 0 | P22: =IF(Summary!$B$3=0,0,O22/Summary!$B$3) | Q22: =IFERROR(1/IF(Inputs!$B$4="pvp",15,MAX(0.1,Skills!D22-IF(Skills!E22=TRUE,Inputs!$B$31,0))),0) | R22: 0
A23: =Skills!A23 | B23: =Skills!B23 | C23: =Inputs!$B$3>=120 | D23: =IF(Skills!C23=1,60+Inputs!$B$24+Inputs!$B$28,IF(Skills!C23=2,90+Inputs!$B$25+Inputs!$B$28,IF(Skills!C23=3,120+Inputs!$B$26+Inputs!$B$28,MAX(0,(Inputs!$B$3-100)*3)+Inputs!$B$27+Inputs!$B$28))) | E23: =INDEX(FactorTable!$B$2:$Y$301, MATCH(ROUND(MIN(300,MAX(1,D23)),0), FactorTable!$A$2:$A$301,0), Skills!L23+1) | F23: =IF(Skills!M23=TRUE,(Skills!K23/10)*(E23/1000),Skills!K23/10)+Skills!N23 | G23: =Skills!F23*IF(Skills!G23>0,Skills!H23/Skills!G23,1) | H23: =1-(1-Skills!I23/100)^Skills!J23 | I23: =IF(Skills!T23<>"",1+(Skills!T23/10)*($Z$3/1000)/100,1) | O23: 0 | P23: =IF(Summary!$B$3=0,0,O23/Summary!$B$3) | Q23: =IFERROR(1/IF(Inputs!$B$4="pvp",15,MAX(0.1,Skills!D23-IF(Skills!E23=TRUE,Inputs!$B$31,0))),0) | R23: 0

Sheet Summary
A1: Arch Mage (Ice/Lightning) — DPS Summary
A3: TOTAL DPS | B3: =SUM(Calc!O2:O23)
A5: Per-Skill DPS Breakdown
A6: Skill | B6: DPS | C6: % of Total
A7: =Calc!B2 | B7: =Calc!O2 | C7: =Calc!P2*100
A8: =Calc!B5 | B8: =Calc!O5 | C8: =Calc!P5*100
A9: =Calc!B6 | B9: =Calc!O6 | C9: =Calc!P6*100
A10: =Calc!B7 | B10: =Calc!O7 | C10: =Calc!P7*100
A11: =Calc!B8 | B11: =Calc!O8 | C11: =Calc!P8*100
A12: =Calc!B9 | B12: =Calc!O9 | C12: =Calc!P9*100
A13: =Calc!B10 | B13: =Calc!O10 | C13: =Calc!P10*100
A14: =Calc!B11 | B14: =Calc!O11 | C14: =Calc!P11*100
A15: =Calc!B12 | B15: =Calc!O12 | C15: =Calc!P12*100
A16: Marginal DPS & Stat Value (see Sensitivity for full detail)
A18: Stat | B18: DPS per +1 | C18: Units per +1% DPS
A19: =Sensitivity!A5 | B19: =Sensitivity!H5 | C19: =Sensitivity!B5
A20: =Sensitivity!A6 | B20: =Sensitivity!H6 | C20: =Sensitivity!B6
A21: =Sensitivity!A7 | B21: =Sensitivity!H7 | C21: =Sensitivity!B7
A22: =Sensitivity!A8 | B22: =Sensitivity!H8 | C22: =Sensitivity!B8
A23: =Sensitivity!A9 | B23: =Sensitivity!H9 | C23: =Sensitivity!B9
A24: =Sensitivity!A10 | B24: =Sensitivity!H10 | C24: =Sensitivity!B10
A25: =Sensitivity!A11 | B25: =Sensitivity!H11 | C25: =Sensitivity!B11
A26: =Sensitivity!A12 | B26: =Sensitivity!H12 | C26: =Sensitivity!B12
A27: =Sensitivity!A13 | B27: =Sensitivity!H13 | C27: =Sensitivity!B13
A28: =Sensitivity!A14 | B28: =Sensitivity!H14 | C28: =Sensitivity!B14
A29: =Sensitivity!A15 | B29: =Sensitivity!H15 | C29: =Sensitivity!B15
A30: =Sensitivity!A16 | B30: =Sensitivity!H16 | C30: =Sensitivity!B16
... A43: =Sensitivity!A29 | B43: =Sensitivity!H29 | C43: =Sensitivity!B29
A45: Derived Values (read-only, computed from Inputs)
A46: ATTACK (= Flat ATTACK x (1+ATTACK%/100)) | B46: =Inputs!$B$5*(1+Inputs!$B$6/100)
A47: STAT_DAMAGE % (= 1% of total INT + 0.25% of LUK) | B47: =(Inputs!$B$11*(1+Inputs!$B$12/100))*0.01+Inputs!$B$13*0.0025
A48: Basic Attack (Chain Lightning) Input Level (4th job formula) | B48: =MAX(0,(Inputs!$B$3-100)*3)+Inputs!$B$27+Inputs!$B$28
A49: Basic Attack Factor (factorIndex 21, from Chain Lightning reverse-engineering) | B49: =INDEX(FactorTable!$B$2:$Y$301, MATCH(ROUND(MIN(300,MAX(1,Summary!$B$48)),0), FactorTable!$A$2:$A$301,0), 22)
A50: SKILL_COEFFICIENT — Chain Lightning base coefficient % (before Skill Mastery) | B50: =290*Summary!$B$49/1000
A51: Normal-Monster Weight (= 0 for boss, 1 for normal, Breakthrough Normal Weight % for breakthrough, 0 for pvp) | B51: =IF(Inputs!$B$4="normal",1,IF(Inputs!$B$4="breakthrough",Inputs!$B$36/100,0))
A53: Average Buff Multiplier (Magic Guard + Meditation, summed; then Infinity) | B53: =(1+(IF(Calc!C3=TRUE,Calc!F3*IF(AND(Inputs!$B$4<>"pvp",Inputs!$B$35>0),(((Calc!R3-1)*(Skills!S3*(1+(Inputs!$B$33+IF(Inputs!$B$3>=117,Calc!F22,0))/100))+MIN((Skills!S3*(1+(Inputs!$B$33+IF(Inputs!$B$3>=117,Calc!F22,0))/100)),MAX(0,Inputs!$B$35-((Calc!R3-1)*Skills!D3))))/Inputs!$B$35),IF(Inputs!$B$4="pvp",MIN((Skills!S3*(1+(Inputs!$B$33+IF(Inputs!$B$3>=117,Calc!F22,0))/100)),15)/15,(Skills!S3*(1+(Inputs!$B$33+IF(Inputs!$B$3>=117,Calc!F22,0))/100))/Skills!D3)),0)+IF(Calc!C4=TRUE,Calc!F4*IF(AND(Inputs!$B$4<>"pvp",Inputs!$B$35>0),(((Calc!R4-1)*(Skills!S4*(1+(Inputs!$B$33+IF(Inputs!$B$3>=117,Calc!F22,0))/100))+MIN((Skills!S4*(1+(Inputs!$B$33+IF(Inputs!$B$3>=117,Calc!F22,0))/100)),MAX(0,Inputs!$B$35-((Calc!R4-1)*Skills!D4))))/Inputs!$B$35),IF(Inputs!$B$4="pvp",MIN((Skills!S4*(1+(Inputs!$B$33+IF(Inputs!$B$3>=117,Calc!F22,0))/100)),15)/15,(Skills!S4*(1+(Inputs!$B$33+IF(Inputs!$B$3>=117,Calc!F22,0))/100))/Skills!D4)),0))/100)*IF(Calc!C16=TRUE,(1+Calc!F16*IF(AND(Inputs!$B$4<>"pvp",Inputs!$B$35>0),(((Calc!R16-1)*(Skills!S16*(1+(Inputs!$B$33+IF(Inputs!$B$3>=117,Calc!F22,0))/100))+MIN((Skills!S16*(1+(Inputs!$B$33+IF(Inputs!$B$3>=117,Calc!F22,0))/100)),MAX(0,Inputs!$B$35-((Calc!R16-1)*Skills!D16))))/Inputs!$B$35),IF(Inputs!$B$4="pvp",MIN((Skills!S16*(1+(Inputs!$B$33+IF(Inputs!$B$3>=117,Calc!F22,0))/100)),15)/15,(Skills!S16*(1+(Inputs!$B$33+IF(Inputs!$B$3>=117,Calc!F22,0))/100))/Skills!D16))/100),1)
A54: Monster Damage Taken Bonus % (Freezing Breath - Weaken + Elemental Reset, summed) | B54: =IF(Inputs!$B$3>=118,15*IF(Inputs!$B$4="pvp",MIN((30*(1+(Inputs!$B$33+IF(Inputs!$B$3>=117,Calc!F22,0))/100)),15)/15,(30*(1+(Inputs!$B$33+IF(Inputs!$B$3>=117,Calc!F22,0))/100))/Skills!D8),0)+IF(Calc!C14=TRUE,Calc!F14,0)
A55: Damage % Bonus (Frozen Break + Frost Clutch, flat) | B55: =IF(Inputs!$B$3>=66,15,0)+IF(Inputs!$B$3>=98,10,0)+IF(Inputs!$B$3>=125,20,0)
A56: Attack Speed Bonus % (MP Eater - MP Boost, always-on once unlocked) | B56: =IF(Calc!C13=TRUE,Calc!F13,0)
A57: Actions Per Second (Attack Speed combined via diminishing-returns stack, factor 150, then capped) | B57: =1+MIN(150,150*(1-(1-Inputs!$B$10/150)*(1-B56/150)))/100
A58: Skill + Buff Cast Rate (subtracted from Chain Lightning, 1/s) | B58: =IF(AND(Inputs!$B$4<>"pvp",Inputs!$B$35>0),SUMPRODUCT((Skills!E2:E23=TRUE)*(Calc!C2:C23=TRUE)*Calc!R2:R23)/Inputs!$B$35,SUMPRODUCT((Skills!E2:E23=TRUE)*(Calc!C2:C23=TRUE)*Calc!Q2:Q23))
A59: Chain Lightning Casts Per Second (basic-attack rate) | B59: =MAX(0,B57-B58)
A60: Chain Lightning DPS | B60: =Calc!O2

Sheet Sensitivity
A1: Marginal DPS per +1 (percentage point / skill level / flat point)
A2: Attack Speed and Def Pen combine their +1 via the diminishing-returns formula (new = (1-(1-old/factor)*(1-1/factor))*factor), not a flat add.
A4: Stat | B4: Units per +1% DPS | C4: Type | D4: Current Value | E4: New Value | F4: Baseline Total DPS | G4: New Total DPS | H4: DPS Gain | I4: % Gain
A5: Flat INT | B5: =IFERROR(1/(I5-100),"n/a") | C5: flat | D5: =Inputs!$B$11 | E5: =(Inputs!$B$11+1) | F5: =Summary!$B$3 | G5: =B66 | H5: =G5-F5 | I5: =IF(F5=0,0,G5/F5*100)
A6: INT % | B6: =IFERROR(1/(I6-100),"n/a") | C6: pct | D6: =Inputs!$B$12 | E6: =(Inputs!$B$12+1) | F6: =Summary!$B$3 | G6: =B103 | H6: =G6-F6 | I6: =IF(F6=0,0,G6/F6*100)
A7: DAMAGE % | B7: =IFERROR(1/(I7-100),"n/a") | C7: pct | D7: =Inputs!$B$14 | E7: =(Inputs!$B$14+1) | F7: =Summary!$B$3 | G7: =B140 | H7: =G7-F7 | I7: =IF(F7=0,0,G7/F7*100)
A8: DAMAGE_AMP % | B8: =IFERROR(1/(I8-100),"n/a") | C8: pct | D8: =Inputs!$B$15 | E8: =(Inputs!$B$15+1) | F8: =Summary!$B$3 | G8: =B177 | H8: =G8-F8 | I8: =IF(F8=0,0,G8/F8*100)
A9: BOSS_DAMAGE % | B9: =IFERROR(1/(I9-100),"n/a") | C9: pct | D9: =Inputs!$B$19 | E9: =(Inputs!$B$19+1) | F9: =Summary!$B$3 | G9: =B214 | H9: =G9-F9 | I9: =IF(F9=0,0,G9/F9*100)
A10: NORMAL_DAMAGE % | B10: =IFERROR(1/(I10-100),"n/a") | C10: pct | D10: =Inputs!$B$20 | E10: =(Inputs!$B$20+1) | F10: =Summary!$B$3 | G10: =B251 | H10: =G10-F10 | I10: =IF(F10=0,0,G10/F10*100)
A11: FINAL_DAMAGE % (multiplicative source) | B11: =IFERROR(1/(I11-100),"n/a") | C11: mult | D11: =Inputs!$B$23 | E11: =((((1+Inputs!$B$23/100)*(1.01))-1)*100) | F11: =Summary!$B$3 | G11: =B288 | H11: =G11-F11 | I11: =IF(F11=0,0,G11/F11*100)
A12: MIN_DAMAGE % | B12: =IFERROR(1/(I12-100),"n/a") | C12: pct | D12: =Inputs!$B$21 | E12: =(Inputs!$B$21+1) | F12: =Summary!$B$3 | G12: =B325 | H12: =G12-F12 | I12: =IF(F12=0,0,G12/F12*100)
A13: MAX_DAMAGE % | B13: =IFERROR(1/(I13-100),"n/a") | C13: pct | D13: =Inputs!$B$22 | E13: =(Inputs!$B$22+1) | F13: =Summary!$B$3 | G13: =B362 | H13: =G13-F13 | I13: =IF(F13=0,0,G13/F13*100)
A14: CRIT_RATE % | B14: =IFERROR(1/(I14-100),"n/a") | C14: pct | D14: =Inputs!$B$8 | E14: =(Inputs!$B$8+1) | F14: =Summary!$B$3 | G14: =B399 | H14: =G14-F14 | I14: =IF(F14=0,0,G14/F14*100)
A15: CRIT_DAMAGE % | B15: =IFERROR(1/(I15-100),"n/a") | C15: pct | D15: =Inputs!$B$9 | E15: =(Inputs!$B$9+1) | F15: =Summary!$B$3 | G15: =B436 | H15: =G15-F15 | I15: =IF(F15=0,0,G15/F15*100)
A16: ATTACK_SPEED % (diminishing returns, factor 150) | B16: =IFERROR(1/(I16-100),"n/a") | C16: dr150 | D16: =Inputs!$B$10 | E16: =((1-(1-Inputs!$B$10/150)*(1-1/150))*150) | F16: =Summary!$B$3 | G16: =B473 | H16: =G16-F16 | I16: =IF(F16=0,0,G16/F16*100)
A17: DEF_PEN % (diminishing returns, factor 100) | B17: =IFERROR(1/(I17-100),"n/a") | C17: dr100 | D17: =Inputs!$B$18 | E17: =((1-(1-Inputs!$B$18/100)*(1-1/100))*100) | F17: =Summary!$B$3 | G17: =B510 | H17: =G17-F17 | I17: =IF(F17=0,0,G17/F17*100)
A18: BASIC_ATTACK_DAMAGE % | B18: =IFERROR(1/(I18-100),"n/a") | C18: pct | D18: =Inputs!$B$16 | E18: =(Inputs!$B$16+1) | F18: =Summary!$B$3 | G18: =B547 | H18: =G18-F18 | I18: =IF(F18=0,0,G18/F18*100)
A19: SKILL_DAMAGE % | B19: =IFERROR(1/(I19-100),"n/a") | C19: pct | D19: =Inputs!$B$17 | E19: =(Inputs!$B$17+1) | F19: =Summary!$B$3 | G19: =B584 | H19: =G19-F19 | I19: =IF(F19=0,0,G19/F19*100)
A20: Skill Level Bonus — 1st Job | B20: =IFERROR(1/(I20-100),"n/a") | C20: level | D20: =Inputs!$B$24 | E20: =(Inputs!$B$24+1) | F20: =Summary!$B$3 | G20: =B621 | H20: =G20-F20 | I20: =IF(F20=0,0,G20/F20*100)
A21: Skill Level Bonus — 2nd Job | B21: =IFERROR(1/(I21-100),"n/a") | C21: level | D21: =Inputs!$B$25 | E21: =(Inputs!$B$25+1) | F21: =Summary!$B$3 | G21: =B658 | H21: =G21-F21 | I21: =IF(F21=0,0,G21/F21*100)
A22: Skill Level Bonus — 3rd Job | B22: =IFERROR(1/(I22-100),"n/a") | C22: level | D22: =Inputs!$B$26 | E22: =(Inputs!$B$26+1) | F22: =Summary!$B$3 | G22: =B695 | H22: =G22-F22 | I22: =IF(F22=0,0,G22/F22*100)
A23: Skill Level Bonus — 4th Job | B23: =IFERROR(1/(I23-100),"n/a") | C23: level | D23: =Inputs!$B$27 | E23: =(Inputs!$B$27+1) | F23: =Summary!$B$3 | G23: =B732 | H23: =G23-F23 | I23: =IF(F23=0,0,G23/F23*100)
A24: Skill Level Bonus — All Skills | B24: =IFERROR(1/(I24-100),"n/a") | C24: level | D24: =Inputs!$B$28 | E24: =(Inputs!$B$28+1) | F24: =Summary!$B$3 | G24: =B769 | H24: =G24-F24 | I24: =IF(F24=0,0,G24/F24*100)
A25: Flat ATTACK | B25: =IFERROR(1/(I25-100),"n/a") | C25: flat | D25: =Inputs!$B$5 | E25: =(Inputs!$B$5+1) | F25: =Summary!$B$3 | G25: =B806 | H25: =G25-F25 | I25: =IF(F25=0,0,G25/F25*100)
A26: ATTACK % | B26: =IFERROR(1/(I26-100),"n/a") | C26: pct | D26: =Inputs!$B$6 | E26: =(Inputs!$B$6+1) | F26: =Summary!$B$3 | G26: =B843 | H26: =G26-F26 | I26: =IF(F26=0,0,G26/F26*100)
A27: Skill Cooldown Decrease (seconds) | B27: =IFERROR(1/(I27-100),"n/a") | C27: flat | D27: =Inputs!$B$31 | E27: =(Inputs!$B$31+1) | F27: =Summary!$B$3 | G27: =B880 | H27: =G27-F27 | I27: =IF(F27=0,0,G27/F27*100)
A28: Basic Attack Target Increase (flat) | B28: =IFERROR(1/(I28-100),"n/a") | C28: flat | D28: =Inputs!$B$32 | E28: =(Inputs!$B$32+1) | F28: =Summary!$B$3 | G28: =B917 | H28: =G28-F28 | I28: =IF(F28=0,0,G28/F28*100)
A29: Buff Duration Increase % | B29: =IFERROR(1/(I29-100),"n/a") | C29: pct | D29: =Inputs!$B$33 | E29: =(Inputs!$B$33+1) | F29: =Summary!$B$3 | G29: =B954 | H29: =G29-F29 | I29: =IF(F29=0,0,G29/F29*100)
A32: Stat: Flat INT
A33: Key | B33: Name | C33: Unlocked | D33: InputLevel | E33: Factor | F33: CoefficientPercent | G33: EffectiveHits | H33: ProcProbability | I33: MapleHeroMultiplier | J33: BaseDamage | K33: BaseHitDamage | L33: NonCritAvg | M33: CritAvg | N33: ExpectedDamage(perHit) | O33: DPS | P33: % of Total | R33: helpers
A34: =Skills!A2 | B34: =Skills!B2 | C34: =Inputs!$B$3>=100 | F34: =T36+Skills!N2 | G34: =Calc!G2 | H34: =Calc!H2 | I34: =IF(Skills!T2<>"",1+(Skills!T2/10)*(R35/1000)/100,1) | J34: =((Inputs!$B$5*(1+Inputs!$B$6/100))+(((Inputs!$B$11+1)*(1+Inputs!$B$12/100))-(Inputs!$B$11*(1+Inputs!$B$12/100)))*(1+Inputs!$B$6/100))*(F34/100) | K34: =J34*(1+(((Inputs!$B$11+1)*(1+Inputs!$B$12/100))*0.01+Inputs!$B$13*0.0025)/100)*(1+(Inputs!$B$14+B60)/100)*(1+IF(Inputs!$B$4="pvp",0,(1-Summary!$B$51)*(Inputs!$B$19+Skills!O2+B59)+Summary!$B$51*(Inputs!$B$20+Skills!P2+B59))/100)*(1+Inputs!$B$15/100)*(5000/(6000+Inputs!$B$7*(1-Inputs!$B$18/100)))*(1+Inputs!$B$23/100)*(1+IF(C47=TRUE,F47,0)/100)*(1+IF(C55=TRUE,F55,0)/100)^5*(1+(IF(Skills!A2="CHAIN_LIGHTNING",Inputs!$B$16,Inputs!$B$17))/100)*(B58*I34) | L34: =K34*(MIN(Inputs!$B$21+(F50-Calc!F18),Inputs!$B$22)/100+Inputs!$B$22/100)/2 | M34: =L34*(1+(Inputs!$B$9+(F53-Calc!F21))/100) | N34: =L34*(1-MIN(Inputs!$B$8+((F52-Calc!F20)+(F51-Calc!F19)),100)/100)+M34*(MIN(Inputs!$B$8+((F52-Calc!F20)+(F51-Calc!F19)),100)/100) | O34: =IF(C34,Skills!F2*N34*B64*IF(Inputs!$B$4="pvp",1,(1-Summary!$B$51)*(1)+Summary!$B$51*(MIN((6+Inputs!$B$32),Inputs!$B$37))),0) | P34: =IF(B66=0,0,O34/B66) | R34: =MAX(0,(Inputs!$B$3-100)*3)+Inputs!$B$27+Inputs!$B$28 | S34: 0 | T34: =MAX(0,(Inputs!$B$3-100)*3)+Inputs!$B$27+Inputs!$B$28 | V34: =IFERROR(1/IF(Inputs!$B$4="pvp",15,MAX(0.1,Skills!D2-IF(Skills!E2=TRUE,Inputs!$B$31,0))),0)
A35: =Skills!A3 | B35: =Skills!B3 | C35: =Inputs!$B$3>=15 | D35: =IF(Skills!C3=1,60+Inputs!$B$24+Inputs!$B$28,IF(Skills!C3=2,90+Inputs!$B$25+Inputs!$B$28,IF(Skills!C3=3,120+Inputs!$B$26+Inputs!$B$28,MAX(0,(Inputs!$B$3-100)*3)+Inputs!$B$27+Inputs!$B$28))) | E35: =INDEX(FactorTable!$B$2:$Y$301, MATCH(ROUND(MIN(300,MAX(1,D35)),0), FactorTable!$A$2:$A$301,0), Skills!L3+1) | F35: =IF(Skills!M3=TRUE,(Skills!K3/10)*(E35/1000),Skills!K3/10)+Skills!N3 | G35: =Calc!G3 | H35: =Calc!H3 | I35: =IF(Skills!T3<>"",1+(Skills!T3/10)*(R35/1000)/100,1) | O35: 0 | P35: =IF(B66=0,0,O35/B66) | R35: =INDEX(FactorTable!$B$2:$Y$301, MATCH(ROUND(MIN(300,MAX(1,R34)),0), FactorTable!$A$2:$A$301,0), 24) | S35: =IF(AND(Inputs!$B$4<>"pvp",Inputs!$B$35>0),(INT(Inputs!$B$35/IF(Inputs!$B$4="pvp",15,MAX(0.1,Skills!D3-IF(Skills!E3=TRUE,Inputs!$B$31,0))))+1),0) | T35: =INDEX(FactorTable!$B$2:$Y$301, MATCH(ROUND(MIN(300,MAX(1,T34)),0), FactorTable!$A$2:$A$301,0), 22) | V35: =IFERROR(1/IF(Inputs!$B$4="pvp",15,MAX(0.1,Skills!D3-IF(Skills!E3=TRUE,Inputs!$B$31,0))),0)
A36: =Skills!A4 | B36: =Skills!B4 | C36: =Inputs!$B$3>=40 | D36: =IF(Skills!C4=1,60+Inputs!$B$24+Inputs!$B$28,IF(Skills!C4=2,90+Inputs!$B$25+Inputs!$B$28,IF(Skills!C4=3,120+Inputs!$B$26+Inputs!$B$28,MAX(0,(Inputs!$B$3-100)*3)+Inputs!$B$27+Inputs!$B$28))) | E36: =INDEX(FactorTable!$B$2:$Y$301, MATCH(ROUND(MIN(300,MAX(1,D36)),0), FactorTable!$A$2:$A$301,0), Skills!L4+1) | F36: =IF(Skills!M4=TRUE,(Skills!K4/10)*(E36/1000),Skills!K4/10)+Skills!N4 | G36: =Calc!G4 | H36: =Calc!H4 | I36: =IF(Skills!T4<>"",1+(Skills!T4/10)*(R35/1000)/100,1) | O36: 0 | P36: =IF(B66=0,0,O36/B66) | S36: =IF(AND(Inputs!$B$4<>"pvp",Inputs!$B$35>0),(INT(Inputs!$B$35/IF(Inputs!$B$4="pvp",15,MAX(0.1,Skills!D4-IF(Skills!E4=TRUE,Inputs!$B$31,0))))+1),0) | T36: =290*T35/1000 | V36: =IFERROR(1/IF(Inputs!$B$4="pvp",15,MAX(0.1,Skills!D4-IF(Skills!E4=TRUE,Inputs!$B$31,0))),0)
A37: =Skills!A5 | B37: =Skills!B5 | C37: =Inputs!$B$3>=38 | D37: =IF(Skills!C5=1,60+Inputs!$B$24+Inputs!$B$28,IF(Skills!C5=2,90+Inputs!$B$25+Inputs!$B$28,IF(Skills!C5=3,120+Inputs!$B$26+Inputs!$B$28,MAX(0,(Inputs!$B$3-100)*3)+Inputs!$B$27+Inputs!$B$28))) | E37: =INDEX(FactorTable!$B$2:$Y$301, MATCH(ROUND(MIN(300,MAX(1,D37)),0), FactorTable!$A$2:$A$301,0), Skills!L5+1) | F37: =IF(Skills!M5=TRUE,(Skills!K5/10)*(E37/1000),Skills!K5/10)+Skills!N5 | G37: =Calc!G5 | H37: =Calc!H5 | I37: =IF(Skills!T5<>"",1+(Skills!T5/10)*(R35/1000)/100,1) | J37: =((Inputs!$B$5*(1+Inputs!$B$6/100))+(((Inputs!$B$11+1)*(1+Inputs!$B$12/100))-(Inputs!$B$11*(1+Inputs!$B$12/100)))*(1+Inputs!$B$6/100))*(F37/100) | K37: =J37*(1+(((Inputs!$B$11+1)*(1+Inputs!$B$12/100))*0.01+Inputs!$B$13*0.0025)/100)*(1+(Inputs!$B$14+B60)/100)*(1+IF(Inputs!$B$4="pvp",0,(1-Summary!$B$51)*(Inputs!$B$19+Skills!O5+B59)+Summary!$B$51*(Inputs!$B$20+Skills!P5+B59))/100)*(1+Inputs!$B$15/100)*(5000/(6000+Inputs!$B$7*(1-Inputs!$B$18/100)))*(1+Inputs!$B$23/100)*(1+IF(C47=TRUE,F47,0)/100)*(1+IF(C55=TRUE,F55,0)/100)^5*(1+(IF(Skills!A5="CHAIN_LIGHTNING",Inputs!$B$16,Inputs!$B$17))/100)*(B58*I37) | L37: =K37*(MIN(Inputs!$B$21+(F50-Calc!F18),Inputs!$B$22)/100+Inputs!$B$22/100)/2 | M37: =L37*(1+(Inputs!$B$9+(F53-Calc!F21))/100) | N37: =L37*(1-MIN(Inputs!$B$8+((F52-Calc!F20)+(F51-Calc!F19)),100)/100)+M37*(MIN(Inputs!$B$8+((F52-Calc!F20)+(F51-Calc!F19)),100)/100) | O37: =IF(C37,H37*N37*IF(AND(Inputs!$B$4<>"pvp",Inputs!$B$35>0),((Skills!F5*((S37-1)*IF(Skills!G5>0,Skills!H5/Skills!G5,1)+IF(Skills!G5>0,MIN(Skills!H5,MAX(0,Inputs!$B$35-((S37-1)*IF(Inputs!$B$4="pvp",15,MAX(0.1,Skills!D5-IF(Skills!E5=TRUE,Inputs!$B$31,0))))))/Skills!G5,1)))/Inputs!$B$35),G37*V37)*IF(Inputs!$B$4="pvp",1,(1-Summary!$B$51)*(1)+Summary!$B$51*(MIN(Skills!Q5,Inputs!$B$37))),0) | P37: =IF(B66=0,0,O37/B66) | S37: =IF(AND(Inputs!$B$4<>"pvp",Inputs!$B$35>0),(INT(Inputs!$B$35/IF(Inputs!$B$4="pvp",15,MAX(0.1,Skills!D5-IF(Skills!E5=TRUE,Inputs!$B$31,0))))+1),0) | V37: =IFERROR(1/IF(Inputs!$B$4="pvp",15,MAX(0.1,Skills!D5-IF(Skills!E5=TRUE,Inputs!$B$31,0))),0)
A38: =Skills!A6 | B38: =Skills!B6 | C38: =Inputs!$B$3>=63 | D38: =IF(Skills!C6=1,60+Inputs!$B$24+Inputs!$B$28,IF(Skills!C6=2,90+Inputs!$B$25+Inputs!$B$28,IF(Skills!C6=3,120+Inputs!$B$26+Inputs!$B$28,MAX(0,(Inputs!$B$3-100)*3)+Inputs!$B$27+Inputs!$B$28))) | E38: =INDEX(FactorTable!$B$2:$Y$301, MATCH(ROUND(MIN(300,MAX(1,D38)),0), FactorTable!$A$2:$A$301,0), Skills!L6+1) | F38: =IF(Skills!M6=TRUE,(Skills!K6/10)*(E38/1000),Skills!K6/10)+Skills!N6 | G38: =Calc!G6 | H38: =Calc!H6 | I38: =IF(Skills!T6<>"",1+(Skills!T6/10)*(R35/1000)/100,1) | J38: =((Inputs!$B$5*(1+Inputs!$B$6/100))+(((Inputs!$B$11+1)*(1+Inputs!$B$12/100))-(Inputs!$B$11*(1+Inputs!$B$12/100)))*(1+Inputs!$B$6/100))*(F38/100) | K38: =J38*(1+(((Inputs!$B$11+1)*(1+Inputs!$B$12/100))*0.01+Inputs!$B$13*0.0025)/100)*(1+(Inputs!$B$14+B60)/100)*(1+IF(Inputs!$B$4="pvp",0,(1-Summary!$B$51)*(Inputs!$B$19+Skills!O6+B59)+Summary!$B$51*(Inputs!$B$20+Skills!P6+B59))/100)*(1+Inputs!$B$15/100)*(5000/(6000+Inputs!$B$7*(1-Inputs!$B$18/100)))*(1+Inputs!$B$23/100)*(1+IF(C47=TRUE,F47,0)/100)*(1+IF(C55=TRUE,F55,0)/100)^5*(1+(IF(Skills!A6="CHAIN_LIGHTNING",Inputs!$B$16,Inputs!$B$17))/100)*(B58*I38) | L38: =K38*(MIN(Inputs!$B$21+(F50-Calc!F18),Inputs!$B$22)/100+Inputs!$B$22/100)/2 | M38: =L38*(1+(Inputs!$B$9+(F53-Calc!F21))/100) | N38: =L38*(1-MIN(Inputs!$B$8+((F52-Calc!F20)+(F51-Calc!F19)),100)/100)+M38*(MIN(Inputs!$B$8+((F52-Calc!F20)+(F51-Calc!F19)),100)/100) | O38: =IF(C38,H38*N38*IF(AND(Inputs!$B$4<>"pvp",Inputs!$B$35>0),((Skills!F6*((S38-1)*IF(Skills!G6>0,Skills!H6/Skills!G6,1)+IF(Skills!G6>0,MIN(Skills!H6,MAX(0,Inputs!$B$35-((S38-1)*IF(Inputs!$B$4="pvp",15,MAX(0.1,Skills!D6-IF(Skills!E6=TRUE,Inputs!$B$31,0))))))/Skills!G6,1)))/Inputs!$B$35),G38*V38)*IF(Inputs!$B$4="pvp",1,(1-Summary!$B$51)*(1)+Summary!$B$51*(MIN(Skills!Q6,Inputs!$B$37))),0) | P38: =IF(B66=0,0,O38/B66) | S38: =IF(AND(Inputs!$B$4<>"pvp",Inputs!$B$35>0),(INT(Inputs!$B$35/IF(Inputs!$B$4="pvp",15,MAX(0.1,Skills!D6-IF(Skills!E6=TRUE,Inputs!$B$31,0))))+1),0) | V38: =IFERROR(1/IF(Inputs!$B$4="pvp",15,MAX(0.1,Skills!D6-IF(Skills!E6=TRUE,Inputs!$B$31,0))),0)
A39: =Skills!A7 | B39: =Skills!B7 | C39: =Inputs!$B$3>=69 | D39: =IF(Skills!C7=1,60+Inputs!$B$24+Inputs!$B$28,IF(Skills!C7=2,90+Inputs!$B$25+Inputs!$B$28,IF(Skills!C7=3,120+Inputs!$B$26+Inputs!$B$28,MAX(0,(Inputs!$B$3-100)*3)+Inputs!$B$27+Inputs!$B$28))) | E39: =INDEX(FactorTable!$B$2:$Y$301, MATCH(ROUND(MIN(300,MAX(1,D39)),0), FactorTable!$A$2:$A$301,0), Skills!L7+1) | F39: =IF(Skills!M7=TRUE,(Skills!K7/10)*(E39/1000),Skills!K7/10)+Skills!N7 | G39: =Calc!G7 | H39: =Calc!H7 | I39: =IF(Skills!T7<>"",1+(Skills!T7/10)*(R35/1000)/100,1) | J39: =((Inputs!$B$5*(1+Inputs!$B$6/100))+(((Inputs!$B$11+1)*(1+Inputs!$B$12/100))-(Inputs!$B$11*(1+Inputs!$B$12/100)))*(1+Inputs!$B$6/100))*(F39/100) | K39: =J39*(1+(((Inputs!$B$11+1)*(1+Inputs!$B$12/100))*0.01+Inputs!$B$13*0.0025)/100)*(1+(Inputs!$B$14+B60)/100)*(1+IF(Inputs!$B$4="pvp",0,(1-Summary!$B$51)*(Inputs!$B$19+Skills!O7+B59)+Summary!$B$51*(Inputs!$B$20+Skills!P7+B59))/100)*(1+Inputs!$B$15/100)*(5000/(6000+Inputs!$B$7*(1-Inputs!$B$18/100)))*(1+Inputs!$B$23/100)*(1+IF(C47=TRUE,F47,0)/100)*(1+IF(C55=TRUE,F55,0)/100)^5*(1+(IF(Skills!A7="CHAIN_LIGHTNING",Inputs!$B$16,Inputs!$B$17))/100)*(B58*I39) | L39: =K39*(MIN(Inputs!$B$21+(F50-Calc!F18),Inputs!$B$22)/100+Inputs!$B$22/100)/2 | M39: =L39*(1+(Inputs!$B$9+(F53-Calc!F21))/100) | N39: =L39*(1-MIN(Inputs!$B$8+((F52-Calc!F20)+(F51-Calc!F19)),100)/100)+M39*(MIN(Inputs!$B$8+((F52-Calc!F20)+(F51-Calc!F19)),100)/100) | O39: =IF(C39,H39*N39*IF(AND(Inputs!$B$4<>"pvp",Inputs!$B$35>0),((Skills!F7*((S39-1)*IF(Skills!G7>0,Skills!H7/Skills!G7,1)+IF(Skills!G7>0,MIN(Skills!H7,MAX(0,Inputs!$B$35-((S39-1)*IF(Inputs!$B$4="pvp",15,MAX(0.1,Skills!D7-IF(Skills!E7=TRUE,Inputs!$B$31,0))))))/Skills!G7,1)))/Inputs!$B$35),G39*V39)*IF(Inputs!$B$4="pvp",1,(1-Summary!$B$51)*(1)+Summary!$B$51*(MIN(Skills!Q7,Inputs!$B$37))),0) | P39: =IF(B66=0,0,O39/B66) | S39: =IF(AND(Inputs!$B$4<>"pvp",Inputs!$B$35>0),(INT(Inputs!$B$35/IF(Inputs!$B$4="pvp",15,MAX(0.1,Skills!D7-IF(Skills!E7=TRUE,Inputs!$B$31,0))))+1),0) | V39: =IFERROR(1/IF(Inputs!$B$4="pvp",15,MAX(0.1,Skills!D7-IF(Skills!E7=TRUE,Inputs!$B$31,0))),0)
A40: =Skills!A8 | B40: =Skills!B8 | C40: =Inputs!$B$3>=103 | D40: =IF(Skills!C8=1,60+Inputs!$B$24+Inputs!$B$28,IF(Skills!C8=2,90+Inputs!$B$25+Inputs!$B$28,IF(Skills!C8=3,120+Inputs!$B$26+Inputs!$B$28,MAX(0,(Inputs!$B$3-100)*3)+Inputs!$B$27+Inputs!$B$28))) | E40: =INDEX(FactorTable!$B$2:$Y$301, MATCH(ROUND(MIN(300,MAX(1,D40)),0), FactorTable!$A$2:$A$301,0), Skills!L8+1) | F40: =IF(Skills!M8=TRUE,(Skills!K8/10)*(E40/1000),Skills!K8/10)+Skills!N8 | G40: =Calc!G8 | H40: =Calc!H8 | I40: =IF(Skills!T8<>"",1+(Skills!T8/10)*(R35/1000)/100,1) | J40: =((Inputs!$B$5*(1+Inputs!$B$6/100))+(((Inputs!$B$11+1)*(1+Inputs!$B$12/100))-(Inputs!$B$11*(1+Inputs!$B$12/100)))*(1+Inputs!$B$6/100))*(F40/100) | K40: =J40*(1+(((Inputs!$B$11+1)*(1+Inputs!$B$12/100))*0.01+Inputs!$B$13*0.0025)/100)*(1+(Inputs!$B$14+B60)/100)*(1+IF(Inputs!$B$4="pvp",0,(1-Summary!$B$51)*(Inputs!$B$19+Skills!O8+B59)+Summary!$B$51*(Inputs!$B$20+Skills!P8+B59))/100)*(1+Inputs!$B$15/100)*(5000/(6000+Inputs!$B$7*(1-Inputs!$B$18/100)))*(1+Inputs!$B$23/100)*(1+IF(C47=TRUE,F47,0)/100)*(1+IF(C55=TRUE,F55,0)/100)^5*(1+(IF(Skills!A8="CHAIN_LIGHTNING",Inputs!$B$16,Inputs!$B$17))/100)*(B58*I40) | L40: =K40*(MIN(Inputs!$B$21+(F50-Calc!F18),Inputs!$B$22)/100+Inputs!$B$22/100)/2 | M40: =L40*(1+(Inputs!$B$9+(F53-Calc!F21))/100) | N40: =L40*(1-MIN(Inputs!$B$8+((F52-Calc!F20)+(F51-Calc!F19)),100)/100)+M40*(MIN(Inputs!$B$8+((F52-Calc!F20)+(F51-Calc!F19)),100)/100) | O40: =IF(C40,H40*N40*IF(AND(Inputs!$B$4<>"pvp",Inputs!$B$35>0),((Skills!F8*((S40-1)*IF(Skills!G8>0,Skills!H8/Skills!G8,1)+IF(Skills!G8>0,MIN(Skills!H8,MAX(0,Inputs!$B$35-((S40-1)*IF(Inputs!$B$4="pvp",15,MAX(0.1,Skills!D8-IF(Skills!E8=TRUE,Inputs!$B$31,0))))))/Skills!G8,1)))/Inputs!$B$35),G40*V40)*IF(Inputs!$B$4="pvp",1,(1-Summary!$B$51)*(1)+Summary!$B$51*(MIN(Skills!Q8,Inputs!$B$37))),0) | P40: =IF(B66=0,0,O40/B66) | S40: =IF(AND(Inputs!$B$4<>"pvp",Inputs!$B$35>0),(INT(Inputs!$B$35/IF(Inputs!$B$4="pvp",15,MAX(0.1,Skills!D8-IF(Skills!E8=TRUE,Inputs!$B$31,0))))+1),0) | V40: =IFERROR(1/IF(Inputs!$B$4="pvp",15,MAX(0.1,Skills!D8-IF(Skills!E8=TRUE,Inputs!$B$31,0))),0)
A41: =Skills!A9 | B41: =Skills!B9 | C41: =Inputs!$B$3>=105 | D41: =IF(Skills!C9=1,60+Inputs!$B$24+Inputs!$B$28,IF(Skills!C9=2,90+Inputs!$B$25+Inputs!$B$28,IF(Skills!C9=3,120+Inputs!$B$26+Inputs!$B$28,MAX(0,(Inputs!$B$3-100)*3)+Inputs!$B$27+Inputs!$B$28))) | E41: =INDEX(FactorTable!$B$2:$Y$301, MATCH(ROUND(MIN(300,MAX(1,D41)),0), FactorTable!$A$2:$A$301,0), Skills!L9+1) | F41: =IF(Skills!M9=TRUE,(Skills!K9/10)*(E41/1000),Skills!K9/10)+Skills!N9 | G41: =Calc!G9 | H41: =Calc!H9 | I41: =IF(Skills!T9<>"",1+(Skills!T9/10)*(R35/1000)/100,1) | J41: =((Inputs!$B$5*(1+Inputs!$B$6/100))+(((Inputs!$B$11+1)*(1+Inputs!$B$12/100))-(Inputs!$B$11*(1+Inputs!$B$12/100)))*(1+Inputs!$B$6/100))*(F41/100) | K41: =J41*(1+(((Inputs!$B$11+1)*(1+Inputs!$B$12/100))*0.01+Inputs!$B$13*0.0025)/100)*(1+(Inputs!$B$14+B60)/100)*(1+IF(Inputs!$B$4="pvp",0,(1-Summary!$B$51)*(Inputs!$B$19+Skills!O9+B59)+Summary!$B$51*(Inputs!$B$20+Skills!P9+B59))/100)*(1+Inputs!$B$15/100)*(5000/(6000+Inputs!$B$7*(1-Inputs!$B$18/100)))*(1+Inputs!$B$23/100)*(1+IF(C47=TRUE,F47,0)/100)*(1+IF(C55=TRUE,F55,0)/100)^5*(1+(IF(Skills!A9="CHAIN_LIGHTNING",Inputs!$B$16,Inputs!$B$17))/100)*(B58*I41) | L41: =K41*(MIN(Inputs!$B$21+(F50-Calc!F18),Inputs!$B$22)/100+Inputs!$B$22/100)/2 | M41: =L41*(1+(Inputs!$B$9+(F53-Calc!F21))/100) | N41: =L41*(1-MIN(Inputs!$B$8+((F52-Calc!F20)+(F51-Calc!F19)),100)/100)+M41*(MIN(Inputs!$B$8+((F52-Calc!F20)+(F51-Calc!F19)),100)/100) | O41: =IF(C41,H41*N41*IF(AND(Inputs!$B$4<>"pvp",Inputs!$B$35>0),((Skills!F9*((S41-1)*IF(Skills!G9>0,Skills!H9/Skills!G9,1)+IF(Skills!G9>0,MIN(Skills!H9,MAX(0,Inputs!$B$35-((S41-1)*IF(Inputs!$B$4="pvp",15,MAX(0.1,Skills!D9-IF(Skills!E9=TRUE,Inputs!$B$31,0))))))/Skills!G9,1)))/Inputs!$B$35),G41*V41)*IF(Inputs!$B$4="pvp",1,(1-Summary!$B$51)*(1)+Summary!$B$51*(MIN(Skills!Q9,Inputs!$B$37))),0) | P41: =IF(B66=0,0,O41/B66) | S41: =IF(AND(Inputs!$B$4<>"pvp",Inputs!$B$35>0),(INT(Inputs!$B$35/IF(Inputs!$B$4="pvp",15,MAX(0.1,Skills!D9-IF(Skills!E9=TRUE,Inputs!$B$31,0))))+1),0) | V41: =IFERROR(1/IF(Inputs!$B$4="pvp",15,MAX(0.1,Skills!D9-IF(Skills!E9=TRUE,Inputs!$B$31,0))),0)
A42: =Skills!A10 | B42: =Skills!B10 | C42: =Inputs!$B$3>=113 | D42: =IF(Skills!C10=1,60+Inputs!$B$24+Inputs!$B$28,IF(Skills!C10=2,90+Inputs!$B$25+Inputs!$B$28,IF(Skills!C10=3,120+Inputs!$B$26+Inputs!$B$28,MAX(0,(Inputs!$B$3-100)*3)+Inputs!$B$27+Inputs!$B$28))) | E42: =INDEX(FactorTable!$B$2:$Y$301, MATCH(ROUND(MIN(300,MAX(1,D42)),0), FactorTable!$A$2:$A$301,0), Skills!L10+1) | F42: =IF(Skills!M10=TRUE,(Skills!K10/10)*(E42/1000),Skills!K10/10)+Skills!N10 | G42: =Calc!G10 | H42: =Calc!H10 | I42: =IF(Skills!T10<>"",1+(Skills!T10/10)*(R35/1000)/100,1) | J42: =((Inputs!$B$5*(1+Inputs!$B$6/100))+(((Inputs!$B$11+1)*(1+Inputs!$B$12/100))-(Inputs!$B$11*(1+Inputs!$B$12/100)))*(1+Inputs!$B$6/100))*(F42/100) | K42: =J42*(1+(((Inputs!$B$11+1)*(1+Inputs!$B$12/100))*0.01+Inputs!$B$13*0.0025)/100)*(1+(Inputs!$B$14+B60)/100)*(1+IF(Inputs!$B$4="pvp",0,(1-Summary!$B$51)*(Inputs!$B$19+Skills!O10+B59)+Summary!$B$51*(Inputs!$B$20+Skills!P10+B59))/100)*(1+Inputs!$B$15/100)*(5000/(6000+Inputs!$B$7*(1-Inputs!$B$18/100)))*(1+Inputs!$B$23/100)*(1+IF(C47=TRUE,F47,0)/100)*(1+IF(C55=TRUE,F55,0)/100)^5*(1+(IF(Skills!A10="CHAIN_LIGHTNING",Inputs!$B$16,Inputs!$B$17))/100)*(B58*I42) | L42: =K42*(MIN(Inputs!$B$21+(F50-Calc!F18),Inputs!$B$22)/100+Inputs!$B$22/100)/2 | M42: =L42*(1+(Inputs!$B$9+(F53-Calc!F21))/100) | N42: =L42*(1-MIN(Inputs!$B$8+((F52-Calc!F20)+(F51-Calc!F19)),100)/100)+M42*(MIN(Inputs!$B$8+((F52-Calc!F20)+(F51-Calc!F19)),100)/100) | O42: =IF(C42,H42*N42*IF(AND(Inputs!$B$4<>"pvp",Inputs!$B$35>0),((Skills!F10*((S42-1)*IF(Skills!G10>0,Skills!H10/Skills!G10,1)+IF(Skills!G10>0,MIN(Skills!H10,MAX(0,Inputs!$B$35-((S42-1)*IF(Inputs!$B$4="pvp",15,MAX(0.1,Skills!D10-IF(Skills!E9=TRUE,Inputs!$B$31,0))))))/Skills!G10,1)))/Inputs!$B$35),G42*V42)*IF(Inputs!$B$4="pvp",1,(1-Summary!$B$51)*(1)+Summary!$B$51*(MIN(Skills!Q10,Inputs!$B$37))),0) | P42: =IF(B66=0,0,O42/B66) | S42: =IF(AND(Inputs!$B$4<>"pvp",Inputs!$B$35>0),(INT(Inputs!$B$35/IF(Inputs!$B$4="pvp",15,MAX(0.1,Skills!D10-IF(Skills!E9=TRUE,Inputs!$B$31,0))))+1),0) | V42: =IFERROR(1/IF(Inputs!$B$4="pvp",15,MAX(0.1,Skills!D10-IF(Skills!E9=TRUE,Inputs!$B$31,0))),0)
A43: =Skills!A11 | B43: =Skills!B11 | C43: =Inputs!$B$3>=107 | D43: =IF(Skills!C11=1,60+Inputs!$B$24+Inputs!$B$28,IF(Skills!C11=2,90+Inputs!$B$25+Inputs!$B$28,IF(Skills!C11=3,120+Inputs!$B$26+Inputs!$B$28,MAX(0,(Inputs!$B$3-100)*3)+Inputs!$B$27+Inputs!$B$28))) | E43: =INDEX(FactorTable!$B$2:$Y$301, MATCH(ROUND(MIN(300,MAX(1,D43)),0), FactorTable!$A$2:$A$301,0), Skills!L11+1) | F43: =IF(Skills!M11=TRUE,(Skills!K11/10)*(E43/1000),Skills!K11/10)+Skills!N11 | G43: =Calc!G11 | H43: =Calc!H11 | I43: =IF(Skills!T11<>"",1+(Skills!T11/10)*(R35/1000)/100,1) | J43: =((Inputs!$B$5*(1+Inputs!$B$6/100))+(((Inputs!$B$11+1)*(1+Inputs!$B$12/100))-(Inputs!$B$11*(1+Inputs!$B$12/100)))*(1+Inputs!$B$6/100))*(F43/100) | K43: =J43*(1+(((Inputs!$B$11+1)*(1+Inputs!$B$12/100))*0.01+Inputs!$B$13*0.0025)/100)*(1+(Inputs!$B$14+B60)/100)*(1+IF(Inputs!$B$4="pvp",0,(1-Summary!$B$51)*(Inputs!$B$19+Skills!O11+B59)+Summary!$B$51*(Inputs!$B$20+Skills!P11+B59))/100)*(1+Inputs!$B$15/100)*(5000/(6000+Inputs!$B$7*(1-Inputs!$B$18/100)))*(1+Inputs!$B$23/100)*(1+IF(C47=TRUE,F47,0)/100)*(1+IF(C55=TRUE,F55,0)/100)^5*(1+(IF(Skills!A11="CHAIN_LIGHTNING",Inputs!$B$16,Inputs!$B$17))/100)*(B58*I43) | L43: =K43*(MIN(Inputs!$B$21+(F50-Calc!F18),Inputs!$B$22)/100+Inputs!$B$22/100)/2 | M43: =L43*(1+(Inputs!$B$9+(F53-Calc!F21))/100) | N43: =L43*(1-MIN(Inputs!$B$8+((F52-Calc!F20)+(F51-Calc!F19)),100)/100)+M43*(MIN(Inputs!$B$8+((F52-Calc!F20)+(F51-Calc!F19)),100)/100) | O43: =IF(C43,H43*N43*IF(AND(Inputs!$B$4<>"pvp",Inputs!$B$35>0),((Skills!F11*((S43-1)*IF(Skills!G11>0,Skills!H11/Skills!G11,1)+IF(Skills!G11>0,MIN(Skills!H11,MAX(0,Inputs!$B$35-((S43-1)*IF(Inputs!$B$4="pvp",15,MAX(0.1,Skills!D11-IF(Skills!E11=TRUE,Inputs!$B$31,0))))))/Skills!G11,1)))/Inputs!$B$35),G43*V43)*IF(Inputs!$B$4="pvp",0.5,(1-Summary!$B$51)*0.5+Summary!$B$51*1)*IF(Inputs!$B$4="pvp",1,(1-Summary!$B$51)*(1)+Summary!$B$51*(MIN(Skills!Q11,Inputs!$B$37))),0) | P43: =IF(B66=0,0,O43/B66) | S43: =IF(AND(Inputs!$B$4<>"pvp",Inputs!$B$35>0),(INT(Inputs!$B$35/IF(Inputs!$B$4="pvp",15,MAX(0.1,Skills!D11-IF(Skills!E11=TRUE,Inputs!$B$31,0))))+1),0) | V43: =IFERROR(1/IF(Inputs!$B$4="pvp",15,MAX(0.1,Skills!D11-IF(Skills!E11=TRUE,Inputs!$B$31,0))),0)
A44: =Skills!A12 | B44: =Skills!B12 | C44: =Inputs!$B$3>=115 | D44: =IF(Skills!C12=1,60+Inputs!$B$24+Inputs!$B$28,IF(Skills!C12=2,90+Inputs!$B$25+Inputs!$B$28,IF(Skills!C12=3,120+Inputs!$B$26+Inputs!$B$28,MAX(0,(Inputs!$B$3-100)*3)+Inputs!$B$27+Inputs!$B$28))) | E44: =INDEX(FactorTable!$B$2:$Y$301, MATCH(ROUND(MIN(300,MAX(1,D44)),0), FactorTable!$A$2:$A$301,0), Skills!L12+1) | F44: =IF(Skills!M12=TRUE,(Skills!K12/10)*(E44/1000),Skills!K12/10)+Skills!N12 | G44: =Calc!G12 | H44: =Calc!H12 | I44: =IF(Skills!T12<>"",1+(Skills!T12/10)*(R35/1000)/100,1) | J44: =((Inputs!$B$5*(1+Inputs!$B$6/100))+(((Inputs!$B$11+1)*(1+Inputs!$B$12/100))-(Inputs!$B$11*(1+Inputs!$B$12/100)))*(1+Inputs!$B$6/100))*(F44/100) | K44: =J44*(1+(((Inputs!$B$11+1)*(1+Inputs!$B$12/100))*0.01+Inputs!$B$13*0.0025)/100)*(1+(Inputs!$B$14+B60)/100)*(1+IF(Inputs!$B$4="pvp",0,(1-Summary!$B$51)*(Inputs!$B$19+Skills!O12+B59)+Summary!$B$51*(Inputs!$B$20+Skills!P12+B59))/100)*(1+Inputs!$B$15/100)*(5000/(6000+Inputs!$B$7*(1-Inputs!$B$18/100)))*(1+Inputs!$B$23/100)*(1+IF(C47=TRUE,F47,0)/100)*(1+IF(C55=TRUE,F55,0)/100)^5*(1+(IF(Skills!A12="CHAIN_LIGHTNING",Inputs!$B$16,Inputs!$B$17))/100)*(B58*I44) | L44: =K44*(MIN(Inputs!$B$21+(F50-Calc!F18),Inputs!$B$22)/100+Inputs!$B$22/100)/2 | M44: =L44*(1+(Inputs!$B$9+(F53-Calc!F21))/100) | N44: =L44*(1-MIN(Inputs!$B$8+((F52-Calc!F20)+(F51-Calc!F19)),100)/100)+M44*(MIN(Inputs!$B$8+((F52-Calc!F20)+(F51-Calc!F19)),100)/100) | O44: =IF(C44,H44*N44*IF(AND(Inputs!$B$4<>"pvp",Inputs!$B$35>0),((Skills!F12*((S44-1)*IF(Skills!G12>0,Skills!H12/Skills!G12,1)+IF(Skills!G12>0,MIN(Skills!H12,MAX(0,Inputs!$B$35-((S44-1)*IF(Inputs!$B$4="pvp",15,MAX(0.1,Skills!D12-IF(Skills!E12=TRUE,Inputs!$B$31,0))))))/Skills!G12,1)))/Inputs!$B$35),G44*V44)*IF(Inputs!$B$4="pvp",1,(1-Summary!$B$51)*(1)+Summary!$B$51*(MIN(Skills!Q12,Inputs!$B$37))),0) | P44: =IF(B66=0,0,O44/B66) | S44: =IF(AND(Inputs!$B$4<>"pvp",Inputs!$B$35>0),(INT(Inputs!$B$35/IF(Inputs!$B$4="pvp",15,MAX(0.1,Skills!D12-IF(Skills!E12=TRUE,Inputs!$B$31,0))))+1),0) | V44: =IFERROR(1/IF(Inputs!$B$4="pvp",15,MAX(0.1,Skills!D12-IF(Skills!E12=TRUE,Inputs!$B$31,0))),0)
A45: =Skills!A13 | B45: =Skills!B13 | C45: =Inputs!$B$3>=49 | D45: =IF(Skills!C13=1,60+Inputs!$B$24+Inputs!$B$28,IF(Skills!C13=2,90+Inputs!$B$25+Inputs!$B$28,IF(Skills!C13=3,120+Inputs!$B$26+Inputs!$B$28,MAX(0,(Inputs!$B$3-100)*3)+Inputs!$B$27+Inputs!$B$28))) | E45: =INDEX(FactorTable!$B$2:$Y$301, MATCH(ROUND(MIN(300,MAX(1,D45)),0), FactorTable!$A$2:$A$301,0), Skills!L13+1) | F45: =IF(Skills!M13=TRUE,(Skills!K13/10)*(E45/1000),Skills!K13/10)+Skills!N13 | G45: =Calc!G13 | H45: =Calc!H13 | I45: =IF(Skills!T13<>"",1+(Skills!T13/10)*(R35/1000)/100,1) | O45: 0 | P45: =IF(B66=0,0,O45/B66) | S45: 0 | V45: =IFERROR(1/IF(Inputs!$B$4="pvp",15,MAX(0.1,Skills!D13-IF(Skills!E13=TRUE,Inputs!$B$31,0))),0)
A46: =Skills!A14 | B46: =Skills!B14 | C46: =Inputs!$B$3>=72 | D46: =IF(Skills!C14=1,60+Inputs!$B$24+Inputs!$B$28,IF(Skills!C14=2,90+Inputs!$B$25+Inputs!$B$28,IF(Skills!C14=3,120+Inputs!$B$26+Inputs!$B$28,MAX(0,(Inputs!$B$3-100)*3)+Inputs!$B$27+Inputs!$B$28))) | E46: =INDEX(FactorTable!$B$2:$Y$301, MATCH(ROUND(MIN(300,MAX(1,D46)),0), FactorTable!$A$2:$A$301,0), Skills!L14+1) | F46: =IF(Skills!M14=TRUE,(Skills!K14/10)*(E46/1000),Skills!K14/10)+Skills!N14 | G46: =Calc!G14 | H46: =Calc!H14 | I46: =IF(Skills!T14<>"",1+(Skills!T14/10)*(R35/1000)/100,1) | O46: 0 | P46: =IF(B66=0,0,O46/B66) | S46: 0 | V46: =IFERROR(1/IF(Inputs!$B$4="pvp",15,MAX(0.1,Skills!D14-IF(Skills!E14=TRUE,Inputs!$B$31,0))),0)
A47: =Skills!A15 | B47: =Skills!B15 | C47: =Inputs!$B$3>=75 | D47: =IF(Skills!C15=1,60+Inputs!$B$24+Inputs!$B$28,IF(Skills!C15=2,90+Inputs!$B$25+Inputs!$B$28,IF(Skills!C15=3,120+Inputs!$B$26+Inputs!$B$28,MAX(0,(Inputs!$B$3-100)*3)+Inputs!$B$27+Inputs!$B$28))) | E47: =INDEX(FactorTable!$B$2:$Y$301, MATCH(ROUND(MIN(300,MAX(1,D47)),0), FactorTable!$A$2:$A$301,0), Skills!L15+1) | F47: =IF(Skills!M15=TRUE,(Skills!K15/10)*(E47/1000),Skills!K15/10)+Skills!N15 | G47: =Calc!G15 | H47: =Calc!H15 | I47: =IF(Skills!T15<>"",1+(Skills!T15/10)*(R35/1000)/100,1) | O47: 0 | P47: =IF(B66=0,0,O47/B66) | S47: 0 | V47: =IFERROR(1/IF(Inputs!$B$4="pvp",15,MAX(0.1,Skills!D15-IF(Skills!E15=TRUE,Inputs!$B$31,0))),0)
A48: =Skills!A16 | B48: =Skills!B16 | C48: =Inputs!$B$3>=110 | D48: =IF(Skills!C16=1,60+Inputs!$B$24+Inputs!$B$28,IF(Skills!C16=2,90+Inputs!$B$25+Inputs!$B$28,IF(Skills!C16=3,120+Inputs!$B$26+Inputs!$B$28,MAX(0,(Inputs!$B$3-100)*3)+Inputs!$B$27+Inputs!$B$28))) | E48: =INDEX(FactorTable!$B$2:$Y$301, MATCH(ROUND(MIN(300,MAX(1,D48)),0), FactorTable!$A$2:$A$301,0), Skills!L16+1) | F48: =(Skills!K16/10)*(E48/1000)*64/45+Skills!N16 | G48: =Calc!G16 | H48: =Calc!H16 | I48: =IF(Skills!T16<>"",1+(Skills!T16/10)*(R35/1000)/100,1) | O48: 0 | P48: =IF(B66=0,0,O48/B66) | S48: =IF(AND(Inputs!$B$4<>"pvp",Inputs!$B$35>0),(INT(Inputs!$B$35/IF(Inputs!$B$4="pvp",15,MAX(0.1,Skills!D16-IF(Skills!E16=TRUE,Inputs!$B$31,0))))+1),0) | V48: =IFERROR(1/IF(Inputs!$B$4="pvp",15,MAX(0.1,Skills!D16-IF(Skills!E16=TRUE,Inputs!$B$31,0))),0)
A49: =Skills!A17 | B49: =Skills!B17 | C49: =Inputs!$B$3>=33 | D49: =IF(Skills!C17=1,60+Inputs!$B$24+Inputs!$B$28,IF(Skills!C17=2,90+Inputs!$B$25+Inputs!$B$28,IF(Skills!C17=3,120+Inputs!$B$26+Inputs!$B$28,MAX(0,(Inputs!$B$3-100)*3)+Inputs!$B$27+Inputs!$B$28))) | E49: =INDEX(FactorTable!$B$2:$Y$301, MATCH(ROUND(MIN(300,MAX(1,D49)),0), FactorTable!$A$2:$A$301,0), Skills!L17+1) | F49: =IF(Skills!M17=TRUE,(Skills!K17/10)*(E49/1000),Skills!K17/10)+Skills!N17 | G49: =Calc!G17 | H49: =Calc!H17 | I49: =IF(Skills!T17<>"",1+(Skills!T17/10)*(R35/1000)/100,1) | O49: 0 | P49: =IF(B66=0,0,O49/B66) | S49: 0 | V49: =IFERROR(1/IF(Inputs!$B$4="pvp",15,MAX(0.1,Skills!D17-IF(Skills!E17=TRUE,Inputs!$B$31,0))),0)
A50: =Skills!A18 | B50: =Skills!B18 | C50: =Inputs!$B$3>=43 | D50: =IF(Skills!C18=1,60+Inputs!$B$24+Inputs!$B$28,IF(Skills!C18=2,90+Inputs!$B$25+Inputs!$B$28,IF(Skills!C18=3,120+Inputs!$B$26+Inputs!$B$28,MAX(0,(Inputs!$B$3-100)*3)+Inputs!$B$27+Inputs!$B$28))) | E50: =INDEX(FactorTable!$B$2:$Y$301, MATCH(ROUND(MIN(300,MAX(1,D50)),0), FactorTable!$A$2:$A$301,0), Skills!L18+1) | F50: =IF(Skills!M18=TRUE,(Skills!K18/10)*(E50/1000),Skills!K18/10)+Skills!N18 | G50: =Calc!G18 | H50: =Calc!H18 | I50: =IF(Skills!T18<>"",1+(Skills!T18/10)*(R35/1000)/100,1) | O50: 0 | P50: =IF(B66=0,0,O50/B66) | S50: 0 | V50: =IFERROR(1/IF(Inputs!$B$4="pvp",15,MAX(0.1,Skills!D18-IF(Skills!E18=TRUE,Inputs!$B$31,0))),0)
A51: =Skills!A19 | B51: =Skills!B19 | C51: =Inputs!$B$3>=50 | D51: =IF(Skills!C19=1,60+Inputs!$B$24+Inputs!$B$28,IF(Skills!C19=2,90+Inputs!$B$25+Inputs!$B$28,IF(Skills!C19=3,120+Inputs!$B$26+Inputs!$B$28,MAX(0,(Inputs!$B$3-100)*3)+Inputs!$B$27+Inputs!$B$28))) | E51: =INDEX(FactorTable!$B$2:$Y$301, MATCH(ROUND(MIN(300,MAX(1,D51)),0), FactorTable!$A$2:$A$301,0), Skills!L19+1) | F51: =IF(Skills!M19=TRUE,(Skills!K19/10)*(E51/1000),Skills!K19/10)+Skills!N19 | G51: =Calc!G19 | H51: =Calc!H19 | I51: =IF(Skills!T19<>"",1+(Skills!T19/10)*(R35/1000)/100,1) | O51: 0 | P51: =IF(B66=0,0,O51/B66) | S51: 0 | V51: =IFERROR(1/IF(Inputs!$B$4="pvp",15,MAX(0.1,Skills!D19-IF(Skills!E19=TRUE,Inputs!$B$31,0))),0)
A52: =Skills!A20 | B52: =Skills!B20 | C52: =Inputs!$B$3>=74 | D52: =IF(Skills!C20=1,60+Inputs!$B$24+Inputs!$B$28,IF(Skills!C20=2,90+Inputs!$B$25+Inputs!$B$28,IF(Skills!C20=3,120+Inputs!$B$26+Inputs!$B$28,MAX(0,(Inputs!$B$3-100)*3)+Inputs!$B$27+Inputs!$B$28))) | E52: =INDEX(FactorTable!$B$2:$Y$301, MATCH(ROUND(MIN(300,MAX(1,D52)),0), FactorTable!$A$2:$A$301,0), Skills!L20+1) | F52: =IF(Skills!M20=TRUE,(Skills!K20/10)*(E52/1000),Skills!K20/10)+Skills!N20 | G52: =Calc!G20 | H52: =Calc!H20 | I52: =IF(Skills!T20<>"",1+(Skills!T20/10)*(R35/1000)/100,1) | O52: 0 | P52: =IF(B66=0,0,O52/B66) | S52: 0 | V52: =IFERROR(1/IF(Inputs!$B$4="pvp",15,MAX(0.1,Skills!D20-IF(Skills!E20=TRUE,Inputs!$B$31,0))),0)
A53: =Skills!A21 | B53: =Skills!B21 | C53: =Inputs!$B$3>=74 | D53: =IF(Skills!C21=1,60+Inputs!$B$24+Inputs!$B$28,IF(Skills!C21=2,90+Inputs!$B$25+Inputs!$B$28,IF(Skills!C21=3,120+Inputs!$B$26+Inputs!$B$28,MAX(0,(Inputs!$B$3-100)*3)+Inputs!$B$27+Inputs!$B$28))) | E53: =INDEX(FactorTable!$B$2:$Y$301, MATCH(ROUND(MIN(300,MAX(1,D53)),0), FactorTable!$A$2:$A$301,0), Skills!L21+1) | F53: =IF(Skills!M21=TRUE,(Skills!K21/10)*(E53/1000),Skills!K21/10)+Skills!N21 | G53: =Calc!G21 | H53: =Calc!H21 | I53: =IF(Skills!T21<>"",1+(Skills!T21/10)*(R35/1000)/100,1) | O53: 0 | P53: =IF(B66=0,0,O53/B66) | S53: 0 | V53: =IFERROR(1/IF(Inputs!$B$4="pvp",15,MAX(0.1,Skills!D21-IF(Skills!E21=TRUE,Inputs!$B$31,0))),0)
A54: =Skills!A22 | B54: =Skills!B22 | C54: =Inputs!$B$3>=117 | D54: =IF(Skills!C22=1,60+Inputs!$B$24+Inputs!$B$28,IF(Skills!C22=2,90+Inputs!$B$25+Inputs!$B$28,IF(Skills!C22=3,120+Inputs!$B$26+Inputs!$B$28,MAX(0,(Inputs!$B$3-100)*3)+Inputs!$B$27+Inputs!$B$28))) | E54: =INDEX(FactorTable!$B$2:$Y$301, MATCH(ROUND(MIN(300,MAX(1,D54)),0), FactorTable!$A$2:$A$301,0), Skills!L22+1) | F54: =IF(Skills!M22=TRUE,(Skills!K22/10)*(E54/1000),Skills!K22/10)+Skills!N22 | G54: =Calc!G22 | H54: =Calc!H22 | I54: =IF(Skills!T22<>"",1+(Skills!T22/10)*(R35/1000)/100,1) | O54: 0 | P54: =IF(B66=0,0,O54/B66) | S54: 0 | V54: =IFERROR(1/IF(Inputs!$B$4="pvp",15,MAX(0.1,Skills!D22-IF(Skills!E22=TRUE,Inputs!$B$31,0))),0)
A55: =Skills!A23 | B55: =Skills!B23 | C55: =Inputs!$B$3>=120 | D55: =IF(Skills!C23=1,60+Inputs!$B$24+Inputs!$B$28,IF(Skills!C23=2,90+Inputs!$B$25+Inputs!$B$28,IF(Skills!C23=3,120+Inputs!$B$26+Inputs!$B$28,MAX(0,(Inputs!$B$3-100)*3)+Inputs!$B$27+Inputs!$B$28))) | E55: =INDEX(FactorTable!$B$2:$Y$301, MATCH(ROUND(MIN(300,MAX(1,D55)),0), FactorTable!$A$2:$A$301,0), Skills!L23+1) | F55: =IF(Skills!M23=TRUE,(Skills!K23/10)*(E55/1000),Skills!K23/10)+Skills!N23 | G55: =Calc!G23 | H55: =Calc!H23 | I55: =IF(Skills!T23<>"",1+(Skills!T23/10)*(R35/1000)/100,1) | O55: 0 | P55: =IF(B66=0,0,O55/B66) | S55: 0 | V55: =IFERROR(1/IF(Inputs!$B$4="pvp",15,MAX(0.1,Skills!D23-IF(Skills!E23=TRUE,Inputs!$B$31,0))),0)
A58: Average Buff Multiplier (Magic Guard + Meditation, summed; then Infinity) | B58: =(1+(IF(C35=TRUE,F35*IF(AND(Inputs!$B$4<>"pvp",Inputs!$B$35>0),(((S35-1)*(Skills!S3*(1+(Inputs!$B$33+IF(Inputs!$B$3>=117,F54,0))/100))+MIN((Skills!S3*(1+(Inputs!$B$33+IF(Inputs!$B$3>=117,F54,0))/100)),MAX(0,Inputs!$B$35-((S35-1)*Skills!D3))))/Inputs!$B$35),IF(Inputs!$B$4="pvp",MIN((Skills!S3*(1+(Inputs!$B$33+IF(Inputs!$B$3>=117,F54,0))/100)),15)/15,(Skills!S3*(1+(Inputs!$B$33+IF(Inputs!$B$3>=117,F54,0))/100))/Skills!D3)),0)+IF(C36=TRUE,F36*IF(AND(Inputs!$B$4<>"pvp",Inputs!$B$35>0),(((S36-1)*(Skills!S4*(1+(Inputs!$B$33+IF(Inputs!$B$3>=117,F54,0))/100))+MIN((Skills!S4*(1+(Inputs!$B$33+IF(Inputs!$B$3>=117,F54,0))/100)),MAX(0,Inputs!$B$35-((S36-1)*Skills!D4))))/Inputs!$B$35),IF(Inputs!$B$4="pvp",MIN((Skills!S4*(1+(Inputs!$B$33+IF(Inputs!$B$3>=117,F54,0))/100)),15)/15,(Skills!S4*(1+(Inputs!$B$33+IF(Inputs!$B$3>=117,F54,0))/100))/Skills!D4)),0))/100)*IF(C48=TRUE,(1+F48*IF(AND(Inputs!$B$4<>"pvp",Inputs!$B$35>0),(((S48-1)*(Skills!S16*(1+(Inputs!$B$33+IF(Inputs!$B$3>=117,F54,0))/100))+MIN((Skills!S16*(1+(Inputs!$B$33+IF(Inputs!$B$3>=117,F54,0))/100)),MAX(0,Inputs!$B$35-((S48-1)*Skills!D16))))/Inputs!$B$35),IF(Inputs!$B$4="pvp",MIN((Skills!S16*(1+(Inputs!$B$33+IF(Inputs!$B$3>=117,F54,0))/100)),15)/15,(Skills!S16*(1+(Inputs!$B$33+IF(Inputs!$B$3>=117,F54,0))/100))/Skills!D16))/100),1)
A59: Monster Damage Taken Bonus % (Freezing Breath - Weaken + Elemental Reset, summed) | B59: =IF(Inputs!$B$3>=118,15*IF(Inputs!$B$4="pvp",MIN((30*(1+(Inputs!$B$33+IF(Inputs!$B$3>=117,F54,0))/100)),15)/15,(30*(1+(Inputs!$B$33+IF(Inputs!$B$3>=117,F54,0))/100))/Skills!D8),0)+IF(C46=TRUE,F46,0)
A60: Damage % Bonus (Frozen Break + Frost Clutch, flat) | B60: =IF(Inputs!$B$3>=66,15,0)+IF(Inputs!$B$3>=98,10,0)+IF(Inputs!$B$3>=125,20,0)
A61: Attack Speed Bonus % (MP Eater - MP Boost, always-on once unlocked) | B61: =IF(C45=TRUE,F45+(F49-Calc!F17),0)
A62: Actions Per Second | B62: =1+MIN(150,150*(1-(1-Inputs!$B$10/150)*(1-B61/150)))/100
A63: Skill + Buff Cast Rate | B63: =IF(AND(Inputs!$B$4<>"pvp",Inputs!$B$35>0),SUMPRODUCT((Skills!E2:E23=TRUE)*(C34:C55=TRUE)*S34:S55)/Inputs!$B$35,SUMPRODUCT((Skills!E2:E23=TRUE)*(C34:C55=TRUE)*V34:V55))
A64: Chain Lightning Casts Per Second | B64: =MAX(0,B62-B63)
A66: TOTAL DPS | B66: =SUM(O34:O55)
A69: Stat: INT %
A70: Key | B70: Name | C70: Unlocked | D70: InputLevel | E70: Factor | F70: CoefficientPercent | G70: EffectiveHits | H70: ProcProbability | I70: MapleHeroMultiplier | J70: BaseDamage | K70: BaseHitDamage | L70: NonCritAvg | M70: CritAvg | N70: ExpectedDamage(perHit) | O70: DPS | P70: % of Total | R70: helpers
A71: =Skills!A2 | B71: =Skills!B2 | C71: =Inputs!$B$3>=100 | F71: =T73+Skills!N2 | G71: =Calc!G2 | H71: =Calc!H2 | I71: =IF(Skills!T2<>"",1+(Skills!T2/10)*(R72/1000)/100,1) | J71: =((Inputs!$B$5*(1+Inputs!$B$6/100))+((Inputs!$B$11*(1+(Inputs!$B$12+1)/100))-(Inputs!$B$11*(1+Inputs!$B$12/100)))*(1+Inputs!$B$6/100))*(F71/100) | K71: =J71*(1+((Inputs!$B$11*(1+(Inputs!$B$12+1)/100))*0.01+Inputs!$B$13*0.0025)/100)*(1+(Inputs!$B$14+B97)/100)*(1+IF(Inputs!$B$4="pvp",0,(1-Summary!$B$51)*(Inputs!$B$19+Skills!O2+B96)+Summary!$B$51*(Inputs!$B$20+Skills!P2+B96))/100)*(1+Inputs!$B$15/100)*(5000/(6000+Inputs!$B$7*(1-Inputs!$B$18/100)))*(1+Inputs!$B$23/100)*(1+IF(C84=TRUE,F84,0)/100)*(1+IF(C92=TRUE,F92,0)/100)^5*(1+(IF(Skills!A2="CHAIN_LIGHTNING",Inputs!$B$16,Inputs!$B$17))/100)*(B95*I71) | L71: =K71*(MIN(Inputs!$B$21+(F87-Calc!F18),Inputs!$B$22)/100+Inputs!$B$22/100)/2 | M71: =L71*(1+(Inputs!$B$9+(F90-Calc!F21))/100) | N71: =L71*(1-MIN(Inputs!$B$8+((F89-Calc!F20)+(F88-Calc!F19)),100)/100)+M71*(MIN(Inputs!$B$8+((F89-Calc!F20)+(F88-Calc!F19)),100)/100) | O71: =IF(C71,Skills!F2*N71*B101*IF(Inputs!$B$4="pvp",1,(1-Summary!$B$51)*(1)+Summary!$B$51*(MIN((6+Inputs!$B$32),Inputs!$B$37))),0) | P71: =IF(B103=0,0,O71/B103) | R71: =MAX(0,(Inputs!$B$3-100)*3)+Inputs!$B$27+Inputs!$B$28 | S71: 0 | T71: =MAX(0,(Inputs!$B$3-100)*3)+Inputs!$B$27+Inputs!$B$28 | V71: =IFERROR(1/IF(Inputs!$B$4="pvp",15,MAX(0.1,Skills!D2-IF(Skills!E2=TRUE,Inputs!$B$31,0))),0)
A72: =Skills!A3 | B72: =Skills!B3 | C72: =Inputs!$B$3>=15 | D72: =IF(Skills!C3=1,60+Inputs!$B$24+Inputs!$B$28,IF(Skills!C3=2,90+Inputs!$B$25+Inputs!$B$28,IF(Skills!C3=3,120+Inputs!$B$26+Inputs!$B$28,MAX(0,(Inputs!$B$3-100)*3)+Inputs!$B$27+Inputs!$B$28))) | E72: =INDEX(FactorTable!$B$2:$Y$301, MATCH(ROUND(MIN(300,MAX(1,D72)),0), FactorTable!$A$2:$A$301,0), Skills!L3+1) | F72: =IF(Skills!M3=TRUE,(Skills!K3/10)*(E72/1000),Skills!K3/10)+Skills!N3 | G72: =Calc!G3 | H72: =Calc!H3 | I72: =IF(Skills!T3<>"",1+(Skills!T3/10)*(R72/1000)/100,1) | O72: 0 | P72: =IF(B103=0,0,O72/B103) | R72: =INDEX(FactorTable!$B$2:$Y$301, MATCH(ROUND(MIN(300,MAX(1,R71)),0), FactorTable!$A$2:$A$301,0), 24) | S72: =IF(AND(Inputs!$B$4<>"pvp",Inputs!$B$35>0),(INT(Inputs!$B$35/IF(Inputs!$B$4="pvp",15,MAX(0.1,Skills!D3-IF(Skills!E3=TRUE,Inputs!$B$31,0))))+1),0) | T72: =INDEX(FactorTable!$B$2:$Y$301, MATCH(ROUND(MIN(300,MAX(1,T71)),0), FactorTable!$A$2:$A$301,0), 22) | V72: =IFERROR(1/IF(Inputs!$B$4="pvp",15,MAX(0.1,Skills!D3-IF(Skills!E3=TRUE,Inputs!$B$31,0))),0)
A73: =Skills!A4 | B73: =Skills!B4 | C73: =Inputs!$B$3>=40 | D73: =IF(Skills!C4=1,60+Inputs!$B$24+Inputs!$B$28,IF(Skills!C4=2,90+Inputs!$B$25+Inputs!$B$28,IF(Skills!C4=3,120+Inputs!$B$26+Inputs!$B$28,MAX(0,(Inputs!$B$3-100)*3)+Inputs!$B$27+Inputs!$B$28))) | E73: =INDEX(FactorTable!$B$2:$Y$301, MATCH(ROUND(MIN(300,MAX(1,D73)),0), FactorTable!$A$2:$A$301,0), Skills!L4+1) | F73: =IF(Skills!M4=TRUE,(Skills!K4/10)*(E73/1000),Skills!K4/10)+Skills!N4 | G73: =Calc!G4 | H73: =Calc!H4 | I73: =IF(Skills!T4<>"",1+(Skills!T4/10)*(R72/1000)/100,1) | O73: 0 | P73: =IF(B103=0,0,O73/B103) | S73: =IF(AND(Inputs!$B$4<>"pvp",Inputs!$B$35>0),(INT(Inputs!$B$35/IF(Inputs!$B$4="pvp",15,MAX(0.1,Skills!D4-IF(Skills!E4=TRUE,Inputs!$B$31,0))))+1),0) | T73: =290*T72/1000 | V73: =IFERROR(1/IF(Inputs!$B$4="pvp",15,MAX(0.1,Skills!D4-IF(Skills!E4=TRUE,Inputs!$B$31,0))),0)
A74: =Skills!A5 | B74: =Skills!B5 | C74: =Inputs!$B$3>=38 | D74: =IF(Skills!C5=1,60+Inputs!$B$24+Inputs!$B$28,IF(Skills!C5=2,90+Inputs!$B$25+Inputs!$B$28,IF(Skills!C5=3,120+Inputs!$B$26+Inputs!$B$28,MAX(0,(Inputs!$B$3-100)*3)+Inputs!$B$27+Inputs!$B$28))) | E74: =INDEX(FactorTable!$B$2:$Y$301, MATCH(ROUND(MIN(300,MAX(1,D74)),0), FactorTable!$A$2:$A$301,0), Skills!L5+1) | F74: =IF(Skills!M5=TRUE,(Skills!K5/10)*(E74/1000),Skills!K5/10)+Skills!N5 | G74: =Calc!G5 | H74: =Calc!H5 | I74: =IF(Skills!T5<>"",1+(Skills!T5/10)*(R72/1000)/100,1) | J74: =((Inputs!$B$5*(1+Inputs!$B$6/100))+((Inputs!$B$11*(1+(Inputs!$B$12+1)/100))-(Inputs!$B$11*(1+Inputs!$B$12/100)))*(1+Inputs!$B$6/100))*(F74/100) | K74: =J74*(1+((Inputs!$B$11*(1+(Inputs!$B$12+1)/100))*0.01+Inputs!$B$13*0.0025)/100)*(1+(Inputs!$B$14+B97)/100)*(1+IF(Inputs!$B$4="pvp",0,(1-Summary!$B$51)*(Inputs!$B$19+Skills!O5+B96)+Summary!$B$51*(Inputs!$B$20+Skills!P5+B96))/100)*(1+Inputs!$B$15/100)*(5000/(6000+Inputs!$B$7*(1-Inputs!$B$18/100)))*(1+Inputs!$B$23/100)*(1+IF(C84=TRUE,F84,0)/100)*(1+IF(C92=TRUE,F92,0)/100)^5*(1+(IF(Skills!A5="CHAIN_LIGHTNING",Inputs!$B$16,Inputs!$B$17))/100)*(B95*I74) | L74: =K74*(MIN(Inputs!$B$21+(F87-Calc!F18),Inputs!$B$22)/100+Inputs!$B$22/100)/2 | M74: =L74*(1+(Inputs!$B$9+(F90-Calc!F21))/100) | N74: =L74*(1-MIN(Inputs!$B$8+((F89-Calc!F20)+(F88-Calc!F19)),100)/100)+M74*(MIN(Inputs!$B$8+((F89-Calc!F20)+(F88-Calc!F19)),100)/100) | O74: =IF(C74,H74*N74*IF(AND(Inputs!$B$4<>"pvp",Inputs!$B$35>0),((Skills!F5*((S74-1)*IF(Skills!G5>0,Skills!H5/Skills!G5,1)+IF(Skills!G5>0,MIN(Skills!H5,MAX(0,Inputs!$B$35-((S74-1)*IF(Inputs!$B$4="pvp",15,MAX(0.1,Skills!D5-IF(Skills!E5=TRUE,Inputs!$B$31,0))))))/Skills!G5,1)))/Inputs!$B$35),G74*V74)*IF(Inputs!$B$4="pvp",1,(1-Summary!$B$51)*(1)+Summary!$B$51*(MIN(Skills!Q5,Inputs!$B$37))),0) | P74: =IF(B103=0,0,O74/B103) | S74: =IF(AND(Inputs!$B$4<>"pvp",Inputs!$B$35>0),(INT(Inputs!$B$35/IF(Inputs!$B$4="pvp",15,MAX(0.1,Skills!D5-IF(Skills!E5=TRUE,Inputs!$B$31,0))))+1),0) | V74: =IFERROR(1/IF(Inputs!$B$4="pvp",15,MAX(0.1,Skills!D5-IF(Skills!E5=TRUE,Inputs!$B$31,0))),0)
A75: =Skills!A6 | B75: =Skills!B6 | C75: =Inputs!$B$3>=63 | D75: =IF(Skills!C6=1,60+Inputs!$B$24+Inputs!$B$28,IF(Skills!C6=2,90+Inputs!$B$25+Inputs!$B$28,IF(Skills!C6=3,120+Inputs!$B$26+Inputs!$B$28,MAX(0,(Inputs!$B$3-100)*3)+Inputs!$B$27+Inputs!$B$28))) | E75: =INDEX(FactorTable!$B$2:$Y$301, MATCH(ROUND(MIN(300,MAX(1,D75)),0), FactorTable!$A$2:$A$301,0), Skills!L6+1) | F75: =IF(Skills!M6=TRUE,(Skills!K6/10)*(E75/1000),Skills!K6/10)+Skills!N6 | G75: =Calc!G6 | H75: =Calc!H6 | I75: =IF(Skills!T6<>"",1+(Skills!T6/10)*(R72/1000)/100,1) | J75: =((Inputs!$B$5*(1+Inputs!$B$6/100))+((Inputs!$B$11*(1+(Inputs!$B$12+1)/100))-(Inputs!$B$11*(1+Inputs!$B$12/100)))*(1+Inputs!$B$6/100))*(F75/100) | K75: =J75*(1+((Inputs!$B$11*(1+(Inputs!$B$12+1)/100))*0.01+Inputs!$B$13*0.0025)/100)*(1+(Inputs!$B$14+B97)/100)*(1+IF(Inputs!$B$4="pvp",0,(1-Summary!$B$51)*(Inputs!$B$19+Skills!O6+B96)+Summary!$B$51*(Inputs!$B$20+Skills!P6+B96))/100)*(1+Inputs!$B$15/100)*(5000/(6000+Inputs!$B$7*(1-Inputs!$B$18/100)))*(1+Inputs!$B$23/100)*(1+IF(C84=TRUE,F84,0)/100)*(1+IF(C92=TRUE,F92,0)/100)^5*(1+(IF(Skills!A6="CHAIN_LIGHTNING",Inputs!$B$16,Inputs!$B$17))/100)*(B95*I75) | L75: =K75*(MIN(Inputs!$B$21+(F87-Calc!F18),Inputs!$B$22)/100+Inputs!$B$22/100)/2 | M75: =L75*(1+(Inputs!$B$9+(F90-Calc!F21))/100) | N75: =L75*(1-MIN(Inputs!$B$8+((F89-Calc!F20)+(F88-Calc!F19)),100)/100)+M75*(MIN(Inputs!$B$8+((F89-Calc!F20)+(F88-Calc!F19)),100)/100) | O75: =IF(C75,H75*N75*IF(AND(Inputs!$B$4<>"pvp",Inputs!$B$35>0),((Skills!F6*((S75-1)*IF(Skills!G6>0,Skills!H6/Skills!G6,1)+IF(Skills!G6>0,MIN(Skills!H6,MAX(0,Inputs!$B$35-((S75-1)*IF(Inputs!$B$4="pvp",15,MAX(0.1,Skills!D6-IF(Skills!E6=TRUE,Inputs!$B$31,0))))))/Skills!G6,1)))/Inputs!$B$35),G75*V75)*IF(Inputs!$B$4="pvp",1,(1-Summary!$B$51)*(1)+Summary!$B$51*(MIN(Skills!Q6,Inputs!$B$37))),0) | P75: =IF(B103=0,0,O75/B103) | S75: =IF(AND(Inputs!$B$4<>"pvp",Inputs!$B$35>0),(INT(Inputs!$B$35/IF(Inputs!$B$4="pvp",15,MAX(0.1,Skills!D6-IF(Skills!E6=TRUE,Inputs!$B$31,0))))+1),0) | V75: =IFERROR(1/IF(Inputs!$B$4="pvp",15,MAX(0.1,Skills!D6-IF(Skills!E6=TRUE,Inputs!$B$31,0))),0)
A76: =Skills!A7 | B76: =Skills!B7 | C76: =Inputs!$B$3>=69 | D76: =IF(Skills!C7=1,60+Inputs!$B$24+Inputs!$B$28,IF(Skills!C7=2,90+Inputs!$B$25+Inputs!$B$28,IF(Skills!C7=3,120+Inputs!$B$26+Inputs!$B$28,MAX(0,(Inputs!$B$3-100)*3)+Inputs!$B$27+Inputs!$B$28))) | E76: =INDEX(FactorTable!$B$2:$Y$301, MATCH(ROUND(MIN(300,MAX(1,D76)),0), FactorTable!$A$2:$A$301,0), Skills!L7+1) | F76: =IF(Skills!M7=TRUE,(Skills!K7/10)*(E76/1000),Skills!K7/10)+Skills!N7 | G76: =Calc!G7 | H76: =Calc!H7 | I76: =IF(Skills!T7<>"",1+(Skills!T7/10)*(R72/1000)/100,1) | J76: =((Inputs!$B$5*(1+Inputs!$B$6/100))+((Inputs!$B$11*(1+(Inputs!$B$12+1)/100))-(Inputs!$B$11*(1+Inputs!$B$12/100)))*(1+Inputs!$B$6/100))*(F76/100) | K76: =J76*(1+((Inputs!$B$11*(1+(Inputs!$B$12+1)/100))*0.01+Inputs!$B$13*0.0025)/100)*(1+(Inputs!$B$14+B97)/100)*(1+IF(Inputs!$B$4="pvp",0,(1-Summary!$B$51)*(Inputs!$B$19+Skills!O7+B96)+Summary!$B$51*(Inputs!$B$20+Skills!P7+B96))/100)*(1+Inputs!$B$15/100)*(5000/(6000+Inputs!$B$7*(1-Inputs!$B$18/100)))*(1+Inputs!$B$23/100)*(1+IF(C84=TRUE,F84,0)/100)*(1+IF(C92=TRUE,F92,0)/100)^5*(1+(IF(Skills!A7="CHAIN_LIGHTNING",Inputs!$B$16,Inputs!$B$17))/100)*(B95*I76) | L76: =K76*(MIN(Inputs!$B$21+(F87-Calc!F18),Inputs!$B$22)/100+Inputs!$B$22/100)/2 | M76: =L76*(1+(Inputs!$B$9+(F90-Calc!F21))/100) | N76: =L76*(1-MIN(Inputs!$B$8+((F89-Calc!F20)+(F88-Calc!F19)),100)/100)+M76*(MIN(Inputs!$B$8+((F89-Calc!F20)+(F88-Calc!F19)),100)/100) | O76: =IF(C76,H76*N76*IF(AND(Inputs!$B$4<>"pvp",Inputs!$B$35>0),((Skills!F7*((S76-1)*IF(Skills!G7>0,Skills!H7/Skills!G7,1)+IF(Skills!G7>0,MIN(Skills!H7,MAX(0,Inputs!$B$35-((S76-1)*IF(Inputs!$B$4="pvp",15,MAX(0.1,Skills!D7-IF(Skills!E7=TRUE,Inputs!$B$31,0))))))/Skills!G7,1)))/Inputs!$B$35),G76*V76)*IF(Inputs!$B$4="pvp",1,(1-Summary!$B$51)*(1)+Summary!$B$51*(MIN(Skills!Q7,Inputs!$B$37))),0) | P76: =IF(B103=0,0,O76/B103) | S76: =IF(AND(Inputs!$B$4<>"pvp",Inputs!$B$35>0),(INT(Inputs!$B$35/IF(Inputs!$B$4="pvp",15,MAX(0.1,Skills!D7-IF(Skills!E7=TRUE,Inputs!$B$31,0))))+1),0) | V76: =IFERROR(1/IF(Inputs!$B$4="pvp",15,MAX(0.1,Skills!D7-IF(Skills!E7=TRUE,Inputs!$B$31,0))),0)
A77: =Skills!A8 | B77: =Skills!B8 | C77: =Inputs!$B$3>=103 | D77: =IF(Skills!C8=1,60+Inputs!$B$24+Inputs!$B$28,IF(Skills!C8=2,90+Inputs!$B$25+Inputs!$B$28,IF(Skills!C8=3,120+Inputs!$B$26+Inputs!$B$28,MAX(0,(Inputs!$B$3-100)*3)+Inputs!$B$27+Inputs!$B$28))) | E77: =INDEX(FactorTable!$B$2:$Y$301, MATCH(ROUND(MIN(300,MAX(1,D77)),0), FactorTable!$A$2:$A$301,0), Skills!L8+1) | F77: =IF(Skills!M8=TRUE,(Skills!K8/10)*(E77/1000),Skills!K8/10)+Skills!N8 | G77: =Calc!G8 | H77: =Calc!H8 | I77: =IF(Skills!T8<>"",1+(Skills!T8/10)*(R72/1000)/100,1) | J77: =((Inputs!$B$5*(1+Inputs!$B$6/100))+((Inputs!$B$11*(1+(Inputs!$B$12+1)/100))-(Inputs!$B$11*(1+Inputs!$B$12/100)))*(1+Inputs!$B$6/100))*(F77/100) | K77: =J77*(1+((Inputs!$B$11*(1+(Inputs!$B$12+1)/100))*0.01+Inputs!$B$13*0.0025)/100)*(1+(Inputs!$B$14+B97)/100)*(1+IF(Inputs!$B$4="pvp",0,(1-Summary!$B$51)*(Inputs!$B$19+Skills!O8+B96)+Summary!$B$51*(Inputs!$B$20+Skills!P8+B96))/100)*(1+Inputs!$B$15/100)*(5000/(6000+Inputs!$B$7*(1-Inputs!$B$18/100)))*(1+Inputs!$B$23/100)*(1+IF(C84=TRUE,F84,0)/100)*(1+IF(C92=TRUE,F92,0)/100)^5*(1+(IF(Skills!A8="CHAIN_LIGHTNING",Inputs!$B$16,Inputs!$B$17))/100)*(B95*I77) | L77: =K77*(MIN(Inputs!$B$21+(F87-Calc!F18),Inputs!$B$22)/100+Inputs!$B$22/100)/2 | M77: =L77*(1+(Inputs!$B$9+(F90-Calc!F21))/100) | N77: =L77*(1-MIN(Inputs!$B$8+((F89-Calc!F20)+(F88-Calc!F19)),100)/100)+M77*(MIN(Inputs!$B$8+((F89-Calc!F20)+(F88-Calc!F19)),100)/100) | O77: =IF(C77,H77*N77*IF(AND(Inputs!$B$4<>"pvp",Inputs!$B$35>0),((Skills!F8*((S77-1)*IF(Skills!G8>0,Skills!H8/Skills!G8,1)+IF(Skills!G8>0,MIN(Skills!H8,MAX(0,Inputs!$B$35-((S77-1)*IF(Inputs!$B$4="pvp",15,MAX(0.1,Skills!D8-IF(Skills!E8=TRUE,Inputs!$B$31,0))))))/Skills!G8,1)))/Inputs!$B$35),G77*V77)*IF(Inputs!$B$4="pvp",1,(1-Summary!$B$51)*(1)+Summary!$B$51*(MIN(Skills!Q8,Inputs!$B$37))),0) | P77: =IF(B103=0,0,O77/B103) | S77: =IF(AND(Inputs!$B$4<>"pvp",Inputs!$B$35>0),(INT(Inputs!$B$35/IF(Inputs!$B$4="pvp",15,MAX(0.1,Skills!D8-IF(Skills!E8=TRUE,Inputs!$B$31,0))))+1),0) | V77: =IFERROR(1/IF(Inputs!$B$4="pvp",15,MAX(0.1,Skills!D8-IF(Skills!E8=TRUE,Inputs!$B$31,0))),0)
A78: =Skills!A9 | B78: =Skills!B9 | C78: =Inputs!$B$3>=105 | D78: =IF(Skills!C9=1,60+Inputs!$B$24+Inputs!$B$28,IF(Skills!C9=2,90+Inputs!$B$25+Inputs!$B$28,IF(Skills!C9=3,120+Inputs!$B$26+Inputs!$B$28,MAX(0,(Inputs!$B$3-100)*3)+Inputs!$B$27+Inputs!$B$28))) | E78: =INDEX(FactorTable!$B$2:$Y$301, MATCH(ROUND(MIN(300,MAX(1,D78)),0), FactorTable!$A$2:$A$301,0), Skills!L9+1) | F78: =IF(Skills!M9=TRUE,(Skills!K9/10)*(E78/1000),Skills!K9/10)+Skills!N9 | G78: =Calc!G9 | H78: =Calc!H9 | I78: =IF(Skills!T9<>"",1+(Skills!T9/10)*(R72/1000)/100,1) | J78: =((Inputs!$B$5*(1+Inputs!$B$6/100))+((Inputs!$B$11*(1+(Inputs!$B$12+1)/100))-(Inputs!$B$11*(1+Inputs!$B$12/100)))*(1+Inputs!$B$6/100))*(F78/100) | K78: =J78*(1+((Inputs!$B$11*(1+(Inputs!$B$12+1)/100))*0.01+Inputs!$B$13*0.0025)/100)*(1+(Inputs!$B$14+B97)/100)*(1+IF(Inputs!$B$4="pvp",0,(1-Summary!$B$51)*(Inputs!$B$19+Skills!O9+B96)+Summary!$B$51*(Inputs!$B$20+Skills!P9+B96))/100)*(1+Inputs!$B$15/100)*(5000/(6000+Inputs!$B$7*(1-Inputs!$B$18/100)))*(1+Inputs!$B$23/100)*(1+IF(C84=TRUE,F84,0)/100)*(1+IF(C92=TRUE,F92,0)/100)^5*(1+(IF(Skills!A9="CHAIN_LIGHTNING",Inputs!$B$16,Inputs!$B$17))/100)*(B95*I78) | L78: =K78*(MIN(Inputs!$B$21+(F87-Calc!F18),Inputs!$B$22)/100+Inputs!$B$22/100)/2 | M78: =L78*(1+(Inputs!$B$9+(F90-Calc!F21))/100) | N78: =L78*(1-MIN(Inputs!$B$8+((F89-Calc!F20)+(F88-Calc!F19)),100)/100)+M78*(MIN(Inputs!$B$8+((F89-Calc!F20)+(F88-Calc!F19)),100)/100) | O78: =IF(C78,H78*N78*IF(AND(Inputs!$B$4<>"pvp",Inputs!$B$35>0),((Skills!F9*((S78-1)*IF(Skills!G9>0,Skills!H9/Skills!G9,1)+IF(Skills!G9>0,MIN(Skills!H9,MAX(0,Inputs!$B$35-((S78-1)*IF(Inputs!$B$4="pvp",15,MAX(0.1,Skills!D9-IF(Skills!E9=TRUE,Inputs!$B$31,0))))))/Skills!G9,1)))/Inputs!$B$35),G78*V78)*IF(Inputs!$B$4="pvp",1,(1-Summary!$B$51)*(1)+Summary!$B$51*(MIN(Skills!Q9,Inputs!$B$37))),0) | P78: =IF(B103=0,0,O78/B103) | S78: =IF(AND(Inputs!$B$4<>"pvp",Inputs!$B$35>0),(INT(Inputs!$B$35/IF(Inputs!$B$4="pvp",15,MAX(0.1,Skills!D9-IF(Skills!E9=TRUE,Inputs!$B$31,0))))+1),0) | V78: =IFERROR(1/IF(Inputs!$B$4="pvp",15,MAX(0.1,Skills!D9-IF(Skills!E9=TRUE,Inputs!$B$31,0))),0)
A79: =Skills!A10 | B79: =Skills!B10 | C79: =Inputs!$B$3>=113 | D79: =IF(Skills!C10=1,60+Inputs!$B$24+Inputs!$B$28,IF(Skills!C10=2,90+Inputs!$B$25+Inputs!$B$28,IF(Skills!C10=3,120+Inputs!$B$26+Inputs!$B$28,MAX(0,(Inputs!$B$3-100)*3)+Inputs!$B$27+Inputs!$B$28))) | E79: =INDEX(FactorTable!$B$2:$Y$301, MATCH(ROUND(MIN(300,MAX(1,D79)),0), FactorTable!$A$2:$A$301,0), Skills!L10+1) | F79: =IF(Skills!M10=TRUE,(Skills!K10/10)*(E79/1000),Skills!K10/10)+Skills!N10 | G79: =Calc!G10 | H79: =Calc!H10 | I79: =IF(Skills!T10<>"",1+(Skills!T10/10)*(R72/1000)/100,1) | J79: =((Inputs!$B$5*(1+Inputs!$B$6/100))+((Inputs!$B$11*(1+(Inputs!$B$12+1)/100))-(Inputs!$B$11*(1+Inputs!$B$12/100)))*(1+Inputs!$B$6/100))*(F79/100) | K79: =J79*(1+((Inputs!$B$11*(1+(Inputs!$B$12+1)/100))*0.01+Inputs!$B$13*0.0025)/100)*(1+(Inputs!$B$14+B97)/100)*(1+IF(Inputs!$B$4="pvp",0,(1-Summary!$B$51)*(Inputs!$B$19+Skills!O10+B96)+Summary!$B$51*(Inputs!$B$20+Skills!P10+B96))/100)*(1+Inputs!$B$15/100)*(5000/(6000+Inputs!$B$7*(1-Inputs!$B$18/100)))*(1+Inputs!$B$23/100)*(1+IF(C84=TRUE,F84,0)/100)*(1+IF(C92=TRUE,F92,0)/100)^5*(1+(IF(Skills!A10="CHAIN_LIGHTNING",Inputs!$B$16,Inputs!$B$17))/100)*(B95*I79) | L79: =K79*(MIN(Inputs!$B$21+(F87-Calc!F18),Inputs!$B$22)/100+Inputs!$B$22/100)/2 | M79: =L79*(1+(Inputs!$B$9+(F90-Calc!F21))/100) | N79: =L79*(1-MIN(Inputs!$B$8+((F89-Calc!F20)+(F88-Calc!F19)),100)/100)+M79*(MIN(Inputs!$B$8+((F89-Calc!F20)+(F88-Calc!F19)),100)/100) | O79: =IF(C79,H79*N79*IF(AND(Inputs!$B$4<>"pvp",Inputs!$B$35>0),((Skills!F10*((S79-1)*IF(Skills!G10>0,Skills!H10/Skills!G10,1)+IF(Skills!G10>0,MIN(Skills!H10,MAX(0,Inputs!$B$35-((S79-1)*IF(Inputs!$B$4="pvp",15,MAX(0.1,Skills!D10-IF(Skills!E9=TRUE,Inputs!$B$31,0))))))/Skills!G10,1)))/Inputs!$B$35),G79*V79)*IF(Inputs!$B$4="pvp",1,(1-Summary!$B$51)*(1)+Summary!$B$51*(MIN(Skills!Q10,Inputs!$B$37))),0) | P79: =IF(B103=0,0,O79/B103) | S79: =IF(AND(Inputs!$B$4<>"pvp",Inputs!$B$35>0),(INT(Inputs!$B$35/IF(Inputs!$B$4="pvp",15,MAX(0.1,Skills!D10-IF(Skills!E9=TRUE,Inputs!$B$31,0))))+1),0) | V79: =IFERROR(1/IF(Inputs!$B$4="pvp",15,MAX(0.1,Skills!D10-IF(Skills!E9=TRUE,Inputs!$B$31,0))),0)
A80: =Skills!A11 | B80: =Skills!B11 | C80: =Inputs!$B$3>=107 | D80: =IF(Skills!C11=1,60+Inputs!$B$24+Inputs!$B$28,IF(Skills!C11=2,90+Inputs!$B$25+Inputs!$B$28,IF(Skills!C11=3,120+Inputs!$B$26+Inputs!$B$28,MAX(0,(Inputs!$B$3-100)*3)+Inputs!$B$27+Inputs!$B$28))) | E80: =INDEX(FactorTable!$B$2:$Y$301, MATCH(ROUND(MIN(300,MAX(1,D80)),0), FactorTable!$A$2:$A$301,0), Skills!L11+1) | F80: =IF(Skills!M11=TRUE,(Skills!K11/10)*(E80/1000),Skills!K11/10)+Skills!N11 | G80: =Calc!G11 | H80: =Calc!H11 | I80: =IF(Skills!T11<>"",1+(Skills!T11/10)*(R72/1000)/100,1) | J80: =((Inputs!$B$5*(1+Inputs!$B$6/100))+((Inputs!$B$11*(1+(Inputs!$B$12+1)/100))-(Inputs!$B$11*(1+Inputs!$B$12/100)))*(1+Inputs!$B$6/100))*(F80/100) | K80: =J80*(1+((Inputs!$B$11*(1+(Inputs!$B$12+1)/100))*0.01+Inputs!$B$13*0.0025)/100)*(1+(Inputs!$B$14+B97)/100)*(1+IF(Inputs!$B$4="pvp",0,(1-Summary!$B$51)*(Inputs!$B$19+Skills!O11+B96)+Summary!$B$51*(Inputs!$B$20+Skills!P11+B96))/100)*(1+Inputs!$B$15/100)*(5000/(6000+Inputs!$B$7*(1-Inputs!$B$18/100)))*(1+Inputs!$B$23/100)*(1+IF(C84=TRUE,F84,0)/100)*(1+IF(C92=TRUE,F92,0)/100)^5*(1+(IF(Skills!A11="CHAIN_LIGHTNING",Inputs!$B$16,Inputs!$B$17))/100)*(B95*I80) | L80: =K80*(MIN(Inputs!$B$21+(F87-Calc!F18),Inputs!$B$22)/100+Inputs!$B$22/100)/2 | M80: =L80*(1+(Inputs!$B$9+(F90-Calc!F21))/100) | N80: =L80*(1-MIN(Inputs!$B$8+((F89-Calc!F20)+(F88-Calc!F19)),100)/100)+M80*(MIN(Inputs!$B$8+((F89-Calc!F20)+(F88-Calc!F19)),100)/100) | O80: =IF(C80,H80*N80*IF(AND(Inputs!$B$4<>"pvp",Inputs!$B$35>0),((Skills!F11*((S80-1)*IF(Skills!G11>0,Skills!H11/Skills!G11,1)+IF(Skills!G11>0,MIN(Skills!H11,MAX(0,Inputs!$B$35-((S80-1)*IF(Inputs!$B$4="pvp",15,MAX(0.1,Skills!D11-IF(Skills!E11=TRUE,Inputs!$B$31,0))))))/Skills!G11,1)))/Inputs!$B$35),G80*V80)*IF(Inputs!$B$4="pvp",0.5,(1-Summary!$B$51)*0.5+Summary!$B$51*1)*IF(Inputs!$B$4="pvp",1,(1-Summary!$B$51)*(1)+Summary!$B$51*(MIN(Skills!Q11,Inputs!$B$37))),0) | P80: =IF(B103=0,0,O80/B103) | S80: =IF(AND(Inputs!$B$4<>"pvp",Inputs!$B$35>0),(INT(Inputs!$B$35/IF(Inputs!$B$4="pvp",15,MAX(0.1,Skills!D11-IF(Skills!E11=TRUE,Inputs!$B$31,0))))+1),0) | V80: =IFERROR(1/IF(Inputs!$B$4="pvp",15,MAX(0.1,Skills!D11-IF(Skills!E11=TRUE,Inputs!$B$31,0))),0)
A81: =Skills!A12 | B81: =Skills!B12 | C81: =Inputs!$B$3>=115 | D81: =IF(Skills!C12=1,60+Inputs!$B$24+Inputs!$B$28,IF(Skills!C12=2,90+Inputs!$B$25+Inputs!$B$28,IF(Skills!C12=3,120+Inputs!$B$26+Inputs!$B$28,MAX(0,(Inputs!$B$3-100)*3)+Inputs!$B$27+Inputs!$B$28))) | E81: =INDEX(FactorTable!$B$2:$Y$301, MATCH(ROUND(MIN(300,MAX(1,D81)),0), FactorTable!$A$2:$A$301,0), Skills!L12+1) | F81: =IF(Skills!M12=TRUE,(Skills!K12/10)*(E81/1000),Skills!K12/10)+Skills!N12 | G81: =Calc!G12 | H81: =Calc!H12 | I81: =IF(Skills!T12<>"",1+(Skills!T12/10)*(R72/1000)/100,1) | J81: =((Inputs!$B$5*(1+Inputs!$B$6/100))+((Inputs!$B$11*(1+(Inputs!$B$12+1)/100))-(Inputs!$B$11*(1+Inputs!$B$12/100)))*(1+Inputs!$B$6/100))*(F81/100) | K81: =J81*(1+((Inputs!$B$11*(1+(Inputs!$B$12+1)/100))*0.01+Inputs!$B$13*0.0025)/100)*(1+(Inputs!$B$14+B97)/100)*(1+IF(Inputs!$B$4="pvp",0,(1-Summary!$B$51)*(Inputs!$B$19+Skills!O12+B96)+Summary!$B$51*(Inputs!$B$20+Skills!P12+B96))/100)*(1+Inputs!$B$15/100)*(5000/(6000+Inputs!$B$7*(1-Inputs!$B$18/100)))*(1+Inputs!$B$23/100)*(1+IF(C84=TRUE,F84,0)/100)*(1+IF(C92=TRUE,F92,0)/100)^5*(1+(IF(Skills!A12="CHAIN_LIGHTNING",Inputs!$B$16,Inputs!$B$17))/100)*(B95*I81) | L81: =K81*(MIN(Inputs!$B$21+(F87-Calc!F18),Inputs!$B$22)/100+Inputs!$B$22/100)/2 | M81: =L81*(1+(Inputs!$B$9+(F90-Calc!F21))/100) | N81: =L81*(1-MIN(Inputs!$B$8+((F89-Calc!F20)+(F88-Calc!F19)),100)/100)+M81*(MIN(Inputs!$B$8+((F89-Calc!F20)+(F88-Calc!F19)),100)/100) | O81: =IF(C81,H81*N81*IF(AND(Inputs!$B$4<>"pvp",Inputs!$B$35>0),((Skills!F12*((S81-1)*IF(Skills!G12>0,Skills!H12/Skills!G12,1)+IF(Skills!G12>0,MIN(Skills!H12,MAX(0,Inputs!$B$35-((S81-1)*IF(Inputs!$B$4="pvp",15,MAX(0.1,Skills!D12-IF(Skills!E12=TRUE,Inputs!$B$31,0))))))/Skills!G12,1)))/Inputs!$B$35),G81*V81)*IF(Inputs!$B$4="pvp",1,(1-Summary!$B$51)*(1)+Summary!$B$51*(MIN(Skills!Q12,Inputs!$B$37))),0) | P81: =IF(B103=0,0,O81/B103) | S81: =IF(AND(Inputs!$B$4<>"pvp",Inputs!$B$35>0),(INT(Inputs!$B$35/IF(Inputs!$B$4="pvp",15,MAX(0.1,Skills!D12-IF(Skills!E12=TRUE,Inputs!$B$31,0))))+1),0) | V81: =IFERROR(1/IF(Inputs!$B$4="pvp",15,MAX(0.1,Skills!D12-IF(Skills!E12=TRUE,Inputs!$B$31,0))),0)
A82: =Skills!A13 | B82: =Skills!B13 | C82: =Inputs!$B$3>=49 | D82: =IF(Skills!C13=1,60+Inputs!$B$24+Inputs!$B$28,IF(Skills!C13=2,90+Inputs!$B$25+Inputs!$B$28,IF(Skills!C13=3,120+Inputs!$B$26+Inputs!$B$28,MAX(0,(Inputs!$B$3-100)*3)+Inputs!$B$27+Inputs!$B$28))) | E82: =INDEX(FactorTable!$B$2:$Y$301, MATCH(ROUND(MIN(300,MAX(1,D82)),0), FactorTable!$A$2:$A$301,0), Skills!L13+1) | F82: =IF(Skills!M13=TRUE,(Skills!K13/10)*(E82/1000),Skills!K13/10)+Skills!N13 | G82: =Calc!G13 | H82: =Calc!H13 | I82: =IF(Skills!T13<>"",1+(Skills!T13/10)*(R72/1000)/100,1) | O82: 0 | P82: =IF(B103=0,0,O82/B103) | S82: 0 | V82: =IFERROR(1/IF(Inputs!$B$4="pvp",15,MAX(0.1,Skills!D13-IF(Skills!E13=TRUE,Inputs!$B$31,0))),0)
A83: =Skills!A14 | B83: =Skills!B14 | C83: =Inputs!$B$3>=72 | D83: =IF(Skills!C14=1,60+Inputs!$B$24+Inputs!$B$28,IF(Skills!C14=2,90+Inputs!$B$25+Inputs!$B$28,IF(Skills!C14=3,120+Inputs!$B$26+Inputs!$B$28,MAX(0,(Inputs!$B$3-100)*3)+Inputs!$B$27+Inputs!$B$28))) | E83: =INDEX(FactorTable!$B$2:$Y$301, MATCH(ROUND(MIN(300,MAX(1,D83)),0), FactorTable!$A$2:$A$301,0), Skills!L14+1) | F83: =IF(Skills!M14=TRUE,(Skills!K14/10)*(E83/1000),Skills!K14/10)+Skills!N14 | G83: =Calc!G14 | H83: =Calc!H14 | I83: =IF(Skills!T14<>"",1+(Skills!T14/10)*(R72/1000)/100,1) | O83: 0 | P83: =IF(B103=0,0,O83/B103) | S83: 0 | V83: =IFERROR(1/IF(Inputs!$B$4="pvp",15,MAX(0.1,Skills!D14-IF(Skills!E14=TRUE,Inputs!$B$31,0))),0)
A84: =Skills!A15 | B84: =Skills!B15 | C84: =Inputs!$B$3>=75 | D84: =IF(Skills!C15=1,60+Inputs!$B$24+Inputs!$B$28,IF(Skills!C15=2,90+Inputs!$B$25+Inputs!$B$28,IF(Skills!C15=3,120+Inputs!$B$26+Inputs!$B$28,MAX(0,(Inputs!$B$3-100)*3)+Inputs!$B$27+Inputs!$B$28))) | E84: =INDEX(FactorTable!$B$2:$Y$301, MATCH(ROUND(MIN(300,MAX(1,D84)),0), FactorTable!$A$2:$A$301,0), Skills!L15+1) | F84: =IF(Skills!M15=TRUE,(Skills!K15/10)*(E84/1000),Skills!K15/10)+Skills!N15 | G84: =Calc!G15 | H84: =Calc!H15 | I84: =IF(Skills!T15<>"",1+(Skills!T15/10)*(R72/1000)/100,1) | O84: 0 | P84: =IF(B103=0,0,O84/B103) | S84: 0 | V84: =IFERROR(1/IF(Inputs!$B$4="pvp",15,MAX(0.1,Skills!D15-IF(Skills!E15=TRUE,Inputs!$B$31,0))),0)
A85: =Skills!A16 | B85: =Skills!B16 | C85: =Inputs!$B$3>=110 | D85: =IF(Skills!C16=1,60+Inputs!$B$24+Inputs!$B$28,IF(Skills!C16=2,90+Inputs!$B$25+Inputs!$B$28,IF(Skills!C16=3,120+Inputs!$B$26+Inputs!$B$28,MAX(0,(Inputs!$B$3-100)*3)+Inputs!$B$27+Inputs!$B$28))) | E85: =INDEX(FactorTable!$B$2:$Y$301, MATCH(ROUND(MIN(300,MAX(1,D85)),0), FactorTable!$A$2:$A$301,0), Skills!L16+1) | F85: =(Skills!K16/10)*(E85/1000)*64/45+Skills!N16 | G85: =Calc!G16 | H85: =Calc!H16 | I85: =IF(Skills!T16<>"",1+(Skills!T16/10)*(R72/1000)/100,1) | O85: 0 | P85: =IF(B103=0,0,O85/B103) | S85: =IF(AND(Inputs!$B$4<>"pvp",Inputs!$B$35>0),(INT(Inputs!$B$35/IF(Inputs!$B$4="pvp",15,MAX(0.1,Skills!D16-IF(Skills!E16=TRUE,Inputs!$B$31,0))))+1),0) | V85: =IFERROR(1/IF(Inputs!$B$4="pvp",15,MAX(0.1,Skills!D16-IF(Skills!E16=TRUE,Inputs!$B$31,0))),0)
A86: =Skills!A17 | B86: =Skills!B17 | C86: =Inputs!$B$3>=33 | D86: =IF(Skills!C17=1,60+Inputs!$B$24+Inputs!$B$28,IF(Skills!C17=2,90+Inputs!$B$25+Inputs!$B$28,IF(Skills!C17=3,120+Inputs!$B$26+Inputs!$B$28,MAX(0,(Inputs!$B$3-100)*3)+Inputs!$B$27+Inputs!$B$28))) | E86: =INDEX(FactorTable!$B$2:$Y$301, MATCH(ROUND(MIN(300,MAX(1,D86)),0), FactorTable!$A$2:$A$301,0), Skills!L17+1) | F86: =IF(Skills!M17=TRUE,(Skills!K17/10)*(E86/1000),Skills!K17/10)+Skills!N17 | G86: =Calc!G17 | H86: =Calc!H17 | I86: =IF(Skills!T17<>"",1+(Skills!T17/10)*(R72/1000)/100,1) | O86: 0 | P86: =IF(B103=0,0,O86/B103) | S86: 0 | V86: =IFERROR(1/IF(Inputs!$B$4="pvp",15,MAX(0.1,Skills!D17-IF(Skills!E17=TRUE,Inputs!$B$31,0))),0)
A87: =Skills!A18 | B87: =Skills!B18 | C87: =Inputs!$B$3>=43 | D87: =IF(Skills!C18=1,60+Inputs!$B$24+Inputs!$B$28,IF(Skills!C18=2,90+Inputs!$B$25+Inputs!$B$28,IF(Skills!C18=3,120+Inputs!$B$26+Inputs!$B$28,MAX(0,(Inputs!$B$3-100)*3)+Inputs!$B$27+Inputs!$B$28))) | E87: =INDEX(FactorTable!$B$2:$Y$301, MATCH(ROUND(MIN(300,MAX(1,D87)),0), FactorTable!$A$2:$A$301,0), Skills!L18+1) | F87: =IF(Skills!M18=TRUE,(Skills!K18/10)*(E87/1000),Skills!K18/10)+Skills!N18 | G87: =Calc!G18 | H87: =Calc!H18 | I87: =IF(Skills!T18<>"",1+(Skills!T18/10)*(R72/1000)/100,1) | O87: 0 | P87: =IF(B103=0,0,O87/B103) | S87: 0 | V87: =IFERROR(1/IF(Inputs!$B$4="pvp",15,MAX(0.1,Skills!D18-IF(Skills!E18=TRUE,Inputs!$B$31,0))),0)
A88: =Skills!A19 | B88: =Skills!B19 | C88: =Inputs!$B$3>=50 | D88: =IF(Skills!C19=1,60+Inputs!$B$24+Inputs!$B$28,IF(Skills!C19=2,90+Inputs!$B$25+Inputs!$B$28,IF(Skills!C19=3,120+Inputs!$B$26+Inputs!$B$28,MAX(0,(Inputs!$B$3-100)*3)+Inputs!$B$27+Inputs!$B$28))) | E88: =INDEX(FactorTable!$B$2:$Y$301, MATCH(ROUND(MIN(300,MAX(1,D88)),0), FactorTable!$A$2:$A$301,0), Skills!L19+1) | F88: =IF(Skills!M19=TRUE,(Skills!K19/10)*(E88/1000),Skills!K19/10)+Skills!N19 | G88: =Calc!G19 | H88: =Calc!H19 | I88: =IF(Skills!T19<>"",1+(Skills!T19/10)*(R72/1000)/100,1) | O88: 0 | P88: =IF(B103=0,0,O88/B103) | S88: 0 | V88: =IFERROR(1/IF(Inputs!$B$4="pvp",15,MAX(0.1,Skills!D19-IF(Skills!E19=TRUE,Inputs!$B$31,0))),0)
A89: =Skills!A20 | B89: =Skills!B20 | C89: =Inputs!$B$3>=74 | D89: =IF(Skills!C20=1,60+Inputs!$B$24+Inputs!$B$28,IF(Skills!C20=2,90+Inputs!$B$25+Inputs!$B$28,IF(Skills!C20=3,120+Inputs!$B$26+Inputs!$B$28,MAX(0,(Inputs!$B$3-100)*3)+Inputs!$B$27+Inputs!$B$28))) | E89: =INDEX(FactorTable!$B$2:$Y$301, MATCH(ROUND(MIN(300,MAX(1,D89)),0), FactorTable!$A$2:$A$301,0), Skills!L20+1) | F89: =IF(Skills!M20=TRUE,(Skills!K20/10)*(E89/1000),Skills!K20/10)+Skills!N20 | G89: =Calc!G20 | H89: =Calc!H20 | I89: =IF(Skills!T20<>"",1+(Skills!T20/10)*(R72/1000)/100,1) | O89: 0 | P89: =IF(B103=0,0,O89/B103) | S89: 0 | V89: =IFERROR(1/IF(Inputs!$B$4="pvp",15,MAX(0.1,Skills!D20-IF(Skills!E20=TRUE,Inputs!$B$31,0))),0)
A90: =Skills!A21 | B90: =Skills!B21 | C90: =Inputs!$B$3>=74 | D90: =IF(Skills!C21=1,60+Inputs!$B$24+Inputs!$B$28,IF(Skills!C21=2,90+Inputs!$B$25+Inputs!$B$28,IF(Skills!C21=3,120+Inputs!$B$26+Inputs!$B$28,MAX(0,(Inputs!$B$3-100)*3)+Inputs!$B$27+Inputs!$B$28))) | E90: =INDEX(FactorTable!$B$2:$Y$301, MATCH(ROUND(MIN(300,MAX(1,D90)),0), FactorTable!$A$2:$A$301,0), Skills!L21+1) | F90: =IF(Skills!M21=TRUE,(Skills!K21/10)*(E90/1000),Skills!K21/10)+Skills!N21 | G90: =Calc!G21 | H90: =Calc!H21 | I90: =IF(Skills!T21<>"",1+(Skills!T21/10)*(R72/1000)/100,1) | O90: 0 | P90: =IF(B103=0,0,O90/B103) | S90: 0 | V90: =IFERROR(1/IF(Inputs!$B$4="pvp",15,MAX(0.1,Skills!D21-IF(Skills!E21=TRUE,Inputs!$B$31,0))),0)
A91: =Skills!A22 | B91: =Skills!B22 | C91: =Inputs!$B$3>=117 | D91: =IF(Skills!C22=1,60+Inputs!$B$24+Inputs!$B$28,IF(Skills!C22=2,90+Inputs!$B$25+Inputs!$B$28,IF(Skills!C22=3,120+Inputs!$B$26+Inputs!$B$28,MAX(0,(Inputs!$B$3-100)*3)+Inputs!$B$27+Inputs!$B$28))) | E91: =INDEX(FactorTable!$B$2:$Y$301, MATCH(ROUND(MIN(300,MAX(1,D91)),0), FactorTable!$A$2:$A$301,0), Skills!L22+1) | F91: =IF(Skills!M22=TRUE,(Skills!K22/10)*(E91/1000),Skills!K22/10)+Skills!N22 | G91: =Calc!G22 | H91: =Calc!H22 | I91: =IF(Skills!T22<>"",1+(Skills!T22/10)*(R72/1000)/100,1) | O91: 0 | P91: =IF(B103=0,0,O91/B103) | S91: 0 | V91: =IFERROR(1/IF(Inputs!$B$4="pvp",15,MAX(0.1,Skills!D22-IF(Skills!E22=TRUE,Inputs!$B$31,0))),0)
A92: =Skills!A23 | B92: =Skills!B23 | C92: =Inputs!$B$3>=120 | D92: =IF(Skills!C23=1,60+Inputs!$B$24+Inputs!$B$28,IF(Skills!C23=2,90+Inputs!$B$25+Inputs!$B$28,IF(Skills!C23=3,120+Inputs!$B$26+Inputs!$B$28,MAX(0,(Inputs!$B$3-100)*3)+Inputs!$B$27+Inputs!$B$28))) | E92: =INDEX(FactorTable!$B$2:$Y$301, MATCH(ROUND(MIN(300,MAX(1,D92)),0), FactorTable!$A$2:$A$301,0), Skills!L23+1) | F92: =IF(Skills!M23=TRUE,(Skills!K23/10)*(E92/1000),Skills!K23/10)+Skills!N23 | G92: =Calc!G23 | H92: =Calc!H23 | I92: =IF(Skills!T23<>"",1+(Skills!T23/10)*(R72/1000)/100,1) | O92: 0 | P92: =IF(B103=0,0,O92/B103) | S92: 0 | V92: =IFERROR(1/IF(Inputs!$B$4="pvp",15,MAX(0.1,Skills!D23-IF(Skills!E23=TRUE,Inputs!$B$31,0))),0)
A95: Average Buff Multiplier (Magic Guard + Meditation, summed; then Infinity) | B95: =(1+(IF(C72=TRUE,F72*IF(AND(Inputs!$B$4<>"pvp",Inputs!$B$35>0),(((S72-1)*(Skills!S3*(1+(Inputs!$B$33+IF(Inputs!$B$3>=117,F91,0))/100))+MIN((Skills!S3*(1+(Inputs!$B$33+IF(Inputs!$B$3>=117,F91,0))/100)),MAX(0,Inputs!$B$35-((S72-1)*Skills!D3))))/Inputs!$B$35),IF(Inputs!$B$4="pvp",MIN((Skills!S3*(1+(Inputs!$B$33+IF(Inputs!$B$3>=117,F91,0))/100)),15)/15,(Skills!S3*(1+(Inputs!$B$33+IF(Inputs!$B$3>=117,F91,0))/100))/Skills!D3)),0)+IF(C73=TRUE,F73*IF(AND(Inputs!$B$4<>"pvp",Inputs!$B$35>0),(((S73-1)*(Skills!S4*(1+(Inputs!$B$33+IF(Inputs!$B$3>=117,F91,0))/100))+MIN((Skills!S4*(1+(Inputs!$B$33+IF(Inputs!$B$3>=117,F91,0))/100)),MAX(0,Inputs!$B$35-((S73-1)*Skills!D4))))/Inputs!$B$35),IF(Inputs!$B$4="pvp",MIN((Skills!S4*(1+(Inputs!$B$33+IF(Inputs!$B$3>=117,F91,0))/100)),15)/15,(Skills!S4*(1+(Inputs!$B$33+IF(Inputs!$B$3>=117,F91,0))/100))/Skills!D4)),0))/100)*IF(C85=TRUE,(1+F85*IF(AND(Inputs!$B$4<>"pvp",Inputs!$B$35>0),(((S85-1)*(Skills!S16*(1+(Inputs!$B$33+IF(Inputs!$B$3>=117,F91,0))/100))+MIN((Skills!S16*(1+(Inputs!$B$33+IF(Inputs!$B$3>=117,F91,0))/100)),MAX(0,Inputs!$B$35-((S85-1)*Skills!D16))))/Inputs!$B$35),IF(Inputs!$B$4="pvp",MIN((Skills!S16*(1+(Inputs!$B$33+IF(Inputs!$B$3>=117,F91,0))/100)),15)/15,(Skills!S16*(1+(Inputs!$B$33+IF(Inputs!$B$3>=117,F91,0))/100))/Skills!D16))/100),1)
A96: Monster Damage Taken Bonus % (Freezing Breath - Weaken + Elemental Reset, summed) | B96: =IF(Inputs!$B$3>=118,15*IF(Inputs!$B$4="pvp",MIN((30*(1+(Inputs!$B$33+IF(Inputs!$B$3>=117,F91,0))/100)),15)/15,(30*(1+(Inputs!$B$33+IF(Inputs!$B$3>=117,F91,0))/100))/Skills!D8),0)+IF(C83=TRUE,F83,0)
A97: Damage % Bonus (Frozen Break + Frost Clutch, flat) | B97: =IF(Inputs!$B$3>=66,15,0)+IF(Inputs!$B$3>=98,10,0)+IF(Inputs!$B$3>=125,20,0)
A98: Attack Speed Bonus % (MP Eater - MP Boost, always-on once unlocked) | B98: =IF(C82=TRUE,F82+(F86-Calc!F17),0)
A99: Actions Per Second | B99: =1+MIN(150,150*(1-(1-Inputs!$B$10/150)*(1-B98/150)))/100
A100: Skill + Buff Cast Rate | B100: =IF(AND(Inputs!$B$4<>"pvp",Inputs!$B$35>0),SUMPRODUCT((Skills!E2:E23=TRUE)*(C71:C92=TRUE)*S71:S92)/Inputs!$B$35,SUMPRODUCT((Skills!E2:E23=TRUE)*(C71:C92=TRUE)*V71:V92))
A101: Chain Lightning Casts Per Second | B101: =MAX(0,B99-B100)
A103: TOTAL DPS | B103: =SUM(O71:O92)
A106: Stat: DAMAGE %
A107: Key | B107: Name | C107: Unlocked | D107: InputLevel | E107: Factor | F107: CoefficientPercent | G107: EffectiveHits | H107: ProcProbability | I107: MapleHeroMultiplier | J107: BaseDamage | K107: BaseHitDamage | L107: NonCritAvg | M107: CritAvg | N107: ExpectedDamage(perHit) | O107: DPS | P107: % of Total | R107: helpers
A108: =Skills!A2 | B108: =Skills!B2 | C108: =Inputs!$B$3>=100 | F108: =T110+Skills!N2 | G108: =Calc!G2 | H108: =Calc!H2 | I108: =IF(Skills!T2<>"",1+(Skills!T2/10)*(R109/1000)/100,1) | J108: =((Inputs!$B$5*(1+Inputs!$B$6/100))+((Inputs!$B$11*(1+Inputs!$B$12/100))-(Inputs!$B$11*(1+Inputs!$B$12/100)))*(1+Inputs!$B$6/100))*(F108/100) | K108: =J108*(1+((Inputs!$B$11*(1+Inputs!$B$12/100))*0.01+Inputs!$B$13*0.0025)/100)*(1+((Inputs!$B$14+1)+B134)/100)*(1+IF(Inputs!$B$4="pvp",0,(1-Summary!$B$51)*(Inputs!$B$19+Skills!O2+B133)+Summary!$B$51*(Inputs!$B$20+Skills!P2+B133))/100)*(1+Inputs!$B$15/100)*(5000/(6000+Inputs!$B$7*(1-Inputs!$B$18/100)))*(1+Inputs!$B$23/100)*(1+IF(C121=TRUE,F121,0)/100)*(1+IF(C129=TRUE,F129,0)/100)^5*(1+(IF(Skills!A2="CHAIN_LIGHTNING",Inputs!$B$16,Inputs!$B$17))/100)*(B132*I108) | L108: =K108*(MIN(Inputs!$B$21+(F124-Calc!F18),Inputs!$B$22)/100+Inputs!$B$22/100)/2 | M108: =L108*(1+(Inputs!$B$9+(F127-Calc!F21))/100) | N108: =L108*(1-MIN(Inputs!$B$8+((F126-Calc!F20)+(F125-Calc!F19)),100)/100)+M108*(MIN(Inputs!$B$8+((F126-Calc!F20)+(F125-Calc!F19)),100)/100) | O108: =IF(C108,Skills!F2*N108*B138*IF(Inputs!$B$4="pvp",1,(1-Summary!$B$51)*(1)+Summary!$B$51*(MIN((6+Inputs!$B$32),Inputs!$B$37))),0) | P108: =IF(B140=0,0,O108/B140) | R108: =MAX(0,(Inputs!$B$3-100)*3)+Inputs!$B$27+Inputs!$B$28 | S108: 0 | T108: =MAX(0,(Inputs!$B$3-100)*3)+Inputs!$B$27+Inputs!$B$28 | V108: =IFERROR(1/IF(Inputs!$B$4="pvp",15,MAX(0.1,Skills!D2-IF(Skills!E2=TRUE,Inputs!$B$31,0))),0)
A109: =Skills!A3 | B109: =Skills!B3 | C109: =Inputs!$B$3>=15 | D109: =IF(Skills!C3=1,60+Inputs!$B$24+Inputs!$B$28,IF(Skills!C3=2,90+Inputs!$B$25+Inputs!$B$28,IF(Skills!C3=3,120+Inputs!$B$26+Inputs!$B$28,MAX(0,(Inputs!$B$3-100)*3)+Inputs!$B$27+Inputs!$B$28))) | E109: =INDEX(FactorTable!$B$2:$Y$301, MATCH(ROUND(MIN(300,MAX(1,D109)),0), FactorTable!$A$2:$A$301,0), Skills!L3+1) | F109: =IF(Skills!M3=TRUE,(Skills!K3/10)*(E109/1000),Skills!K3/10)+Skills!N3 | G109: =Calc!G3 | H109: =Calc!H3 | I109: =IF(Skills!T3<>"",1+(Skills!T3/10)*(R109/1000)/100,1) | O109: 0 | P109: =IF(B140=0,0,O109/B140) | R109: =INDEX(FactorTable!$B$2:$Y$301, MATCH(ROUND(MIN(300,MAX(1,R108)),0), FactorTable!$A$2:$A$301,0), 24) | S109: =IF(AND(Inputs!$B$4<>"pvp",Inputs!$B$35>0),(INT(Inputs!$B$35/IF(Inputs!$B$4="pvp",15,MAX(0.1,Skills!D3-IF(Skills!E3=TRUE,Inputs!$B$31,0))))+1),0) | T109: =INDEX(FactorTable!$B$2:$Y$301, MATCH(ROUND(MIN(300,MAX(1,T108)),0), FactorTable!$A$2:$A$301,0), 22) | V109: =IFERROR(1/IF(Inputs!$B$4="pvp",15,MAX(0.1,Skills!D3-IF(Skills!E3=TRUE,Inputs!$B$31,0))),0)
A110: =Skills!A4 | B110: =Skills!B4 | C110: =Inputs!$B$3>=40 | D110: =IF(Skills!C4=1,60+Inputs!$B$24+Inputs!$B$28,IF(Skills!C4=2,90+Inputs!$B$25+Inputs!$B$28,IF(Skills!C4=3,120+Inputs!$B$26+Inputs!$B$28,MAX(0,(Inputs!$B$3-100)*3)+Inputs!$B$27+Inputs!$B$28))) | E110: =INDEX(FactorTable!$B$2:$Y$301, MATCH(ROUND(MIN(300,MAX(1,D110)),0), FactorTable!$A$2:$A$301,0), Skills!L4+1) | F110: =IF(Skills!M4=TRUE,(Skills!K4/10)*(E110/1000),Skills!K4/10)+Skills!N4 | G110: =Calc!G4 | H110: =Calc!H4 | I110: =IF(Skills!T4<>"",1+(Skills!T4/10)*(R109/1000)/100,1) | O110: 0 | P110: =IF(B140=0,0,O110/B140) | S110: =IF(AND(Inputs!$B$4<>"pvp",Inputs!$B$35>0),(INT(Inputs!$B$35/IF(Inputs!$B$4="pvp",15,MAX(0.1,Skills!D4-IF(Skills!E4=TRUE,Inputs!$B$31,0))))+1),0) | T110: =290*T109/1000 | V110: =IFERROR(1/IF(Inputs!$B$4="pvp",15,MAX(0.1,Skills!D4-IF(Skills!E4=TRUE,Inputs!$B$31,0))),0)
A111: =Skills!A5 | B111: =Skills!B5 | C111: =Inputs!$B$3>=38 | D111: =IF(Skills!C5=1,60+Inputs!$B$24+Inputs!$B$28,IF(Skills!C5=2,90+Inputs!$B$25+Inputs!$B$28,IF(Skills!C5=3,120+Inputs!$B$26+Inputs!$B$28,MAX(0,(Inputs!$B$3-100)*3)+Inputs!$B$27+Inputs!$B$28))) | E111: =INDEX(FactorTable!$B$2:$Y$301, MATCH(ROUND(MIN(300,MAX(1,D111)),0), FactorTable!$A$2:$A$301,0), Skills!L5+1) | F111: =IF(Skills!M5=TRUE,(Skills!K5/10)*(E111/1000),Skills!K5/10)+Skills!N5 | G111: =Calc!G5 | H111: =Calc!H5 | I111: =IF(Skills!T5<>"",1+(Skills!T5/10)*(R109/1000)/100,1) | J111: =((Inputs!$B$5*(1+Inputs!$B$6/100))+((Inputs!$B$11*(1+Inputs!$B$12/100))-(Inputs!$B$11*(1+Inputs!$B$12/100)))*(1+Inputs!$B$6/100))*(F111/100) | K111: =J111*(1+((Inputs!$B$11*(1+Inputs!$B$12/100))*0.01+Inputs!$B$13*0.0025)/100)*(1+((Inputs!$B$14+1)+B134)/100)*(1+IF(Inputs!$B$4="pvp",0,(1-Summary!$B$51)*(Inputs!$B$19+Skills!O5+B133)+Summary!$B$51*(Inputs!$B$20+Skills!P5+B133))/100)*(1+Inputs!$B$15/100)*(5000/(6000+Inputs!$B$7*(1-Inputs!$B$18/100)))*(1+Inputs!$B$23/100)*(1+IF(C121=TRUE,F121,0)/100)*(1+IF(C129=TRUE,F129,0)/100)^5*(1+(IF(Skills!A5="CHAIN_LIGHTNING",Inputs!$B$16,Inputs!$B$17))/100)*(B132*I111) | L111: =K111*(MIN(Inputs!$B$21+(F124-Calc!F18),Inputs!$B$22)/100+Inputs!$B$22/100)/2 | M111: =L111*(1+(Inputs!$B$9+(F127-Calc!F21))/100) | N111: =L111*(1-MIN(Inputs!$B$8+((F126-Calc!F20)+(F125-Calc!F19)),100)/100)+M111*(MIN(Inputs!$B$8+((F126-Calc!F20)+(F125-Calc!F19)),100)/100) | O111: =IF(C111,H111*N111*IF(AND(Inputs!$B$4<>"pvp",Inputs!$B$35>0),((Skills!F5*((S111-1)*IF(Skills!G5>0,Skills!H5/Skills!G5,1)+IF(Skills!G5>0,MIN(Skills!H5,MAX(0,Inputs!$B$35-((S111-1)*IF(Inputs!$B$4="pvp",15,MAX(0.1,Skills!D5-IF(Skills!E5=TRUE,Inputs!$B$31,0))))))/Skills!G5,1)))/Inputs!$B$35),G111*V111)*IF(Inputs!$B$4="pvp",1,(1-Summary!$B$51)*(1)+Summary!$B$51*(MIN(Skills!Q5,Inputs!$B$37))),0) | P111: =IF(B140=0,0,O111/B140) | S111: =IF(AND(Inputs!$B$4<>"pvp",Inputs!$B$35>0),(INT(Inputs!$B$35/IF(Inputs!$B$4="pvp",15,MAX(0.1,Skills!D5-IF(Skills!E5=TRUE,Inputs!$B$31,0))))+1),0) | V111: =IFERROR(1/IF(Inputs!$B$4="pvp",15,MAX(0.1,Skills!D5-IF(Skills!E5=TRUE,Inputs!$B$31,0))),0)
A112: =Skills!A6 | B112: =Skills!B6 | C112: =Inputs!$B$3>=63 | D112: =IF(Skills!C6=1,60+Inputs!$B$24+Inputs!$B$28,IF(Skills!C6=2,90+Inputs!$B$25+Inputs!$B$28,IF(Skills!C6=3,120+Inputs!$B$26+Inputs!$B$28,MAX(0,(Inputs!$B$3-100)*3)+Inputs!$B$27+Inputs!$B$28))) | E112: =INDEX(FactorTable!$B$2:$Y$301, MATCH(ROUND(MIN(300,MAX(1,D112)),0), FactorTable!$A$2:$A$301,0), Skills!L6+1) | F112: =IF(Skills!M6=TRUE,(Skills!K6/10)*(E112/1000),Skills!K6/10)+Skills!N6 | G112: =Calc!G6 | H112: =Calc!H6 | I112: =IF(Skills!T6<>"",1+(Skills!T6/10)*(R109/1000)/100,1) | J112: =((Inputs!$B$5*(1+Inputs!$B$6/100))+((Inputs!$B$11*(1+Inputs!$B$12/100))-(Inputs!$B$11*(1+Inputs!$B$12/100)))*(1+Inputs!$B$6/100))*(F112/100) | K112: =J112*(1+((Inputs!$B$11*(1+Inputs!$B$12/100))*0.01+Inputs!$B$13*0.0025)/100)*(1+((Inputs!$B$14+1)+B134)/100)*(1+IF(Inputs!$B$4="pvp",0,(1-Summary!$B$51)*(Inputs!$B$19+Skills!O6+B133)+Summary!$B$51*(Inputs!$B$20+Skills!P6+B133))/100)*(1+Inputs!$B$15/100)*(5000/(6000+Inputs!$B$7*(1-Inputs!$B$18/100)))*(1+Inputs!$B$23/100)*(1+IF(C121=TRUE,F121,0)/100)*(1+IF(C129=TRUE,F129,0)/100)^5*(1+(IF(Skills!A6="CHAIN_LIGHTNING",Inputs!$B$16,Inputs!$B$17))/100)*(B132*I112) | L112: =K112*(MIN(Inputs!$B$21+(F124-Calc!F18),Inputs!$B$22)/100+Inputs!$B$22/100)/2 | M112: =L112*(1+(Inputs!$B$9+(F127-Calc!F21))/100) | N112: =L112*(1-MIN(Inputs!$B$8+((F126-Calc!F20)+(F125-Calc!F19)),100)/100)+M112*(MIN(Inputs!$B$8+((F126-Calc!F20)+(F125-Calc!F19)),100)/100) | O112: =IF(C112,H112*N112*IF(AND(Inputs!$B$4<>"pvp",Inputs!$B$35>0),((Skills!F6*((S112-1)*IF(Skills!G6>0,Skills!H6/Skills!G6,1)+IF(Skills!G6>0,MIN(Skills!H6,MAX(0,Inputs!$B$35-((S112-1)*IF(Inputs!$B$4="pvp",15,MAX(0.1,Skills!D6-IF(Skills!E6=TRUE,Inputs!$B$31,0))))))/Skills!G6,1)))/Inputs!$B$35),G112*V112)*IF(Inputs!$B$4="pvp",1,(1-Summary!$B$51)*(1)+Summary!$B$51*(MIN(Skills!Q6,Inputs!$B$37))),0) | P112: =IF(B140=0,0,O112/B140) | S112: =IF(AND(Inputs!$B$4<>"pvp",Inputs!$B$35>0),(INT(Inputs!$B$35/IF(Inputs!$B$4="pvp",15,MAX(0.1,Skills!D6-IF(Skills!E6=TRUE,Inputs!$B$31,0))))+1),0) | V112: =IFERROR(1/IF(Inputs!$B$4="pvp",15,MAX(0.1,Skills!D6-IF(Skills!E6=TRUE,Inputs!$B$31,0))),0)
A113: =Skills!A7 | B113: =Skills!B7 | C113: =Inputs!$B$3>=69 | D113: =IF(Skills!C7=1,60+Inputs!$B$24+Inputs!$B$28,IF(Skills!C7=2,90+Inputs!$B$25+Inputs!$B$28,IF(Skills!C7=3,120+Inputs!$B$26+Inputs!$B$28,MAX(0,(Inputs!$B$3-100)*3)+Inputs!$B$27+Inputs!$B$28))) | E113: =INDEX(FactorTable!$B$2:$Y$301, MATCH(ROUND(MIN(300,MAX(1,D113)),0), FactorTable!$A$2:$A$301,0), Skills!L7+1) | F113: =IF(Skills!M7=TRUE,(Skills!K7/10)*(E113/1000),Skills!K7/10)+Skills!N7 | G113: =Calc!G7 | H113: =Calc!H7 | I113: =IF(Skills!T7<>"",1+(Skills!T7/10)*(R109/1000)/100,1) | J113: =((Inputs!$B$5*(1+Inputs!$B$6/100))+((Inputs!$B$11*(1+Inputs!$B$12/100))-(Inputs!$B$11*(1+Inputs!$B$12/100)))*(1+Inputs!$B$6/100))*(F113/100) | K113: =J113*(1+((Inputs!$B$11*(1+Inputs!$B$12/100))*0.01+Inputs!$B$13*0.0025)/100)*(1+((Inputs!$B$14+1)+B134)/100)*(1+IF(Inputs!$B$4="pvp",0,(1-Summary!$B$51)*(Inputs!$B$19+Skills!O7+B133)+Summary!$B$51*(Inputs!$B$20+Skills!P7+B133))/100)*(1+Inputs!$B$15/100)*(5000/(6000+Inputs!$B$7*(1-Inputs!$B$18/100)))*(1+Inputs!$B$23/100)*(1+IF(C121=TRUE,F121,0)/100)*(1+IF(C129=TRUE,F129,0)/100)^5*(1+(IF(Skills!A7="CHAIN_LIGHTNING",Inputs!$B$16,Inputs!$B$17))/100)*(B132*I113) | L113: =K113*(MIN(Inputs!$B$21+(F124-Calc!F18),Inputs!$B$22)/100+Inputs!$B$22/100)/2 | M113: =L113*(1+(Inputs!$B$9+(F127-Calc!F21))/100) | N113: =L113*(1-MIN(Inputs!$B$8+((F126-Calc!F20)+(F125-Calc!F19)),100)/100)+M113*(MIN(Inputs!$B$8+((F126-Calc!F20)+(F125-Calc!F19)),100)/100) | O113: =IF(C113,H113*N113*IF(AND(Inputs!$B$4<>"pvp",Inputs!$B$35>0),((Skills!F7*((S113-1)*IF(Skills!G7>0,Skills!H7/Skills!G7,1)+IF(Skills!G7>0,MIN(Skills!H7,MAX(0,Inputs!$B$35-((S113-1)*IF(Inputs!$B$4="pvp",15,MAX(0.1,Skills!D7-IF(Skills!E7=TRUE,Inputs!$B$31,0))))))/Skills!G7,1)))/Inputs!$B$35),G113*V113)*IF(Inputs!$B$4="pvp",1,(1-Summary!$B$51)*(1)+Summary!$B$51*(MIN(Skills!Q7,Inputs!$B$37))),0) | P113: =IF(B140=0,0,O113/B140) | S113: =IF(AND(Inputs!$B$4<>"pvp",Inputs!$B$35>0),(INT(Inputs!$B$35/IF(Inputs!$B$4="pvp",15,MAX(0.1,Skills!D7-IF(Skills!E7=TRUE,Inputs!$B$31,0))))+1),0) | V113: =IFERROR(1/IF(Inputs!$B$4="pvp",15,MAX(0.1,Skills!D7-IF(Skills!E7=TRUE,Inputs!$B$31,0))),0)
...

Sheet CubeData
A1: Slot | B1: Rarity | C1: Line | D1: Stat | E1: Value | F1: Weight | G1: Prime | H1: DPSPerUnit | J1: Stat | K1: DPSPerUnit | M1: Rarity | N1: Rate | O1: MaxPity | Q1: SlotList
A2: ALL | B2: normal | C2: 1 | D2: Critical Rate % | E2: 3 | F2: 2.5 | G2: FALSE | H2: =IF(Inputs!$B$8>=100,Sensitivity!H15,Sensitivity!H14) | J2: (none) | K2: 0 | M2: normal | N2: 0.06 | O2: 30 | Q2: head
A3: ALL | B3: normal | C3: 1 | D3: Attack Speed % | E3: 3 | F3: 2.5 | G3: FALSE | H3: =Sensitivity!H16 | J3: All Skill Level | K3: =Sensitivity!H24 | M3: rare | N3: 0.03333 | O3: 60 | Q3: cape
A4: ALL | B4: normal | C4: 1 | D4: Damage % | E4: 5 | F4: 4 | G4: FALSE | H4: =Sensitivity!H7 | J4: Attack Speed % | K4: =Sensitivity!H16 | M4: epic | N4: 0.0167 | O4: 120 | Q4: chest
A5: ALL | B5: normal | C5: 1 | D5: Min Damage Multiplier % | E5: 3 | F5: 4 | G5: FALSE | H5: =Sensitivity!H12 | J5: Basic Attack Damage % | K5: =Sensitivity!H18 | M5: unique | N5: 0.006 | O5: 333 | Q5: shoulders
A6: ALL | B6: normal | C6: 1 | D6: Max Damage Multiplier % | E6: 3 | F6: 4 | G6: FALSE | H6: =Sensitivity!H13 | J6: Basic Attack Target Increase | K6: =Sensitivity!H28 | M6: legendary | N6: 0.0021 | O6: 714 | Q6: legs
A7: ALL | B7: normal | C7: 1 | D7: Str % | E7: 3 | F7: 4.5 | G7: FALSE | H7: 0 | J7: Buff Duration Increase % | K7: =Sensitivity!H29 | M7: mystic | N7: 0 | O7: 0 | Q7: belt
A8: ALL | B8: normal | C8: 1 | D8: Dex % | E8: 3 | F8: 4.5 | G8: FALSE | H8: 0 | J8: Companion Summoning Time Increase % | K8: =Sensitivity!H15 | Q8: gloves
A9: ALL | B9: normal | C9: 1 | D9: Int % | E9: 3 | F9: 4.5 | G9: FALSE | H9: =Sensitivity!H6 | J9: Critical Damage % | K9: =Sensitivity!H15 | Q9: boots
A10: ALL | B10: normal | C10: 1 | D10: Luk % | E10: 3 | F10: 4.5 | G10: FALSE | H10: 0 | J10: Critical Rate % | K10: =IF(Inputs!$B$8>=100,Sensitivity!H15,Sensitivity!H14) | Q10: ring
A11: ALL | B11: normal | C11: 1 | D11: Defense % | E11: 3 | F11: 9 | G11: FALSE | H11: 0 | J11: Damage % | K11: =Sensitivity!H7 | Q11: neck
A12: ALL | B12: normal | C12: 1 | D12: Max HP % | E12: 6 | F12: 9 | G12: FALSE | H12: 0 | J12: Defense % | K12: 0 | Q12: eye-accessory
A13: ALL | B13: normal | C13: 1 | D13: Max MP % | E13: 3 | F13: 9 | G13: FALSE | H13: 0 | J13: Defense Penetration | K13: =Sensitivity!H17 | Q13: ring2
A14: ALL | B14: normal | C14: 1 | D14: Str | E14: 50 | F14: 9.5 | G14: FALSE | H14: 0 | J14: Dex | K14: 0 | Q14: face
A15: ALL | B15: normal | C15: 1 | D15: Dex | E15: 50 | F15: 9.5 | G15: FALSE | H15: 0 | J15: Dex % | K15: 0 | Q15: earrings
A16: ALL | B16: normal | C16: 1 | D16: Int | E16: 50 | F16: 9.5 | G16: FALSE | H16: =Sensitivity!H5 | J16: Final Damage % | K16: =Sensitivity!H11 | Q16: pocket
A17: ALL | B17: normal | C17: 1 | D17: Luk | E17: 50 | F17: 9.5 | G17: FALSE | H17: 0 | J17: Int | K17: =Sensitivity!H5
A18: ALL | B18: normal | C18: 2 | D18: Critical Rate % | E18: 3 | F18: 2.5 | G18: FALSE | H18: =IF(Inputs!$B$8>=100,Sensitivity!H15,Sensitivity!H14) | J18: Int % | K18: =Sensitivity!H6
A19: ALL | B19: normal | C19: 2 | D19: Attack Speed % | E19: 3 | F19: 2.5 | G19: FALSE | H19: =Sensitivity!H16 | J19: Luk | K19: 0
A20: ALL | B20: normal | C20: 2 | D20: Damage % | E20: 5 | F20: 4 | G20: FALSE | H20: =Sensitivity!H7 | J20: Luk % | K20: 0
A21: ALL | B21: normal | C21: 2 | D21: Min Damage Multiplier % | E21: 3 | F21: 4 | G21: FALSE | H21: =Sensitivity!H12 | J21: Main Stat % per 4 Levels | K21: =Sensitivity!H6*INT(Inputs!$B$3/4)
A22: ALL | B22: normal | C22: 2 | D22: Max Damage Multiplier % | E22: 3 | F22: 4 | G22: FALSE | H22: =Sensitivity!H13 | J22: Main Stat Per Level | K22: =Sensitivity!H5*Inputs!$B$3
A23: ALL | B23: normal | C23: 2 | D23: Str % | E23: 3 | F23: 4.5 | G23: FALSE | H23: 0 | J23: Max Damage Multiplier % | K23: =Sensitivity!H13
A24: ALL | B24: normal | C24: 2 | D24: Dex % | E24: 3 | F24: 4.5 | G24: FALSE | H24: 0 | J24: Max HP % | K24: 0
A25: ALL | B25: normal | C25: 2 | D25: Int % | E25: 3 | F25: 4.5 | G25: FALSE | H25: =Sensitivity!H6 | J25: Max MP % | K25: 0
A26: ALL | B26: normal | C26: 2 | D26: Luk % | E26: 3 | F26: 4.5 | G26: FALSE | H26: 0 | J26: Min Damage Multiplier % | K26: =Sensitivity!H12
A27: ALL | B27: normal | C27: 2 | D27: Defense % | E27: 3 | F27: 9 | G27: FALSE | H27: 0 | J27: Skill Cooldown Decrease (seconds) | K27: =Sensitivity!H27
A28: ALL | B28: normal | C28: 2 | D28: Max HP % | E28: 6 | F28: 9 | G28: FALSE | H28: 0 | J28: Skill Damage % | K28: =Sensitivity!H19
A29: ALL | B29: normal | C29: 2 | D29: Max MP % | E29: 3 | F29: 9 | G29: FALSE | H29: 0 | J29: Str | K29: 0
A30: ALL | B30: normal | C30: 2 | D30: Str | E30: 50 | F30: 9.5 | G30: FALSE | H30: 0 | J30: Str % | K30: 0
A31: ALL | B31: normal | C31: 2 | D31: Dex | E31: 50 | F31: 9.5 | G31: FALSE | H31: 0
A32: ALL | B32: normal | C32: 2 | D32: Int | E32: 50 | F32: 9.5 | G32: FALSE | H32: =Sensitivity!H5
A33: ALL | B33: normal | C33: 2 | D33: Luk | E33: 50 | F33: 9.5 | G33: FALSE | H33: 0
A34: ALL | B34: normal | C34: 3 | D34: Critical Rate % | E34: 3 | F34: 2.5 | G34: FALSE | H34: =IF(Inputs!$B$8>=100,Sensitivity!H15,Sensitivity!H14)
A35: ALL | B35: normal | C35: 3 | D35: Attack Speed % | E35: 3 | F35: 2.5 | G35: FALSE | H35: =Sensitivity!H16
A36: ALL | B36: normal | C36: 3 | D36: Damage % | E36: 5 | F36: 4 | G36: FALSE | H36: =Sensitivity!H7
A37: ALL | B37: normal | C37: 3 | D37: Min Damage Multiplier % | E37: 3 | F37: 4 | G37: FALSE | H37: =Sensitivity!H12
A38: ALL | B38: normal | C38: 3 | D38: Max Damage Multiplier % | E38: 3 | F38: 4 | G38: FALSE | H38: =Sensitivity!H13
A39: ALL | B39: normal | C39: 3 | D39: Str % | E39: 3 | F39: 4.5 | G39: FALSE | H39: 0
A40: ALL | B40: normal | C40: 3 | D40: Dex % | E40: 3 | F40: 4.5 | G40: FALSE | H40: 0
A41: ALL | B41: normal | C41: 3 | D41: Int % | E41: 3 | F41: 4.5 | G41: FALSE | H41: =Sensitivity!H6
A42: ALL | B42: normal | C42: 3 | D42: Luk % | E42: 3 | F42: 4.5 | G42: FALSE | H42: 0
A43: ALL | B43: normal | C43: 3 | D43: Defense % | E43: 3 | F43: 9 | G43: FALSE | H43: 0
A44: ALL | B44: normal | C44: 3 | D44: Max HP % | E44: 6 | F44: 9 | G44: FALSE | H44: 0
A45: ALL | B45: normal | C45: 3 | D45: Max MP % | E45: 3 | F45: 9 | G45: FALSE | H45: 0
A46: ALL | B46: normal | C46: 3 | D46: Str | E46: 50 | F46: 9.5 | G46: FALSE | H46: 0
A47: ALL | B47: normal | C47: 3 | D47: Dex | E47: 50 | F47: 9.5 | G47: FALSE | H47: 0
A48: ALL | B48: normal | C48: 3 | D48: Int | E48: 50 | F48: 9.5 | G48: FALSE | H48: =Sensitivity!H5
A49: ALL | B49: normal | C49: 3 | D49: Luk | E49: 50 | F49: 9.5 | G49: FALSE | H49: 0
A50: ALL | B50: rare | C50: 1 | D50: Critical Rate % | E50: 4.5 | F50: 2.5 | G50: TRUE | H50: =IF(Inputs!$B$8>=100,Sensitivity!H15,Sensitivity!H14)
A51: ALL | B51: rare | C51: 1 | D51: Attack Speed % | E51: 3.5 | F51: 2.5 | G51: TRUE | H51: =Sensitivity!H16
A52: ALL | B52: rare | C52: 1 | D52: Damage % | E52: 8 | F52: 4 | G52: TRUE | H52: =Sensitivity!H7
A53: ALL | B53: rare | C53: 1 | D53: Min Damage Multiplier % | E53: 6 | F53: 4 | G53: TRUE | H53: =Sensitivity!H12
A54: ALL | B54: rare | C54: 1 | D54: Max Damage Multiplier % | E54: 6 | F54: 4 | G54: TRUE | H54: =Sensitivity!H13
A55: ALL | B55: rare | C55: 1 | D55: Str % | E55: 4.5 | F55: 4.5 | G55: TRUE | H55: 0
A56: ALL | B56: rare | C56: 1 | D56: Dex % | E56: 4.5 | F56: 4.5 | G56: TRUE | H56: 0
A57: ALL | B57: rare | C57: 1 | D57: Int % | E57: 4.5 | F57: 4.5 | G57: TRUE | H57: =Sensitivity!H6
A58: ALL | B58: rare | C58: 1 | D58: Luk % | E58: 4.5 | F58: 4.5 | G58: TRUE | H58: 0
A59: ALL | B59: rare | C59: 1 | D59: Defense % | E59: 4.5 | F59: 9 | G59: TRUE | H59: 0
A60: ALL | B60: rare | C60: 1 | D60: Max HP % | E60: 9 | F60: 9 | G60: TRUE | H60: 0
A61: ALL | B61: rare | C61: 1 | D61: Max MP % | E61: 4.5 | F61: 9 | G61: TRUE | H61: 0
A62: ALL | B62: rare | C62: 1 | D62: Str | E62: 100 | F62: 9.5 | G62: TRUE | H62: 0
A63: ALL | B63: rare | C63: 1 | D63: Dex | E63: 100 | F63: 9.5 | G63: TRUE | H63: 0
A64: ALL | B64: rare | C64: 1 | D64: Int | E64: 100 | F64: 9.5 | G64: TRUE | H64: =Sensitivity!H5
A65: ALL | B65: rare | C65: 1 | D65: Luk | E65: 100 | F65: 9.5 | G65: TRUE | H65: 0
A66: ALL | B66: rare | C66: 2 | D66: Critical Rate % | E66: 3 | F66: 1.9 | G66: FALSE | H66: =IF(Inputs!$B$8>=100,Sensitivity!H15,Sensitivity!H14)
A67: ALL | B67: rare | C67: 2 | D67: Critical Rate % | E67: 4.5 | F67: 0.6 | G67: TRUE | H67: =IF(Inputs!$B$8>=100,Sensitivity!H15,Sensitivity!H14)
A68: ALL | B68: rare | C68: 2 | D68: Attack Speed % | E68: 3 | F68: 1.9 | G68: FALSE | H68: =Sensitivity!H16
A69: ALL | B69: rare | C69: 2 | D69: Attack Speed % | E69: 3.5 | F69: 0.6 | G69: TRUE | H69: =Sensitivity!H16
A70: ALL | B70: rare | C70: 2 | D70: Damage % | E70: 5 | F70: 3.04 | G70: FALSE | H70: =Sensitivity!H7
A71: ALL | B71: rare | C71: 2 | D71: Damage % | E71: 8 | F71: 0.96 | G71: TRUE | H71: =Sensitivity!H7
A72: ALL | B72: rare | C72: 2 | D72: Min Damage Multiplier % | E72: 3 | F72: 3.04 | G72: FALSE | H72: =Sensitivity!H12
A73: ALL | B73: rare | C73: 2 | D73: Min Damage Multiplier % | E73: 6 | F73: 0.96 | G73: TRUE | H73: =Sensitivity!H12
A74: ALL | B74: rare | C74: 2 | D74: Max Damage Multiplier % | E74: 3 | F74: 3.04 | G74: FALSE | H74: =Sensitivity!H13
A75: ALL | B75: rare | C75: 2 | D75: Max Damage Multiplier % | E75: 6 | F75: 0.96 | G75: TRUE | H75: =Sensitivity!H13
A76: ALL | B76: rare | C76: 2 | D76: Str % | E76: 3 | F76: 3.42 | G76: FALSE | H76: 0
A77: ALL | B77: rare | C77: 2 | D77: Str % | E77: 4.5 | F77: 1.08 | G77: TRUE | H77: 0
A78: ALL | B78: rare | C78: 2 | D78: Dex % | E78: 3 | F78: 3.42 | G78: FALSE | H78: 0
A79: ALL | B79: rare | C79: 2 | D79: Dex % | E79: 4.5 | F79: 1.08 | G79: TRUE | H79: 0
A80: ALL | B80: rare | C80: 2 | D80: Int % | E80: 3 | F80: 3.42 | G80: FALSE | H80: =Sensitivity!H6
A81: ALL | B81: rare | C81: 2 | D81: Int % | E81: 4.5 | F81: 1.08 | G81: TRUE | H81: =Sensitivity!H6
A82: ALL | B82: rare | C82: 2 | D82: Luk % | E82: 3 | F82: 3.42 | G82: FALSE | H82: 0
A83: ALL | B83: rare | C83: 2 | D83: Luk % | E83: 4.5 | F83: 1.08 | G83: TRUE | H83: 0
A84: ALL | B84: rare | C84: 2 | D84: Defense % | E84: 3 | F84: 6.84 | G84: FALSE | H84: 0
A85: ALL | B85: rare | C85: 2 | D85: Defense % | E85: 4.5 | F85: 2.16 | G85: TRUE | H85: 0
A86: ALL | B86: rare | C86: 2 | D86: Max HP % | E86: 6 | F86: 6.84 | G86: FALSE | H86: 0
A87: ALL | B87: rare | C87: 2 | D87: Max HP % | E87: 9 | F87: 2.16 | G87: TRUE | H87: 0
A88: ALL | B88: rare | C88: 2 | D88: Max MP % | E88: 3 | F88: 6.84 | G88: FALSE | H88: 0
A89: ALL | B89: rare | C89: 2 | D89: Max MP % | E89: 4.5 | F89: 2.16 | G89: TRUE | H89: 0
A90: ALL | B90: rare | C90: 2 | D90: Str | E90: 50 | F90: 7.22 | G90: FALSE | H90: 0
A91: ALL | B91: rare | C91: 2 | D91: Str | E91: 100 | F91: 2.28 | G91: TRUE | H91: 0
A92: ALL | B92: rare | C92: 2 | D92: Dex | E92: 50 | F92: 7.22 | G92: FALSE | H92: 0
A93: ALL | B93: rare | C93: 2 | D93: Dex | E93: 100 | F93: 2.28 | G93: TRUE | H93: 0
A94: ALL | B94: rare | C94: 2 | D94: Int | E94: 50 | F94: 7.22 | G94: FALSE | H94: =Sensitivity!H5
A95: ALL | B95: rare | C95: 2 | D95: Int | E95: 100 | F95: 2.28 | G95: TRUE | H95: =Sensitivity!H5
A96: ALL | B96: rare | C96: 2 | D96: Luk | E96: 50 | F96: 7.22 | G96: FALSE | H96: 0
A97: ALL | B97: rare | C97: 2 | D97: Luk | E97: 100 | F97: 2.28 | G97: TRUE | H97: 0
A98: ALL | B98: rare | C98: 3 | D98: Critical Rate % | E98: 3 | F98: 2.3 | G98: FALSE | H98: =IF(Inputs!$B$8>=100,Sensitivity!H15,Sensitivity!H14)
A99: ALL | B99: rare | C99: 3 | D99: Critical Rate % | E99: 4.5 | F99: 0.2 | G99: TRUE | H99: =IF(Inputs!$B$8>=100,Sensitivity!H15,Sensitivity!H14)
A100: ALL | B100: rare | C100: 3 | D100: Attack Speed % | E100: 3 | F100: 2.3 | G100: FALSE | H100: =Sensitivity!H16
...

Sheet PotentialCubes
A1: Potential Cubes — Current Gear State
A2: Fill in your actual current gear for every slot/potential-type you want EV results for, then run `python3 tools/potential_cubes_ev.py` — it reads this table plus the live CubeData sheet and computes exact 'expected value of the best roll kept after N rerolls' for all 30 rows (printed + written to a CSV), via a full line1 x line2 x line3 enumeration per rarity/slot rather than a single-roll average.
A3: Leave a line's Stat as "(none)" if that line isn't rolled yet / doesn't matter.
A5: Slot | B5: Potential Type | C5: Current Rarity | D5: Current Pity Count | E5: Line 1 Stat | F5: Line 1 Value | G5: Line 2 Stat | H5: Line 2 Value | I5: Line 3 Stat | J5: Line 3 Value
A6: head | B6: Potential | C6: normal | D6: 0 | E6: (none) | F6: 0 | G6: (none) | H6: 0 | I6: (none) | J6: 0
A7: head | B7: Bonus Potential | C7: normal | D7: 0 | E7: (none) | F7: 0 | G7: (none) | H7: 0 | I7: (none) | J7: 0
A8: cape | B8: Potential | C8: normal | D8: 0 | E8: (none) | F8: 0 | G8: (none) | H8: 0 | I8: (none) | J8: 0
A9: cape | B9: Bonus Potential | C9: normal | D9: 0 | E9: (none) | F9: 0 | G9: (none) | H9: 0 | I9: (none) | J9: 0
A10: chest | B10: Potential | C10: normal | D10: 0 | E10: (none) | F10: 0 | G10: (none) | H10: 0 | I10: (none) | J10: 0
A11: chest | B11: Bonus Potential | C11: normal | D11: 0 | E11: (none) | F11: 0 | G11: (none) | H11: 0 | I11: (none) | J11: 0
A12: shoulders | B12: Potential | C12: normal | D12: 0 | E12: (none) | F12: 0 | G12: (none) | H12: 0 | I12: (none) | J12: 0
A13: shoulders | B13: Bonus Potential | C13: normal | D13: 0 | E13: (none) | F13: 0 | G13: (none) | H13: 0 | I13: (none) | J13: 0
A14: legs | B14: Potential | C14: normal | D14: 0 | E14: (none) | F14: 0 | G14: (none) | H14: 0 | I14: (none) | J14: 0
A15: legs | B15: Bonus Potential | C15: normal | D15: 0 | E15: (none) | F15: 0 | G15: (none) | H15: 0 | I15: (none) | J15: 0
A16: belt | B16: Potential | C16: normal | D16: 0 | E16: (none) | F16: 0 | G16: (none) | H16: 0 | I16: (none) | J16: 0
A17: belt | B17: Bonus Potential | C17: normal | D17: 0 | E17: (none) | F17: 0 | G17: (none) | H17: 0 | I17: (none) | J17: 0
... A35: pocket | B35: Bonus Potential | C35: normal | D35: 0 | E35: (none) | F35: 0 | G35: (none) | H35: 0 | I35: (none) | J35: 0
