Workbook

Sheet README
A1: Paladin — DPS Calculator: How to Use This Workbook
A3: How to use this workbook
A4: Only edit the yellow-highlighted cells on the Inputs sheet — every other sheet is computed from those values and will be overwritten if you rebuild the workbook.
A5: Summary shows Total DPS, a Per-Skill DPS Breakdown (damage-dealing skills only — buffs/passives that never deal their own damage are omitted), and a Marginal DPS & Stat Value table showing the DPS gained per +1 of each stat.
A6: Sensitivity has the full detail behind that marginal-value table — one self-contained block per stat, showing exactly how bumping that stat by +1 changes every downstream number.
A7: CubeData/PotentialCubes model your current gear's Potential Cube lines and drive cube-reroll expected-value decisions. For the full standalone Potential Cube EV calculator (exact optimal-stopping math, works from this workbook alone), see tools/potential_cubes_ev.py in the project repo.
A9: Design decisions & assumptions
A10: Iron Body's flat +30 STR, Warrior Mastery, Paladin's own 2nd-job Power Stance (Attack%), Weapon Acceleration, Physical Training, Weapon Mastery, and Paladin Expert are always-on passives assumed to already be reflected in your own Inputs stat entries — only their Sensitivity marginal delta is modeled live. Iron Body's flat STR and Power Stance's own damage-reduction component have NO Sensitivity delta row at all (no percentage-bucket exists for a flat sub-stat bonus, and no damage-taken mechanic exists in this template).
A11: DATA-QUALITY CAVEAT: Close Combat, Noble Demand, Heaven's Hammer, Divine Mark, Divine Judgment, and Maple Hero (Paladin) all have NO individual wiki page (confirmed genuine 404s) — same root-cause gap as Bishop. Each row's (baseDamage, factorIndex) is a FLAGGED ASSUMPTION derived from the single known level-1 value + a per-skill-type factorIndex convention, not a verified curve. The Mastery table's own discrete level-gated deltas layered on top of those assumed curves ARE separately confirmed real data.
A12: Divine Mark is split into two rows (main hit + detonation), same pattern as Hero's own Puncture / FP-Mage's Poison Mist Burst-DoT split. Divine Judgment is modeled as its own detonation only — the proc fires 'every 10 basic attacks,' approximated via a live Cooldown(s) formula referencing the Basic Attack Casts Per Second cell directly (10 / rate); its own +30% Basic Attack Damage buff component is FLAGGED, not modeled.
A13: Vessel of Light is a proc (15% chance per basic attack) with no stated internal cooldown — its uptime is approximated as MIN(1, Duration x ProcChance% x Basic Attack Rate) rather than the standard cooldown-driven duty-cycle helper used everywhere else in this project. Greater Vessel of Light (+18% FD 'for the duration of Vessel of Light') reuses that same computed uptime fraction directly rather than having its own duty cycle.
A14: Divine Shield fires on its own fixed interval (not a player-cast cooldown) — modeled the same way as Hero's own Enrage, treating the interval as the row's own Cooldown(s). Its new Aug-13-patch 'activates at combat start' behavior is not modeled (no start-of-combat mechanic exists anywhere in this project). Its own barrier-blocking component (defensive) is also not modeled.
... A18: Not modeled (out of scope): all forms of crowd control, Accuracy, Evasion, Defense, HP/MP recovery, movement speed, Companion Summoning Time, and pure support/defensive skills with no DPS-relevant mechanic (Combat Orders, Achilles, Parashock Guard).

Sheet Inputs
A1: Paladin — DPS Calculator Inputs
A3: Character Level | B3: 200
A4: Monster Type ("boss", "normal", "breakthrough", or "pvp") | B4: boss
A5: Flat ATTACK | B5: 10000
A6: ATTACK % | B6: 0
A7: Monster Defense (flat, post-x100/x10 scaling) | B7: 0
A8: CRIT_RATE % | B8: 0
A9: CRIT_DAMAGE % | B9: 0
A10: ATTACK_SPEED % (base, excludes Weapon Acceleration) | B10: 0
A11: Flat STR (include Iron Body's own +30 if unlocked) | B11: 0
A12: STR % | B12: 0
A13: DEX | B13: 0
A14: DAMAGE % | B14: 0
A15: DAMAGE_AMP % | B15: 0
A16: BASIC_ATTACK_DAMAGE % | B16: 0
... A28: Skill Level Bonus — All Skills | B28: 0
A30: Additional Bonuses
A31: Skill Cooldown Decrease (seconds, only skills/buffs the character actively casts) | B31: 0
A32: Basic Attack Target Increase (flat, adds to the 6-target normal-monster base) | B32: 1
A33: Buff Duration Increase % | B33: 0
A34: Companion Summoning Time Increase % (companions not modeled — always 0 DPS impact) | B34: 0
A35: Fixed Fight Duration (seconds, boss or normal — leave 0 for steady-state DPS; ignored for pvp) | B35: 0
A36: Chapter Breakthrough: Normal-Monster Weight % (only used when Monster Type = breakthrough) | B36: 60
A37: Max Enemies Actually In Range (normal monsters only; default 999 = uncapped) | B37: 999

Sheet FactorTable
A1: Level | B1: F0 | C1: F1 | D1: F2 | E1: F3 | F1: F4 | G1: F5 | H1: F6 | I1: F7 | J1: F8 | K1: F9 | L1: F10 | M1: F11 | N1: F12 | O1: F13 | P1: F14 | Q1: F15 | R1: F16 | S1: F17 | T1: F18 | U1: F19 | V1: F20 | W1: F21 | X1: F22 | Y1: F23
A2: 1 | B2: 0 | C2: 1000 | D2: 1000 | E2: 1000 | F2: 1000 | G2: 1000 | H2: 1000 | I2: 1000 | J2: 1000 | K2: 1000 | L2: 1000 | M2: 1000 | N2: 1000 | O2: 1000 | P2: 1000 | Q2: 1000 | R2: 1000 | S2: 1000 | T2: 1000 | U2: 1000 | V2: 1000 | W2: 1000 | X2: 1000 | Y2: 1000
A3: 2 | B3: 0 | C3: 1015 | D3: 1020 | E3: 1030 | F3: 1040 | G3: 1050 | H3: 1060 | I3: 1070 | J3: 1020 | K3: 1020 | L3: 1020 | M3: 1000 | N3: 1010 | O3: 1020 | P3: 1030 | Q3: 1040 | R3: 1050 | S3: 1060 | T3: 1070 | U3: 1080 | V3: 1010 | W3: 1008 | X3: 1006 | Y3: 1100
A4: 3 | B4: 0 | C4: 1031 | D4: 1041 | E4: 1061 | F4: 1082 | G4: 1103 | H4: 1124 | I4: 1145 | J4: 1030 | K4: 1041 | L4: 1030 | M4: 1000 | N4: 1015 | O4: 1030 | P4: 1045 | Q4: 1060 | R4: 1075 | S4: 1090 | T4: 1105 | U4: 1120 | V4: 1020 | W4: 1012 | X4: 1009 | Y4: 1150
A5: 4 | B5: 0 | C5: 1047 | D5: 1062 | E5: 1093 | F5: 1126 | G5: 1159 | H5: 1192 | I5: 1226 | J5: 1040 | K5: 1062 | L5: 1040 | M5: 1000 | N5: 1020 | O5: 1040 | P5: 1060 | Q5: 1080 | R5: 1100 | S5: 1120 | T5: 1140 | U5: 1160 | V5: 1030 | W5: 1016 | X5: 1012 | Y5: 1200
A6: 5 | B6: 0 | C6: 1063 | D6: 1084 | E6: 1126 | F6: 1172 | G6: 1217 | H6: 1264 | I6: 1312 | J6: 1050 | K6: 1084 | L6: 1050 | M6: 1000 | N6: 1025 | O6: 1050 | P6: 1075 | Q6: 1100 | R6: 1125 | S6: 1150 | T6: 1175 | U6: 1200 | V6: 1040 | W6: 1020 | X6: 1015 | Y6: 1250
A7: 6 | B7: 0 | C7: 1079 | D7: 1106 | E7: 1160 | F7: 1219 | G7: 1278 | H7: 1340 | I7: 1404 | J7: 1060 | K7: 1106 | L7: 1060 | M7: 1000 | N7: 1030 | O7: 1060 | P7: 1090 | Q7: 1120 | R7: 1150 | S7: 1180 | T7: 1210 | U7: 1240 | V7: 1050 | W7: 1024 | X7: 1018 | Y7: 1300
A8: 7 | B8: 0 | C8: 1096 | D8: 1129 | E8: 1195 | F8: 1268 | G8: 1342 | H8: 1421 | I8: 1503 | J8: 1070 | K8: 1129 | L8: 1070 | M8: 1000 | N8: 1035 | O8: 1070 | P8: 1105 | Q8: 1140 | R8: 1175 | S8: 1210 | T8: 1245 | U8: 1280 | V8: 1060 | W8: 1028 | X8: 1021 | Y8: 1350
A9: 8 | B9: 0 | C9: 1113 | D9: 1152 | E9: 1231 | F9: 1319 | G9: 1410 | H9: 1507 | I9: 1609 | J9: 1080 | K9: 1152 | L9: 1080 | M9: 1000 | N9: 1040 | O9: 1080 | P9: 1120 | Q9: 1160 | R9: 1200 | S9: 1240 | T9: 1280 | U9: 1320 | V9: 1070 | W9: 1032 | X9: 1024 | Y9: 1400
A10: 9 | B10: 0 | C10: 1130 | D10: 1176 | E10: 1268 | F10: 1372 | G10: 1481 | H10: 1598 | I10: 1722 | J10: 1090 | K10: 1176 | L10: 1090 | M10: 1000 | N10: 1045 | O10: 1090 | P10: 1135 | Q10: 1180 | R10: 1225 | S10: 1270 | T10: 1315 | U10: 1360 | V10: 1080 | W10: 1036 | X10: 1027 | Y10: 1450
A11: 10 | B11: 0 | C11: 1147 | D11: 1200 | E11: 1307 | F11: 1427 | G11: 1556 | H11: 1694 | I11: 1843 | J11: 1100 | K11: 1200 | L11: 1100 | M11: 1000 | N11: 1050 | O11: 1100 | P11: 1150 | Q11: 1200 | R11: 1250 | S11: 1300 | T11: 1350 | U11: 1400 | V11: 1090 | W11: 1040 | X11: 1030 | Y11: 1500
A12: 11 | B12: 0 | C12: 1165 | D12: 1224 | E12: 1347 | F12: 1485 | G12: 1634 | H12: 1796 | I12: 1973 | J12: 1110 | K12: 1224 | L12: 1110 | M12: 1000 | N12: 1055 | O12: 1110 | P12: 1165 | Q12: 1220 | R12: 1275 | S12: 1330 | T12: 1385 | U12: 1440 | V12: 1100 | W12: 1044 | X12: 1033 | Y12: 1550
A13: 12 | B13: 0 | C13: 1183 | D13: 1249 | E13: 1388 | F13: 1545 | G13: 1716 | H13: 1904 | I13: 2112 | J13: 1120 | K13: 1249 | L13: 1120 | M13: 1000 | N13: 1060 | O13: 1120 | P13: 1180 | Q13: 1240 | R13: 1300 | S13: 1360 | T13: 1420 | U13: 1480 | V13: 1110 | W13: 1048 | X13: 1036 | Y13: 1600
... A301: 300 | B301: 0 | C301: 88573 | D301: 381637 | E301: 6991522 | F301: 125363453 | G301: 2185120762 | H301: 37157073039 | I301: 614631863830 | J301: 2000 | K301: 53326 | L301: 2500 | M301: 1100 | N301: 2500 | O301: 4000 | P301: 5500 | Q301: 7000 | R301: 8500 | S301: 10000 | T301: 11500 | U301: 13000 | V301: 7558 | W301: 2200 | X301: 1900 | Y301: 8800

Sheet Skills
A1: Key | B1: Name | C1: JobStep | D1: Cooldown(s) | E1: CostsActionSlot | F1: ActionsPerCast | G1: HitsPerCast | H1: ICD(s) | I1: ActiveWindow(s) | J1: ProcChance% | K1: RollsPerCast | L1: BaseDamage(tenths%) | M1: FactorIndex | N1: ScalesWithLevel | O1: SkillMasteryBonus% | P1: MasteryBossDamage% | Q1: MasteryNormalDamage% | R1: NormalMonsterTargets | S1: BuffTargetStat | T1: BuffDuration(s) | U1: MapleHeroBase(tenths%) | V1: MapleHeroFactorIndex | W1: Note
A2: BLAST | B2: Blast | C2: 4 | E2: FALSE | F2: 1 | G2: =IF(Inputs!$B$3>=136,6,5) | H2: 0 | I2: 0 | J2: 100 | K2: 1 | L2: 2900 | M2: 21 | N2: TRUE | O2: =Calc!F3*IF(Calc!C3=TRUE,1,0)/100*25*(1+7.5*IF(Calc!C12=TRUE,Calc!F12,0)/100)+SUMPRODUCT((Inputs!$B$3>={102,106,116,120,128,132})*{10,1,1,1,1,1}) | P2: =SUMPRODUCT((Inputs!$B$3>={111,124})*{10,10}) | Q2: 0 | R2: =6+Inputs!$B$32 | T2: 0 | W2: 4th-job basic-attack effect (supersedes Divine Swing/Divine Charge, confirmed identical wiki wording — 290% damage to 6 target(s) in front 5 time(s) — to every other class's own 4th-job basic attack). factorIndex 21, baseDamage 2900 tenths%. HitsPerCast=5, bumping to 6 once Mastery Lv.136 'Blast - Strike' unlocks (identical level to Hero's own Raging Blow - Strike). SkillMasteryBonus% is Final Attack's own steady-state contribution (ProcChance x AdditionalDamage% x 25, single-stage since Paladin has no Advanced Final Attack), further multiplied by Maple Hero's own +150% FD share targeting Final Attack specifically (a bespoke fold — Final Attack is a HELPER row, not a normal Maple Hero target), PLUS the real Blast - Damage mastery chain (102/106/116/120/128/132, summed as DELTAS). MasteryBossDamage% is the real 2-tier Blast - Boss Monster Damage chain (111/124, +10% each, +20% total).
A3: FINAL_ATTACK_HELPER | B3: Final Attack (helper) | C3: 2 | E3: FALSE | F3: 1 | G3: 1 | H3: 0 | I3: 0 | J3: 100 | K3: 1 | L3: 350 | M3: 21 | N3: TRUE | O3: =SUMPRODUCT((Inputs!$B$3>={54})*{50}) | P3: 0 | Q3: 0 | R3: 0 | T3: 0 | W3: Helper row only — feeds Blast's own coefficient. 25% chance, 35%->49% additional damage (levels 1-100), factorIndex 21/baseDamage 350 tenths% — resolves to the IDENTICAL tuple Hero/Bowmaster's own Final Attack helper uses, confirming this is genuinely the same cross-tree shared skill. Mastery Lv.54 'Final Attack - Damage' +50% (real SkillMasteryBonus%, same level as Hero's own chain). Paladin has NO Advanced Final Attack at all (confirmed absent from its skill list) — no second-stage helper needed.
A4: CLOSE_COMBAT | B4: Close Combat | C4: 2 | D4: 18 | E4: TRUE | F4: 1 | G4: 1 | H4: 0 | I4: 0 | J4: 100 | K4: 1 | L4: 4600 | M4: 12 | N4: TRUE | O4: =SUMPRODUCT((Inputs!$B$3>={39})*{50}) | P4: 0 | Q4: 0 | R4: 7 | T4: 0 | W4: FLAGGED ASSUMPTION (no individual wiki page exists — confirmed genuine 404, same root-cause gap as Bishop): factorIndex 12 (burst convention), baseDamage 4600 tenths% (460% level-1). 'Deals 460% damage to 7 nearby target(s)', 18s cooldown. Mastery Lv.39 'Close Combat - Damage' +50% (real SkillMasteryBonus%). Mastery Lv.44 'Close Combat - Weaken' (+10%p target damage taken for an unstated duration) is FLAGGED, not modeled — no duration/chance given on the Mastery table to drive a duty-cycle calc. Maple Hero target (4x share, the biggest) — see MAPLE_HERO_RATIOS.
A5: NOBLE_DEMAND | B5: Noble Demand | C5: 3 | D5: 30 | E5: TRUE | F5: 1 | G5: 1 | H5: 0 | I5: 0 | J5: 100 | K5: 1 | L5: 16000 | M5: 12 | N5: TRUE | O5: =SUMPRODUCT((Inputs!$B$3>={73})*{50}) | P5: 0 | Q5: 0 | R5: 8 | T5: 0 | W5: FLAGGED ASSUMPTION (no individual wiki page exists): factorIndex 12, baseDamage 16000 tenths% (1600% level-1). 'Deals 1600% damage to 8 nearby target(s) and increases their damage taken by 12% for 10 sec' — the damage-taken-increase component is FLAGGED, not modeled (would need its own duty-cycle bucket wiring, judged out of scope for a flagged-assumption skill). 30s cooldown. Mastery Lv.73 'Noble Demand - Damage' +50% (real SkillMasteryBonus%). Mastery Lv.94 'Noble Demand - Reuse' (-30% cooldown) not separately modeled, same treatment as Hero's own Rush cooldown masteries. Maple Hero target (1x share, the smallest) — see MAPLE_HERO_RATIOS.
A6: HEAVENS_HAMMER | B6: Heaven's Hammer | C6: 4 | D6: 18 | E6: TRUE | F6: 1 | G6: 5 | H6: 0 | I6: 0 | J6: 100 | K6: 1 | L6: 7800 | M6: 12 | N6: TRUE | O6: =SUMPRODUCT((Inputs!$B$3>={108})*{50}) | P6: =100+IF(Inputs!$B$3>=134,100,0) | Q6: 0 | R6: 7 | T6: 0 | W6: FLAGGED ASSUMPTION (no individual wiki page exists): factorIndex 12, baseDamage 7800 tenths% (780% level-1). 'Slams a large hammer to deal 780% damage to 7 target(s) in front 5 time(s). Deals additional 100% Boss Monster Damage' — the +100% Boss Monster Damage is the skill's own innate effect (baked into MasteryBossDamage%'s base 100), with Mastery Lv.134 'Heaven's Hammer - Boss Monster Damage' adding another +100% tier on top (total 200% once both are active). 18s cooldown. Mastery Lv.108 'Heaven's Hammer - Damage' +50% (real SkillMasteryBonus%). Not patched (absent from the Aug 13 patch notes PDF's 2-skill Paladin section).
A7: DIVINE_MARK_MAIN | B7: Divine Mark (main hit) | C7: 4 | D7: 16 | E7: TRUE | F7: 1 | G7: 6 | H7: 0 | I7: 0 | J7: 100 | K7: 1 | L7: 4600 | M7: 12 | N7: TRUE | O7: =SUMPRODUCT((Inputs!$B$3>={122})*{50}) | P7: 0 | Q7: 0 | R7: 8 | T7: 0 | W7: FLAGGED ASSUMPTION (no individual wiki page exists): factorIndex 12, baseDamage 4600 tenths% (460% level-1). 'Deals 460% damage to 8 target(s) in front 6 time(s), then detonates stigmata of light' (see DIVINE_MARK_DETONATION for the second half — same cast, same cooldown/targets). 16s cooldown. Mastery Lv.122 'Divine Mark - Damage' +50% (real SkillMasteryBonus%, applies to the main hit only — the wiki doesn't specify it applying to the detonation too). Mastery Lv.138 'Divine Mark - Weaken' (+20% target damage taken for 10s) is FLAGGED, not modeled (same reasoning as Noble Demand's own weaken effect).
A8: DIVINE_MARK_DETONATION | B8: Divine Mark (detonation) | C8: 4 | D8: 16 | E8: FALSE | F8: 1 | G8: 4 | H8: 0 | I8: 0 | J8: 100 | K8: 1 | L8: 4000 | M8: 12 | N8: TRUE | O8: 0 | P8: 0 | Q8: 0 | R8: 8 | T8: 0 | W8: Detonation half of the same Divine Mark cast — 'dealing 400% damage to 8 nearby target(s) 4 time(s)'. Shares Divine Mark's own cooldown/cast (CostsActionSlot=False here since DIVINE_MARK_MAIN already costs the action slot for this cast). factorIndex 12, baseDamage 4000 tenths% (400% level-1). FLAGGED ASSUMPTION, same root-cause gap as its main-hit sibling. No own Skill/Boss Mastery (Lv.122's own mastery only mentions 'Divine Mark - Damage' without specifying the detonation, so it's not applied here to avoid double-counting an ambiguous mastery scope).
A9: DIVINE_JUDGMENT | B9: Divine Judgment (detonation) | C9: 4 | D9: =10/Summary!$B$61 | E9: FALSE | F9: 1 | G9: 4 | H9: 0 | I9: 0 | J9: 100 | K9: 1 | L9: 8500 | M9: 12 | N9: TRUE | O9: 0 | P9: 0 | Q9: 0 | R9: 4 | T9: 0 | W9: FLAGGED ASSUMPTION (no individual wiki page exists), AND a bespoke trigger-rate approximation: 'Every 10 basic attacks, increases Basic Attack Damage by 30% for 5 sec and creates a Divine Brand that explodes after 1 sec dealing 850% damage to 4 nearby target(s) 4 time(s)'. Modeled as detonation-only — Cooldown(s) is a LIVE formula (10/Summary!Actions Per Second, NOT Basic-Attack-specific Casts Per Second — referencing that cell instead would create a genuine circular reference, since R_BAPS is downstream of the same cast-rate SUMPRODUCT this row's own Q-column formula feeds into, regardless of CostsActionSlot=False) approximating the 'every 10 basic attacks' trigger as a steady-state period, the same self-referencing-a-Summary-constant pattern already established for Marksman's own Quiver Cartridge AS-scaled cooldown. The +30% Basic Attack Damage buff component is FLAGGED, not modeled — stacking another duty-cycle layer on an already-dynamic proc rate was judged out of scope for this pass. factorIndex 12, baseDamage 8500 tenths% (850% level-1). CostsActionSlot=False (the detonation itself doesn't consume the action queue — it's a delayed proc off basic attacks, which already have their own slot).
A10: MAGIC_CRASH | B10: Magic Crash | C10: 4 | D10: 28 | E10: TRUE | F10: 1 | G10: 1 | H10: 0 | I10: 0 | J10: 100 | K10: 1 | L10: 48000 | M10: 12 | N10: TRUE | O10: 0 | P10: 0 | Q10: 0 | R10: =5+IF(Inputs!$B$3>=100,4,0) | T10: 0 | W10: Summons a rock at the target's location, removing 1 buff and dealing 4800%->9600% damage to 5 nearby target(s), 1 time. factorIndex 12, baseDamage 48000 tenths%. Shared verbatim with Hero and Dark Knight (single wiki page, /w/Magic_Crash) — reuses Hero's own already-resolved tuple directly, not re-derived. PATCHED: targets 5->9 (effect range +50% not modeled, no such mechanic exists in this project).
A11: RUSH | B11: Rush | C11: 3 | D11: 22 | E11: TRUE | F11: 1 | G11: 1 | H11: 0 | I11: 0 | J11: 100 | K11: 1 | L11: 6000 | M11: 12 | N11: TRUE | O11: 0 | P11: 0 | Q11: 0 | R11: 12 | T11: 0 | W11: Charges to the front to deal 600%->1200% damage to 12 target(s) (stun 2.5s not modeled). factorIndex 12, baseDamage 6000 tenths%, 22s cooldown. Shared verbatim with Hero and Dark Knight — reuses Hero's own already-resolved tuple directly. Not patched (Mastery Lv.68/90 own cooldown/damage tiers not separately modeled here, same treatment as Hero's own build). Maple Hero target (1.5x share) — see MAPLE_HERO_RATIOS.
A12: MAPLE_HERO_HELPER | B12: Maple Hero (helper) | C12: 4 | E12: FALSE | F12: 1 | G12: 1 | H12: 0 | I12: 0 | J12: 100 | K12: 1 | L12: 200 | M12: 23 | N12: TRUE | O12: 0 | P12: 0 | Q12: 0 | R12: 0 | T12: 0 | W12: FLAGGED ASSUMPTION — Maple_Hero_(Paladin) 404s, confirmed no wiki page exists at all (unlike Hero/Bowmaster/Dark Knight's own Maple Hero pages). Shared ratio-feeder row (see MAPLE_HERO_RATIOS) for Noble Demand/Rush/Close Combat's own Final Damage chains, PLUS a bespoke direct fold into Final Attack's own contribution inside BLAST's SkillMasteryBonus% (see that row's own Note). Using only the confirmed level-1 baseline values (factorIndex 23 convention, baseDamage 200 tenths% = Noble Demand's own 20% 1x share), assumed to follow the same '80%-growth-reduction after Lv.120' curve shape already confirmed on every other class's own Maple Hero. No independent DPS row of its own (Calc columns J-N blank/0, only D/E/F computed, read directly by each target row's own K-column formula).
A13: VESSEL_OF_LIGHT | B13: Vessel of Light | C13: 2 | E13: FALSE | F13: 1 | G13: 1 | H13: 0 | I13: 0 | J13: 15 | K13: 1 | L13: 150 | M13: 22 | N13: TRUE | O13: 0 | P13: 0 | Q13: 0 | R13: 0 | S13: ATTACK | T13: 10 | W13: 'When attacking with Basic Attack, increases Attack by 15%->22% for 10 sec with a 15% chance.' FLAGGED simplification: this is a proc with no stated internal cooldown, so its uptime can't use the standard cooldown-driven duty-cycle helper used everywhere else in this project — instead approximated in Summary as MIN(1, Duration x ProcChance%/100 x Basic Attack Casts Per Second). factorIndex 22, baseDamage 150 tenths% (15%->22%, levels 1-200). Not patched.
A14: GREATER_VESSEL_OF_LIGHT | B14: Greater Vessel of Light | C14: 4 | E14: FALSE | F14: 1 | G14: 1 | H14: 0 | I14: 0 | J14: 100 | K14: 1 | L14: 180 | M14: 22 | N14: TRUE | O14: 0 | P14: 0 | Q14: 0 | R14: 0 | S14: FINAL_DAMAGE | T14: 0 | W14: FLAGGED ASSUMPTION (no individual wiki page, single known value): 'Increases Final Damage by 18% for the duration of Vessel of Light.' No own Cooldown/BuffDuration — reuses Vessel of Light's own computed uptime fraction directly in the Summary-sheet formula rather than having an independent duty cycle. factorIndex 22, baseDamage 180 tenths% (18% level-1).
A15: DIVINE_SHIELD | B15: Divine Shield | C15: 3 | D15: 15 | E15: FALSE | F15: 1 | G15: 1 | H15: 0 | I15: 0 | J15: 100 | K15: 1 | L15: 150 | M15: 22 | N15: TRUE | O15: 0 | P15: 0 | Q15: 0 | R15: 0 | S15: FINAL_DAMAGE | T15: 10 | W15: 'Every 15 sec creates a barrier that lasts for 5 sec to block damage up to 6% of Max HP. Also increases Final Damage by 15% for 10 sec.' Fires on its own fixed interval (not a player-cast cooldown) — modeled the same way as Hero's own Enrage, treating the interval as this row's own Cooldown(s). Barrier-blocking component (defensive) not modeled. factorIndex 22, baseDamage 150 tenths% (15% level-1, no individual wiki page — FLAGGED ASSUMPTION). PATCHED: new 'activates at combat start' behavior not modeled (no such mechanic exists anywhere in this project).
A16: GUARDIAN | B16: Guardian | C16: 4 | D16: 24 | E16: TRUE | F16: 1 | G16: 1 | H16: 0 | I16: 0 | J16: 100 | K16: 1 | L16: 100 | M16: 22 | N16: TRUE | O16: 0 | P16: 0 | Q16: 0 | R16: 0 | S16: FINAL_DAMAGE | T16: 20 | W16: FLAGGED ASSUMPTION (no individual wiki page exists): factorIndex 22, baseDamage 100 tenths% (10% level-1). 'Increases your Final Damage by 10% for 20 sec and grants Continuous Recovery to 1 nearby ally for 20 sec, recovering 0.8% HP/sec' — the ally-HP-recovery component not modeled (no HP tracking anywhere in this project). 24s cooldown. Not patched.
A17: DIVINE_BLESSING | B17: Divine Blessing | C17: 4 | D17: 30 | E17: TRUE | F17: 1 | G17: 1 | H17: 0 | I17: 0 | J17: 100 | K17: 1 | L17: 120 | M17: 22 | N17: TRUE | O17: 0 | P17: 0 | Q17: 0 | R17: 0 | S17: FINAL_DAMAGE | T17: 22 | W17: FLAGGED ASSUMPTION (no individual wiki page exists): factorIndex 22, baseDamage 120 tenths% (12% level-1). Self-inclusive ally buff (matches Bishop's own 'allied players' precedent) — 'Increases your and 1 nearby ally's Final Damage by 12% for 22 sec', 30s cooldown. Not patched.
A18: HP_RECOVERY_ATK | B18: HP Recovery (Attack buff) | C18: 3 | D18: 25 | E18: TRUE | F18: 1 | G18: 1 | H18: 0 | I18: 0 | J18: 100 | K18: 1 | L18: 120 | M18: 22 | N18: TRUE | O18: 0 | P18: 0 | Q18: 0 | R18: 0 | S18: ATTACK | T18: 20 | W18: FLAGGED ASSUMPTION (no individual wiki page exists): factorIndex 22, baseDamage 120 tenths% (12% level-1). 'Immediately recovers HP by 9% and increases Attack by 12% for 20 sec' — the instant HP-restore component not modeled (no HP tracking anywhere in this project). 25s cooldown. Not patched.
A19: NIMBLE_FEET | B19: Nimble Feet | C19: 1 | D19: 60 | E19: TRUE | F19: 1 | G19: 1 | H19: 0 | I19: 0 | J19: 100 | K19: 1 | L19: 150 | M19: 0 | N19: FALSE | O19: 0 | P19: 0 | Q19: 0 | R19: 1 | S19: ATTACK_SPEED | T19: 15 | W19: Shared cross-tree verbatim w/ every class in this project (byte-identical wiki wording — '+15% Attack Speed, +10% Speed for 15 sec'). Flat +15% Attack Speed / +10% Speed for 15s, 60s cooldown, non-scaling. FactorIndex unused placeholder.
A20: WEAPON_ACCELERATION | B20: Weapon Acceleration | C20: 2 | E20: FALSE | F20: 1 | G20: 1 | H20: 0 | I20: 0 | J20: 100 | K20: 1 | L20: 50 | M20: 22 | N20: TRUE | O20: 0 | P20: 0 | Q20: 0 | R20: 0 | S20: ATTACK_SPEED | T20: 0 | W20: Magic Critical pattern — already baked into Inputs!ATTACK_SPEED%; feeds the 2nd-Job Skill Level Bonus delta. Reuses Hero's own Weapon Acceleration tuple directly (byte-identical wiki wording — '+5% Attack Speed'). factorIndex 22, baseDamage 50 tenths% (5%->6.5%, levels 1-100).
A21: PHYSICAL_TRAINING | B21: Physical Training | C21: 2 | E21: FALSE | F21: 1 | G21: 1 | H21: 0 | I21: 0 | J21: 100 | K21: 1 | L21: 100 | M21: 22 | N21: TRUE | O21: 0 | P21: 0 | Q21: 0 | R21: 0 | S21: BASIC_ATTACK_DAMAGE | T21: 0 | W21: Magic Critical pattern — already baked into Inputs!BASIC_ATTACK_DAMAGE%; feeds the 2nd-Job Skill Level Bonus delta. Reuses Hero's own Physical Training tuple directly (byte-identical wiki wording — '+10% Basic Attack Damage'). factorIndex 22, baseDamage 100 tenths% (10%->13%, levels 1-100).
A22: WEAPON_MASTERY | B22: Weapon Mastery | C22: 2 | E22: FALSE | F22: 1 | G22: 1 | H22: 0 | I22: 0 | J22: 100 | K22: 1 | L22: 150 | M22: 22 | N22: TRUE | O22: 0 | P22: 0 | Q22: 0 | R22: 0 | S22: MIN_DAMAGE | T22: 0 | W22: Magic Critical pattern — already baked into Inputs!MIN_DAMAGE%; feeds the 2nd-Job Skill Level Bonus delta. Reuses Hero's own Weapon Mastery tuple directly. factorIndex 22, baseDamage 150 tenths% (15%->19.5%, levels 1-100).
A23: PALADIN_EXPERT_SKILL | B23: Paladin Expert (Skill Damage) | C23: 4 | E23: FALSE | F23: 1 | G23: 1 | H23: 0 | I23: 0 | J23: 100 | K23: 1 | L23: 150 | M23: 22 | N23: TRUE | O23: 0 | P23: 0 | Q23: 0 | R23: 0 | S23: SKILL_DAMAGE | T23: 0 | W23: Magic Critical pattern — already baked into Inputs!SKILL_DAMAGE%; feeds the 4th-Job Skill Level Bonus delta (Skill Damage side). Matches Hero's own Combat Mastery pattern exactly. factorIndex 22, baseDamage 150 tenths% (15%->24%, levels 1-200).
A24: PALADIN_EXPERT_MAXDMG | B24: Paladin Expert (Max Damage Multiplier) | C24: 4 | E24: FALSE | F24: 1 | G24: 1 | H24: 0 | I24: 0 | J24: 100 | K24: 1 | L24: 200 | M24: 22 | N24: TRUE | O24: 0 | P24: 0 | Q24: 0 | R24: 0 | S24: MAX_DAMAGE | T24: 0 | W24: Same skill as Paladin Expert (Skill Damage) above, +20%->32% Max Damage Multiplier. Magic Critical pattern — already baked into Inputs!MAX_DAMAGE%; feeds the 4th-Job Skill Level Bonus delta (Max Damage Multiplier side). factorIndex 22, baseDamage 200 tenths%.

Sheet Calc
A1: Key | B1: Name | C1: Unlocked | D1: InputLevel | E1: Factor | F1: CoefficientPercent | G1: EffectiveHits | H1: ProcProbability | I1: MapleHeroMultiplier | J1: BaseDamage | K1: BaseHitDamage | L1: NonCritAvg | M1: CritAvg | N1: ExpectedDamage(perHit) | O1: DPS | P1: % of Total | Q1: InvCooldown | R1: CastsInFight | S1: HitRate(perSec)
A2: =Skills!A2 | B2: =Skills!B2 | C2: =Inputs!$B$3>=100 | F2: =Summary!$B$54+Skills!O2 | G2: =Skills!G2*IF(Skills!H2>0,Skills!I2/Skills!H2,1) | H2: =1-(1-Skills!J2/100)^Skills!K2 | I2: 1 | J2: =Summary!$B$50*(F2/100) | K2: =J2*(1+Summary!$B$51/100)*(1+Inputs!$B$14/100)*(1+IF(Inputs!$B$4="pvp",0,(1-Summary!$B$55)*(Inputs!$B$19+Skills!P2+Summary!$B$59)+Summary!$B$55*(Inputs!$B$20+Skills!Q2+Summary!$B$59))/100)*(1+Inputs!$B$15/100)*(5000/(6000+Inputs!$B$7*(1-Inputs!$B$18/100)))*(1+(Inputs!$B$23+Summary!$B$65)/100)*(1+(IF(Skills!A2="BLAST",Inputs!$B$16,Inputs!$B$17))/100)*(Summary!$B$57*I2) | L2: =K2*(MIN(Inputs!$B$21,Inputs!$B$22)/100+Inputs!$B$22/100)/2 | M2: =L2*(1+(Inputs!$B$9+Summary!$B$64)/100) | N2: =L2*(1-MIN((Inputs!$B$8+Summary!$B$58),100)/100)+M2*(MIN((Inputs!$B$8+Summary!$B$58),100)/100) | O2: =IF(C2,Skills!G2*N2*Summary!$B$63*IF(Inputs!$B$4="pvp",1,(1-Summary!$B$55)*(1)+Summary!$B$55*(MIN(Skills!R2,Inputs!$B$37))),0) | P2: =IF(Summary!$B$3=0,0,O2/Summary!$B$3) | Q2: 0 | R2: 0 | S2: =IFERROR(O2/N2,0)
A3: =Skills!A3 | B3: =Skills!B3 | C3: =Inputs!$B$3>=50 | D3: =IF(Skills!C3=1,60+Inputs!$B$24+Inputs!$B$28,IF(Skills!C3=2,90+Inputs!$B$25+Inputs!$B$28,IF(Skills!C3=3,120+Inputs!$B$26+Inputs!$B$28,MAX(0,(Inputs!$B$3-100)*3)+Inputs!$B$27+Inputs!$B$28))) | E3: =INDEX(FactorTable!$B$2:$Y$301, MATCH(ROUND(MIN(300,MAX(1,D3)),0), FactorTable!$A$2:$A$301,0), Skills!M3+1) | F3: =IF(Skills!N3=TRUE,(Skills!L3/10)*(E3/1000),Skills!L3/10)+Skills!O3 | I3: 1
A4: =Skills!A4 | B4: =Skills!B4 | C4: =Inputs!$B$3>=35 | D4: =IF(Skills!C4=1,60+Inputs!$B$24+Inputs!$B$28,IF(Skills!C4=2,90+Inputs!$B$25+Inputs!$B$28,IF(Skills!C4=3,120+Inputs!$B$26+Inputs!$B$28,MAX(0,(Inputs!$B$3-100)*3)+Inputs!$B$27+Inputs!$B$28))) | E4: =INDEX(FactorTable!$B$2:$Y$301, MATCH(ROUND(MIN(300,MAX(1,D4)),0), FactorTable!$A$2:$A$301,0), Skills!M4+1) | F4: =IF(Skills!N4=TRUE,(Skills!L4/10)*(E4/1000),Skills!L4/10)+Skills!O4 | G4: =Skills!G4*IF(Skills!H4>0,Skills!I4/Skills!H4,1) | H4: =1-(1-Skills!J4/100)^Skills!K4 | I4: 1 | J4: =Summary!$B$50*(F4/100) | K4: =J4*(1+Summary!$B$51/100)*(1+Inputs!$B$14/100)*(1+IF(Inputs!$B$4="pvp",0,(1-Summary!$B$55)*(Inputs!$B$19+Skills!P4+Summary!$B$59)+Summary!$B$55*(Inputs!$B$20+Skills!Q4+Summary!$B$59))/100)*(1+Inputs!$B$15/100)*(5000/(6000+Inputs!$B$7*(1-Inputs!$B$18/100)))*(1+(Inputs!$B$23+Summary!$B$65)/100)*(1+4.0*IF(C12=TRUE,F12,0)/100)*(1+(IF(Skills!A4="BLAST",Inputs!$B$16,Inputs!$B$17))/100)*(Summary!$B$57*I4) | L4: =K4*(MIN(Inputs!$B$21,Inputs!$B$22)/100+Inputs!$B$22/100)/2 | M4: =L4*(1+(Inputs!$B$9+Summary!$B$64)/100) | N4: =L4*(1-MIN((Inputs!$B$8+Summary!$B$58),100)/100)+M4*(MIN((Inputs!$B$8+Summary!$B$58),100)/100) | O4: =IF(C4,H4*N4*IF(AND(Inputs!$B$4<>"pvp",Inputs!$B$35>0),((Skills!G4*((R4-1)*IF(Skills!H4>0,Skills!I4/Skills!H4,1)+IF(Skills!H4>0,MIN(Skills!I4,MAX(0,Inputs!$B$35-((R4-1)*IF(Inputs!$B$4="pvp",15,MAX(0.1,Skills!D4-IF(Skills!E4=TRUE,Inputs!$B$31,0))))))/Skills!H4,1)))/Inputs!$B$35),G4*Q4)*IF(Inputs!$B$4="pvp",1,(1-Summary!$B$55)*(1)+Summary!$B$55*(MIN(Skills!R4,Inputs!$B$37))),0) | P4: =IF(Summary!$B$3=0,0,O4/Summary!$B$3) | Q4: =IFERROR(1/IF(Inputs!$B$4="pvp",15,MAX(0.1,Skills!D4-IF(Skills!E4=TRUE,Inputs!$B$31,0))),0) | R4: =IF(AND(Inputs!$B$4<>"pvp",Inputs!$B$35>0),(INT(Inputs!$B$35/IF(Inputs!$B$4="pvp",15,MAX(0.1,Skills!D4-IF(Skills!E4=TRUE,Inputs!$B$31,0))))+1),0) | S4: =IFERROR(O4/N4,0)
A5: =Skills!A5 | B5: =Skills!B5 | C5: =Inputs!$B$3>=66 | D5: =IF(Skills!C5=1,60+Inputs!$B$24+Inputs!$B$28,IF(Skills!C5=2,90+Inputs!$B$25+Inputs!$B$28,IF(Skills!C5=3,120+Inputs!$B$26+Inputs!$B$28,MAX(0,(Inputs!$B$3-100)*3)+Inputs!$B$27+Inputs!$B$28))) | E5: =INDEX(FactorTable!$B$2:$Y$301, MATCH(ROUND(MIN(300,MAX(1,D5)),0), FactorTable!$A$2:$A$301,0), Skills!M5+1) | F5: =IF(Skills!N5=TRUE,(Skills!L5/10)*(E5/1000),Skills!L5/10)+Skills!O5 | G5: =Skills!G5*IF(Skills!H5>0,Skills!I5/Skills!H5,1) | H5: =1-(1-Skills!J5/100)^Skills!K5 | I5: 1 | J5: =Summary!$B$50*(F5/100) | K5: =J5*(1+Summary!$B$51/100)*(1+Inputs!$B$14/100)*(1+IF(Inputs!$B$4="pvp",0,(1-Summary!$B$55)*(Inputs!$B$19+Skills!P5+Summary!$B$59)+Summary!$B$55*(Inputs!$B$20+Skills!Q5+Summary!$B$59))/100)*(1+Inputs!$B$15/100)*(5000/(6000+Inputs!$B$7*(1-Inputs!$B$18/100)))*(1+(Inputs!$B$23+Summary!$B$65)/100)*(1+1.0*IF(C12=TRUE,F12,0)/100)*(1+(IF(Skills!A5="BLAST",Inputs!$B$16,Inputs!$B$17))/100)*(Summary!$B$57*I5) | L5: =K5*(MIN(Inputs!$B$21,Inputs!$B$22)/100+Inputs!$B$22/100)/2 | M5: =L5*(1+(Inputs!$B$9+Summary!$B$64)/100) | N5: =L5*(1-MIN((Inputs!$B$8+Summary!$B$58),100)/100)+M5*(MIN((Inputs!$B$8+Summary!$B$58),100)/100) | O5: =IF(C5,H5*N5*IF(AND(Inputs!$B$4<>"pvp",Inputs!$B$35>0),((Skills!G5*((R5-1)*IF(Skills!H5>0,Skills!I5/Skills!H5,1)+IF(Skills!H5>0,MIN(Skills!I5,MAX(0,Inputs!$B$35-((R5-1)*IF(Inputs!$B$4="pvp",15,MAX(0.1,Skills!D5-IF(Skills!E5=TRUE,Inputs!$B$31,0))))))/Skills!H5,1)))/Inputs!$B$35),G5*Q5)*IF(Inputs!$B$4="pvp",1,(1-Summary!$B$55)*(1)+Summary!$B$55*(MIN(Skills!R5,Inputs!$B$37))),0) | P5: =IF(Summary!$B$3=0,0,O5/Summary!$B$3) | Q5: =IFERROR(1/IF(Inputs!$B$4="pvp",15,MAX(0.1,Skills!D5-IF(Skills!E5=TRUE,Inputs!$B$31,0))),0) | R5: =IF(AND(Inputs!$B$4<>"pvp",Inputs!$B$35>0),(INT(Inputs!$B$35/IF(Inputs!$B$4="pvp",15,MAX(0.1,Skills!D5-IF(Skills!E5=TRUE,Inputs!$B$31,0))))+1),0) | S5: =IFERROR(O5/N5,0)
A6: =Skills!A6 | B6: =Skills!B6 | C6: =Inputs!$B$3>=103 | D6: =IF(Skills!C6=1,60+Inputs!$B$24+Inputs!$B$28,IF(Skills!C6=2,90+Inputs!$B$25+Inputs!$B$28,IF(Skills!C6=3,120+Inputs!$B$26+Inputs!$B$28,MAX(0,(Inputs!$B$3-100)*3)+Inputs!$B$27+Inputs!$B$28))) | E6: =INDEX(FactorTable!$B$2:$Y$301, MATCH(ROUND(MIN(300,MAX(1,D6)),0), FactorTable!$A$2:$A$301,0), Skills!M6+1) | F6: =IF(Skills!N6=TRUE,(Skills!L6/10)*(E6/1000),Skills!L6/10)+Skills!O6 | G6: =Skills!G6*IF(Skills!H6>0,Skills!I6/Skills!H6,1) | H6: =1-(1-Skills!J6/100)^Skills!K6 | I6: 1 | J6: =Summary!$B$50*(F6/100) | K6: =J6*(1+Summary!$B$51/100)*(1+Inputs!$B$14/100)*(1+IF(Inputs!$B$4="pvp",0,(1-Summary!$B$55)*(Inputs!$B$19+Skills!P6+Summary!$B$59)+Summary!$B$55*(Inputs!$B$20+Skills!Q6+Summary!$B$59))/100)*(1+Inputs!$B$15/100)*(5000/(6000+Inputs!$B$7*(1-Inputs!$B$18/100)))*(1+(Inputs!$B$23+Summary!$B$65)/100)*(1+(IF(Skills!A6="BLAST",Inputs!$B$16,Inputs!$B$17))/100)*(Summary!$B$57*I6) | L6: =K6*(MIN(Inputs!$B$21,Inputs!$B$22)/100+Inputs!$B$22/100)/2 | M6: =L6*(1+(Inputs!$B$9+Summary!$B$64)/100) | N6: =L6*(1-MIN((Inputs!$B$8+Summary!$B$58),100)/100)+M6*(MIN((Inputs!$B$8+Summary!$B$58),100)/100) | O6: =IF(C6,H6*N6*IF(AND(Inputs!$B$4<>"pvp",Inputs!$B$35>0),((Skills!G6*((R6-1)*IF(Skills!H6>0,Skills!I6/Skills!H6,1)+IF(Skills!H6>0,MIN(Skills!I6,MAX(0,Inputs!$B$35-((R6-1)*IF(Inputs!$B$4="pvp",15,MAX(0.1,Skills!D6-IF(Skills!E6=TRUE,Inputs!$B$31,0))))))/Skills!H6,1)))/Inputs!$B$35),G6*Q6)*IF(Inputs!$B$4="pvp",1,(1-Summary!$B$55)*(1)+Summary!$B$55*(MIN(Skills!R6,Inputs!$B$37))),0) | P6: =IF(Summary!$B$3=0,0,O6/Summary!$B$3) | Q6: =IFERROR(1/IF(Inputs!$B$4="pvp",15,MAX(0.1,Skills!D6-IF(Skills!E6=TRUE,Inputs!$B$31,0))),0) | R6: =IF(AND(Inputs!$B$4<>"pvp",Inputs!$B$35>0),(INT(Inputs!$B$35/IF(Inputs!$B$4="pvp",15,MAX(0.1,Skills!D6-IF(Skills!E6=TRUE,Inputs!$B$31,0))))+1),0) | S6: =IFERROR(O6/N6,0)
A7: =Skills!A7 | B7: =Skills!B7 | C7: =Inputs!$B$3>=107 | D7: =IF(Skills!C7=1,60+Inputs!$B$24+Inputs!$B$28,IF(Skills!C7=2,90+Inputs!$B$25+Inputs!$B$28,IF(Skills!C7=3,120+Inputs!$B$26+Inputs!$B$28,MAX(0,(Inputs!$B$3-100)*3)+Inputs!$B$27+Inputs!$B$28))) | E7: =INDEX(FactorTable!$B$2:$Y$301, MATCH(ROUND(MIN(300,MAX(1,D7)),0), FactorTable!$A$2:$A$301,0), Skills!M7+1) | F7: =IF(Skills!N7=TRUE,(Skills!L7/10)*(E7/1000),Skills!L7/10)+Skills!O7 | G7: =Skills!G7*IF(Skills!H7>0,Skills!I7/Skills!H7,1) | H7: =1-(1-Skills!J7/100)^Skills!K7 | I7: 1 | J7: =Summary!$B$50*(F7/100) | K7: =J7*(1+Summary!$B$51/100)*(1+Inputs!$B$14/100)*(1+IF(Inputs!$B$4="pvp",0,(1-Summary!$B$55)*(Inputs!$B$19+Skills!P7+Summary!$B$59)+Summary!$B$55*(Inputs!$B$20+Skills!Q7+Summary!$B$59))/100)*(1+Inputs!$B$15/100)*(5000/(6000+Inputs!$B$7*(1-Inputs!$B$18/100)))*(1+(Inputs!$B$23+Summary!$B$65)/100)*(1+(IF(Skills!A7="BLAST",Inputs!$B$16,Inputs!$B$17))/100)*(Summary!$B$57*I7) | L7: =K7*(MIN(Inputs!$B$21,Inputs!$B$22)/100+Inputs!$B$22/100)/2 | M7: =L7*(1+(Inputs!$B$9+Summary!$B$64)/100) | N7: =L7*(1-MIN((Inputs!$B$8+Summary!$B$58),100)/100)+M7*(MIN((Inputs!$B$8+Summary!$B$58),100)/100) | O7: =IF(C7,H7*N7*IF(AND(Inputs!$B$4<>"pvp",Inputs!$B$35>0),((Skills!G7*((R7-1)*IF(Skills!H7>0,Skills!I7/Skills!H7,1)+IF(Skills!H7>0,MIN(Skills!I7,MAX(0,Inputs!$B$35-((R7-1)*IF(Inputs!$B$4="pvp",15,MAX(0.1,Skills!D7-IF(Skills!E7=TRUE,Inputs!$B$31,0))))))/Skills!H7,1)))/Inputs!$B$35),G7*Q7)*IF(Inputs!$B$4="pvp",1,(1-Summary!$B$55)*(1)+Summary!$B$55*(MIN(Skills!R7,Inputs!$B$37))),0) | P7: =IF(Summary!$B$3=0,0,O7/Summary!$B$3) | Q7: =IFERROR(1/IF(Inputs!$B$4="pvp",15,MAX(0.1,Skills!D7-IF(Skills!E7=TRUE,Inputs!$B$31,0))),0) | R7: =IF(AND(Inputs!$B$4<>"pvp",Inputs!$B$35>0),(INT(Inputs!$B$35/IF(Inputs!$B$4="pvp",15,MAX(0.1,Skills!D7-IF(Skills!E7=TRUE,Inputs!$B$31,0))))+1),0) | S7: =IFERROR(O7/N7,0)
A8: =Skills!A8 | B8: =Skills!B8 | C8: =Inputs!$B$3>=107 | D8: =IF(Skills!C8=1,60+Inputs!$B$24+Inputs!$B$28,IF(Skills!C8=2,90+Inputs!$B$25+Inputs!$B$28,IF(Skills!C8=3,120+Inputs!$B$26+Inputs!$B$28,MAX(0,(Inputs!$B$3-100)*3)+Inputs!$B$27+Inputs!$B$28))) | E8: =INDEX(FactorTable!$B$2:$Y$301, MATCH(ROUND(MIN(300,MAX(1,D8)),0), FactorTable!$A$2:$A$301,0), Skills!M8+1) | F8: =IF(Skills!N8=TRUE,(Skills!L8/10)*(E8/1000),Skills!L8/10)+Skills!O8 | G8: =Skills!G8*IF(Skills!H8>0,Skills!I8/Skills!H8,1) | H8: =1-(1-Skills!J8/100)^Skills!K8 | I8: 1 | J8: =Summary!$B$50*(F8/100) | K8: =J8*(1+Summary!$B$51/100)*(1+Inputs!$B$14/100)*(1+IF(Inputs!$B$4="pvp",0,(1-Summary!$B$55)*(Inputs!$B$19+Skills!P8+Summary!$B$59)+Summary!$B$55*(Inputs!$B$20+Skills!Q8+Summary!$B$59))/100)*(1+Inputs!$B$15/100)*(5000/(6000+Inputs!$B$7*(1-Inputs!$B$18/100)))*(1+(Inputs!$B$23+Summary!$B$65)/100)*(1+(IF(Skills!A8="BLAST",Inputs!$B$16,Inputs!$B$17))/100)*(Summary!$B$57*I8) | L8: =K8*(MIN(Inputs!$B$21,Inputs!$B$22)/100+Inputs!$B$22/100)/2 | M8: =L8*(1+(Inputs!$B$9+Summary!$B$64)/100) | N8: =L8*(1-MIN((Inputs!$B$8+Summary!$B$58),100)/100)+M8*(MIN((Inputs!$B$8+Summary!$B$58),100)/100) | O8: =IF(C8,H8*N8*IF(AND(Inputs!$B$4<>"pvp",Inputs!$B$35>0),((Skills!G8*((R8-1)*IF(Skills!H8>0,Skills!I8/Skills!H8,1)+IF(Skills!H8>0,MIN(Skills!I8,MAX(0,Inputs!$B$35-((R8-1)*IF(Inputs!$B$4="pvp",15,MAX(0.1,Skills!D8-IF(Skills!E8=TRUE,Inputs!$B$31,0))))))/Skills!H8,1)))/Inputs!$B$35),G8*Q8)*IF(Inputs!$B$4="pvp",1,(1-Summary!$B$55)*(1)+Summary!$B$55*(MIN(Skills!R8,Inputs!$B$37))),0) | P8: =IF(Summary!$B$3=0,0,O8/Summary!$B$3) | Q8: =IFERROR(1/IF(Inputs!$B$4="pvp",15,MAX(0.1,Skills!D8-IF(Skills!E8=TRUE,Inputs!$B$31,0))),0) | R8: =IF(AND(Inputs!$B$4<>"pvp",Inputs!$B$35>0),(INT(Inputs!$B$35/IF(Inputs!$B$4="pvp",15,MAX(0.1,Skills!D8-IF(Skills!E8=TRUE,Inputs!$B$31,0))))+1),0) | S8: =IFERROR(O8/N8,0)
A9: =Skills!A9 | B9: =Skills!B9 | C9: =Inputs!$B$3>=125 | D9: =IF(Skills!C9=1,60+Inputs!$B$24+Inputs!$B$28,IF(Skills!C9=2,90+Inputs!$B$25+Inputs!$B$28,IF(Skills!C9=3,120+Inputs!$B$26+Inputs!$B$28,MAX(0,(Inputs!$B$3-100)*3)+Inputs!$B$27+Inputs!$B$28))) | E9: =INDEX(FactorTable!$B$2:$Y$301, MATCH(ROUND(MIN(300,MAX(1,D9)),0), FactorTable!$A$2:$A$301,0), Skills!M9+1) | F9: =IF(Skills!N9=TRUE,(Skills!L9/10)*(E9/1000),Skills!L9/10)+Skills!O9 | G9: =Skills!G9*IF(Skills!H9>0,Skills!I9/Skills!H9,1) | H9: =1-(1-Skills!J9/100)^Skills!K9 | I9: 1 | J9: =Summary!$B$50*(F9/100) | K9: =J9*(1+Summary!$B$51/100)*(1+Inputs!$B$14/100)*(1+IF(Inputs!$B$4="pvp",0,(1-Summary!$B$55)*(Inputs!$B$19+Skills!P9+Summary!$B$59)+Summary!$B$55*(Inputs!$B$20+Skills!Q9+Summary!$B$59))/100)*(1+Inputs!$B$15/100)*(5000/(6000+Inputs!$B$7*(1-Inputs!$B$18/100)))*(1+(Inputs!$B$23+Summary!$B$65)/100)*(1+(IF(Skills!A9="BLAST",Inputs!$B$16,Inputs!$B$17))/100)*(Summary!$B$57*I9) | L9: =K9*(MIN(Inputs!$B$21,Inputs!$B$22)/100+Inputs!$B$22/100)/2 | M9: =L9*(1+(Inputs!$B$9+Summary!$B$64)/100) | N9: =L9*(1-MIN((Inputs!$B$8+Summary!$B$58),100)/100)+M9*(MIN((Inputs!$B$8+Summary!$B$58),100)/100) | O9: =IF(C9,H9*N9*IF(AND(Inputs!$B$4<>"pvp",Inputs!$B$35>0),((Skills!G9*((R9-1)*IF(Skills!H9>0,Skills!I9/Skills!H9,1)+IF(Skills!H9>0,MIN(Skills!I9,MAX(0,Inputs!$B$35-((R9-1)*IF(Inputs!$B$4="pvp",15,MAX(0.1,Skills!D9-IF(Skills!E9=TRUE,Inputs!$B$31,0))))))/Skills!H9,1)))/Inputs!$B$35),G9*Q9)*IF(Inputs!$B$4="pvp",1,(1-Summary!$B$55)*(1)+Summary!$B$55*(MIN(Skills!R9,Inputs!$B$37))),0) | P9: =IF(Summary!$B$3=0,0,O9/Summary!$B$3) | Q9: =IFERROR(1/IF(Inputs!$B$4="pvp",15,MAX(0.1,Skills!D9-IF(Skills!E9=TRUE,Inputs!$B$31,0))),0) | R9: =IF(AND(Inputs!$B$4<>"pvp",Inputs!$B$35>0),(INT(Inputs!$B$35/IF(Inputs!$B$4="pvp",15,MAX(0.1,Skills!D9-IF(Skills!E9=TRUE,Inputs!$B$31,0))))+1),0) | S9: =IFERROR(O9/N9,0)
A10: =Skills!A10 | B10: =Skills!B10 | C10: =Inputs!$B$3>=117 | D10: =IF(Skills!C10=1,60+Inputs!$B$24+Inputs!$B$28,IF(Skills!C10=2,90+Inputs!$B$25+Inputs!$B$28,IF(Skills!C10=3,120+Inputs!$B$26+Inputs!$B$28,MAX(0,(Inputs!$B$3-100)*3)+Inputs!$B$27+Inputs!$B$28))) | E10: =INDEX(FactorTable!$B$2:$Y$301, MATCH(ROUND(MIN(300,MAX(1,D10)),0), FactorTable!$A$2:$A$301,0), Skills!M10+1) | F10: =IF(Skills!N10=TRUE,(Skills!L10/10)*(E10/1000),Skills!L10/10)+Skills!O10 | G10: =Skills!G10*IF(Skills!H10>0,Skills!I10/Skills!H10,1) | H10: =1-(1-Skills!J10/100)^Skills!K10 | I10: 1 | J10: =Summary!$B$50*(F10/100) | K10: =J10*(1+Summary!$B$51/100)*(1+Inputs!$B$14/100)*(1+IF(Inputs!$B$4="pvp",0,(1-Summary!$B$55)*(Inputs!$B$19+Skills!P10+Summary!$B$59)+Summary!$B$55*(Inputs!$B$20+Skills!Q10+Summary!$B$59))/100)*(1+Inputs!$B$15/100)*(5000/(6000+Inputs!$B$7*(1-Inputs!$B$18/100)))*(1+(Inputs!$B$23+Summary!$B$65)/100)*(1+(IF(Skills!A10="BLAST",Inputs!$B$16,Inputs!$B$17))/100)*(Summary!$B$57*I10) | L10: =K10*(MIN(Inputs!$B$21,Inputs!$B$22)/100+Inputs!$B$22/100)/2 | M10: =L10*(1+(Inputs!$B$9+Summary!$B$64)/100) | N10: =L10*(1-MIN((Inputs!$B$8+Summary!$B$58),100)/100)+M10*(MIN((Inputs!$B$8+Summary!$B$58),100)/100) | O10: =IF(C10,H10*N10*IF(AND(Inputs!$B$4<>"pvp",Inputs!$B$35>0),((Skills!G10*((R10-1)*IF(Skills!H10>0,Skills!I10/Skills!H10,1)+IF(Skills!H10>0,MIN(Skills!I10,MAX(0,Inputs!$B$35-((R10-1)*IF(Inputs!$B$4="pvp",15,MAX(0.1,Skills!D10-IF(Skills!E10=TRUE,Inputs!$B$31,0))))))/Skills!H10,1)))/Inputs!$B$35),G10*Q10)*IF(Inputs!$B$4="pvp",1,(1-Summary!$B$55)*(1)+Summary!$B$55*(MIN(Skills!R10,Inputs!$B$37))),0) | P10: =IF(Summary!$B$3=0,0,O10/Summary!$B$3) | Q10: =IFERROR(1/IF(Inputs!$B$4="pvp",15,MAX(0.1,Skills!D10-IF(Skills!E10=TRUE,Inputs!$B$31,0))),0) | R10: =IF(AND(Inputs!$B$4<>"pvp",Inputs!$B$35>0),(INT(Inputs!$B$35/IF(Inputs!$B$4="pvp",15,MAX(0.1,Skills!D10-IF(Skills!E10=TRUE,Inputs!$B$31,0))))+1),0) | S10: =IFERROR(O10/N10,0)
A11: =Skills!A11 | B11: =Skills!B11 | C11: =Inputs!$B$3>=63 | D11: =IF(Skills!C11=1,60+Inputs!$B$24+Inputs!$B$28,IF(Skills!C11=2,90+Inputs!$B$25+Inputs!$B$28,IF(Skills!C11=3,120+Inputs!$B$26+Inputs!$B$28,MAX(0,(Inputs!$B$3-100)*3)+Inputs!$B$27+Inputs!$B$28))) | E11: =INDEX(FactorTable!$B$2:$Y$301, MATCH(ROUND(MIN(300,MAX(1,D11)),0), FactorTable!$A$2:$A$301,0), Skills!M11+1) | F11: =IF(Skills!N11=TRUE,(Skills!L11/10)*(E11/1000),Skills!L11/10)+Skills!O11 | G11: =Skills!G11*IF(Skills!H11>0,Skills!I11/Skills!H11,1) | H11: =1-(1-Skills!J11/100)^Skills!K11 | I11: 1 | J11: =Summary!$B$50*(F11/100) | K11: =J11*(1+Summary!$B$51/100)*(1+Inputs!$B$14/100)*(1+IF(Inputs!$B$4="pvp",0,(1-Summary!$B$55)*(Inputs!$B$19+Skills!P11+Summary!$B$59)+Summary!$B$55*(Inputs!$B$20+Skills!Q11+Summary!$B$59))/100)*(1+Inputs!$B$15/100)*(5000/(6000+Inputs!$B$7*(1-Inputs!$B$18/100)))*(1+(Inputs!$B$23+Summary!$B$65)/100)*(1+1.5*IF(C12=TRUE,F12,0)/100)*(1+(IF(Skills!A11="BLAST",Inputs!$B$16,Inputs!$B$17))/100)*(Summary!$B$57*I11) | L11: =K11*(MIN(Inputs!$B$21,Inputs!$B$22)/100+Inputs!$B$22/100)/2 | M11: =L11*(1+(Inputs!$B$9+Summary!$B$64)/100) | N11: =L11*(1-MIN((Inputs!$B$8+Summary!$B$58),100)/100)+M11*(MIN((Inputs!$B$8+Summary!$B$58),100)/100) | O11: =IF(C11,H11*N11*IF(AND(Inputs!$B$4<>"pvp",Inputs!$B$35>0),((Skills!G11*((R11-1)*IF(Skills!H11>0,Skills!I11/Skills!H11,1)+IF(Skills!H11>0,MIN(Skills!I11,MAX(0,Inputs!$B$35-((R11-1)*IF(Inputs!$B$4="pvp",15,MAX(0.1,Skills!D11-IF(Skills!E11=TRUE,Inputs!$B$31,0))))))/Skills!H11,1)))/Inputs!$B$35),G11*Q11)*IF(Inputs!$B$4="pvp",1,(1-Summary!$B$55)*(1)+Summary!$B$55*(MIN(Skills!R11,Inputs!$B$37))),0) | P11: =IF(Summary!$B$3=0,0,O11/Summary!$B$3) | Q11: =IFERROR(1/IF(Inputs!$B$4="pvp",15,MAX(0.1,Skills!D11-IF(Skills!E11=TRUE,Inputs!$B$31,0))),0) | R11: =IF(AND(Inputs!$B$4<>"pvp",Inputs!$B$35>0),(INT(Inputs!$B$35/IF(Inputs!$B$4="pvp",15,MAX(0.1,Skills!D11-IF(Skills!E11=TRUE,Inputs!$B$31,0))))+1),0) | S11: =IFERROR(O11/N11,0)
A12: =Skills!A12 | B12: =Skills!B12 | C12: =Inputs!$B$3>=100 | D12: =IF(Skills!C12=1,60+Inputs!$B$24+Inputs!$B$28,IF(Skills!C12=2,90+Inputs!$B$25+Inputs!$B$28,IF(Skills!C12=3,120+Inputs!$B$26+Inputs!$B$28,MAX(0,(Inputs!$B$3-100)*3)+Inputs!$B$27+Inputs!$B$28))) | E12: =INDEX(FactorTable!$B$2:$Y$301, MATCH(ROUND(MIN(300,MAX(1,D12)),0), FactorTable!$A$2:$A$301,0), Skills!M12+1) | F12: =IF(Skills!N12=TRUE,(Skills!L12/10)*(E12/1000),Skills!L12/10)+Skills!O12 | I12: 1
A13: =Skills!A13 | B13: =Skills!B13 | C13: =Inputs!$B$3>=45 | D13: =IF(Skills!C13=1,60+Inputs!$B$24+Inputs!$B$28,IF(Skills!C13=2,90+Inputs!$B$25+Inputs!$B$28,IF(Skills!C13=3,120+Inputs!$B$26+Inputs!$B$28,MAX(0,(Inputs!$B$3-100)*3)+Inputs!$B$27+Inputs!$B$28))) | E13: =INDEX(FactorTable!$B$2:$Y$301, MATCH(ROUND(MIN(300,MAX(1,D13)),0), FactorTable!$A$2:$A$301,0), Skills!M13+1) | F13: =IF(Skills!N13=TRUE,(Skills!L13/10)*(E13/1000),Skills!L13/10)+Skills!O13 | G13: =Skills!G13*IF(Skills!H13>0,Skills!I13/Skills!H13,1) | H13: =1-(1-Skills!J13/100)^Skills!K13 | I13: 1 | O13: 0 | P13: =IF(Summary!$B$3=0,0,O13/Summary!$B$3) | Q13: 0 | R13: 0 | S13: =IFERROR(O13/N13,0)
A14: =Skills!A14 | B14: =Skills!B14 | C14: =Inputs!$B$3>=110 | D14: =IF(Skills!C14=1,60+Inputs!$B$24+Inputs!$B$28,IF(Skills!C14=2,90+Inputs!$B$25+Inputs!$B$28,IF(Skills!C14=3,120+Inputs!$B$26+Inputs!$B$28,MAX(0,(Inputs!$B$3-100)*3)+Inputs!$B$27+Inputs!$B$28))) | E14: =INDEX(FactorTable!$B$2:$Y$301, MATCH(ROUND(MIN(300,MAX(1,D14)),0), FactorTable!$A$2:$A$301,0), Skills!M14+1) | F14: =IF(Skills!N14=TRUE,(Skills!L14/10)*(E14/1000),Skills!L14/10)+Skills!O14 | G14: =Skills!G14*IF(Skills!H14>0,Skills!I14/Skills!H14,1) | H14: =1-(1-Skills!J14/100)^Skills!K14 | I14: 1 | O14: 0 | P14: =IF(Summary!$B$3=0,0,O14/Summary!$B$3) | Q14: 0 | R14: 0 | S14: =IFERROR(O14/N14,0)
A15: =Skills!A15 | B15: =Skills!B15 | C15: =Inputs!$B$3>=75 | D15: =IF(Skills!C15=1,60+Inputs!$B$24+Inputs!$B$28,IF(Skills!C15=2,90+Inputs!$B$25+Inputs!$B$28,IF(Skills!C15=3,120+Inputs!$B$26+Inputs!$B$28,MAX(0,(Inputs!$B$3-100)*3)+Inputs!$B$27+Inputs!$B$28))) | E15: =INDEX(FactorTable!$B$2:$Y$301, MATCH(ROUND(MIN(300,MAX(1,D15)),0), FactorTable!$A$2:$A$301,0), Skills!M15+1) | F15: =IF(Skills!N15=TRUE,(Skills!L15/10)*(E15/1000),Skills!L15/10)+Skills!O15 | G15: =Skills!G15*IF(Skills!H15>0,Skills!I15/Skills!H15,1) | H15: =1-(1-Skills!J15/100)^Skills!K15 | I15: 1 | O15: 0 | P15: =IF(Summary!$B$3=0,0,O15/Summary!$B$3) | Q15: =IFERROR(1/IF(Inputs!$B$4="pvp",15,MAX(0.1,Skills!D15-IF(Skills!E15=TRUE,Inputs!$B$31,0))),0) | R15: =IF(AND(Inputs!$B$4<>"pvp",Inputs!$B$35>0),(INT(Inputs!$B$35/IF(Inputs!$B$4="pvp",15,MAX(0.1,Skills!D15-IF(Skills!E15=TRUE,Inputs!$B$31,0))))+1),0) | S15: =IFERROR(O15/N15,0)
A16: =Skills!A16 | B16: =Skills!B16 | C16: =Inputs!$B$3>=105 | D16: =IF(Skills!C16=1,60+Inputs!$B$24+Inputs!$B$28,IF(Skills!C16=2,90+Inputs!$B$25+Inputs!$B$28,IF(Skills!C16=3,120+Inputs!$B$26+Inputs!$B$28,MAX(0,(Inputs!$B$3-100)*3)+Inputs!$B$27+Inputs!$B$28))) | E16: =INDEX(FactorTable!$B$2:$Y$301, MATCH(ROUND(MIN(300,MAX(1,D16)),0), FactorTable!$A$2:$A$301,0), Skills!M16+1) | F16: =IF(Skills!N16=TRUE,(Skills!L16/10)*(E16/1000),Skills!L16/10)+Skills!O16 | G16: =Skills!G16*IF(Skills!H16>0,Skills!I16/Skills!H16,1) | H16: =1-(1-Skills!J16/100)^Skills!K16 | I16: 1 | O16: 0 | P16: =IF(Summary!$B$3=0,0,O16/Summary!$B$3) | Q16: =IFERROR(1/IF(Inputs!$B$4="pvp",15,MAX(0.1,Skills!D16-IF(Skills!E16=TRUE,Inputs!$B$31,0))),0) | R16: =IF(AND(Inputs!$B$4<>"pvp",Inputs!$B$35>0),(INT(Inputs!$B$35/IF(Inputs!$B$4="pvp",15,MAX(0.1,Skills!D16-IF(Skills!E16=TRUE,Inputs!$B$31,0))))+1),0) | S16: =IFERROR(O16/N16,0)
A17: =Skills!A17 | B17: =Skills!B17 | C17: =Inputs!$B$3>=115 | D17: =IF(Skills!C17=1,60+Inputs!$B$24+Inputs!$B$28,IF(Skills!C17=2,90+Inputs!$B$25+Inputs!$B$28,IF(Skills!C17=3,120+Inputs!$B$26+Inputs!$B$28,MAX(0,(Inputs!$B$3-100)*3)+Inputs!$B$27+Inputs!$B$28))) | E17: =INDEX(FactorTable!$B$2:$Y$301, MATCH(ROUND(MIN(300,MAX(1,D17)),0), FactorTable!$A$2:$A$301,0), Skills!M17+1) | F17: =IF(Skills!N17=TRUE,(Skills!L17/10)*(E17/1000),Skills!L17/10)+Skills!O17 | G17: =Skills!G17*IF(Skills!H17>0,Skills!I17/Skills!H17,1) | H17: =1-(1-Skills!J17/100)^Skills!K17 | I17: 1 | O17: 0 | P17: =IF(Summary!$B$3=0,0,O17/Summary!$B$3) | Q17: =IFERROR(1/IF(Inputs!$B$4="pvp",15,MAX(0.1,Skills!D17-IF(Skills!E17=TRUE,Inputs!$B$31,0))),0) | R17: =IF(AND(Inputs!$B$4<>"pvp",Inputs!$B$35>0),(INT(Inputs!$B$35/IF(Inputs!$B$4="pvp",15,MAX(0.1,Skills!D17-IF(Skills!E17=TRUE,Inputs!$B$31,0))))+1),0) | S17: =IFERROR(O17/N17,0)
A18: =Skills!A18 | B18: =Skills!B18 | C18: =Inputs!$B$3>=74 | D18: =IF(Skills!C18=1,60+Inputs!$B$24+Inputs!$B$28,IF(Skills!C18=2,90+Inputs!$B$25+Inputs!$B$28,IF(Skills!C18=3,120+Inputs!$B$26+Inputs!$B$28,MAX(0,(Inputs!$B$3-100)*3)+Inputs!$B$27+Inputs!$B$28))) | E18: =INDEX(FactorTable!$B$2:$Y$301, MATCH(ROUND(MIN(300,MAX(1,D18)),0), FactorTable!$A$2:$A$301,0), Skills!M18+1) | F18: =IF(Skills!N18=TRUE,(Skills!L18/10)*(E18/1000),Skills!L18/10)+Skills!O18 | G18: =Skills!G18*IF(Skills!H18>0,Skills!I18/Skills!H18,1) | H18: =1-(1-Skills!J18/100)^Skills!K18 | I18: 1 | O18: 0 | P18: =IF(Summary!$B$3=0,0,O18/Summary!$B$3) | Q18: =IFERROR(1/IF(Inputs!$B$4="pvp",15,MAX(0.1,Skills!D18-IF(Skills!E18=TRUE,Inputs!$B$31,0))),0) | R18: =IF(AND(Inputs!$B$4<>"pvp",Inputs!$B$35>0),(INT(Inputs!$B$35/IF(Inputs!$B$4="pvp",15,MAX(0.1,Skills!D18-IF(Skills!E18=TRUE,Inputs!$B$31,0))))+1),0) | S18: =IFERROR(O18/N18,0)
A19: =Skills!A19 | B19: =Skills!B19 | C19: =TRUE | D19: =IF(Skills!C19=1,60+Inputs!$B$24+Inputs!$B$28,IF(Skills!C19=2,90+Inputs!$B$25+Inputs!$B$28,IF(Skills!C19=3,120+Inputs!$B$26+Inputs!$B$28,MAX(0,(Inputs!$B$3-100)*3)+Inputs!$B$27+Inputs!$B$28))) | E19: =INDEX(FactorTable!$B$2:$Y$301, MATCH(ROUND(MIN(300,MAX(1,D19)),0), FactorTable!$A$2:$A$301,0), Skills!M19+1) | F19: =IF(Skills!N19=TRUE,(Skills!L19/10)*(E19/1000),Skills!L19/10)+Skills!O19 | G19: =Skills!G19*IF(Skills!H19>0,Skills!I19/Skills!H19,1) | H19: =1-(1-Skills!J19/100)^Skills!K19 | I19: 1 | O19: 0 | P19: =IF(Summary!$B$3=0,0,O19/Summary!$B$3) | Q19: =IFERROR(1/IF(Inputs!$B$4="pvp",15,MAX(0.1,Skills!D19-IF(Skills!E19=TRUE,Inputs!$B$31,0))),0) | R19: =IF(AND(Inputs!$B$4<>"pvp",Inputs!$B$35>0),(INT(Inputs!$B$35/IF(Inputs!$B$4="pvp",15,MAX(0.1,Skills!D19-IF(Skills!E19=TRUE,Inputs!$B$31,0))))+1),0) | S19: =IFERROR(O19/N19,0)
A20: =Skills!A20 | B20: =Skills!B20 | C20: =Inputs!$B$3>=33 | D20: =IF(Skills!C20=1,60+Inputs!$B$24+Inputs!$B$28,IF(Skills!C20=2,90+Inputs!$B$25+Inputs!$B$28,IF(Skills!C20=3,120+Inputs!$B$26+Inputs!$B$28,MAX(0,(Inputs!$B$3-100)*3)+Inputs!$B$27+Inputs!$B$28))) | E20: =INDEX(FactorTable!$B$2:$Y$301, MATCH(ROUND(MIN(300,MAX(1,D20)),0), FactorTable!$A$2:$A$301,0), Skills!M20+1) | F20: =IF(Skills!N20=TRUE,(Skills!L20/10)*(E20/1000),Skills!L20/10)+Skills!O20 | G20: =Skills!G20*IF(Skills!H20>0,Skills!I20/Skills!H20,1) | H20: =1-(1-Skills!J20/100)^Skills!K20 | I20: 1 | O20: 0 | P20: =IF(Summary!$B$3=0,0,O20/Summary!$B$3) | Q20: 0 | R20: 0 | S20: =IFERROR(O20/N20,0)
A21: =Skills!A21 | B21: =Skills!B21 | C21: =Inputs!$B$3>=38 | D21: =IF(Skills!C21=1,60+Inputs!$B$24+Inputs!$B$28,IF(Skills!C21=2,90+Inputs!$B$25+Inputs!$B$28,IF(Skills!C21=3,120+Inputs!$B$26+Inputs!$B$28,MAX(0,(Inputs!$B$3-100)*3)+Inputs!$B$27+Inputs!$B$28))) | E21: =INDEX(FactorTable!$B$2:$Y$301, MATCH(ROUND(MIN(300,MAX(1,D21)),0), FactorTable!$A$2:$A$301,0), Skills!M21+1) | F21: =IF(Skills!N21=TRUE,(Skills!L21/10)*(E21/1000),Skills!L21/10)+Skills!O21 | G21: =Skills!G21*IF(Skills!H21>0,Skills!I21/Skills!H21,1) | H21: =1-(1-Skills!J21/100)^Skills!K21 | I21: 1 | O21: 0 | P21: =IF(Summary!$B$3=0,0,O21/Summary!$B$3) | Q21: 0 | R21: 0 | S21: =IFERROR(O21/N21,0)
A22: =Skills!A22 | B22: =Skills!B22 | C22: =Inputs!$B$3>=43 | D22: =IF(Skills!C22=1,60+Inputs!$B$24+Inputs!$B$28,IF(Skills!C22=2,90+Inputs!$B$25+Inputs!$B$28,IF(Skills!C22=3,120+Inputs!$B$26+Inputs!$B$28,MAX(0,(Inputs!$B$3-100)*3)+Inputs!$B$27+Inputs!$B$28))) | E22: =INDEX(FactorTable!$B$2:$Y$301, MATCH(ROUND(MIN(300,MAX(1,D22)),0), FactorTable!$A$2:$A$301,0), Skills!M22+1) | F22: =IF(Skills!N22=TRUE,(Skills!L22/10)*(E22/1000),Skills!L22/10)+Skills!O22 | G22: =Skills!G22*IF(Skills!H22>0,Skills!I22/Skills!H22,1) | H22: =1-(1-Skills!J22/100)^Skills!K22 | I22: 1 | O22: 0 | P22: =IF(Summary!$B$3=0,0,O22/Summary!$B$3) | Q22: 0 | R22: 0 | S22: =IFERROR(O22/N22,0)
A23: =Skills!A23 | B23: =Skills!B23 | C23: =Inputs!$B$3>=120 | D23: =IF(Skills!C23=1,60+Inputs!$B$24+Inputs!$B$28,IF(Skills!C23=2,90+Inputs!$B$25+Inputs!$B$28,IF(Skills!C23=3,120+Inputs!$B$26+Inputs!$B$28,MAX(0,(Inputs!$B$3-100)*3)+Inputs!$B$27+Inputs!$B$28))) | E23: =INDEX(FactorTable!$B$2:$Y$301, MATCH(ROUND(MIN(300,MAX(1,D23)),0), FactorTable!$A$2:$A$301,0), Skills!M23+1) | F23: =IF(Skills!N23=TRUE,(Skills!L23/10)*(E23/1000),Skills!L23/10)+Skills!O23 | G23: =Skills!G23*IF(Skills!H23>0,Skills!I23/Skills!H23,1) | H23: =1-(1-Skills!J23/100)^Skills!K23 | I23: 1 | O23: 0 | P23: =IF(Summary!$B$3=0,0,O23/Summary!$B$3) | Q23: 0 | R23: 0 | S23: =IFERROR(O23/N23,0)
A24: =Skills!A24 | B24: =Skills!B24 | C24: =Inputs!$B$3>=120 | D24: =IF(Skills!C24=1,60+Inputs!$B$24+Inputs!$B$28,IF(Skills!C24=2,90+Inputs!$B$25+Inputs!$B$28,IF(Skills!C24=3,120+Inputs!$B$26+Inputs!$B$28,MAX(0,(Inputs!$B$3-100)*3)+Inputs!$B$27+Inputs!$B$28))) | E24: =INDEX(FactorTable!$B$2:$Y$301, MATCH(ROUND(MIN(300,MAX(1,D24)),0), FactorTable!$A$2:$A$301,0), Skills!M24+1) | F24: =IF(Skills!N24=TRUE,(Skills!L24/10)*(E24/1000),Skills!L24/10)+Skills!O24 | G24: =Skills!G24*IF(Skills!H24>0,Skills!I24/Skills!H24,1) | H24: =1-(1-Skills!J24/100)^Skills!K24 | I24: 1 | O24: 0 | P24: =IF(Summary!$B$3=0,0,O24/Summary!$B$3) | Q24: 0 | R24: 0 | S24: =IFERROR(O24/N24,0)

Sheet Summary
A1: Paladin — DPS Summary
A3: TOTAL DPS | B3: =SUM(Calc!O2:O24)
A5: Per-Skill DPS Breakdown
A6: Skill | B6: DPS | C6: % of Total
A7: =Calc!B2 | B7: =Calc!O2 | C7: =Calc!P2*100
A8: =Calc!B4 | B8: =Calc!O4 | C8: =Calc!P4*100
A9: =Calc!B5 | B9: =Calc!O5 | C9: =Calc!P5*100
A10: =Calc!B6 | B10: =Calc!O6 | C10: =Calc!P6*100
A11: =Calc!B7 | B11: =Calc!O7 | C11: =Calc!P7*100
A12: =Calc!B8 | B12: =Calc!O8 | C12: =Calc!P8*100
A13: =Calc!B9 | B13: =Calc!O9 | C13: =Calc!P9*100
A14: =Calc!B10 | B14: =Calc!O10 | C14: =Calc!P10*100
A15: =Calc!B11 | B15: =Calc!O11 | C15: =Calc!P11*100
A16: Marginal DPS & Stat Value (see Sensitivity for full detail)
A18: Stat | B18: DPS per +1 | C18: Units per +1% DPS
A19: =Sensitivity!A5 | B19: =Sensitivity!H5 | C19: =Sensitivity!B5
A20: =Sensitivity!A6 | B20: =Sensitivity!H6 | C20: =Sensitivity!B6
A21: =Sensitivity!A7 | B21: =Sensitivity!H7 | C21: =Sensitivity!B7
A22: =Sensitivity!A8 | B22: =Sensitivity!H8 | C22: =Sensitivity!B8
A23: =Sensitivity!A9 | B23: =Sensitivity!H9 | C23: =Sensitivity!B9
A24: =Sensitivity!A10 | B24: =Sensitivity!H10 | C24: =Sensitivity!B10
A25: =Sensitivity!A11 | B25: =Sensitivity!H11 | C25: =Sensitivity!B11
A26: =Sensitivity!A12 | B26: =Sensitivity!H12 | C26: =Sensitivity!B12
A27: =Sensitivity!A13 | B27: =Sensitivity!H13 | C27: =Sensitivity!B13
A28: =Sensitivity!A14 | B28: =Sensitivity!H14 | C28: =Sensitivity!B14
A29: =Sensitivity!A15 | B29: =Sensitivity!H15 | C29: =Sensitivity!B15
A30: =Sensitivity!A16 | B30: =Sensitivity!H16 | C30: =Sensitivity!B16
... A44: =Sensitivity!A30 | B44: =Sensitivity!H30 | C44: =Sensitivity!B30
A49: Derived Values (read-only, computed from Inputs)
A50: ATTACK (= Flat ATTACK x (1+ATTACK%/100)) | B50: =Inputs!$B$5*(1+Inputs!$B$6/100)
A51: STAT_DAMAGE % (= 1% of total STR + 0.25% of DEX) | B51: =(Inputs!$B$11*(1+Inputs!$B$12/100))*0.01+Inputs!$B$13*0.0025
A52: Basic Attack (Blast) Input Level (4th job formula) | B52: =MAX(0,(Inputs!$B$3-100)*3)+Inputs!$B$27+Inputs!$B$28
A53: Basic Attack Factor (factorIndex 21, universal 4th-job basic attack) | B53: =INDEX(FactorTable!$B$2:$Y$301, MATCH(ROUND(MIN(300,MAX(1,Summary!$B$52)),0), FactorTable!$A$2:$A$301,0), 22)
A54: SKILL_COEFFICIENT — Blast base coefficient % (before bonuses) | B54: =290*Summary!$B$53/1000
A55: Normal-Monster Weight (= 0 for boss, 1 for normal, Breakthrough Normal Weight % for breakthrough, 0 for pvp) | B55: =IF(Inputs!$B$4="normal",1,IF(Inputs!$B$4="breakthrough",Inputs!$B$36/100,0))
A57: Attack%% Bucket Multiplier (Vessel of Light + HP Recovery, summed additively) | B57: =1+(((Calc!C13=TRUE)*Calc!F13*MIN(1,Skills!T13*(Skills!J13/100)*Summary!$B$63))+((Calc!C18=TRUE)*Calc!F18*IF(AND(Inputs!$B$4<>"pvp",Inputs!$B$35>0),(((Calc!R18-1)*(Skills!T18*(1+Inputs!$B$33/100))+MIN((Skills!T18*(1+Inputs!$B$33/100)),MAX(0,Inputs!$B$35-((Calc!R18-1)*Skills!D18))))/Inputs!$B$35),IF(Inputs!$B$4="pvp",MIN((Skills!T18*(1+Inputs!$B$33/100)),15)/15,(Skills!T18*(1+Inputs!$B$33/100))/Skills!D18))))/100
A58: Global Crit Rate Bonus % (unused — no live Crit-Rate-buff source exists) | B58: 0
A59: Global Monster Damage-Taken Bonus % (unused — Close Combat/Noble Demand/Divine Mark's own weaken effects flagged, not modeled) | B59: 0
A60: Attack Speed Buff Bonus % (Nimble Feet, duty-cycle averaged) | B60: =((Calc!C19=TRUE)*Calc!F19*IF(AND(Inputs!$B$4<>"pvp",Inputs!$B$35>0),(((Calc!R19-1)*(Skills!T19*(1+Inputs!$B$33/100))+MIN((Skills!T19*(1+Inputs!$B$33/100)),MAX(0,Inputs!$B$35-((Calc!R19-1)*Skills!D19))))/Inputs!$B$35),IF(Inputs!$B$4="pvp",MIN((Skills!T19*(1+Inputs!$B$33/100)),15)/15,(Skills!T19*(1+Inputs!$B$33/100))/Skills!D19)))
A61: Actions Per Second | B61: =1+MIN(150,150*(1-(1-Inputs!$B$10/150)*(1-B60/150)))/100
A62: Skill + Buff Cast Rate (subtracted from Blast, 1/s) | B62: =IF(AND(Inputs!$B$4<>"pvp",Inputs!$B$35>0),SUMPRODUCT((Skills!E2:E24=TRUE)*(Calc!C2:C24=TRUE)*Calc!R2:R24*Skills!F2:F24)/Inputs!$B$35,SUMPRODUCT((Skills!E2:E24=TRUE)*(Calc!C2:C24=TRUE)*Calc!Q2:Q24*Skills!F2:F24))
A63: Blast (Basic Attack) Casts Per Second | B63: =MAX(0,B61-B62)
A64: Global Critical Damage Bonus % (unused — no live Crit-Damage-buff source exists) | B64: 0
A65: Global Final Damage Bonus % (Divine Shield + Guardian + Divine Blessing + Greater Vessel of Light) | B65: =((Calc!C15=TRUE)*Calc!F15*IF(AND(Inputs!$B$4<>"pvp",Inputs!$B$35>0),(((Calc!R15-1)*(Skills!T15*(1+Inputs!$B$33/100))+MIN((Skills!T15*(1+Inputs!$B$33/100)),MAX(0,Inputs!$B$35-((Calc!R15-1)*Skills!D15))))/Inputs!$B$35),IF(Inputs!$B$4="pvp",MIN((Skills!T15*(1+Inputs!$B$33/100)),15)/15,(Skills!T15*(1+Inputs!$B$33/100))/Skills!D15)))+((Calc!C16=TRUE)*Calc!F16*IF(AND(Inputs!$B$4<>"pvp",Inputs!$B$35>0),(((Calc!R16-1)*(Skills!T16*(1+Inputs!$B$33/100))+MIN((Skills!T16*(1+Inputs!$B$33/100)),MAX(0,Inputs!$B$35-((Calc!R16-1)*Skills!D16))))/Inputs!$B$35),IF(Inputs!$B$4="pvp",MIN((Skills!T16*(1+Inputs!$B$33/100)),15)/15,(Skills!T16*(1+Inputs!$B$33/100))/Skills!D16)))+((Calc!C17=TRUE)*Calc!F17*IF(AND(Inputs!$B$4<>"pvp",Inputs!$B$35>0),(((Calc!R17-1)*(Skills!T17*(1+Inputs!$B$33/100))+MIN((Skills!T17*(1+Inputs!$B$33/100)),MAX(0,Inputs!$B$35-((Calc!R17-1)*Skills!D17))))/Inputs!$B$35),IF(Inputs!$B$4="pvp",MIN((Skills!T17*(1+Inputs!$B$33/100)),15)/15,(Skills!T17*(1+Inputs!$B$33/100))/Skills!D17)))+((Calc!C14=TRUE)*Calc!F14*MIN(1,Skills!T13*(Skills!J13/100)*Summary!$B$63))
A66: Blast (Basic Attack) DPS | B66: =Calc!O2

Sheet Sensitivity
A1: Marginal DPS per +1 (percentage point / skill level / flat point)
A2: Attack Speed and Def Pen combine their +1 via the diminishing-returns formula (new = (1-(1-old/factor)*(1-1/factor))*factor), not a flat add.
A4: Stat | B4: Units per +1% DPS | C4: Type | D4: Current Value | E4: New Value | F4: Baseline Total DPS | G4: New Total DPS | H4: DPS Gain | I4: % Gain
A5: Flat STR | B5: =IFERROR(1/(I5-100),"n/a") | C5: flat | D5: =Inputs!$B$11 | E5: =(Inputs!$B$11+1) | F5: =Summary!$B$3 | G5: =B68 | H5: =G5-F5 | I5: =IF(F5=0,0,G5/F5*100)
A6: STR % | B6: =IFERROR(1/(I6-100),"n/a") | C6: pct | D6: =Inputs!$B$12 | E6: =(Inputs!$B$12+1) | F6: =Summary!$B$3 | G6: =B106 | H6: =G6-F6 | I6: =IF(F6=0,0,G6/F6*100)
A7: DEX | B7: =IFERROR(1/(I7-100),"n/a") | C7: flat | D7: =Inputs!$B$13 | E7: =(Inputs!$B$13+1) | F7: =Summary!$B$3 | G7: =B144 | H7: =G7-F7 | I7: =IF(F7=0,0,G7/F7*100)
A8: DAMAGE % | B8: =IFERROR(1/(I8-100),"n/a") | C8: pct | D8: =Inputs!$B$14 | E8: =(Inputs!$B$14+1) | F8: =Summary!$B$3 | G8: =B182 | H8: =G8-F8 | I8: =IF(F8=0,0,G8/F8*100)
A9: DAMAGE_AMP % | B9: =IFERROR(1/(I9-100),"n/a") | C9: pct | D9: =Inputs!$B$15 | E9: =(Inputs!$B$15+1) | F9: =Summary!$B$3 | G9: =B220 | H9: =G9-F9 | I9: =IF(F9=0,0,G9/F9*100)
A10: BOSS_DAMAGE % | B10: =IFERROR(1/(I10-100),"n/a") | C10: pct | D10: =Inputs!$B$19 | E10: =(Inputs!$B$19+1) | F10: =Summary!$B$3 | G10: =B258 | H10: =G10-F10 | I10: =IF(F10=0,0,G10/F10*100)
A11: NORMAL_DAMAGE % | B11: =IFERROR(1/(I11-100),"n/a") | C11: pct | D11: =Inputs!$B$20 | E11: =(Inputs!$B$20+1) | F11: =Summary!$B$3 | G11: =B296 | H11: =G11-F11 | I11: =IF(F11=0,0,G11/F11*100)
A12: FINAL_DAMAGE % (multiplicative source) | B12: =IFERROR(1/(I12-100),"n/a") | C12: mult | D12: =Inputs!$B$23 | E12: =((((1+Inputs!$B$23/100)*(1.01))-1)*100) | F12: =Summary!$B$3 | G12: =B334 | H12: =G12-F12 | I12: =IF(F12=0,0,G12/F12*100)
A13: MIN_DAMAGE % | B13: =IFERROR(1/(I13-100),"n/a") | C13: pct | D13: =Inputs!$B$21 | E13: =(Inputs!$B$21+1) | F13: =Summary!$B$3 | G13: =B372 | H13: =G13-F13 | I13: =IF(F13=0,0,G13/F13*100)
A14: MAX_DAMAGE % | B14: =IFERROR(1/(I14-100),"n/a") | C14: pct | D14: =Inputs!$B$22 | E14: =(Inputs!$B$22+1) | F14: =Summary!$B$3 | G14: =B410 | H14: =G14-F14 | I14: =IF(F14=0,0,G14/F14*100)
A15: CRIT_RATE % | B15: =IFERROR(1/(I15-100),"n/a") | C15: pct | D15: =Inputs!$B$8 | E15: =(Inputs!$B$8+1) | F15: =Summary!$B$3 | G15: =B448 | H15: =G15-F15 | I15: =IF(F15=0,0,G15/F15*100)
A16: CRIT_DAMAGE % | B16: =IFERROR(1/(I16-100),"n/a") | C16: pct | D16: =Inputs!$B$9 | E16: =(Inputs!$B$9+1) | F16: =Summary!$B$3 | G16: =B486 | H16: =G16-F16 | I16: =IF(F16=0,0,G16/F16*100)
A17: ATTACK_SPEED % (diminishing returns, factor 150) | B17: =IFERROR(1/(I17-100),"n/a") | C17: dr150 | D17: =Inputs!$B$10 | E17: =((1-(1-Inputs!$B$10/150)*(1-1/150))*150) | F17: =Summary!$B$3 | G17: =B524 | H17: =G17-F17 | I17: =IF(F17=0,0,G17/F17*100)
A18: DEF_PEN % (diminishing returns, factor 100) | B18: =IFERROR(1/(I18-100),"n/a") | C18: dr100 | D18: =Inputs!$B$18 | E18: =((1-(1-Inputs!$B$18/100)*(1-1/100))*100) | F18: =Summary!$B$3 | G18: =B562 | H18: =G18-F18 | I18: =IF(F18=0,0,G18/F18*100)
A19: BASIC_ATTACK_DAMAGE % | B19: =IFERROR(1/(I19-100),"n/a") | C19: pct | D19: =Inputs!$B$16 | E19: =(Inputs!$B$16+1) | F19: =Summary!$B$3 | G19: =B600 | H19: =G19-F19 | I19: =IF(F19=0,0,G19/F19*100)
A20: SKILL_DAMAGE % | B20: =IFERROR(1/(I20-100),"n/a") | C20: pct | D20: =Inputs!$B$17 | E20: =(Inputs!$B$17+1) | F20: =Summary!$B$3 | G20: =B638 | H20: =G20-F20 | I20: =IF(F20=0,0,G20/F20*100)
A21: Skill Level Bonus — 1st Job | B21: =IFERROR(1/(I21-100),"n/a") | C21: level | D21: =Inputs!$B$24 | E21: =(Inputs!$B$24+1) | F21: =Summary!$B$3 | G21: =B676 | H21: =G21-F21 | I21: =IF(F21=0,0,G21/F21*100)
A22: Skill Level Bonus — 2nd Job | B22: =IFERROR(1/(I22-100),"n/a") | C22: level | D22: =Inputs!$B$25 | E22: =(Inputs!$B$25+1) | F22: =Summary!$B$3 | G22: =B714 | H22: =G22-F22 | I22: =IF(F22=0,0,G22/F22*100)
A23: Skill Level Bonus — 3rd Job | B23: =IFERROR(1/(I23-100),"n/a") | C23: level | D23: =Inputs!$B$26 | E23: =(Inputs!$B$26+1) | F23: =Summary!$B$3 | G23: =B752 | H23: =G23-F23 | I23: =IF(F23=0,0,G23/F23*100)
A24: Skill Level Bonus — 4th Job | B24: =IFERROR(1/(I24-100),"n/a") | C24: level | D24: =Inputs!$B$27 | E24: =(Inputs!$B$27+1) | F24: =Summary!$B$3 | G24: =B790 | H24: =G24-F24 | I24: =IF(F24=0,0,G24/F24*100)
A25: Skill Level Bonus — All Skills | B25: =IFERROR(1/(I25-100),"n/a") | C25: level | D25: =Inputs!$B$28 | E25: =(Inputs!$B$28+1) | F25: =Summary!$B$3 | G25: =B828 | H25: =G25-F25 | I25: =IF(F25=0,0,G25/F25*100)
A26: Flat ATTACK | B26: =IFERROR(1/(I26-100),"n/a") | C26: flat | D26: =Inputs!$B$5 | E26: =(Inputs!$B$5+1) | F26: =Summary!$B$3 | G26: =B866 | H26: =G26-F26 | I26: =IF(F26=0,0,G26/F26*100)
A27: ATTACK % | B27: =IFERROR(1/(I27-100),"n/a") | C27: pct | D27: =Inputs!$B$6 | E27: =(Inputs!$B$6+1) | F27: =Summary!$B$3 | G27: =B904 | H27: =G27-F27 | I27: =IF(F27=0,0,G27/F27*100)
A28: Skill Cooldown Decrease (seconds) | B28: =IFERROR(1/(I28-100),"n/a") | C28: flat | D28: =Inputs!$B$31 | E28: =(Inputs!$B$31+1) | F28: =Summary!$B$3 | G28: =B942 | H28: =G28-F28 | I28: =IF(F28=0,0,G28/F28*100)
A29: Basic Attack Target Increase (flat) | B29: =IFERROR(1/(I29-100),"n/a") | C29: flat | D29: =Inputs!$B$32 | E29: =(Inputs!$B$32+1) | F29: =Summary!$B$3 | G29: =B980 | H29: =G29-F29 | I29: =IF(F29=0,0,G29/F29*100)
A30: Buff Duration Increase % | B30: =IFERROR(1/(I30-100),"n/a") | C30: pct | D30: =Inputs!$B$33 | E30: =(Inputs!$B$33+1) | F30: =Summary!$B$3 | G30: =B1018 | H30: =G30-F30 | I30: =IF(F30=0,0,G30/F30*100)
A33: Stat: Flat STR
A34: Key | B34: Name | C34: Unlocked | D34: InputLevel | E34: Factor | F34: CoefficientPercent | G34: EffectiveHits | H34: ProcProbability | I34: MapleHeroMultiplier | J34: BaseDamage | K34: BaseHitDamage | L34: NonCritAvg | M34: CritAvg | N34: ExpectedDamage(perHit) | O34: DPS | P34: % of Total | Q34: InvCooldown | R34: CastsInFight | S34: HitRate(perSec) | U34: helpers
A35: =Skills!A2 | B35: =Skills!B2 | C35: =Inputs!$B$3>=100 | F35: =U37+Skills!O2 | G35: =Skills!G2*IF(Skills!H2>0,Skills!I2/Skills!H2,1) | H35: =1-(1-Skills!J2/100)^Skills!K2 | I35: 1 | J35: =(Inputs!$B$5*(1+Inputs!$B$6/100))*(F35/100) | K35: =J35*(1+(((Inputs!$B$11+1)*(1+Inputs!$B$12/100))*0.01+Inputs!$B$13*0.0025)/100)*(1+Inputs!$B$14/100)*(1+IF(Inputs!$B$4="pvp",0,(1-Summary!$B$55)*(Inputs!$B$19+0+Skills!P2)+Summary!$B$55*(Inputs!$B$20+Skills!Q2))/100)*(1+Inputs!$B$15/100)*(5000/(6000+Inputs!$B$7*(1-(Inputs!$B$18+0)/100)))*(1+(Inputs!$B$23+0+B66)/100)*(1+(IF(Skills!A2="BLAST",Inputs!$B$16+((C54=TRUE)*(F54-Calc!F21)),Inputs!$B$17+((C56=TRUE)*(F56-Calc!F23))))/100)*((1+(((C46=TRUE)*F46*MIN(1,Skills!T13*(Skills!J13/100)*B64))+((C51=TRUE)*F51*IF(AND(Inputs!$B$4<>"pvp",Inputs!$B$35>0),(((S51-1)*(Skills!T18*(1+Inputs!$B$33/100))+MIN((Skills!T18*(1+Inputs!$B$33/100)),MAX(0,Inputs!$B$35-((S51-1)*Skills!D18))))/Inputs!$B$35),IF(Inputs!$B$4="pvp",MIN((Skills!T18*(1+Inputs!$B$33/100)),15)/15,(Skills!T18*(1+Inputs!$B$33/100))/Skills!D18)))+0)/100)*I35) | L35: =K35*(MIN(Inputs!$B$21+((C55=TRUE)*(F55-Calc!F22)),Inputs!$B$22+((C57=TRUE)*(F57-Calc!F24)))/100+(Inputs!$B$22+((C57=TRUE)*(F57-Calc!F24)))/100)/2 | M35: =L35*(1+(Inputs!$B$9+0+B65)/100) | N35: =L35*(1-MIN((Inputs!$B$8+0+B60),100)/100)+M35*(MIN((Inputs!$B$8+0+B60),100)/100) | O35: =IF(C35,Skills!G2*N35*B64*IF(Inputs!$B$4="pvp",1,(1-Summary!$B$55)*(1)+Summary!$B$55*(MIN((6+Inputs!$B$32),Inputs!$B$37))),0) | P35: =IF(B68=0,0,O35/B68) | Q35: 0 | R35: 0 | S35: =IFERROR(O35/N35,0) | U35: =MAX(0,(Inputs!$B$3-100)*3)+Inputs!$B$27+Inputs!$B$28
A36: =Skills!A3 | B36: =Skills!B3 | C36: =Inputs!$B$3>=50 | D36: =IF(Skills!C3=1,60+Inputs!$B$24+Inputs!$B$28,IF(Skills!C3=2,90+Inputs!$B$25+Inputs!$B$28,IF(Skills!C3=3,120+Inputs!$B$26+Inputs!$B$28,MAX(0,(Inputs!$B$3-100)*3)+Inputs!$B$27+Inputs!$B$28))) | E36: =INDEX(FactorTable!$B$2:$Y$301, MATCH(ROUND(MIN(300,MAX(1,D36)),0), FactorTable!$A$2:$A$301,0), Skills!M3+1) | F36: =IF(Skills!N3=TRUE,(Skills!L3/10)*(E36/1000),Skills!L3/10)+Skills!O3 | I36: 1 | U36: =INDEX(FactorTable!$B$2:$Y$301, MATCH(ROUND(MIN(300,MAX(1,U35)),0), FactorTable!$A$2:$A$301,0), 22)
A37: =Skills!A4 | B37: =Skills!B4 | C37: =Inputs!$B$3>=35 | D37: =IF(Skills!C4=1,60+Inputs!$B$24+Inputs!$B$28,IF(Skills!C4=2,90+Inputs!$B$25+Inputs!$B$28,IF(Skills!C4=3,120+Inputs!$B$26+Inputs!$B$28,MAX(0,(Inputs!$B$3-100)*3)+Inputs!$B$27+Inputs!$B$28))) | E37: =INDEX(FactorTable!$B$2:$Y$301, MATCH(ROUND(MIN(300,MAX(1,D37)),0), FactorTable!$A$2:$A$301,0), Skills!M4+1) | F37: =IF(Skills!N4=TRUE,(Skills!L4/10)*(E37/1000),Skills!L4/10)+Skills!O4 | G37: =Skills!G4*IF(Skills!H4>0,Skills!I4/Skills!H4,1) | H37: =1-(1-Skills!J4/100)^Skills!K4 | I37: 1 | J37: =(Inputs!$B$5*(1+Inputs!$B$6/100))*(F37/100) | K37: =J37*(1+(((Inputs!$B$11+1)*(1+Inputs!$B$12/100))*0.01+Inputs!$B$13*0.0025)/100)*(1+Inputs!$B$14/100)*(1+IF(Inputs!$B$4="pvp",0,(1-Summary!$B$55)*(Inputs!$B$19+0+Skills!P4)+Summary!$B$55*(Inputs!$B$20+Skills!Q4))/100)*(1+Inputs!$B$15/100)*(5000/(6000+Inputs!$B$7*(1-(Inputs!$B$18+0)/100)))*(1+(Inputs!$B$23+0+B66)/100)*(1+4.0*IF(C45=TRUE,F45,0)/100)*(1+(IF(Skills!A4="BLAST",Inputs!$B$16+((C54=TRUE)*(F54-Calc!F21)),Inputs!$B$17+((C56=TRUE)*(F56-Calc!F23))))/100)*((1+(((C46=TRUE)*F46*MIN(1,Skills!T13*(Skills!J13/100)*B64))+((C51=TRUE)*F51*IF(AND(Inputs!$B$4<>"pvp",Inputs!$B$35>0),(((S51-1)*(Skills!T18*(1+Inputs!$B$33/100))+MIN((Skills!T18*(1+Inputs!$B$33/100)),MAX(0,Inputs!$B$35-((S51-1)*Skills!D18))))/Inputs!$B$35),IF(Inputs!$B$4="pvp",MIN((Skills!T18*(1+Inputs!$B$33/100)),15)/15,(Skills!T18*(1+Inputs!$B$33/100))/Skills!D18)))+0)/100)*I37) | L37: =K37*(MIN(Inputs!$B$21+((C55=TRUE)*(F55-Calc!F22)),Inputs!$B$22+((C57=TRUE)*(F57-Calc!F24)))/100+(Inputs!$B$22+((C57=TRUE)*(F57-Calc!F24)))/100)/2 | M37: =L37*(1+(Inputs!$B$9+0+B65)/100) | N37: =L37*(1-MIN((Inputs!$B$8+0+B60),100)/100)+M37*(MIN((Inputs!$B$8+0+B60),100)/100) | O37: =IF(C37,H37*N37*IF(AND(Inputs!$B$4<>"pvp",Inputs!$B$35>0),((Skills!G4*((R37-1)*IF(Skills!H4>0,Skills!I4/Skills!H4,1)+IF(Skills!H4>0,MIN(Skills!I4,MAX(0,Inputs!$B$35-((R37-1)*IF(Inputs!$B$4="pvp",15,MAX(0.1,Skills!D4-IF(Skills!E4=TRUE,Inputs!$B$31,0))))))/Skills!H4,1)))/Inputs!$B$35),G37*Q37)*IF(Inputs!$B$4="pvp",1,(1-Summary!$B$55)*(1)+Summary!$B$55*(MIN(Skills!R4,Inputs!$B$37))),0) | P37: =IF(B68=0,0,O37/B68) | Q37: =IFERROR(1/IF(Inputs!$B$4="pvp",15,MAX(0.1,Skills!D4-IF(Skills!E4=TRUE,Inputs!$B$31,0))),0) | R37: =IF(AND(Inputs!$B$4<>"pvp",Inputs!$B$35>0),(INT(Inputs!$B$35/IF(Inputs!$B$4="pvp",15,MAX(0.1,Skills!D4-IF(Skills!E4=TRUE,Inputs!$B$31,0))))+1),0) | S37: =IFERROR(O37/N37,0) | U37: =290*U36/1000
A38: =Skills!A5 | B38: =Skills!B5 | C38: =Inputs!$B$3>=66 | D38: =IF(Skills!C5=1,60+Inputs!$B$24+Inputs!$B$28,IF(Skills!C5=2,90+Inputs!$B$25+Inputs!$B$28,IF(Skills!C5=3,120+Inputs!$B$26+Inputs!$B$28,MAX(0,(Inputs!$B$3-100)*3)+Inputs!$B$27+Inputs!$B$28))) | E38: =INDEX(FactorTable!$B$2:$Y$301, MATCH(ROUND(MIN(300,MAX(1,D38)),0), FactorTable!$A$2:$A$301,0), Skills!M5+1) | F38: =IF(Skills!N5=TRUE,(Skills!L5/10)*(E38/1000),Skills!L5/10)+Skills!O5 | G38: =Skills!G5*IF(Skills!H5>0,Skills!I5/Skills!H5,1) | H38: =1-(1-Skills!J5/100)^Skills!K5 | I38: 1 | J38: =(Inputs!$B$5*(1+Inputs!$B$6/100))*(F38/100) | K38: =J38*(1+(((Inputs!$B$11+1)*(1+Inputs!$B$12/100))*0.01+Inputs!$B$13*0.0025)/100)*(1+Inputs!$B$14/100)*(1+IF(Inputs!$B$4="pvp",0,(1-Summary!$B$55)*(Inputs!$B$19+0+Skills!P5)+Summary!$B$55*(Inputs!$B$20+Skills!Q5))/100)*(1+Inputs!$B$15/100)*(5000/(6000+Inputs!$B$7*(1-(Inputs!$B$18+0)/100)))*(1+(Inputs!$B$23+0+B66)/100)*(1+1.0*IF(C45=TRUE,F45,0)/100)*(1+(IF(Skills!A5="BLAST",Inputs!$B$16+((C54=TRUE)*(F54-Calc!F21)),Inputs!$B$17+((C56=TRUE)*(F56-Calc!F23))))/100)*((1+(((C46=TRUE)*F46*MIN(1,Skills!T13*(Skills!J13/100)*B64))+((C51=TRUE)*F51*IF(AND(Inputs!$B$4<>"pvp",Inputs!$B$35>0),(((S51-1)*(Skills!T18*(1+Inputs!$B$33/100))+MIN((Skills!T18*(1+Inputs!$B$33/100)),MAX(0,Inputs!$B$35-((S51-1)*Skills!D18))))/Inputs!$B$35),IF(Inputs!$B$4="pvp",MIN((Skills!T18*(1+Inputs!$B$33/100)),15)/15,(Skills!T18*(1+Inputs!$B$33/100))/Skills!D18)))+0)/100)*I38) | L38: =K38*(MIN(Inputs!$B$21+((C55=TRUE)*(F55-Calc!F22)),Inputs!$B$22+((C57=TRUE)*(F57-Calc!F24)))/100+(Inputs!$B$22+((C57=TRUE)*(F57-Calc!F24)))/100)/2 | M38: =L38*(1+(Inputs!$B$9+0+B65)/100) | N38: =L38*(1-MIN((Inputs!$B$8+0+B60),100)/100)+M38*(MIN((Inputs!$B$8+0+B60),100)/100) | O38: =IF(C38,H38*N38*IF(AND(Inputs!$B$4<>"pvp",Inputs!$B$35>0),((Skills!G5*((R38-1)*IF(Skills!H5>0,Skills!I5/Skills!H5,1)+IF(Skills!H5>0,MIN(Skills!I5,MAX(0,Inputs!$B$35-((R38-1)*IF(Inputs!$B$4="pvp",15,MAX(0.1,Skills!D5-IF(Skills!E5=TRUE,Inputs!$B$31,0))))))/Skills!H5,1)))/Inputs!$B$35),G38*Q38)*IF(Inputs!$B$4="pvp",1,(1-Summary!$B$55)*(1)+Summary!$B$55*(MIN(Skills!R5,Inputs!$B$37))),0) | P38: =IF(B68=0,0,O38/B68) | Q38: =IFERROR(1/IF(Inputs!$B$4="pvp",15,MAX(0.1,Skills!D5-IF(Skills!E5=TRUE,Inputs!$B$31,0))),0) | R38: =IF(AND(Inputs!$B$4<>"pvp",Inputs!$B$35>0),(INT(Inputs!$B$35/IF(Inputs!$B$4="pvp",15,MAX(0.1,Skills!D5-IF(Skills!E5=TRUE,Inputs!$B$31,0))))+1),0) | S38: =IFERROR(O38/N38,0)
A39: =Skills!A6 | B39: =Skills!B6 | C39: =Inputs!$B$3>=103 | D39: =IF(Skills!C6=1,60+Inputs!$B$24+Inputs!$B$28,IF(Skills!C6=2,90+Inputs!$B$25+Inputs!$B$28,IF(Skills!C6=3,120+Inputs!$B$26+Inputs!$B$28,MAX(0,(Inputs!$B$3-100)*3)+Inputs!$B$27+Inputs!$B$28))) | E39: =INDEX(FactorTable!$B$2:$Y$301, MATCH(ROUND(MIN(300,MAX(1,D39)),0), FactorTable!$A$2:$A$301,0), Skills!M6+1) | F39: =IF(Skills!N6=TRUE,(Skills!L6/10)*(E39/1000),Skills!L6/10)+Skills!O6 | G39: =Skills!G6*IF(Skills!H6>0,Skills!I6/Skills!H6,1) | H39: =1-(1-Skills!J6/100)^Skills!K6 | I39: 1 | J39: =(Inputs!$B$5*(1+Inputs!$B$6/100))*(F39/100) | K39: =J39*(1+(((Inputs!$B$11+1)*(1+Inputs!$B$12/100))*0.01+Inputs!$B$13*0.0025)/100)*(1+Inputs!$B$14/100)*(1+IF(Inputs!$B$4="pvp",0,(1-Summary!$B$55)*(Inputs!$B$19+0+Skills!P6)+Summary!$B$55*(Inputs!$B$20+Skills!Q6))/100)*(1+Inputs!$B$15/100)*(5000/(6000+Inputs!$B$7*(1-(Inputs!$B$18+0)/100)))*(1+(Inputs!$B$23+0+B66)/100)*(1+(IF(Skills!A6="BLAST",Inputs!$B$16+((C54=TRUE)*(F54-Calc!F21)),Inputs!$B$17+((C56=TRUE)*(F56-Calc!F23))))/100)*((1+(((C46=TRUE)*F46*MIN(1,Skills!T13*(Skills!J13/100)*B64))+((C51=TRUE)*F51*IF(AND(Inputs!$B$4<>"pvp",Inputs!$B$35>0),(((S51-1)*(Skills!T18*(1+Inputs!$B$33/100))+MIN((Skills!T18*(1+Inputs!$B$33/100)),MAX(0,Inputs!$B$35-((S51-1)*Skills!D18))))/Inputs!$B$35),IF(Inputs!$B$4="pvp",MIN((Skills!T18*(1+Inputs!$B$33/100)),15)/15,(Skills!T18*(1+Inputs!$B$33/100))/Skills!D18)))+0)/100)*I39) | L39: =K39*(MIN(Inputs!$B$21+((C55=TRUE)*(F55-Calc!F22)),Inputs!$B$22+((C57=TRUE)*(F57-Calc!F24)))/100+(Inputs!$B$22+((C57=TRUE)*(F57-Calc!F24)))/100)/2 | M39: =L39*(1+(Inputs!$B$9+0+B65)/100) | N39: =L39*(1-MIN((Inputs!$B$8+0+B60),100)/100)+M39*(MIN((Inputs!$B$8+0+B60),100)/100) | O39: =IF(C39,H39*N39*IF(AND(Inputs!$B$4<>"pvp",Inputs!$B$35>0),((Skills!G6*((R39-1)*IF(Skills!H6>0,Skills!I6/Skills!H6,1)+IF(Skills!H6>0,MIN(Skills!I6,MAX(0,Inputs!$B$35-((R39-1)*IF(Inputs!$B$4="pvp",15,MAX(0.1,Skills!D6-IF(Skills!E6=TRUE,Inputs!$B$31,0))))))/Skills!H6,1)))/Inputs!$B$35),G39*Q39)*IF(Inputs!$B$4="pvp",1,(1-Summary!$B$55)*(1)+Summary!$B$55*(MIN(Skills!R6,Inputs!$B$37))),0) | P39: =IF(B68=0,0,O39/B68) | Q39: =IFERROR(1/IF(Inputs!$B$4="pvp",15,MAX(0.1,Skills!D6-IF(Skills!E6=TRUE,Inputs!$B$31,0))),0) | R39: =IF(AND(Inputs!$B$4<>"pvp",Inputs!$B$35>0),(INT(Inputs!$B$35/IF(Inputs!$B$4="pvp",15,MAX(0.1,Skills!D6-IF(Skills!E6=TRUE,Inputs!$B$31,0))))+1),0) | S39: =IFERROR(O39/N39,0)
A40: =Skills!A7 | B40: =Skills!B7 | C40: =Inputs!$B$3>=107 | D40: =IF(Skills!C7=1,60+Inputs!$B$24+Inputs!$B$28,IF(Skills!C7=2,90+Inputs!$B$25+Inputs!$B$28,IF(Skills!C7=3,120+Inputs!$B$26+Inputs!$B$28,MAX(0,(Inputs!$B$3-100)*3)+Inputs!$B$27+Inputs!$B$28))) | E40: =INDEX(FactorTable!$B$2:$Y$301, MATCH(ROUND(MIN(300,MAX(1,D40)),0), FactorTable!$A$2:$A$301,0), Skills!M7+1) | F40: =IF(Skills!N7=TRUE,(Skills!L7/10)*(E40/1000),Skills!L7/10)+Skills!O7 | G40: =Skills!G7*IF(Skills!H7>0,Skills!I7/Skills!H7,1) | H40: =1-(1-Skills!J7/100)^Skills!K7 | I40: 1 | J40: =(Inputs!$B$5*(1+Inputs!$B$6/100))*(F40/100) | K40: =J40*(1+(((Inputs!$B$11+1)*(1+Inputs!$B$12/100))*0.01+Inputs!$B$13*0.0025)/100)*(1+Inputs!$B$14/100)*(1+IF(Inputs!$B$4="pvp",0,(1-Summary!$B$55)*(Inputs!$B$19+0+Skills!P7)+Summary!$B$55*(Inputs!$B$20+Skills!Q7))/100)*(1+Inputs!$B$15/100)*(5000/(6000+Inputs!$B$7*(1-(Inputs!$B$18+0)/100)))*(1+(Inputs!$B$23+0+B66)/100)*(1+(IF(Skills!A7="BLAST",Inputs!$B$16+((C54=TRUE)*(F54-Calc!F21)),Inputs!$B$17+((C56=TRUE)*(F56-Calc!F23))))/100)*((1+(((C46=TRUE)*F46*MIN(1,Skills!T13*(Skills!J13/100)*B64))+((C51=TRUE)*F51*IF(AND(Inputs!$B$4<>"pvp",Inputs!$B$35>0),(((S51-1)*(Skills!T18*(1+Inputs!$B$33/100))+MIN((Skills!T18*(1+Inputs!$B$33/100)),MAX(0,Inputs!$B$35-((S51-1)*Skills!D18))))/Inputs!$B$35),IF(Inputs!$B$4="pvp",MIN((Skills!T18*(1+Inputs!$B$33/100)),15)/15,(Skills!T18*(1+Inputs!$B$33/100))/Skills!D18)))+0)/100)*I40) | L40: =K40*(MIN(Inputs!$B$21+((C55=TRUE)*(F55-Calc!F22)),Inputs!$B$22+((C57=TRUE)*(F57-Calc!F24)))/100+(Inputs!$B$22+((C57=TRUE)*(F57-Calc!F24)))/100)/2 | M40: =L40*(1+(Inputs!$B$9+0+B65)/100) | N40: =L40*(1-MIN((Inputs!$B$8+0+B60),100)/100)+M40*(MIN((Inputs!$B$8+0+B60),100)/100) | O40: =IF(C40,H40*N40*IF(AND(Inputs!$B$4<>"pvp",Inputs!$B$35>0),((Skills!G7*((R40-1)*IF(Skills!H7>0,Skills!I7/Skills!H7,1)+IF(Skills!H7>0,MIN(Skills!I7,MAX(0,Inputs!$B$35-((R40-1)*IF(Inputs!$B$4="pvp",15,MAX(0.1,Skills!D7-IF(Skills!E7=TRUE,Inputs!$B$31,0))))))/Skills!H7,1)))/Inputs!$B$35),G40*Q40)*IF(Inputs!$B$4="pvp",1,(1-Summary!$B$55)*(1)+Summary!$B$55*(MIN(Skills!R7,Inputs!$B$37))),0) | P40: =IF(B68=0,0,O40/B68) | Q40: =IFERROR(1/IF(Inputs!$B$4="pvp",15,MAX(0.1,Skills!D7-IF(Skills!E7=TRUE,Inputs!$B$31,0))),0) | R40: =IF(AND(Inputs!$B$4<>"pvp",Inputs!$B$35>0),(INT(Inputs!$B$35/IF(Inputs!$B$4="pvp",15,MAX(0.1,Skills!D7-IF(Skills!E7=TRUE,Inputs!$B$31,0))))+1),0) | S40: =IFERROR(O40/N40,0)
A41: =Skills!A8 | B41: =Skills!B8 | C41: =Inputs!$B$3>=107 | D41: =IF(Skills!C8=1,60+Inputs!$B$24+Inputs!$B$28,IF(Skills!C8=2,90+Inputs!$B$25+Inputs!$B$28,IF(Skills!C8=3,120+Inputs!$B$26+Inputs!$B$28,MAX(0,(Inputs!$B$3-100)*3)+Inputs!$B$27+Inputs!$B$28))) | E41: =INDEX(FactorTable!$B$2:$Y$301, MATCH(ROUND(MIN(300,MAX(1,D41)),0), FactorTable!$A$2:$A$301,0), Skills!M8+1) | F41: =IF(Skills!N8=TRUE,(Skills!L8/10)*(E41/1000),Skills!L8/10)+Skills!O8 | G41: =Skills!G8*IF(Skills!H8>0,Skills!I8/Skills!H8,1) | H41: =1-(1-Skills!J8/100)^Skills!K8 | I41: 1 | J41: =(Inputs!$B$5*(1+Inputs!$B$6/100))*(F41/100) | K41: =J41*(1+(((Inputs!$B$11+1)*(1+Inputs!$B$12/100))*0.01+Inputs!$B$13*0.0025)/100)*(1+Inputs!$B$14/100)*(1+IF(Inputs!$B$4="pvp",0,(1-Summary!$B$55)*(Inputs!$B$19+0+Skills!P8)+Summary!$B$55*(Inputs!$B$20+Skills!Q8))/100)*(1+Inputs!$B$15/100)*(5000/(6000+Inputs!$B$7*(1-(Inputs!$B$18+0)/100)))*(1+(Inputs!$B$23+0+B66)/100)*(1+(IF(Skills!A8="BLAST",Inputs!$B$16+((C54=TRUE)*(F54-Calc!F21)),Inputs!$B$17+((C56=TRUE)*(F56-Calc!F23))))/100)*((1+(((C46=TRUE)*F46*MIN(1,Skills!T13*(Skills!J13/100)*B64))+((C51=TRUE)*F51*IF(AND(Inputs!$B$4<>"pvp",Inputs!$B$35>0),(((S51-1)*(Skills!T18*(1+Inputs!$B$33/100))+MIN((Skills!T18*(1+Inputs!$B$33/100)),MAX(0,Inputs!$B$35-((S51-1)*Skills!D18))))/Inputs!$B$35),IF(Inputs!$B$4="pvp",MIN((Skills!T18*(1+Inputs!$B$33/100)),15)/15,(Skills!T18*(1+Inputs!$B$33/100))/Skills!D18)))+0)/100)*I41) | L41: =K41*(MIN(Inputs!$B$21+((C55=TRUE)*(F55-Calc!F22)),Inputs!$B$22+((C57=TRUE)*(F57-Calc!F24)))/100+(Inputs!$B$22+((C57=TRUE)*(F57-Calc!F24)))/100)/2 | M41: =L41*(1+(Inputs!$B$9+0+B65)/100) | N41: =L41*(1-MIN((Inputs!$B$8+0+B60),100)/100)+M41*(MIN((Inputs!$B$8+0+B60),100)/100) | O41: =IF(C41,H41*N41*IF(AND(Inputs!$B$4<>"pvp",Inputs!$B$35>0),((Skills!G8*((R41-1)*IF(Skills!H8>0,Skills!I8/Skills!H8,1)+IF(Skills!H8>0,MIN(Skills!I8,MAX(0,Inputs!$B$35-((R41-1)*IF(Inputs!$B$4="pvp",15,MAX(0.1,Skills!D8-IF(Skills!E8=TRUE,Inputs!$B$31,0))))))/Skills!H8,1)))/Inputs!$B$35),G41*Q41)*IF(Inputs!$B$4="pvp",1,(1-Summary!$B$55)*(1)+Summary!$B$55*(MIN(Skills!R8,Inputs!$B$37))),0) | P41: =IF(B68=0,0,O41/B68) | Q41: =IFERROR(1/IF(Inputs!$B$4="pvp",15,MAX(0.1,Skills!D8-IF(Skills!E8=TRUE,Inputs!$B$31,0))),0) | R41: =IF(AND(Inputs!$B$4<>"pvp",Inputs!$B$35>0),(INT(Inputs!$B$35/IF(Inputs!$B$4="pvp",15,MAX(0.1,Skills!D8-IF(Skills!E8=TRUE,Inputs!$B$31,0))))+1),0) | S41: =IFERROR(O41/N41,0)
A42: =Skills!A9 | B42: =Skills!B9 | C42: =Inputs!$B$3>=125 | D42: =IF(Skills!C9=1,60+Inputs!$B$24+Inputs!$B$28,IF(Skills!C9=2,90+Inputs!$B$25+Inputs!$B$28,IF(Skills!C9=3,120+Inputs!$B$26+Inputs!$B$28,MAX(0,(Inputs!$B$3-100)*3)+Inputs!$B$27+Inputs!$B$28))) | E42: =INDEX(FactorTable!$B$2:$Y$301, MATCH(ROUND(MIN(300,MAX(1,D42)),0), FactorTable!$A$2:$A$301,0), Skills!M9+1) | F42: =IF(Skills!N9=TRUE,(Skills!L9/10)*(E42/1000),Skills!L9/10)+Skills!O9 | G42: =Skills!G9*IF(Skills!H9>0,Skills!I9/Skills!H9,1) | H42: =1-(1-Skills!J9/100)^Skills!K9 | I42: 1 | J42: =(Inputs!$B$5*(1+Inputs!$B$6/100))*(F42/100) | K42: =J42*(1+(((Inputs!$B$11+1)*(1+Inputs!$B$12/100))*0.01+Inputs!$B$13*0.0025)/100)*(1+Inputs!$B$14/100)*(1+IF(Inputs!$B$4="pvp",0,(1-Summary!$B$55)*(Inputs!$B$19+0+Skills!P9)+Summary!$B$55*(Inputs!$B$20+Skills!Q9))/100)*(1+Inputs!$B$15/100)*(5000/(6000+Inputs!$B$7*(1-(Inputs!$B$18+0)/100)))*(1+(Inputs!$B$23+0+B66)/100)*(1+(IF(Skills!A9="BLAST",Inputs!$B$16+((C54=TRUE)*(F54-Calc!F21)),Inputs!$B$17+((C56=TRUE)*(F56-Calc!F23))))/100)*((1+(((C46=TRUE)*F46*MIN(1,Skills!T13*(Skills!J13/100)*B64))+((C51=TRUE)*F51*IF(AND(Inputs!$B$4<>"pvp",Inputs!$B$35>0),(((S51-1)*(Skills!T18*(1+Inputs!$B$33/100))+MIN((Skills!T18*(1+Inputs!$B$33/100)),MAX(0,Inputs!$B$35-((S51-1)*Skills!D18))))/Inputs!$B$35),IF(Inputs!$B$4="pvp",MIN((Skills!T18*(1+Inputs!$B$33/100)),15)/15,(Skills!T18*(1+Inputs!$B$33/100))/Skills!D18)))+0)/100)*I42) | L42: =K42*(MIN(Inputs!$B$21+((C55=TRUE)*(F55-Calc!F22)),Inputs!$B$22+((C57=TRUE)*(F57-Calc!F24)))/100+(Inputs!$B$22+((C57=TRUE)*(F57-Calc!F24)))/100)/2 | M42: =L42*(1+(Inputs!$B$9+0+B65)/100) | N42: =L42*(1-MIN((Inputs!$B$8+0+B60),100)/100)+M42*(MIN((Inputs!$B$8+0+B60),100)/100) | O42: =IF(C42,H42*N42*IF(AND(Inputs!$B$4<>"pvp",Inputs!$B$35>0),((Skills!G9*((R42-1)*IF(Skills!H9>0,Skills!I9/Skills!H9,1)+IF(Skills!H9>0,MIN(Skills!I9,MAX(0,Inputs!$B$35-((R42-1)*IF(Inputs!$B$4="pvp",15,MAX(0.1,Skills!D9-IF(Skills!E9=TRUE,Inputs!$B$31,0))))))/Skills!H9,1)))/Inputs!$B$35),G42*Q42)*IF(Inputs!$B$4="pvp",1,(1-Summary!$B$55)*(1)+Summary!$B$55*(MIN(Skills!R9,Inputs!$B$37))),0) | P42: =IF(B68=0,0,O42/B68) | Q42: =IFERROR(1/IF(Inputs!$B$4="pvp",15,MAX(0.1,Skills!D9-IF(Skills!E9=TRUE,Inputs!$B$31,0))),0) | R42: =IF(AND(Inputs!$B$4<>"pvp",Inputs!$B$35>0),(INT(Inputs!$B$35/IF(Inputs!$B$4="pvp",15,MAX(0.1,Skills!D9-IF(Skills!E9=TRUE,Inputs!$B$31,0))))+1),0) | S42: =IFERROR(O42/N42,0)
A43: =Skills!A10 | B43: =Skills!B10 | C43: =Inputs!$B$3>=117 | D43: =IF(Skills!C10=1,60+Inputs!$B$24+Inputs!$B$28,IF(Skills!C10=2,90+Inputs!$B$25+Inputs!$B$28,IF(Skills!C10=3,120+Inputs!$B$26+Inputs!$B$28,MAX(0,(Inputs!$B$3-100)*3)+Inputs!$B$27+Inputs!$B$28))) | E43: =INDEX(FactorTable!$B$2:$Y$301, MATCH(ROUND(MIN(300,MAX(1,D43)),0), FactorTable!$A$2:$A$301,0), Skills!M10+1) | F43: =IF(Skills!N10=TRUE,(Skills!L10/10)*(E43/1000),Skills!L10/10)+Skills!O10 | G43: =Skills!G10*IF(Skills!H10>0,Skills!I10/Skills!H10,1) | H43: =1-(1-Skills!J10/100)^Skills!K10 | I43: 1 | J43: =(Inputs!$B$5*(1+Inputs!$B$6/100))*(F43/100) | K43: =J43*(1+(((Inputs!$B$11+1)*(1+Inputs!$B$12/100))*0.01+Inputs!$B$13*0.0025)/100)*(1+Inputs!$B$14/100)*(1+IF(Inputs!$B$4="pvp",0,(1-Summary!$B$55)*(Inputs!$B$19+0+Skills!P10)+Summary!$B$55*(Inputs!$B$20+Skills!Q10))/100)*(1+Inputs!$B$15/100)*(5000/(6000+Inputs!$B$7*(1-(Inputs!$B$18+0)/100)))*(1+(Inputs!$B$23+0+B66)/100)*(1+(IF(Skills!A10="BLAST",Inputs!$B$16+((C54=TRUE)*(F54-Calc!F21)),Inputs!$B$17+((C56=TRUE)*(F56-Calc!F23))))/100)*((1+(((C46=TRUE)*F46*MIN(1,Skills!T13*(Skills!J13/100)*B64))+((C51=TRUE)*F51*IF(AND(Inputs!$B$4<>"pvp",Inputs!$B$35>0),(((S51-1)*(Skills!T18*(1+Inputs!$B$33/100))+MIN((Skills!T18*(1+Inputs!$B$33/100)),MAX(0,Inputs!$B$35-((S51-1)*Skills!D18))))/Inputs!$B$35),IF(Inputs!$B$4="pvp",MIN((Skills!T18*(1+Inputs!$B$33/100)),15)/15,(Skills!T18*(1+Inputs!$B$33/100))/Skills!D18)))+0)/100)*I43) | L43: =K43*(MIN(Inputs!$B$21+((C55=TRUE)*(F55-Calc!F22)),Inputs!$B$22+((C57=TRUE)*(F57-Calc!F24)))/100+(Inputs!$B$22+((C57=TRUE)*(F57-Calc!F24)))/100)/2 | M43: =L43*(1+(Inputs!$B$9+0+B65)/100) | N43: =L43*(1-MIN((Inputs!$B$8+0+B60),100)/100)+M43*(MIN((Inputs!$B$8+0+B60),100)/100) | O43: =IF(C43,H43*N43*IF(AND(Inputs!$B$4<>"pvp",Inputs!$B$35>0),((Skills!G10*((R43-1)*IF(Skills!H10>0,Skills!I10/Skills!H10,1)+IF(Skills!H10>0,MIN(Skills!I10,MAX(0,Inputs!$B$35-((R43-1)*IF(Inputs!$B$4="pvp",15,MAX(0.1,Skills!D10-IF(Skills!E10=TRUE,Inputs!$B$31,0))))))/Skills!H10,1)))/Inputs!$B$35),G43*Q43)*IF(Inputs!$B$4="pvp",1,(1-Summary!$B$55)*(1)+Summary!$B$55*(MIN(Skills!R10,Inputs!$B$37))),0) | P43: =IF(B68=0,0,O43/B68) | Q43: =IFERROR(1/IF(Inputs!$B$4="pvp",15,MAX(0.1,Skills!D10-IF(Skills!E10=TRUE,Inputs!$B$31,0))),0) | R43: =IF(AND(Inputs!$B$4<>"pvp",Inputs!$B$35>0),(INT(Inputs!$B$35/IF(Inputs!$B$4="pvp",15,MAX(0.1,Skills!D10-IF(Skills!E10=TRUE,Inputs!$B$31,0))))+1),0) | S43: =IFERROR(O43/N43,0)
A44: =Skills!A11 | B44: =Skills!B11 | C44: =Inputs!$B$3>=63 | D44: =IF(Skills!C11=1,60+Inputs!$B$24+Inputs!$B$28,IF(Skills!C11=2,90+Inputs!$B$25+Inputs!$B$28,IF(Skills!C11=3,120+Inputs!$B$26+Inputs!$B$28,MAX(0,(Inputs!$B$3-100)*3)+Inputs!$B$27+Inputs!$B$28))) | E44: =INDEX(FactorTable!$B$2:$Y$301, MATCH(ROUND(MIN(300,MAX(1,D44)),0), FactorTable!$A$2:$A$301,0), Skills!M11+1) | F44: =IF(Skills!N11=TRUE,(Skills!L11/10)*(E44/1000),Skills!L11/10)+Skills!O11 | G44: =Skills!G11*IF(Skills!H11>0,Skills!I11/Skills!H11,1) | H44: =1-(1-Skills!J11/100)^Skills!K11 | I44: 1 | J44: =(Inputs!$B$5*(1+Inputs!$B$6/100))*(F44/100) | K44: =J44*(1+(((Inputs!$B$11+1)*(1+Inputs!$B$12/100))*0.01+Inputs!$B$13*0.0025)/100)*(1+Inputs!$B$14/100)*(1+IF(Inputs!$B$4="pvp",0,(1-Summary!$B$55)*(Inputs!$B$19+0+Skills!P11)+Summary!$B$55*(Inputs!$B$20+Skills!Q11))/100)*(1+Inputs!$B$15/100)*(5000/(6000+Inputs!$B$7*(1-(Inputs!$B$18+0)/100)))*(1+(Inputs!$B$23+0+B66)/100)*(1+1.5*IF(C45=TRUE,F45,0)/100)*(1+(IF(Skills!A11="BLAST",Inputs!$B$16+((C54=TRUE)*(F54-Calc!F21)),Inputs!$B$17+((C56=TRUE)*(F56-Calc!F23))))/100)*((1+(((C46=TRUE)*F46*MIN(1,Skills!T13*(Skills!J13/100)*B64))+((C51=TRUE)*F51*IF(AND(Inputs!$B$4<>"pvp",Inputs!$B$35>0),(((S51-1)*(Skills!T18*(1+Inputs!$B$33/100))+MIN((Skills!T18*(1+Inputs!$B$33/100)),MAX(0,Inputs!$B$35-((S51-1)*Skills!D18))))/Inputs!$B$35),IF(Inputs!$B$4="pvp",MIN((Skills!T18*(1+Inputs!$B$33/100)),15)/15,(Skills!T18*(1+Inputs!$B$33/100))/Skills!D18)))+0)/100)*I44) | L44: =K44*(MIN(Inputs!$B$21+((C55=TRUE)*(F55-Calc!F22)),Inputs!$B$22+((C57=TRUE)*(F57-Calc!F24)))/100+(Inputs!$B$22+((C57=TRUE)*(F57-Calc!F24)))/100)/2 | M44: =L44*(1+(Inputs!$B$9+0+B65)/100) | N44: =L44*(1-MIN((Inputs!$B$8+0+B60),100)/100)+M44*(MIN((Inputs!$B$8+0+B60),100)/100) | O44: =IF(C44,H44*N44*IF(AND(Inputs!$B$4<>"pvp",Inputs!$B$35>0),((Skills!G11*((R44-1)*IF(Skills!H11>0,Skills!I11/Skills!H11,1)+IF(Skills!H11>0,MIN(Skills!I11,MAX(0,Inputs!$B$35-((R44-1)*IF(Inputs!$B$4="pvp",15,MAX(0.1,Skills!D11-IF(Skills!E11=TRUE,Inputs!$B$31,0))))))/Skills!H11,1)))/Inputs!$B$35),G44*Q44)*IF(Inputs!$B$4="pvp",1,(1-Summary!$B$55)*(1)+Summary!$B$55*(MIN(Skills!R11,Inputs!$B$37))),0) | P44: =IF(B68=0,0,O44/B68) | Q44: =IFERROR(1/IF(Inputs!$B$4="pvp",15,MAX(0.1,Skills!D11-IF(Skills!E11=TRUE,Inputs!$B$31,0))),0) | R44: =IF(AND(Inputs!$B$4<>"pvp",Inputs!$B$35>0),(INT(Inputs!$B$35/IF(Inputs!$B$4="pvp",15,MAX(0.1,Skills!D11-IF(Skills!E11=TRUE,Inputs!$B$31,0))))+1),0) | S44: =IFERROR(O44/N44,0)
A45: =Skills!A12 | B45: =Skills!B12 | C45: =Inputs!$B$3>=100 | D45: =IF(Skills!C12=1,60+Inputs!$B$24+Inputs!$B$28,IF(Skills!C12=2,90+Inputs!$B$25+Inputs!$B$28,IF(Skills!C12=3,120+Inputs!$B$26+Inputs!$B$28,MAX(0,(Inputs!$B$3-100)*3)+Inputs!$B$27+Inputs!$B$28))) | E45: =INDEX(FactorTable!$B$2:$Y$301, MATCH(ROUND(MIN(300,MAX(1,D45)),0), FactorTable!$A$2:$A$301,0), Skills!M12+1) | F45: =IF(Skills!N12=TRUE,(Skills!L12/10)*(E45/1000),Skills!L12/10)+Skills!O12 | I45: 1
A46: =Skills!A13 | B46: =Skills!B13 | C46: =Inputs!$B$3>=45 | D46: =IF(Skills!C13=1,60+Inputs!$B$24+Inputs!$B$28,IF(Skills!C13=2,90+Inputs!$B$25+Inputs!$B$28,IF(Skills!C13=3,120+Inputs!$B$26+Inputs!$B$28,MAX(0,(Inputs!$B$3-100)*3)+Inputs!$B$27+Inputs!$B$28))) | E46: =INDEX(FactorTable!$B$2:$Y$301, MATCH(ROUND(MIN(300,MAX(1,D46)),0), FactorTable!$A$2:$A$301,0), Skills!M13+1) | F46: =IF(Skills!N13=TRUE,(Skills!L13/10)*(E46/1000),Skills!L13/10)+Skills!O13 | G46: =Skills!G13*IF(Skills!H13>0,Skills!I13/Skills!H13,1) | H46: =1-(1-Skills!J13/100)^Skills!K13 | I46: 1 | O46: 0 | P46: =IF(B68=0,0,O46/B68) | Q46: 0 | R46: 0 | S46: =IFERROR(O46/N46,0)
A47: =Skills!A14 | B47: =Skills!B14 | C47: =Inputs!$B$3>=110 | D47: =IF(Skills!C14=1,60+Inputs!$B$24+Inputs!$B$28,IF(Skills!C14=2,90+Inputs!$B$25+Inputs!$B$28,IF(Skills!C14=3,120+Inputs!$B$26+Inputs!$B$28,MAX(0,(Inputs!$B$3-100)*3)+Inputs!$B$27+Inputs!$B$28))) | E47: =INDEX(FactorTable!$B$2:$Y$301, MATCH(ROUND(MIN(300,MAX(1,D47)),0), FactorTable!$A$2:$A$301,0), Skills!M14+1) | F47: =IF(Skills!N14=TRUE,(Skills!L14/10)*(E47/1000),Skills!L14/10)+Skills!O14 | G47: =Skills!G14*IF(Skills!H14>0,Skills!I14/Skills!H14,1) | H47: =1-(1-Skills!J14/100)^Skills!K14 | I47: 1 | O47: 0 | P47: =IF(B68=0,0,O47/B68) | Q47: 0 | R47: 0 | S47: =IFERROR(O47/N47,0)
A48: =Skills!A15 | B48: =Skills!B15 | C48: =Inputs!$B$3>=75 | D48: =IF(Skills!C15=1,60+Inputs!$B$24+Inputs!$B$28,IF(Skills!C15=2,90+Inputs!$B$25+Inputs!$B$28,IF(Skills!C15=3,120+Inputs!$B$26+Inputs!$B$28,MAX(0,(Inputs!$B$3-100)*3)+Inputs!$B$27+Inputs!$B$28))) | E48: =INDEX(FactorTable!$B$2:$Y$301, MATCH(ROUND(MIN(300,MAX(1,D48)),0), FactorTable!$A$2:$A$301,0), Skills!M15+1) | F48: =IF(Skills!N15=TRUE,(Skills!L15/10)*(E48/1000),Skills!L15/10)+Skills!O15 | G48: =Skills!G15*IF(Skills!H15>0,Skills!I15/Skills!H15,1) | H48: =1-(1-Skills!J15/100)^Skills!K15 | I48: 1 | O48: 0 | P48: =IF(B68=0,0,O48/B68) | Q48: =IFERROR(1/IF(Inputs!$B$4="pvp",15,MAX(0.1,Skills!D15-IF(Skills!E15=TRUE,Inputs!$B$31,0))),0) | R48: =IF(AND(Inputs!$B$4<>"pvp",Inputs!$B$35>0),(INT(Inputs!$B$35/IF(Inputs!$B$4="pvp",15,MAX(0.1,Skills!D15-IF(Skills!E15=TRUE,Inputs!$B$31,0))))+1),0) | S48: =IFERROR(O48/N48,0)
A49: =Skills!A16 | B49: =Skills!B16 | C49: =Inputs!$B$3>=105 | D49: =IF(Skills!C16=1,60+Inputs!$B$24+Inputs!$B$28,IF(Skills!C16=2,90+Inputs!$B$25+Inputs!$B$28,IF(Skills!C16=3,120+Inputs!$B$26+Inputs!$B$28,MAX(0,(Inputs!$B$3-100)*3)+Inputs!$B$27+Inputs!$B$28))) | E49: =INDEX(FactorTable!$B$2:$Y$301, MATCH(ROUND(MIN(300,MAX(1,D49)),0), FactorTable!$A$2:$A$301,0), Skills!M16+1) | F49: =IF(Skills!N16=TRUE,(Skills!L16/10)*(E49/1000),Skills!L16/10)+Skills!O16 | G49: =Skills!G16*IF(Skills!H16>0,Skills!I16/Skills!H16,1) | H49: =1-(1-Skills!J16/100)^Skills!K16 | I49: 1 | O49: 0 | P49: =IF(B68=0,0,O49/B68) | Q49: =IFERROR(1/IF(Inputs!$B$4="pvp",15,MAX(0.1,Skills!D16-IF(Skills!E16=TRUE,Inputs!$B$31,0))),0) | R49: =IF(AND(Inputs!$B$4<>"pvp",Inputs!$B$35>0),(INT(Inputs!$B$35/IF(Inputs!$B$4="pvp",15,MAX(0.1,Skills!D16-IF(Skills!E16=TRUE,Inputs!$B$31,0))))+1),0) | S49: =IFERROR(O49/N49,0)
A50: =Skills!A17 | B50: =Skills!B17 | C50: =Inputs!$B$3>=115 | D50: =IF(Skills!C17=1,60+Inputs!$B$24+Inputs!$B$28,IF(Skills!C17=2,90+Inputs!$B$25+Inputs!$B$28,IF(Skills!C17=3,120+Inputs!$B$26+Inputs!$B$28,MAX(0,(Inputs!$B$3-100)*3)+Inputs!$B$27+Inputs!$B$28))) | E50: =INDEX(FactorTable!$B$2:$Y$301, MATCH(ROUND(MIN(300,MAX(1,D50)),0), FactorTable!$A$2:$A$301,0), Skills!M17+1) | F50: =IF(Skills!N17=TRUE,(Skills!L17/10)*(E50/1000),Skills!L17/10)+Skills!O17 | G50: =Skills!G17*IF(Skills!H17>0,Skills!I17/Skills!H17,1) | H50: =1-(1-Skills!J17/100)^Skills!K17 | I50: 1 | O50: 0 | P50: =IF(B68=0,0,O50/B68) | Q50: =IFERROR(1/IF(Inputs!$B$4="pvp",15,MAX(0.1,Skills!D17-IF(Skills!E17=TRUE,Inputs!$B$31,0))),0) | R50: =IF(AND(Inputs!$B$4<>"pvp",Inputs!$B$35>0),(INT(Inputs!$B$35/IF(Inputs!$B$4="pvp",15,MAX(0.1,Skills!D17-IF(Skills!E17=TRUE,Inputs!$B$31,0))))+1),0) | S50: =IFERROR(O50/N50,0)
A51: =Skills!A18 | B51: =Skills!B18 | C51: =Inputs!$B$3>=74 | D51: =IF(Skills!C18=1,60+Inputs!$B$24+Inputs!$B$28,IF(Skills!C18=2,90+Inputs!$B$25+Inputs!$B$28,IF(Skills!C18=3,120+Inputs!$B$26+Inputs!$B$28,MAX(0,(Inputs!$B$3-100)*3)+Inputs!$B$27+Inputs!$B$28))) | E51: =INDEX(FactorTable!$B$2:$Y$301, MATCH(ROUND(MIN(300,MAX(1,D51)),0), FactorTable!$A$2:$A$301,0), Skills!M18+1) | F51: =IF(Skills!N18=TRUE,(Skills!L18/10)*(E51/1000),Skills!L18/10)+Skills!O18 | G51: =Skills!G18*IF(Skills!H18>0,Skills!I18/Skills!H18,1) | H51: =1-(1-Skills!J18/100)^Skills!K18 | I51: 1 | O51: 0 | P51: =IF(B68=0,0,O51/B68) | Q51: =IFERROR(1/IF(Inputs!$B$4="pvp",15,MAX(0.1,Skills!D18-IF(Skills!E18=TRUE,Inputs!$B$31,0))),0) | R51: =IF(AND(Inputs!$B$4<>"pvp",Inputs!$B$35>0),(INT(Inputs!$B$35/IF(Inputs!$B$4="pvp",15,MAX(0.1,Skills!D18-IF(Skills!E18=TRUE,Inputs!$B$31,0))))+1),0) | S51: =IFERROR(O51/N51,0)
A52: =Skills!A19 | B52: =Skills!B19 | C52: =TRUE | D52: =IF(Skills!C19=1,60+Inputs!$B$24+Inputs!$B$28,IF(Skills!C19=2,90+Inputs!$B$25+Inputs!$B$28,IF(Skills!C19=3,120+Inputs!$B$26+Inputs!$B$28,MAX(0,(Inputs!$B$3-100)*3)+Inputs!$B$27+Inputs!$B$28))) | E52: =INDEX(FactorTable!$B$2:$Y$301, MATCH(ROUND(MIN(300,MAX(1,D52)),0), FactorTable!$A$2:$A$301,0), Skills!M19+1) | F52: =IF(Skills!N19=TRUE,(Skills!L19/10)*(E52/1000),Skills!L19/10)+Skills!O19 | G52: =Skills!G19*IF(Skills!H19>0,Skills!I19/Skills!H19,1) | H52: =1-(1-Skills!J19/100)^Skills!K19 | I52: 1 | O52: 0 | P52: =IF(B68=0,0,O52/B68) | Q52: =IFERROR(1/IF(Inputs!$B$4="pvp",15,MAX(0.1,Skills!D19-IF(Skills!E19=TRUE,Inputs!$B$31,0))),0) | R52: =IF(AND(Inputs!$B$4<>"pvp",Inputs!$B$35>0),(INT(Inputs!$B$35/IF(Inputs!$B$4="pvp",15,MAX(0.1,Skills!D19-IF(Skills!E19=TRUE,Inputs!$B$31,0))))+1),0) | S52: =IFERROR(O52/N52,0)
A53: =Skills!A20 | B53: =Skills!B20 | C53: =Inputs!$B$3>=33 | D53: =IF(Skills!C20=1,60+Inputs!$B$24+Inputs!$B$28,IF(Skills!C20=2,90+Inputs!$B$25+Inputs!$B$28,IF(Skills!C20=3,120+Inputs!$B$26+Inputs!$B$28,MAX(0,(Inputs!$B$3-100)*3)+Inputs!$B$27+Inputs!$B$28))) | E53: =INDEX(FactorTable!$B$2:$Y$301, MATCH(ROUND(MIN(300,MAX(1,D53)),0), FactorTable!$A$2:$A$301,0), Skills!M20+1) | F53: =IF(Skills!N20=TRUE,(Skills!L20/10)*(E53/1000),Skills!L20/10)+Skills!O20 | G53: =Skills!G20*IF(Skills!H20>0,Skills!I20/Skills!H20,1) | H53: =1-(1-Skills!J20/100)^Skills!K20 | I53: 1 | O53: 0 | P53: =IF(B68=0,0,O53/B68) | Q53: 0 | R53: 0 | S53: =IFERROR(O53/N53,0)
A54: =Skills!A21 | B54: =Skills!B21 | C54: =Inputs!$B$3>=38 | D54: =IF(Skills!C21=1,60+Inputs!$B$24+Inputs!$B$28,IF(Skills!C21=2,90+Inputs!$B$25+Inputs!$B$28,IF(Skills!C21=3,120+Inputs!$B$26+Inputs!$B$28,MAX(0,(Inputs!$B$3-100)*3)+Inputs!$B$27+Inputs!$B$28))) | E54: =INDEX(FactorTable!$B$2:$Y$301, MATCH(ROUND(MIN(300,MAX(1,D54)),0), FactorTable!$A$2:$A$301,0), Skills!M21+1) | F54: =IF(Skills!N21=TRUE,(Skills!L21/10)*(E54/1000),Skills!L21/10)+Skills!O21 | G54: =Skills!G21*IF(Skills!H21>0,Skills!I21/Skills!H21,1) | H54: =1-(1-Skills!J21/100)^Skills!K21 | I54: 1 | O54: 0 | P54: =IF(B68=0,0,O54/B68) | Q54: 0 | R54: 0 | S54: =IFERROR(O54/N54,0)
A55: =Skills!A22 | B55: =Skills!B22 | C55: =Inputs!$B$3>=43 | D55: =IF(Skills!C22=1,60+Inputs!$B$24+Inputs!$B$28,IF(Skills!C22=2,90+Inputs!$B$25+Inputs!$B$28,IF(Skills!C22=3,120+Inputs!$B$26+Inputs!$B$28,MAX(0,(Inputs!$B$3-100)*3)+Inputs!$B$27+Inputs!$B$28))) | E55: =INDEX(FactorTable!$B$2:$Y$301, MATCH(ROUND(MIN(300,MAX(1,D55)),0), FactorTable!$A$2:$A$301,0), Skills!M22+1) | F55: =IF(Skills!N22=TRUE,(Skills!L22/10)*(E55/1000),Skills!L22/10)+Skills!O22 | G55: =Skills!G22*IF(Skills!H22>0,Skills!I22/Skills!H22,1) | H55: =1-(1-Skills!J22/100)^Skills!K22 | I55: 1 | O55: 0 | P55: =IF(B68=0,0,O55/B68) | Q55: 0 | R55: 0 | S55: =IFERROR(O55/N55,0)
A56: =Skills!A23 | B56: =Skills!B23 | C56: =Inputs!$B$3>=120 | D56: =IF(Skills!C23=1,60+Inputs!$B$24+Inputs!$B$28,IF(Skills!C23=2,90+Inputs!$B$25+Inputs!$B$28,IF(Skills!C23=3,120+Inputs!$B$26+Inputs!$B$28,MAX(0,(Inputs!$B$3-100)*3)+Inputs!$B$27+Inputs!$B$28))) | E56: =INDEX(FactorTable!$B$2:$Y$301, MATCH(ROUND(MIN(300,MAX(1,D56)),0), FactorTable!$A$2:$A$301,0), Skills!M23+1) | F56: =IF(Skills!N23=TRUE,(Skills!L23/10)*(E56/1000),Skills!L23/10)+Skills!O23 | G56: =Skills!G23*IF(Skills!H23>0,Skills!I23/Skills!H23,1) | H56: =1-(1-Skills!J23/100)^Skills!K23 | I56: 1 | O56: 0 | P56: =IF(B68=0,0,O56/B68) | Q56: 0 | R56: 0 | S56: =IFERROR(O56/N56,0)
A57: =Skills!A24 | B57: =Skills!B24 | C57: =Inputs!$B$3>=120 | D57: =IF(Skills!C24=1,60+Inputs!$B$24+Inputs!$B$28,IF(Skills!C24=2,90+Inputs!$B$25+Inputs!$B$28,IF(Skills!C24=3,120+Inputs!$B$26+Inputs!$B$28,MAX(0,(Inputs!$B$3-100)*3)+Inputs!$B$27+Inputs!$B$28))) | E57: =INDEX(FactorTable!$B$2:$Y$301, MATCH(ROUND(MIN(300,MAX(1,D57)),0), FactorTable!$A$2:$A$301,0), Skills!M24+1) | F57: =IF(Skills!N24=TRUE,(Skills!L24/10)*(E57/1000),Skills!L24/10)+Skills!O24 | G57: =Skills!G24*IF(Skills!H24>0,Skills!I24/Skills!H24,1) | H57: =1-(1-Skills!J24/100)^Skills!K24 | I57: 1 | O57: 0 | P57: =IF(B68=0,0,O57/B68) | Q57: 0 | R57: 0 | S57: =IFERROR(O57/N57,0)
A59: Attack% Bucket Multiplier | B59: =(1+(((C46=TRUE)*F46*MIN(1,Skills!T13*(Skills!J13/100)*B64))+((C51=TRUE)*F51*IF(AND(Inputs!$B$4<>"pvp",Inputs!$B$35>0),(((S51-1)*(Skills!T18*(1+Inputs!$B$33/100))+MIN((Skills!T18*(1+Inputs!$B$33/100)),MAX(0,Inputs!$B$35-((S51-1)*Skills!D18))))/Inputs!$B$35),IF(Inputs!$B$4="pvp",MIN((Skills!T18*(1+Inputs!$B$33/100)),15)/15,(Skills!T18*(1+Inputs!$B$33/100))/Skills!D18)))+0)/100)
A60: Global Crit Rate Bonus % | B60: 0
A61: Attack Speed Buff Bonus % | B61: =((C52=TRUE)*F52*IF(AND(Inputs!$B$4<>"pvp",Inputs!$B$35>0),(((S52-1)*(Skills!T19*(1+Inputs!$B$33/100))+MIN((Skills!T19*(1+Inputs!$B$33/100)),MAX(0,Inputs!$B$35-((S52-1)*Skills!D19))))/Inputs!$B$35),IF(Inputs!$B$4="pvp",MIN((Skills!T19*(1+Inputs!$B$33/100)),15)/15,(Skills!T19*(1+Inputs!$B$33/100))/Skills!D19)))
A62: Actions Per Second | B62: =1+MIN(150,150*(1-(1-(Inputs!$B$10+((C53=TRUE)*(F53-Calc!F20)))/150)*(1-B61/150)))/100
A63: Skill + Buff Cast Rate | B63: =IF(AND(Inputs!$B$4<>"pvp",Inputs!$B$35>0),SUMPRODUCT((Skills!E2:E24=TRUE)*(C35:C57=TRUE)*R35:R57*Skills!F2:F24)/Inputs!$B$35,SUMPRODUCT((Skills!E2:E24=TRUE)*(C35:C57=TRUE)*Q35:Q57*Skills!F2:F24))
A64: Blast Casts Per Second | B64: =MAX(0,B62-B63)
A65: Global Critical Damage Bonus % (unused) | B65: 0
A66: Global Final Damage Bonus % (Divine Shield + Guardian + Divine Blessing + Greater Vessel of Light) | B66: =((C48=TRUE)*F48*IF(AND(Inputs!$B$4<>"pvp",Inputs!$B$35>0),(((S48-1)*(Skills!T15*(1+Inputs!$B$33/100))+MIN((Skills!T15*(1+Inputs!$B$33/100)),MAX(0,Inputs!$B$35-((S48-1)*Skills!D15))))/Inputs!$B$35),IF(Inputs!$B$4="pvp",MIN((Skills!T15*(1+Inputs!$B$33/100)),15)/15,(Skills!T15*(1+Inputs!$B$33/100))/Skills!D15)))+((C49=TRUE)*F49*IF(AND(Inputs!$B$4<>"pvp",Inputs!$B$35>0),(((S49-1)*(Skills!T16*(1+Inputs!$B$33/100))+MIN((Skills!T16*(1+Inputs!$B$33/100)),MAX(0,Inputs!$B$35-((S49-1)*Skills!D16))))/Inputs!$B$35),IF(Inputs!$B$4="pvp",MIN((Skills!T16*(1+Inputs!$B$33/100)),15)/15,(Skills!T16*(1+Inputs!$B$33/100))/Skills!D16)))+((C50=TRUE)*F50*IF(AND(Inputs!$B$4<>"pvp",Inputs!$B$35>0),(((S50-1)*(Skills!T17*(1+Inputs!$B$33/100))+MIN((Skills!T17*(1+Inputs!$B$33/100)),MAX(0,Inputs!$B$35-((S50-1)*Skills!D17))))/Inputs!$B$35),IF(Inputs!$B$4="pvp",MIN((Skills!T17*(1+Inputs!$B$33/100)),15)/15,(Skills!T17*(1+Inputs!$B$33/100))/Skills!D17)))+((C47=TRUE)*F47*MIN(1,Skills!T13*(Skills!J13/100)*B64))
A68: TOTAL DPS | B68: =SUM(O35:O57)
A71: Stat: STR %
A72: Key | B72: Name | C72: Unlocked | D72: InputLevel | E72: Factor | F72: CoefficientPercent | G72: EffectiveHits | H72: ProcProbability | I72: MapleHeroMultiplier | J72: BaseDamage | K72: BaseHitDamage | L72: NonCritAvg | M72: CritAvg | N72: ExpectedDamage(perHit) | O72: DPS | P72: % of Total | Q72: InvCooldown | R72: CastsInFight | S72: HitRate(perSec) | U72: helpers
A73: =Skills!A2 | B73: =Skills!B2 | C73: =Inputs!$B$3>=100 | F73: =U75+Skills!O2 | G73: =Skills!G2*IF(Skills!H2>0,Skills!I2/Skills!H2,1) | H73: =1-(1-Skills!J2/100)^Skills!K2 | I73: 1 | J73: =(Inputs!$B$5*(1+Inputs!$B$6/100))*(F73/100) | K73: =J73*(1+((Inputs!$B$11*(1+(Inputs!$B$12+1)/100))*0.01+Inputs!$B$13*0.0025)/100)*(1+Inputs!$B$14/100)*(1+IF(Inputs!$B$4="pvp",0,(1-Summary!$B$55)*(Inputs!$B$19+0+Skills!P2)+Summary!$B$55*(Inputs!$B$20+Skills!Q2))/100)*(1+Inputs!$B$15/100)*(5000/(6000+Inputs!$B$7*(1-(Inputs!$B$18+0)/100)))*(1+(Inputs!$B$23+0+B104)/100)*(1+(IF(Skills!A2="BLAST",Inputs!$B$16+((C92=TRUE)*(F92-Calc!F21)),Inputs!$B$17+((C94=TRUE)*(F94-Calc!F23))))/100)*((1+(((C84=TRUE)*F84*MIN(1,Skills!T13*(Skills!J13/100)*B102))+((C89=TRUE)*F89*IF(AND(Inputs!$B$4<>"pvp",Inputs!$B$35>0),(((S89-1)*(Skills!T18*(1+Inputs!$B$33/100))+MIN((Skills!T18*(1+Inputs!$B$33/100)),MAX(0,Inputs!$B$35-((S89-1)*Skills!D18))))/Inputs!$B$35),IF(Inputs!$B$4="pvp",MIN((Skills!T18*(1+Inputs!$B$33/100)),15)/15,(Skills!T18*(1+Inputs!$B$33/100))/Skills!D18)))+0)/100)*I73) | L73: =K73*(MIN(Inputs!$B$21+((C93=TRUE)*(F93-Calc!F22)),Inputs!$B$22+((C95=TRUE)*(F95-Calc!F24)))/100+(Inputs!$B$22+((C95=TRUE)*(F95-Calc!F24)))/100)/2 | M73: =L73*(1+(Inputs!$B$9+0+B103)/100) | N73: =L73*(1-MIN((Inputs!$B$8+0+B98),100)/100)+M73*(MIN((Inputs!$B$8+0+B98),100)/100) | O73: =IF(C73,Skills!G2*N73*B102*IF(Inputs!$B$4="pvp",1,(1-Summary!$B$55)*(1)+Summary!$B$55*(MIN((6+Inputs!$B$32),Inputs!$B$37))),0) | P73: =IF(B106=0,0,O73/B106) | Q73: 0 | R73: 0 | S73: =IFERROR(O73/N73,0) | U73: =MAX(0,(Inputs!$B$3-100)*3)+Inputs!$B$27+Inputs!$B$28
A74: =Skills!A3 | B74: =Skills!B3 | C74: =Inputs!$B$3>=50 | D74: =IF(Skills!C3=1,60+Inputs!$B$24+Inputs!$B$28,IF(Skills!C3=2,90+Inputs!$B$25+Inputs!$B$28,IF(Skills!C3=3,120+Inputs!$B$26+Inputs!$B$28,MAX(0,(Inputs!$B$3-100)*3)+Inputs!$B$27+Inputs!$B$28))) | E74: =INDEX(FactorTable!$B$2:$Y$301, MATCH(ROUND(MIN(300,MAX(1,D74)),0), FactorTable!$A$2:$A$301,0), Skills!M3+1) | F74: =IF(Skills!N3=TRUE,(Skills!L3/10)*(E74/1000),Skills!L3/10)+Skills!O3 | I74: 1 | U74: =INDEX(FactorTable!$B$2:$Y$301, MATCH(ROUND(MIN(300,MAX(1,U73)),0), FactorTable!$A$2:$A$301,0), 22)
A75: =Skills!A4 | B75: =Skills!B4 | C75: =Inputs!$B$3>=35 | D75: =IF(Skills!C4=1,60+Inputs!$B$24+Inputs!$B$28,IF(Skills!C4=2,90+Inputs!$B$25+Inputs!$B$28,IF(Skills!C4=3,120+Inputs!$B$26+Inputs!$B$28,MAX(0,(Inputs!$B$3-100)*3)+Inputs!$B$27+Inputs!$B$28))) | E75: =INDEX(FactorTable!$B$2:$Y$301, MATCH(ROUND(MIN(300,MAX(1,D75)),0), FactorTable!$A$2:$A$301,0), Skills!M4+1) | F75: =IF(Skills!N4=TRUE,(Skills!L4/10)*(E75/1000),Skills!L4/10)+Skills!O4 | G75: =Skills!G4*IF(Skills!H4>0,Skills!I4/Skills!H4,1) | H75: =1-(1-Skills!J4/100)^Skills!K4 | I75: 1 | J75: =(Inputs!$B$5*(1+Inputs!$B$6/100))*(F75/100) | K75: =J75*(1+((Inputs!$B$11*(1+(Inputs!$B$12+1)/100))*0.01+Inputs!$B$13*0.0025)/100)*(1+Inputs!$B$14/100)*(1+IF(Inputs!$B$4="pvp",0,(1-Summary!$B$55)*(Inputs!$B$19+0+Skills!P4)+Summary!$B$55*(Inputs!$B$20+Skills!Q4))/100)*(1+Inputs!$B$15/100)*(5000/(6000+Inputs!$B$7*(1-(Inputs!$B$18+0)/100)))*(1+(Inputs!$B$23+0+B104)/100)*(1+4.0*IF(C83=TRUE,F83,0)/100)*(1+(IF(Skills!A4="BLAST",Inputs!$B$16+((C92=TRUE)*(F92-Calc!F21)),Inputs!$B$17+((C94=TRUE)*(F94-Calc!F23))))/100)*((1+(((C84=TRUE)*F84*MIN(1,Skills!T13*(Skills!J13/100)*B102))+((C89=TRUE)*F89*IF(AND(Inputs!$B$4<>"pvp",Inputs!$B$35>0),(((S89-1)*(Skills!T18*(1+Inputs!$B$33/100))+MIN((Skills!T18*(1+Inputs!$B$33/100)),MAX(0,Inputs!$B$35-((S89-1)*Skills!D18))))/Inputs!$B$35),IF(Inputs!$B$4="pvp",MIN((Skills!T18*(1+Inputs!$B$33/100)),15)/15,(Skills!T18*(1+Inputs!$B$33/100))/Skills!D18)))+0)/100)*I75) | L75: =K75*(MIN(Inputs!$B$21+((C93=TRUE)*(F93-Calc!F22)),Inputs!$B$22+((C95=TRUE)*(F95-Calc!F24)))/100+(Inputs!$B$22+((C95=TRUE)*(F95-Calc!F24)))/100)/2 | M75: =L75*(1+(Inputs!$B$9+0+B103)/100) | N75: =L75*(1-MIN((Inputs!$B$8+0+B98),100)/100)+M75*(MIN((Inputs!$B$8+0+B98),100)/100) | O75: =IF(C75,H75*N75*IF(AND(Inputs!$B$4<>"pvp",Inputs!$B$35>0),((Skills!G4*((R75-1)*IF(Skills!H4>0,Skills!I4/Skills!H4,1)+IF(Skills!H4>0,MIN(Skills!I4,MAX(0,Inputs!$B$35-((R75-1)*IF(Inputs!$B$4="pvp",15,MAX(0.1,Skills!D4-IF(Skills!E4=TRUE,Inputs!$B$31,0))))))/Skills!H4,1)))/Inputs!$B$35),G75*Q75)*IF(Inputs!$B$4="pvp",1,(1-Summary!$B$55)*(1)+Summary!$B$55*(MIN(Skills!R4,Inputs!$B$37))),0) | P75: =IF(B106=0,0,O75/B106) | Q75: =IFERROR(1/IF(Inputs!$B$4="pvp",15,MAX(0.1,Skills!D4-IF(Skills!E4=TRUE,Inputs!$B$31,0))),0) | R75: =IF(AND(Inputs!$B$4<>"pvp",Inputs!$B$35>0),(INT(Inputs!$B$35/IF(Inputs!$B$4="pvp",15,MAX(0.1,Skills!D4-IF(Skills!E4=TRUE,Inputs!$B$31,0))))+1),0) | S75: =IFERROR(O75/N75,0) | U75: =290*U74/1000
A76: =Skills!A5 | B76: =Skills!B5 | C76: =Inputs!$B$3>=66 | D76: =IF(Skills!C5=1,60+Inputs!$B$24+Inputs!$B$28,IF(Skills!C5=2,90+Inputs!$B$25+Inputs!$B$28,IF(Skills!C5=3,120+Inputs!$B$26+Inputs!$B$28,MAX(0,(Inputs!$B$3-100)*3)+Inputs!$B$27+Inputs!$B$28))) | E76: =INDEX(FactorTable!$B$2:$Y$301, MATCH(ROUND(MIN(300,MAX(1,D76)),0), FactorTable!$A$2:$A$301,0), Skills!M5+1) | F76: =IF(Skills!N5=TRUE,(Skills!L5/10)*(E76/1000),Skills!L5/10)+Skills!O5 | G76: =Skills!G5*IF(Skills!H5>0,Skills!I5/Skills!H5,1) | H76: =1-(1-Skills!J5/100)^Skills!K5 | I76: 1 | J76: =(Inputs!$B$5*(1+Inputs!$B$6/100))*(F76/100) | K76: =J76*(1+((Inputs!$B$11*(1+(Inputs!$B$12+1)/100))*0.01+Inputs!$B$13*0.0025)/100)*(1+Inputs!$B$14/100)*(1+IF(Inputs!$B$4="pvp",0,(1-Summary!$B$55)*(Inputs!$B$19+0+Skills!P5)+Summary!$B$55*(Inputs!$B$20+Skills!Q5))/100)*(1+Inputs!$B$15/100)*(5000/(6000+Inputs!$B$7*(1-(Inputs!$B$18+0)/100)))*(1+(Inputs!$B$23+0+B104)/100)*(1+1.0*IF(C83=TRUE,F83,0)/100)*(1+(IF(Skills!A5="BLAST",Inputs!$B$16+((C92=TRUE)*(F92-Calc!F21)),Inputs!$B$17+((C94=TRUE)*(F94-Calc!F23))))/100)*((1+(((C84=TRUE)*F84*MIN(1,Skills!T13*(Skills!J13/100)*B102))+((C89=TRUE)*F89*IF(AND(Inputs!$B$4<>"pvp",Inputs!$B$35>0),(((S89-1)*(Skills!T18*(1+Inputs!$B$33/100))+MIN((Skills!T18*(1+Inputs!$B$33/100)),MAX(0,Inputs!$B$35-((S89-1)*Skills!D18))))/Inputs!$B$35),IF(Inputs!$B$4="pvp",MIN((Skills!T18*(1+Inputs!$B$33/100)),15)/15,(Skills!T18*(1+Inputs!$B$33/100))/Skills!D18)))+0)/100)*I76) | L76: =K76*(MIN(Inputs!$B$21+((C93=TRUE)*(F93-Calc!F22)),Inputs!$B$22+((C95=TRUE)*(F95-Calc!F24)))/100+(Inputs!$B$22+((C95=TRUE)*(F95-Calc!F24)))/100)/2 | M76: =L76*(1+(Inputs!$B$9+0+B103)/100) | N76: =L76*(1-MIN((Inputs!$B$8+0+B98),100)/100)+M76*(MIN((Inputs!$B$8+0+B98),100)/100) | O76: =IF(C76,H76*N76*IF(AND(Inputs!$B$4<>"pvp",Inputs!$B$35>0),((Skills!G5*((R76-1)*IF(Skills!H5>0,Skills!I5/Skills!H5,1)+IF(Skills!H5>0,MIN(Skills!I5,MAX(0,Inputs!$B$35-((R76-1)*IF(Inputs!$B$4="pvp",15,MAX(0.1,Skills!D5-IF(Skills!E5=TRUE,Inputs!$B$31,0))))))/Skills!H5,1)))/Inputs!$B$35),G76*Q76)*IF(Inputs!$B$4="pvp",1,(1-Summary!$B$55)*(1)+Summary!$B$55*(MIN(Skills!R5,Inputs!$B$37))),0) | P76: =IF(B106=0,0,O76/B106) | Q76: =IFERROR(1/IF(Inputs!$B$4="pvp",15,MAX(0.1,Skills!D5-IF(Skills!E5=TRUE,Inputs!$B$31,0))),0) | R76: =IF(AND(Inputs!$B$4<>"pvp",Inputs!$B$35>0),(INT(Inputs!$B$35/IF(Inputs!$B$4="pvp",15,MAX(0.1,Skills!D5-IF(Skills!E5=TRUE,Inputs!$B$31,0))))+1),0) | S76: =IFERROR(O76/N76,0)
A77: =Skills!A6 | B77: =Skills!B6 | C77: =Inputs!$B$3>=103 | D77: =IF(Skills!C6=1,60+Inputs!$B$24+Inputs!$B$28,IF(Skills!C6=2,90+Inputs!$B$25+Inputs!$B$28,IF(Skills!C6=3,120+Inputs!$B$26+Inputs!$B$28,MAX(0,(Inputs!$B$3-100)*3)+Inputs!$B$27+Inputs!$B$28))) | E77: =INDEX(FactorTable!$B$2:$Y$301, MATCH(ROUND(MIN(300,MAX(1,D77)),0), FactorTable!$A$2:$A$301,0), Skills!M6+1) | F77: =IF(Skills!N6=TRUE,(Skills!L6/10)*(E77/1000),Skills!L6/10)+Skills!O6 | G77: =Skills!G6*IF(Skills!H6>0,Skills!I6/Skills!H6,1) | H77: =1-(1-Skills!J6/100)^Skills!K6 | I77: 1 | J77: =(Inputs!$B$5*(1+Inputs!$B$6/100))*(F77/100) | K77: =J77*(1+((Inputs!$B$11*(1+(Inputs!$B$12+1)/100))*0.01+Inputs!$B$13*0.0025)/100)*(1+Inputs!$B$14/100)*(1+IF(Inputs!$B$4="pvp",0,(1-Summary!$B$55)*(Inputs!$B$19+0+Skills!P6)+Summary!$B$55*(Inputs!$B$20+Skills!Q6))/100)*(1+Inputs!$B$15/100)*(5000/(6000+Inputs!$B$7*(1-(Inputs!$B$18+0)/100)))*(1+(Inputs!$B$23+0+B104)/100)*(1+(IF(Skills!A6="BLAST",Inputs!$B$16+((C92=TRUE)*(F92-Calc!F21)),Inputs!$B$17+((C94=TRUE)*(F94-Calc!F23))))/100)*((1+(((C84=TRUE)*F84*MIN(1,Skills!T13*(Skills!J13/100)*B102))+((C89=TRUE)*F89*IF(AND(Inputs!$B$4<>"pvp",Inputs!$B$35>0),(((S89-1)*(Skills!T18*(1+Inputs!$B$33/100))+MIN((Skills!T18*(1+Inputs!$B$33/100)),MAX(0,Inputs!$B$35-((S89-1)*Skills!D18))))/Inputs!$B$35),IF(Inputs!$B$4="pvp",MIN((Skills!T18*(1+Inputs!$B$33/100)),15)/15,(Skills!T18*(1+Inputs!$B$33/100))/Skills!D18)))+0)/100)*I77) | L77: =K77*(MIN(Inputs!$B$21+((C93=TRUE)*(F93-Calc!F22)),Inputs!$B$22+((C95=TRUE)*(F95-Calc!F24)))/100+(Inputs!$B$22+((C95=TRUE)*(F95-Calc!F24)))/100)/2 | M77: =L77*(1+(Inputs!$B$9+0+B103)/100) | N77: =L77*(1-MIN((Inputs!$B$8+0+B98),100)/100)+M77*(MIN((Inputs!$B$8+0+B98),100)/100) | O77: =IF(C77,H77*N77*IF(AND(Inputs!$B$4<>"pvp",Inputs!$B$35>0),((Skills!G6*((R77-1)*IF(Skills!H6>0,Skills!I6/Skills!H6,1)+IF(Skills!H6>0,MIN(Skills!I6,MAX(0,Inputs!$B$35-((R77-1)*IF(Inputs!$B$4="pvp",15,MAX(0.1,Skills!D6-IF(Skills!E6=TRUE,Inputs!$B$31,0))))))/Skills!H6,1)))/Inputs!$B$35),G77*Q77)*IF(Inputs!$B$4="pvp",1,(1-Summary!$B$55)*(1)+Summary!$B$55*(MIN(Skills!R6,Inputs!$B$37))),0) | P77: =IF(B106=0,0,O77/B106) | Q77: =IFERROR(1/IF(Inputs!$B$4="pvp",15,MAX(0.1,Skills!D6-IF(Skills!E6=TRUE,Inputs!$B$31,0))),0) | R77: =IF(AND(Inputs!$B$4<>"pvp",Inputs!$B$35>0),(INT(Inputs!$B$35/IF(Inputs!$B$4="pvp",15,MAX(0.1,Skills!D6-IF(Skills!E6=TRUE,Inputs!$B$31,0))))+1),0) | S77: =IFERROR(O77/N77,0)
A78: =Skills!A7 | B78: =Skills!B7 | C78: =Inputs!$B$3>=107 | D78: =IF(Skills!C7=1,60+Inputs!$B$24+Inputs!$B$28,IF(Skills!C7=2,90+Inputs!$B$25+Inputs!$B$28,IF(Skills!C7=3,120+Inputs!$B$26+Inputs!$B$28,MAX(0,(Inputs!$B$3-100)*3)+Inputs!$B$27+Inputs!$B$28))) | E78: =INDEX(FactorTable!$B$2:$Y$301, MATCH(ROUND(MIN(300,MAX(1,D78)),0), FactorTable!$A$2:$A$301,0), Skills!M7+1) | F78: =IF(Skills!N7=TRUE,(Skills!L7/10)*(E78/1000),Skills!L7/10)+Skills!O7 | G78: =Skills!G7*IF(Skills!H7>0,Skills!I7/Skills!H7,1) | H78: =1-(1-Skills!J7/100)^Skills!K7 | I78: 1 | J78: =(Inputs!$B$5*(1+Inputs!$B$6/100))*(F78/100) | K78: =J78*(1+((Inputs!$B$11*(1+(Inputs!$B$12+1)/100))*0.01+Inputs!$B$13*0.0025)/100)*(1+Inputs!$B$14/100)*(1+IF(Inputs!$B$4="pvp",0,(1-Summary!$B$55)*(Inputs!$B$19+0+Skills!P7)+Summary!$B$55*(Inputs!$B$20+Skills!Q7))/100)*(1+Inputs!$B$15/100)*(5000/(6000+Inputs!$B$7*(1-(Inputs!$B$18+0)/100)))*(1+(Inputs!$B$23+0+B104)/100)*(1+(IF(Skills!A7="BLAST",Inputs!$B$16+((C92=TRUE)*(F92-Calc!F21)),Inputs!$B$17+((C94=TRUE)*(F94-Calc!F23))))/100)*((1+(((C84=TRUE)*F84*MIN(1,Skills!T13*(Skills!J13/100)*B102))+((C89=TRUE)*F89*IF(AND(Inputs!$B$4<>"pvp",Inputs!$B$35>0),(((S89-1)*(Skills!T18*(1+Inputs!$B$33/100))+MIN((Skills!T18*(1+Inputs!$B$33/100)),MAX(0,Inputs!$B$35-((S89-1)*Skills!D18))))/Inputs!$B$35),IF(Inputs!$B$4="pvp",MIN((Skills!T18*(1+Inputs!$B$33/100)),15)/15,(Skills!T18*(1+Inputs!$B$33/100))/Skills!D18)))+0)/100)*I78) | L78: =K78*(MIN(Inputs!$B$21+((C93=TRUE)*(F93-Calc!F22)),Inputs!$B$22+((C95=TRUE)*(F95-Calc!F24)))/100+(Inputs!$B$22+((C95=TRUE)*(F95-Calc!F24)))/100)/2 | M78: =L78*(1+(Inputs!$B$9+0+B103)/100) | N78: =L78*(1-MIN((Inputs!$B$8+0+B98),100)/100)+M78*(MIN((Inputs!$B$8+0+B98),100)/100) | O78: =IF(C78,H78*N78*IF(AND(Inputs!$B$4<>"pvp",Inputs!$B$35>0),((Skills!G7*((R78-1)*IF(Skills!H7>0,Skills!I7/Skills!H7,1)+IF(Skills!H7>0,MIN(Skills!I7,MAX(0,Inputs!$B$35-((R78-1)*IF(Inputs!$B$4="pvp",15,MAX(0.1,Skills!D7-IF(Skills!E7=TRUE,Inputs!$B$31,0))))))/Skills!H7,1)))/Inputs!$B$35),G78*Q78)*IF(Inputs!$B$4="pvp",1,(1-Summary!$B$55)*(1)+Summary!$B$55*(MIN(Skills!R7,Inputs!$B$37))),0) | P78: =IF(B106=0,0,O78/B106) | Q78: =IFERROR(1/IF(Inputs!$B$4="pvp",15,MAX(0.1,Skills!D7-IF(Skills!E7=TRUE,Inputs!$B$31,0))),0) | R78: =IF(AND(Inputs!$B$4<>"pvp",Inputs!$B$35>0),(INT(Inputs!$B$35/IF(Inputs!$B$4="pvp",15,MAX(0.1,Skills!D7-IF(Skills!E7=TRUE,Inputs!$B$31,0))))+1),0) | S78: =IFERROR(O78/N78,0)
A79: =Skills!A8 | B79: =Skills!B8 | C79: =Inputs!$B$3>=107 | D79: =IF(Skills!C8=1,60+Inputs!$B$24+Inputs!$B$28,IF(Skills!C8=2,90+Inputs!$B$25+Inputs!$B$28,IF(Skills!C8=3,120+Inputs!$B$26+Inputs!$B$28,MAX(0,(Inputs!$B$3-100)*3)+Inputs!$B$27+Inputs!$B$28))) | E79: =INDEX(FactorTable!$B$2:$Y$301, MATCH(ROUND(MIN(300,MAX(1,D79)),0), FactorTable!$A$2:$A$301,0), Skills!M8+1) | F79: =IF(Skills!N8=TRUE,(Skills!L8/10)*(E79/1000),Skills!L8/10)+Skills!O8 | G79: =Skills!G8*IF(Skills!H8>0,Skills!I8/Skills!H8,1) | H79: =1-(1-Skills!J8/100)^Skills!K8 | I79: 1 | J79: =(Inputs!$B$5*(1+Inputs!$B$6/100))*(F79/100) | K79: =J79*(1+((Inputs!$B$11*(1+(Inputs!$B$12+1)/100))*0.01+Inputs!$B$13*0.0025)/100)*(1+Inputs!$B$14/100)*(1+IF(Inputs!$B$4="pvp",0,(1-Summary!$B$55)*(Inputs!$B$19+0+Skills!P8)+Summary!$B$55*(Inputs!$B$20+Skills!Q8))/100)*(1+Inputs!$B$15/100)*(5000/(6000+Inputs!$B$7*(1-(Inputs!$B$18+0)/100)))*(1+(Inputs!$B$23+0+B104)/100)*(1+(IF(Skills!A8="BLAST",Inputs!$B$16+((C92=TRUE)*(F92-Calc!F21)),Inputs!$B$17+((C94=TRUE)*(F94-Calc!F23))))/100)*((1+(((C84=TRUE)*F84*MIN(1,Skills!T13*(Skills!J13/100)*B102))+((C89=TRUE)*F89*IF(AND(Inputs!$B$4<>"pvp",Inputs!$B$35>0),(((S89-1)*(Skills!T18*(1+Inputs!$B$33/100))+MIN((Skills!T18*(1+Inputs!$B$33/100)),MAX(0,Inputs!$B$35-((S89-1)*Skills!D18))))/Inputs!$B$35),IF(Inputs!$B$4="pvp",MIN((Skills!T18*(1+Inputs!$B$33/100)),15)/15,(Skills!T18*(1+Inputs!$B$33/100))/Skills!D18)))+0)/100)*I79) | L79: =K79*(MIN(Inputs!$B$21+((C93=TRUE)*(F93-Calc!F22)),Inputs!$B$22+((C95=TRUE)*(F95-Calc!F24)))/100+(Inputs!$B$22+((C95=TRUE)*(F95-Calc!F24)))/100)/2 | M79: =L79*(1+(Inputs!$B$9+0+B103)/100) | N79: =L79*(1-MIN((Inputs!$B$8+0+B98),100)/100)+M79*(MIN((Inputs!$B$8+0+B98),100)/100) | O79: =IF(C79,H79*N79*IF(AND(Inputs!$B$4<>"pvp",Inputs!$B$35>0),((Skills!G8*((R79-1)*IF(Skills!H8>0,Skills!I8/Skills!H8,1)+IF(Skills!H8>0,MIN(Skills!I8,MAX(0,Inputs!$B$35-((R79-1)*IF(Inputs!$B$4="pvp",15,MAX(0.1,Skills!D8-IF(Skills!E8=TRUE,Inputs!$B$31,0))))))/Skills!H8,1)))/Inputs!$B$35),G79*Q79)*IF(Inputs!$B$4="pvp",1,(1-Summary!$B$55)*(1)+Summary!$B$55*(MIN(Skills!R8,Inputs!$B$37))),0) | P79: =IF(B106=0,0,O79/B106) | Q79: =IFERROR(1/IF(Inputs!$B$4="pvp",15,MAX(0.1,Skills!D8-IF(Skills!E8=TRUE,Inputs!$B$31,0))),0) | R79: =IF(AND(Inputs!$B$4<>"pvp",Inputs!$B$35>0),(INT(Inputs!$B$35/IF(Inputs!$B$4="pvp",15,MAX(0.1,Skills!D8-IF(Skills!E8=TRUE,Inputs!$B$31,0))))+1),0) | S79: =IFERROR(O79/N79,0)
A80: =Skills!A9 | B80: =Skills!B9 | C80: =Inputs!$B$3>=125 | D80: =IF(Skills!C9=1,60+Inputs!$B$24+Inputs!$B$28,IF(Skills!C9=2,90+Inputs!$B$25+Inputs!$B$28,IF(Skills!C9=3,120+Inputs!$B$26+Inputs!$B$28,MAX(0,(Inputs!$B$3-100)*3)+Inputs!$B$27+Inputs!$B$28))) | E80: =INDEX(FactorTable!$B$2:$Y$301, MATCH(ROUND(MIN(300,MAX(1,D80)),0), FactorTable!$A$2:$A$301,0), Skills!M9+1) | F80: =IF(Skills!N9=TRUE,(Skills!L9/10)*(E80/1000),Skills!L9/10)+Skills!O9 | G80: =Skills!G9*IF(Skills!H9>0,Skills!I9/Skills!H9,1) | H80: =1-(1-Skills!J9/100)^Skills!K9 | I80: 1 | J80: =(Inputs!$B$5*(1+Inputs!$B$6/100))*(F80/100) | K80: =J80*(1+((Inputs!$B$11*(1+(Inputs!$B$12+1)/100))*0.01+Inputs!$B$13*0.0025)/100)*(1+Inputs!$B$14/100)*(1+IF(Inputs!$B$4="pvp",0,(1-Summary!$B$55)*(Inputs!$B$19+0+Skills!P9)+Summary!$B$55*(Inputs!$B$20+Skills!Q9))/100)*(1+Inputs!$B$15/100)*(5000/(6000+Inputs!$B$7*(1-(Inputs!$B$18+0)/100)))*(1+(Inputs!$B$23+0+B104)/100)*(1+(IF(Skills!A9="BLAST",Inputs!$B$16+((C92=TRUE)*(F92-Calc!F21)),Inputs!$B$17+((C94=TRUE)*(F94-Calc!F23))))/100)*((1+(((C84=TRUE)*F84*MIN(1,Skills!T13*(Skills!J13/100)*B102))+((C89=TRUE)*F89*IF(AND(Inputs!$B$4<>"pvp",Inputs!$B$35>0),(((S89-1)*(Skills!T18*(1+Inputs!$B$33/100))+MIN((Skills!T18*(1+Inputs!$B$33/100)),MAX(0,Inputs!$B$35-((S89-1)*Skills!D18))))/Inputs!$B$35),IF(Inputs!$B$4="pvp",MIN((Skills!T18*(1+Inputs!$B$33/100)),15)/15,(Skills!T18*(1+Inputs!$B$33/100))/Skills!D18)))+0)/100)*I80) | L80: =K80*(MIN(Inputs!$B$21+((C93=TRUE)*(F93-Calc!F22)),Inputs!$B$22+((C95=TRUE)*(F95-Calc!F24)))/100+(Inputs!$B$22+((C95=TRUE)*(F95-Calc!F24)))/100)/2 | M80: =L80*(1+(Inputs!$B$9+0+B103)/100) | N80: =L80*(1-MIN((Inputs!$B$8+0+B98),100)/100)+M80*(MIN((Inputs!$B$8+0+B98),100)/100) | O80: =IF(C80,H80*N80*IF(AND(Inputs!$B$4<>"pvp",Inputs!$B$35>0),((Skills!G9*((R80-1)*IF(Skills!H9>0,Skills!I9/Skills!H9,1)+IF(Skills!H9>0,MIN(Skills!I9,MAX(0,Inputs!$B$35-((R80-1)*IF(Inputs!$B$4="pvp",15,MAX(0.1,Skills!D9-IF(Skills!E9=TRUE,Inputs!$B$31,0))))))/Skills!H9,1)))/Inputs!$B$35),G80*Q80)*IF(Inputs!$B$4="pvp",1,(1-Summary!$B$55)*(1)+Summary!$B$55*(MIN(Skills!R9,Inputs!$B$37))),0) | P80: =IF(B106=0,0,O80/B106) | Q80: =IFERROR(1/IF(Inputs!$B$4="pvp",15,MAX(0.1,Skills!D9-IF(Skills!E9=TRUE,Inputs!$B$31,0))),0) | R80: =IF(AND(Inputs!$B$4<>"pvp",Inputs!$B$35>0),(INT(Inputs!$B$35/IF(Inputs!$B$4="pvp",15,MAX(0.1,Skills!D9-IF(Skills!E9=TRUE,Inputs!$B$31,0))))+1),0) | S80: =IFERROR(O80/N80,0)
A81: =Skills!A10 | B81: =Skills!B10 | C81: =Inputs!$B$3>=117 | D81: =IF(Skills!C10=1,60+Inputs!$B$24+Inputs!$B$28,IF(Skills!C10=2,90+Inputs!$B$25+Inputs!$B$28,IF(Skills!C10=3,120+Inputs!$B$26+Inputs!$B$28,MAX(0,(Inputs!$B$3-100)*3)+Inputs!$B$27+Inputs!$B$28))) | E81: =INDEX(FactorTable!$B$2:$Y$301, MATCH(ROUND(MIN(300,MAX(1,D81)),0), FactorTable!$A$2:$A$301,0), Skills!M10+1) | F81: =IF(Skills!N10=TRUE,(Skills!L10/10)*(E81/1000),Skills!L10/10)+Skills!O10 | G81: =Skills!G10*IF(Skills!H10>0,Skills!I10/Skills!H10,1) | H81: =1-(1-Skills!J10/100)^Skills!K10 | I81: 1 | J81: =(Inputs!$B$5*(1+Inputs!$B$6/100))*(F81/100) | K81: =J81*(1+((Inputs!$B$11*(1+(Inputs!$B$12+1)/100))*0.01+Inputs!$B$13*0.0025)/100)*(1+Inputs!$B$14/100)*(1+IF(Inputs!$B$4="pvp",0,(1-Summary!$B$55)*(Inputs!$B$19+0+Skills!P10)+Summary!$B$55*(Inputs!$B$20+Skills!Q10))/100)*(1+Inputs!$B$15/100)*(5000/(6000+Inputs!$B$7*(1-(Inputs!$B$18+0)/100)))*(1+(Inputs!$B$23+0+B104)/100)*(1+(IF(Skills!A10="BLAST",Inputs!$B$16+((C92=TRUE)*(F92-Calc!F21)),Inputs!$B$17+((C94=TRUE)*(F94-Calc!F23))))/100)*((1+(((C84=TRUE)*F84*MIN(1,Skills!T13*(Skills!J13/100)*B102))+((C89=TRUE)*F89*IF(AND(Inputs!$B$4<>"pvp",Inputs!$B$35>0),(((S89-1)*(Skills!T18*(1+Inputs!$B$33/100))+MIN((Skills!T18*(1+Inputs!$B$33/100)),MAX(0,Inputs!$B$35-((S89-1)*Skills!D18))))/Inputs!$B$35),IF(Inputs!$B$4="pvp",MIN((Skills!T18*(1+Inputs!$B$33/100)),15)/15,(Skills!T18*(1+Inputs!$B$33/100))/Skills!D18)))+0)/100)*I81) | L81: =K81*(MIN(Inputs!$B$21+((C93=TRUE)*(F93-Calc!F22)),Inputs!$B$22+((C95=TRUE)*(F95-Calc!F24)))/100+(Inputs!$B$22+((C95=TRUE)*(F95-Calc!F24)))/100)/2 | M81: =L81*(1+(Inputs!$B$9+0+B103)/100) | N81: =L81*(1-MIN((Inputs!$B$8+0+B98),100)/100)+M81*(MIN((Inputs!$B$8+0+B98),100)/100) | O81: =IF(C81,H81*N81*IF(AND(Inputs!$B$4<>"pvp",Inputs!$B$35>0),((Skills!G10*((R81-1)*IF(Skills!H10>0,Skills!I10/Skills!H10,1)+IF(Skills!H10>0,MIN(Skills!I10,MAX(0,Inputs!$B$35-((R81-1)*IF(Inputs!$B$4="pvp",15,MAX(0.1,Skills!D10-IF(Skills!E10=TRUE,Inputs!$B$31,0))))))/Skills!H10,1)))/Inputs!$B$35),G81*Q81)*IF(Inputs!$B$4="pvp",1,(1-Summary!$B$55)*(1)+Summary!$B$55*(MIN(Skills!R10,Inputs!$B$37))),0) | P81: =IF(B106=0,0,O81/B106) | Q81: =IFERROR(1/IF(Inputs!$B$4="pvp",15,MAX(0.1,Skills!D10-IF(Skills!E10=TRUE,Inputs!$B$31,0))),0) | R81: =IF(AND(Inputs!$B$4<>"pvp",Inputs!$B$35>0),(INT(Inputs!$B$35/IF(Inputs!$B$4="pvp",15,MAX(0.1,Skills!D10-IF(Skills!E10=TRUE,Inputs!$B$31,0))))+1),0) | S81: =IFERROR(O81/N81,0)
A82: =Skills!A11 | B82: =Skills!B11 | C82: =Inputs!$B$3>=63 | D82: =IF(Skills!C11=1,60+Inputs!$B$24+Inputs!$B$28,IF(Skills!C11=2,90+Inputs!$B$25+Inputs!$B$28,IF(Skills!C11=3,120+Inputs!$B$26+Inputs!$B$28,MAX(0,(Inputs!$B$3-100)*3)+Inputs!$B$27+Inputs!$B$28))) | E82: =INDEX(FactorTable!$B$2:$Y$301, MATCH(ROUND(MIN(300,MAX(1,D82)),0), FactorTable!$A$2:$A$301,0), Skills!M11+1) | F82: =IF(Skills!N11=TRUE,(Skills!L11/10)*(E82/1000),Skills!L11/10)+Skills!O11 | G82: =Skills!G11*IF(Skills!H11>0,Skills!I11/Skills!H11,1) | H82: =1-(1-Skills!J11/100)^Skills!K11 | I82: 1 | J82: =(Inputs!$B$5*(1+Inputs!$B$6/100))*(F82/100) | K82: =J82*(1+((Inputs!$B$11*(1+(Inputs!$B$12+1)/100))*0.01+Inputs!$B$13*0.0025)/100)*(1+Inputs!$B$14/100)*(1+IF(Inputs!$B$4="pvp",0,(1-Summary!$B$55)*(Inputs!$B$19+0+Skills!P11)+Summary!$B$55*(Inputs!$B$20+Skills!Q11))/100)*(1+Inputs!$B$15/100)*(5000/(6000+Inputs!$B$7*(1-(Inputs!$B$18+0)/100)))*(1+(Inputs!$B$23+0+B104)/100)*(1+1.5*IF(C83=TRUE,F83,0)/100)*(1+(IF(Skills!A11="BLAST",Inputs!$B$16+((C92=TRUE)*(F92-Calc!F21)),Inputs!$B$17+((C94=TRUE)*(F94-Calc!F23))))/100)*((1+(((C84=TRUE)*F84*MIN(1,Skills!T13*(Skills!J13/100)*B102))+((C89=TRUE)*F89*IF(AND(Inputs!$B$4<>"pvp",Inputs!$B$35>0),(((S89-1)*(Skills!T18*(1+Inputs!$B$33/100))+MIN((Skills!T18*(1+Inputs!$B$33/100)),MAX(0,Inputs!$B$35-((S89-1)*Skills!D18))))/Inputs!$B$35),IF(Inputs!$B$4="pvp",MIN((Skills!T18*(1+Inputs!$B$33/100)),15)/15,(Skills!T18*(1+Inputs!$B$33/100))/Skills!D18)))+0)/100)*I82) | L82: =K82*(MIN(Inputs!$B$21+((C93=TRUE)*(F93-Calc!F22)),Inputs!$B$22+((C95=TRUE)*(F95-Calc!F24)))/100+(Inputs!$B$22+((C95=TRUE)*(F95-Calc!F24)))/100)/2 | M82: =L82*(1+(Inputs!$B$9+0+B103)/100) | N82: =L82*(1-MIN((Inputs!$B$8+0+B98),100)/100)+M82*(MIN((Inputs!$B$8+0+B98),100)/100) | O82: =IF(C82,H82*N82*IF(AND(Inputs!$B$4<>"pvp",Inputs!$B$35>0),((Skills!G11*((R82-1)*IF(Skills!H11>0,Skills!I11/Skills!H11,1)+IF(Skills!H11>0,MIN(Skills!I11,MAX(0,Inputs!$B$35-((R82-1)*IF(Inputs!$B$4="pvp",15,MAX(0.1,Skills!D11-IF(Skills!E11=TRUE,Inputs!$B$31,0))))))/Skills!H11,1)))/Inputs!$B$35),G82*Q82)*IF(Inputs!$B$4="pvp",1,(1-Summary!$B$55)*(1)+Summary!$B$55*(MIN(Skills!R11,Inputs!$B$37))),0) | P82: =IF(B106=0,0,O82/B106) | Q82: =IFERROR(1/IF(Inputs!$B$4="pvp",15,MAX(0.1,Skills!D11-IF(Skills!E11=TRUE,Inputs!$B$31,0))),0) | R82: =IF(AND(Inputs!$B$4<>"pvp",Inputs!$B$35>0),(INT(Inputs!$B$35/IF(Inputs!$B$4="pvp",15,MAX(0.1,Skills!D11-IF(Skills!E11=TRUE,Inputs!$B$31,0))))+1),0) | S82: =IFERROR(O82/N82,0)
A83: =Skills!A12 | B83: =Skills!B12 | C83: =Inputs!$B$3>=100 | D83: =IF(Skills!C12=1,60+Inputs!$B$24+Inputs!$B$28,IF(Skills!C12=2,90+Inputs!$B$25+Inputs!$B$28,IF(Skills!C12=3,120+Inputs!$B$26+Inputs!$B$28,MAX(0,(Inputs!$B$3-100)*3)+Inputs!$B$27+Inputs!$B$28))) | E83: =INDEX(FactorTable!$B$2:$Y$301, MATCH(ROUND(MIN(300,MAX(1,D83)),0), FactorTable!$A$2:$A$301,0), Skills!M12+1) | F83: =IF(Skills!N12=TRUE,(Skills!L12/10)*(E83/1000),Skills!L12/10)+Skills!O12 | I83: 1
A84: =Skills!A13 | B84: =Skills!B13 | C84: =Inputs!$B$3>=45 | D84: =IF(Skills!C13=1,60+Inputs!$B$24+Inputs!$B$28,IF(Skills!C13=2,90+Inputs!$B$25+Inputs!$B$28,IF(Skills!C13=3,120+Inputs!$B$26+Inputs!$B$28,MAX(0,(Inputs!$B$3-100)*3)+Inputs!$B$27+Inputs!$B$28))) | E84: =INDEX(FactorTable!$B$2:$Y$301, MATCH(ROUND(MIN(300,MAX(1,D84)),0), FactorTable!$A$2:$A$301,0), Skills!M13+1) | F84: =IF(Skills!N13=TRUE,(Skills!L13/10)*(E84/1000),Skills!L13/10)+Skills!O13 | G84: =Skills!G13*IF(Skills!H13>0,Skills!I13/Skills!H13,1) | H84: =1-(1-Skills!J13/100)^Skills!K13 | I84: 1 | O84: 0 | P84: =IF(B106=0,0,O84/B106) | Q84: 0 | R84: 0 | S84: =IFERROR(O84/N84,0)
A85: =Skills!A14 | B85: =Skills!B14 | C85: =Inputs!$B$3>=110 | D85: =IF(Skills!C14=1,60+Inputs!$B$24+Inputs!$B$28,IF(Skills!C14=2,90+Inputs!$B$25+Inputs!$B$28,IF(Skills!C14=3,120+Inputs!$B$26+Inputs!$B$28,MAX(0,(Inputs!$B$3-100)*3)+Inputs!$B$27+Inputs!$B$28))) | E85: =INDEX(FactorTable!$B$2:$Y$301, MATCH(ROUND(MIN(300,MAX(1,D85)),0), FactorTable!$A$2:$A$301,0), Skills!M14+1) | F85: =IF(Skills!N14=TRUE,(Skills!L14/10)*(E85/1000),Skills!L14/10)+Skills!O14 | G85: =Skills!G14*IF(Skills!H14>0,Skills!I14/Skills!H14,1) | H85: =1-(1-Skills!J14/100)^Skills!K14 | I85: 1 | O85: 0 | P85: =IF(B106=0,0,O85/B106) | Q85: 0 | R85: 0 | S85: =IFERROR(O85/N85,0)
A86: =Skills!A15 | B86: =Skills!B15 | C86: =Inputs!$B$3>=75 | D86: =IF(Skills!C15=1,60+Inputs!$B$24+Inputs!$B$28,IF(Skills!C15=2,90+Inputs!$B$25+Inputs!$B$28,IF(Skills!C15=3,120+Inputs!$B$26+Inputs!$B$28,MAX(0,(Inputs!$B$3-100)*3)+Inputs!$B$27+Inputs!$B$28))) | E86: =INDEX(FactorTable!$B$2:$Y$301, MATCH(ROUND(MIN(300,MAX(1,D86)),0), FactorTable!$A$2:$A$301,0), Skills!M15+1) | F86: =IF(Skills!N15=TRUE,(Skills!L15/10)*(E86/1000),Skills!L15/10)+Skills!O15 | G86: =Skills!G15*IF(Skills!H15>0,Skills!I15/Skills!H15,1) | H86: =1-(1-Skills!J15/100)^Skills!K15 | I86: 1 | O86: 0 | P86: =IF(B106=0,0,O86/B106) | Q86: =IFERROR(1/IF(Inputs!$B$4="pvp",15,MAX(0.1,Skills!D15-IF(Skills!E15=TRUE,Inputs!$B$31,0))),0) | R86: =IF(AND(Inputs!$B$4<>"pvp",Inputs!$B$35>0),(INT(Inputs!$B$35/IF(Inputs!$B$4="pvp",15,MAX(0.1,Skills!D15-IF(Skills!E15=TRUE,Inputs!$B$31,0))))+1),0) | S86: =IFERROR(O86/N86,0)
A87: =Skills!A16 | B87: =Skills!B16 | C87: =Inputs!$B$3>=105 | D87: =IF(Skills!C16=1,60+Inputs!$B$24+Inputs!$B$28,IF(Skills!C16=2,90+Inputs!$B$25+Inputs!$B$28,IF(Skills!C16=3,120+Inputs!$B$26+Inputs!$B$28,MAX(0,(Inputs!$B$3-100)*3)+Inputs!$B$27+Inputs!$B$28))) | E87: =INDEX(FactorTable!$B$2:$Y$301, MATCH(ROUND(MIN(300,MAX(1,D87)),0), FactorTable!$A$2:$A$301,0), Skills!M16+1) | F87: =IF(Skills!N16=TRUE,(Skills!L16/10)*(E87/1000),Skills!L16/10)+Skills!O16 | G87: =Skills!G16*IF(Skills!H16>0,Skills!I16/Skills!H16,1) | H87: =1-(1-Skills!J16/100)^Skills!K16 | I87: 1 | O87: 0 | P87: =IF(B106=0,0,O87/B106) | Q87: =IFERROR(1/IF(Inputs!$B$4="pvp",15,MAX(0.1,Skills!D16-IF(Skills!E16=TRUE,Inputs!$B$31,0))),0) | R87: =IF(AND(Inputs!$B$4<>"pvp",Inputs!$B$35>0),(INT(Inputs!$B$35/IF(Inputs!$B$4="pvp",15,MAX(0.1,Skills!D16-IF(Skills!E16=TRUE,Inputs!$B$31,0))))+1),0) | S87: =IFERROR(O87/N87,0)
A88: =Skills!A17 | B88: =Skills!B17 | C88: =Inputs!$B$3>=115 | D88: =IF(Skills!C17=1,60+Inputs!$B$24+Inputs!$B$28,IF(Skills!C17=2,90+Inputs!$B$25+Inputs!$B$28,IF(Skills!C17=3,120+Inputs!$B$26+Inputs!$B$28,MAX(0,(Inputs!$B$3-100)*3)+Inputs!$B$27+Inputs!$B$28))) | E88: =INDEX(FactorTable!$B$2:$Y$301, MATCH(ROUND(MIN(300,MAX(1,D88)),0), FactorTable!$A$2:$A$301,0), Skills!M17+1) | F88: =IF(Skills!N17=TRUE,(Skills!L17/10)*(E88/1000),Skills!L17/10)+Skills!O17 | G88: =Skills!G17*IF(Skills!H17>0,Skills!I17/Skills!H17,1) | H88: =1-(1-Skills!J17/100)^Skills!K17 | I88: 1 | O88: 0 | P88: =IF(B106=0,0,O88/B106) | Q88: =IFERROR(1/IF(Inputs!$B$4="pvp",15,MAX(0.1,Skills!D17-IF(Skills!E17=TRUE,Inputs!$B$31,0))),0) | R88: =IF(AND(Inputs!$B$4<>"pvp",Inputs!$B$35>0),(INT(Inputs!$B$35/IF(Inputs!$B$4="pvp",15,MAX(0.1,Skills!D17-IF(Skills!E17=TRUE,Inputs!$B$31,0))))+1),0) | S88: =IFERROR(O88/N88,0)
A89: =Skills!A18 | B89: =Skills!B18 | C89: =Inputs!$B$3>=74 | D89: =IF(Skills!C18=1,60+Inputs!$B$24+Inputs!$B$28,IF(Skills!C18=2,90+Inputs!$B$25+Inputs!$B$28,IF(Skills!C18=3,120+Inputs!$B$26+Inputs!$B$28,MAX(0,(Inputs!$B$3-100)*3)+Inputs!$B$27+Inputs!$B$28))) | E89: =INDEX(FactorTable!$B$2:$Y$301, MATCH(ROUND(MIN(300,MAX(1,D89)),0), FactorTable!$A$2:$A$301,0), Skills!M18+1) | F89: =IF(Skills!N18=TRUE,(Skills!L18/10)*(E89/1000),Skills!L18/10)+Skills!O18 | G89: =Skills!G18*IF(Skills!H18>0,Skills!I18/Skills!H18,1) | H89: =1-(1-Skills!J18/100)^Skills!K18 | I89: 1 | O89: 0 | P89: =IF(B106=0,0,O89/B106) | Q89: =IFERROR(1/IF(Inputs!$B$4="pvp",15,MAX(0.1,Skills!D18-IF(Skills!E18=TRUE,Inputs!$B$31,0))),0) | R89: =IF(AND(Inputs!$B$4<>"pvp",Inputs!$B$35>0),(INT(Inputs!$B$35/IF(Inputs!$B$4="pvp",15,MAX(0.1,Skills!D18-IF(Skills!E18=TRUE,Inputs!$B$31,0))))+1),0) | S89: =IFERROR(O89/N89,0)
A90: =Skills!A19 | B90: =Skills!B19 | C90: =TRUE | D90: =IF(Skills!C19=1,60+Inputs!$B$24+Inputs!$B$28,IF(Skills!C19=2,90+Inputs!$B$25+Inputs!$B$28,IF(Skills!C19=3,120+Inputs!$B$26+Inputs!$B$28,MAX(0,(Inputs!$B$3-100)*3)+Inputs!$B$27+Inputs!$B$28))) | E90: =INDEX(FactorTable!$B$2:$Y$301, MATCH(ROUND(MIN(300,MAX(1,D90)),0), FactorTable!$A$2:$A$301,0), Skills!M19+1) | F90: =IF(Skills!N19=TRUE,(Skills!L19/10)*(E90/1000),Skills!L19/10)+Skills!O19 | G90: =Skills!G19*IF(Skills!H19>0,Skills!I19/Skills!H19,1) | H90: =1-(1-Skills!J19/100)^Skills!K19 | I90: 1 | O90: 0 | P90: =IF(B106=0,0,O90/B106) | Q90: =IFERROR(1/IF(Inputs!$B$4="pvp",15,MAX(0.1,Skills!D19-IF(Skills!E19=TRUE,Inputs!$B$31,0))),0) | R90: =IF(AND(Inputs!$B$4<>"pvp",Inputs!$B$35>0),(INT(Inputs!$B$35/IF(Inputs!$B$4="pvp",15,MAX(0.1,Skills!D19-IF(Skills!E19=TRUE,Inputs!$B$31,0))))+1),0) | S90: =IFERROR(O90/N90,0)
A91: =Skills!A20 | B91: =Skills!B20 | C91: =Inputs!$B$3>=33 | D91: =IF(Skills!C20=1,60+Inputs!$B$24+Inputs!$B$28,IF(Skills!C20=2,90+Inputs!$B$25+Inputs!$B$28,IF(Skills!C20=3,120+Inputs!$B$26+Inputs!$B$28,MAX(0,(Inputs!$B$3-100)*3)+Inputs!$B$27+Inputs!$B$28))) | E91: =INDEX(FactorTable!$B$2:$Y$301, MATCH(ROUND(MIN(300,MAX(1,D91)),0), FactorTable!$A$2:$A$301,0), Skills!M20+1) | F91: =IF(Skills!N20=TRUE,(Skills!L20/10)*(E91/1000),Skills!L20/10)+Skills!O20 | G91: =Skills!G20*IF(Skills!H20>0,Skills!I20/Skills!H20,1) | H91: =1-(1-Skills!J20/100)^Skills!K20 | I91: 1 | O91: 0 | P91: =IF(B106=0,0,O91/B106) | Q91: 0 | R91: 0 | S91: =IFERROR(O91/N91,0)
A92: =Skills!A21 | B92: =Skills!B21 | C92: =Inputs!$B$3>=38 | D92: =IF(Skills!C21=1,60+Inputs!$B$24+Inputs!$B$28,IF(Skills!C21=2,90+Inputs!$B$25+Inputs!$B$28,IF(Skills!C21=3,120+Inputs!$B$26+Inputs!$B$28,MAX(0,(Inputs!$B$3-100)*3)+Inputs!$B$27+Inputs!$B$28))) | E92: =INDEX(FactorTable!$B$2:$Y$301, MATCH(ROUND(MIN(300,MAX(1,D92)),0), FactorTable!$A$2:$A$301,0), Skills!M21+1) | F92: =IF(Skills!N21=TRUE,(Skills!L21/10)*(E92/1000),Skills!L21/10)+Skills!O21 | G92: =Skills!G21*IF(Skills!H21>0,Skills!I21/Skills!H21,1) | H92: =1-(1-Skills!J21/100)^Skills!K21 | I92: 1 | O92: 0 | P92: =IF(B106=0,0,O92/B106) | Q92: 0 | R92: 0 | S92: =IFERROR(O92/N92,0)
A93: =Skills!A22 | B93: =Skills!B22 | C93: =Inputs!$B$3>=43 | D93: =IF(Skills!C22=1,60+Inputs!$B$24+Inputs!$B$28,IF(Skills!C22=2,90+Inputs!$B$25+Inputs!$B$28,IF(Skills!C22=3,120+Inputs!$B$26+Inputs!$B$28,MAX(0,(Inputs!$B$3-100)*3)+Inputs!$B$27+Inputs!$B$28))) | E93: =INDEX(FactorTable!$B$2:$Y$301, MATCH(ROUND(MIN(300,MAX(1,D93)),0), FactorTable!$A$2:$A$301,0), Skills!M22+1) | F93: =IF(Skills!N22=TRUE,(Skills!L22/10)*(E93/1000),Skills!L22/10)+Skills!O22 | G93: =Skills!G22*IF(Skills!H22>0,Skills!I22/Skills!H22,1) | H93: =1-(1-Skills!J22/100)^Skills!K22 | I93: 1 | O93: 0 | P93: =IF(B106=0,0,O93/B106) | Q93: 0 | R93: 0 | S93: =IFERROR(O93/N93,0)
A94: =Skills!A23 | B94: =Skills!B23 | C94: =Inputs!$B$3>=120 | D94: =IF(Skills!C23=1,60+Inputs!$B$24+Inputs!$B$28,IF(Skills!C23=2,90+Inputs!$B$25+Inputs!$B$28,IF(Skills!C23=3,120+Inputs!$B$26+Inputs!$B$28,MAX(0,(Inputs!$B$3-100)*3)+Inputs!$B$27+Inputs!$B$28))) | E94: =INDEX(FactorTable!$B$2:$Y$301, MATCH(ROUND(MIN(300,MAX(1,D94)),0), FactorTable!$A$2:$A$301,0), Skills!M23+1) | F94: =IF(Skills!N23=TRUE,(Skills!L23/10)*(E94/1000),Skills!L23/10)+Skills!O23 | G94: =Skills!G23*IF(Skills!H23>0,Skills!I23/Skills!H23,1) | H94: =1-(1-Skills!J23/100)^Skills!K23 | I94: 1 | O94: 0 | P94: =IF(B106=0,0,O94/B106) | Q94: 0 | R94: 0 | S94: =IFERROR(O94/N94,0)
A95: =Skills!A24 | B95: =Skills!B24 | C95: =Inputs!$B$3>=120 | D95: =IF(Skills!C24=1,60+Inputs!$B$24+Inputs!$B$28,IF(Skills!C24=2,90+Inputs!$B$25+Inputs!$B$28,IF(Skills!C24=3,120+Inputs!$B$26+Inputs!$B$28,MAX(0,(Inputs!$B$3-100)*3)+Inputs!$B$27+Inputs!$B$28))) | E95: =INDEX(FactorTable!$B$2:$Y$301, MATCH(ROUND(MIN(300,MAX(1,D95)),0), FactorTable!$A$2:$A$301,0), Skills!M24+1) | F95: =IF(Skills!N24=TRUE,(Skills!L24/10)*(E95/1000),Skills!L24/10)+Skills!O24 | G95: =Skills!G24*IF(Skills!H24>0,Skills!I24/Skills!H24,1) | H95: =1-(1-Skills!J24/100)^Skills!K24 | I95: 1 | O95: 0 | P95: =IF(B106=0,0,O95/B106) | Q95: 0 | R95: 0 | S95: =IFERROR(O95/N95,0)
A97: Attack% Bucket Multiplier | B97: =(1+(((C84=TRUE)*F84*MIN(1,Skills!T13*(Skills!J13/100)*B102))+((C89=TRUE)*F89*IF(AND(Inputs!$B$4<>"pvp",Inputs!$B$35>0),(((S89-1)*(Skills!T18*(1+Inputs!$B$33/100))+MIN((Skills!T18*(1+Inputs!$B$33/100)),MAX(0,Inputs!$B$35-((S89-1)*Skills!D18))))/Inputs!$B$35),IF(Inputs!$B$4="pvp",MIN((Skills!T18*(1+Inputs!$B$33/100)),15)/15,(Skills!T18*(1+Inputs!$B$33/100))/Skills!D18)))+0)/100)
A98: Global Crit Rate Bonus % | B98: 0
A99: Attack Speed Buff Bonus % | B99: =((C90=TRUE)*F90*IF(AND(Inputs!$B$4<>"pvp",Inputs!$B$35>0),(((S90-1)*(Skills!T19*(1+Inputs!$B$33/100))+MIN((Skills!T19*(1+Inputs!$B$33/100)),MAX(0,Inputs!$B$35-((S90-1)*Skills!D19))))/Inputs!$B$35),IF(Inputs!$B$4="pvp",MIN((Skills!T19*(1+Inputs!$B$33/100)),15)/15,(Skills!T19*(1+Inputs!$B$33/100))/Skills!D19)))
A100: Actions Per Second | B100: =1+MIN(150,150*(1-(1-(Inputs!$B$10+((C91=TRUE)*(F91-Calc!F20)))/150)*(1-B99/150)))/100
A101: Skill + Buff Cast Rate | B101: =IF(AND(Inputs!$B$4<>"pvp",Inputs!$B$35>0),SUMPRODUCT((Skills!E2:E24=TRUE)*(C73:C95=TRUE)*R73:R95*Skills!F2:F24)/Inputs!$B$35,SUMPRODUCT((Skills!E2:E24=TRUE)*(C73:C95=TRUE)*Q73:Q95*Skills!F2:F24))
A102: Blast Casts Per Second | B102: =MAX(0,B100-B101)
A103: Global Critical Damage Bonus % (unused) | B103: 0
A104: Global Final Damage Bonus % (Divine Shield + Guardian + Divine Blessing + Greater Vessel of Light) | B104: =((C86=TRUE)*F86*IF(AND(Inputs!$B$4<>"pvp",Inputs!$B$35>0),(((S86-1)*(Skills!T15*(1+Inputs!$B$33/100))+MIN((Skills!T15*(1+Inputs!$B$33/100)),MAX(0,Inputs!$B$35-((S86-1)*Skills!D15))))/Inputs!$B$35),IF(Inputs!$B$4="pvp",MIN((Skills!T15*(1+Inputs!$B$33/100)),15)/15,(Skills!T15*(1+Inputs!$B$33/100))/Skills!D15)))+((C87=TRUE)*F87*IF(AND(Inputs!$B$4<>"pvp",Inputs!$B$35>0),(((S87-1)*(Skills!T16*(1+Inputs!$B$33/100))+MIN((Skills!T16*(1+Inputs!$B$33/100)),MAX(0,Inputs!$B$35-((S87-1)*Skills!D16))))/Inputs!$B$35),IF(Inputs!$B$4="pvp",MIN((Skills!T16*(1+Inputs!$B$33/100)),15)/15,(Skills!T16*(1+Inputs!$B$33/100))/Skills!D16)))+((C88=TRUE)*F88*IF(AND(Inputs!$B$4<>"pvp",Inputs!$B$35>0),(((S88-1)*(Skills!T17*(1+Inputs!$B$33/100))+MIN((Skills!T17*(1+Inputs!$B$33/100)),MAX(0,Inputs!$B$35-((S88-1)*Skills!D17))))/Inputs!$B$35),IF(Inputs!$B$4="pvp",MIN((Skills!T17*(1+Inputs!$B$33/100)),15)/15,(Skills!T17*(1+Inputs!$B$33/100))/Skills!D17)))+((C85=TRUE)*F85*MIN(1,Skills!T13*(Skills!J13/100)*B102))
A106: TOTAL DPS | B106: =SUM(O73:O95)
A109: Stat: DEX
A110: Key | B110: Name | C110: Unlocked | D110: InputLevel | E110: Factor | F110: CoefficientPercent | G110: EffectiveHits | H110: ProcProbability | I110: MapleHeroMultiplier | J110: BaseDamage | K110: BaseHitDamage | L110: NonCritAvg | M110: CritAvg | N110: ExpectedDamage(perHit) | O110: DPS | P110: % of Total | Q110: InvCooldown | R110: CastsInFight | S110: HitRate(perSec) | U110: helpers
A111: =Skills!A2 | B111: =Skills!B2 | C111: =Inputs!$B$3>=100 | F111: =U113+Skills!O2 | G111: =Skills!G2*IF(Skills!H2>0,Skills!I2/Skills!H2,1) | H111: =1-(1-Skills!J2/100)^Skills!K2 | I111: 1 | J111: =(Inputs!$B$5*(1+Inputs!$B$6/100))*(F111/100) | K111: =J111*(1+((Inputs!$B$11*(1+Inputs!$B$12/100))*0.01+(Inputs!$B$13+1)*0.0025)/100)*(1+Inputs!$B$14/100)*(1+IF(Inputs!$B$4="pvp",0,(1-Summary!$B$55)*(Inputs!$B$19+0+Skills!P2)+Summary!$B$55*(Inputs!$B$20+Skills!Q2))/100)*(1+Inputs!$B$15/100)*(5000/(6000+Inputs!$B$7*(1-(Inputs!$B$18+0)/100)))*(1+(Inputs!$B$23+0+B142)/100)*(1+(IF(Skills!A2="BLAST",Inputs!$B$16+((C130=TRUE)*(F130-Calc!F21)),Inputs!$B$17+((C132=TRUE)*(F132-Calc!F23))))/100)*((1+(((C122=TRUE)*F122*MIN(1,Skills!T13*(Skills!J13/100)*B140))+((C127=TRUE)*F127*IF(AND(Inputs!$B$4<>"pvp",Inputs!$B$35>0),(((S127-1)*(Skills!T18*(1+Inputs!$B$33/100))+MIN((Skills!T18*(1+Inputs!$B$33/100)),MAX(0,Inputs!$B$35-((S127-1)*Skills!D18))))/Inputs!$B$35),IF(Inputs!$B$4="pvp",MIN((Skills!T18*(1+Inputs!$B$33/100)),15)/15,(Skills!T18*(1+Inputs!$B$33/100))/Skills!D18)))+0)/100)*I111) | L111: =K111*(MIN(Inputs!$B$21+((C131=TRUE)*(F131-Calc!F22)),Inputs!$B$22+((C133=TRUE)*(F133-Calc!F24)))/100+(Inputs!$B$22+((C133=TRUE)*(F133-Calc!F24)))/100)/2 | M111: =L111*(1+(Inputs!$B$9+0+B141)/100) | N111: =L111*(1-MIN((Inputs!$B$8+0+B136),100)/100)+M111*(MIN((Inputs!$B$8+0+B136),100)/100) | O111: =IF(C111,Skills!G2*N111*B140*IF(Inputs!$B$4="pvp",1,(1-Summary!$B$55)*(1)+Summary!$B$55*(MIN((6+Inputs!$B$32),Inputs!$B$37))),0) | P111: =IF(B144=0,0,O111/B144) | Q111: 0 | R111: 0 | S111: =IFERROR(O111/N111,0) | U111: =MAX(0,(Inputs!$B$3-100)*3)+Inputs!$B$27+Inputs!$B$28
...

Sheet CubeData
A1: Slot | B1: Rarity | C1: Line | D1: Stat | E1: Value | F1: Weight | G1: Prime | H1: DPSPerUnit | J1: Stat | K1: DPSPerUnit | M1: Rarity | N1: Rate | O1: MaxPity | Q1: SlotList
A2: ALL | B2: normal | C2: 1 | D2: Critical Rate % | E2: 3 | F2: 2.5 | G2: FALSE | H2: =IF(Inputs!$B$8>=100,Sensitivity!H16,Sensitivity!H15) | J2: (none) | K2: 0 | M2: normal | N2: 0.06 | O2: 30 | Q2: head
A3: ALL | B3: normal | C3: 1 | D3: Attack Speed % | E3: 3 | F3: 2.5 | G3: FALSE | H3: =Sensitivity!H17 | J3: All Skill Level | K3: =Sensitivity!H25 | M3: rare | N3: 0.03333 | O3: 60 | Q3: cape
A4: ALL | B4: normal | C4: 1 | D4: Damage % | E4: 5 | F4: 4 | G4: FALSE | H4: =Sensitivity!H8 | J4: Attack Speed % | K4: =Sensitivity!H17 | M4: epic | N4: 0.0167 | O4: 120 | Q4: chest
A5: ALL | B5: normal | C5: 1 | D5: Min Damage Multiplier % | E5: 3 | F5: 4 | G5: FALSE | H5: =Sensitivity!H13 | J5: Basic Attack Damage % | K5: =Sensitivity!H19 | M5: unique | N5: 0.006 | O5: 333 | Q5: shoulders
A6: ALL | B6: normal | C6: 1 | D6: Max Damage Multiplier % | E6: 3 | F6: 4 | G6: FALSE | H6: =Sensitivity!H14 | J6: Basic Attack Target Increase | K6: =Sensitivity!H29 | M6: legendary | N6: 0.0021 | O6: 714 | Q6: legs
A7: ALL | B7: normal | C7: 1 | D7: Str % | E7: 3 | F7: 4.5 | G7: FALSE | H7: 0 | J7: Buff Duration Increase % | K7: =Sensitivity!H30 | M7: mystic | N7: 0 | O7: 0 | Q7: belt
A8: ALL | B8: normal | C8: 1 | D8: Dex % | E8: 3 | F8: 4.5 | G8: FALSE | H8: =Sensitivity!H7 | J8: Companion Summoning Time Increase % | K8: =Sensitivity!H16 | Q8: gloves
A9: ALL | B9: normal | C9: 1 | D9: Int % | E9: 3 | F9: 4.5 | G9: FALSE | H9: 0 | J9: Critical Damage % | K9: =Sensitivity!H16 | Q9: boots
A10: ALL | B10: normal | C10: 1 | D10: Luk % | E10: 3 | F10: 4.5 | G10: FALSE | H10: 0 | J10: Critical Rate % | K10: =IF(Inputs!$B$8>=100,Sensitivity!H16,Sensitivity!H15) | Q10: ring
A11: ALL | B11: normal | C11: 1 | D11: Defense % | E11: 3 | F11: 9 | G11: FALSE | H11: 0 | J11: Damage % | K11: =Sensitivity!H8 | Q11: neck
A12: ALL | B12: normal | C12: 1 | D12: Max HP % | E12: 6 | F12: 9 | G12: FALSE | H12: 0 | J12: Defense % | K12: 0 | Q12: eye-accessory
A13: ALL | B13: normal | C13: 1 | D13: Max MP % | E13: 3 | F13: 9 | G13: FALSE | H13: 0 | J13: Defense Penetration | K13: =Sensitivity!H18 | Q13: ring2
A14: ALL | B14: normal | C14: 1 | D14: Str | E14: 50 | F14: 9.5 | G14: FALSE | H14: 0 | J14: Dex | K14: =Sensitivity!H7 | Q14: face
A15: ALL | B15: normal | C15: 1 | D15: Dex | E15: 50 | F15: 9.5 | G15: FALSE | H15: =Sensitivity!H7 | J15: Dex % | K15: =Sensitivity!H7 | Q15: earrings
A16: ALL | B16: normal | C16: 1 | D16: Int | E16: 50 | F16: 9.5 | G16: FALSE | H16: 0 | J16: Final Damage % | K16: =Sensitivity!H12 | Q16: pocket
A17: ALL | B17: normal | C17: 1 | D17: Luk | E17: 50 | F17: 9.5 | G17: FALSE | H17: 0 | J17: Int | K17: 0
A18: ALL | B18: normal | C18: 2 | D18: Critical Rate % | E18: 3 | F18: 2.5 | G18: FALSE | H18: =IF(Inputs!$B$8>=100,Sensitivity!H16,Sensitivity!H15) | J18: Int % | K18: 0
A19: ALL | B19: normal | C19: 2 | D19: Attack Speed % | E19: 3 | F19: 2.5 | G19: FALSE | H19: =Sensitivity!H17 | J19: Luk | K19: 0
A20: ALL | B20: normal | C20: 2 | D20: Damage % | E20: 5 | F20: 4 | G20: FALSE | H20: =Sensitivity!H8 | J20: Luk % | K20: 0
A21: ALL | B21: normal | C21: 2 | D21: Min Damage Multiplier % | E21: 3 | F21: 4 | G21: FALSE | H21: =Sensitivity!H13 | J21: Main Stat % per 4 Levels | K21: =Sensitivity!H6*INT(Inputs!$B$3/4)
A22: ALL | B22: normal | C22: 2 | D22: Max Damage Multiplier % | E22: 3 | F22: 4 | G22: FALSE | H22: =Sensitivity!H14 | J22: Main Stat Per Level | K22: =Sensitivity!H5*Inputs!$B$3
A23: ALL | B23: normal | C23: 2 | D23: Str % | E23: 3 | F23: 4.5 | G23: FALSE | H23: 0 | J23: Max Damage Multiplier % | K23: =Sensitivity!H14
A24: ALL | B24: normal | C24: 2 | D24: Dex % | E24: 3 | F24: 4.5 | G24: FALSE | H24: =Sensitivity!H7 | J24: Max HP % | K24: 0
A25: ALL | B25: normal | C25: 2 | D25: Int % | E25: 3 | F25: 4.5 | G25: FALSE | H25: 0 | J25: Max MP % | K25: 0
A26: ALL | B26: normal | C26: 2 | D26: Luk % | E26: 3 | F26: 4.5 | G26: FALSE | H26: 0 | J26: Min Damage Multiplier % | K26: =Sensitivity!H13
A27: ALL | B27: normal | C27: 2 | D27: Defense % | E27: 3 | F27: 9 | G27: FALSE | H27: 0 | J27: Skill Cooldown Decrease (seconds) | K27: =Sensitivity!H28
A28: ALL | B28: normal | C28: 2 | D28: Max HP % | E28: 6 | F28: 9 | G28: FALSE | H28: 0 | J28: Skill Damage % | K28: =Sensitivity!H20
A29: ALL | B29: normal | C29: 2 | D29: Max MP % | E29: 3 | F29: 9 | G29: FALSE | H29: 0 | J29: Str | K29: 0
A30: ALL | B30: normal | C30: 2 | D30: Str | E30: 50 | F30: 9.5 | G30: FALSE | H30: 0 | J30: Str % | K30: 0
A31: ALL | B31: normal | C31: 2 | D31: Dex | E31: 50 | F31: 9.5 | G31: FALSE | H31: =Sensitivity!H7
A32: ALL | B32: normal | C32: 2 | D32: Int | E32: 50 | F32: 9.5 | G32: FALSE | H32: 0
A33: ALL | B33: normal | C33: 2 | D33: Luk | E33: 50 | F33: 9.5 | G33: FALSE | H33: 0
A34: ALL | B34: normal | C34: 3 | D34: Critical Rate % | E34: 3 | F34: 2.5 | G34: FALSE | H34: =IF(Inputs!$B$8>=100,Sensitivity!H16,Sensitivity!H15)
A35: ALL | B35: normal | C35: 3 | D35: Attack Speed % | E35: 3 | F35: 2.5 | G35: FALSE | H35: =Sensitivity!H17
A36: ALL | B36: normal | C36: 3 | D36: Damage % | E36: 5 | F36: 4 | G36: FALSE | H36: =Sensitivity!H8
A37: ALL | B37: normal | C37: 3 | D37: Min Damage Multiplier % | E37: 3 | F37: 4 | G37: FALSE | H37: =Sensitivity!H13
A38: ALL | B38: normal | C38: 3 | D38: Max Damage Multiplier % | E38: 3 | F38: 4 | G38: FALSE | H38: =Sensitivity!H14
A39: ALL | B39: normal | C39: 3 | D39: Str % | E39: 3 | F39: 4.5 | G39: FALSE | H39: 0
A40: ALL | B40: normal | C40: 3 | D40: Dex % | E40: 3 | F40: 4.5 | G40: FALSE | H40: =Sensitivity!H7
A41: ALL | B41: normal | C41: 3 | D41: Int % | E41: 3 | F41: 4.5 | G41: FALSE | H41: 0
A42: ALL | B42: normal | C42: 3 | D42: Luk % | E42: 3 | F42: 4.5 | G42: FALSE | H42: 0
A43: ALL | B43: normal | C43: 3 | D43: Defense % | E43: 3 | F43: 9 | G43: FALSE | H43: 0
A44: ALL | B44: normal | C44: 3 | D44: Max HP % | E44: 6 | F44: 9 | G44: FALSE | H44: 0
A45: ALL | B45: normal | C45: 3 | D45: Max MP % | E45: 3 | F45: 9 | G45: FALSE | H45: 0
A46: ALL | B46: normal | C46: 3 | D46: Str | E46: 50 | F46: 9.5 | G46: FALSE | H46: 0
A47: ALL | B47: normal | C47: 3 | D47: Dex | E47: 50 | F47: 9.5 | G47: FALSE | H47: =Sensitivity!H7
A48: ALL | B48: normal | C48: 3 | D48: Int | E48: 50 | F48: 9.5 | G48: FALSE | H48: 0
A49: ALL | B49: normal | C49: 3 | D49: Luk | E49: 50 | F49: 9.5 | G49: FALSE | H49: 0
A50: ALL | B50: rare | C50: 1 | D50: Critical Rate % | E50: 4.5 | F50: 2.5 | G50: TRUE | H50: =IF(Inputs!$B$8>=100,Sensitivity!H16,Sensitivity!H15)
A51: ALL | B51: rare | C51: 1 | D51: Attack Speed % | E51: 3.5 | F51: 2.5 | G51: TRUE | H51: =Sensitivity!H17
A52: ALL | B52: rare | C52: 1 | D52: Damage % | E52: 8 | F52: 4 | G52: TRUE | H52: =Sensitivity!H8
A53: ALL | B53: rare | C53: 1 | D53: Min Damage Multiplier % | E53: 6 | F53: 4 | G53: TRUE | H53: =Sensitivity!H13
A54: ALL | B54: rare | C54: 1 | D54: Max Damage Multiplier % | E54: 6 | F54: 4 | G54: TRUE | H54: =Sensitivity!H14
A55: ALL | B55: rare | C55: 1 | D55: Str % | E55: 4.5 | F55: 4.5 | G55: TRUE | H55: 0
A56: ALL | B56: rare | C56: 1 | D56: Dex % | E56: 4.5 | F56: 4.5 | G56: TRUE | H56: =Sensitivity!H7
A57: ALL | B57: rare | C57: 1 | D57: Int % | E57: 4.5 | F57: 4.5 | G57: TRUE | H57: 0
A58: ALL | B58: rare | C58: 1 | D58: Luk % | E58: 4.5 | F58: 4.5 | G58: TRUE | H58: 0
A59: ALL | B59: rare | C59: 1 | D59: Defense % | E59: 4.5 | F59: 9 | G59: TRUE | H59: 0
A60: ALL | B60: rare | C60: 1 | D60: Max HP % | E60: 9 | F60: 9 | G60: TRUE | H60: 0
A61: ALL | B61: rare | C61: 1 | D61: Max MP % | E61: 4.5 | F61: 9 | G61: TRUE | H61: 0
A62: ALL | B62: rare | C62: 1 | D62: Str | E62: 100 | F62: 9.5 | G62: TRUE | H62: 0
A63: ALL | B63: rare | C63: 1 | D63: Dex | E63: 100 | F63: 9.5 | G63: TRUE | H63: =Sensitivity!H7
A64: ALL | B64: rare | C64: 1 | D64: Int | E64: 100 | F64: 9.5 | G64: TRUE | H64: 0
A65: ALL | B65: rare | C65: 1 | D65: Luk | E65: 100 | F65: 9.5 | G65: TRUE | H65: 0
A66: ALL | B66: rare | C66: 2 | D66: Critical Rate % | E66: 3 | F66: 1.9 | G66: FALSE | H66: =IF(Inputs!$B$8>=100,Sensitivity!H16,Sensitivity!H15)
A67: ALL | B67: rare | C67: 2 | D67: Critical Rate % | E67: 4.5 | F67: 0.6 | G67: TRUE | H67: =IF(Inputs!$B$8>=100,Sensitivity!H16,Sensitivity!H15)
A68: ALL | B68: rare | C68: 2 | D68: Attack Speed % | E68: 3 | F68: 1.9 | G68: FALSE | H68: =Sensitivity!H17
A69: ALL | B69: rare | C69: 2 | D69: Attack Speed % | E69: 3.5 | F69: 0.6 | G69: TRUE | H69: =Sensitivity!H17
A70: ALL | B70: rare | C70: 2 | D70: Damage % | E70: 5 | F70: 3.04 | G70: FALSE | H70: =Sensitivity!H8
A71: ALL | B71: rare | C71: 2 | D71: Damage % | E71: 8 | F71: 0.96 | G71: TRUE | H71: =Sensitivity!H8
A72: ALL | B72: rare | C72: 2 | D72: Min Damage Multiplier % | E72: 3 | F72: 3.04 | G72: FALSE | H72: =Sensitivity!H13
A73: ALL | B73: rare | C73: 2 | D73: Min Damage Multiplier % | E73: 6 | F73: 0.96 | G73: TRUE | H73: =Sensitivity!H13
A74: ALL | B74: rare | C74: 2 | D74: Max Damage Multiplier % | E74: 3 | F74: 3.04 | G74: FALSE | H74: =Sensitivity!H14
A75: ALL | B75: rare | C75: 2 | D75: Max Damage Multiplier % | E75: 6 | F75: 0.96 | G75: TRUE | H75: =Sensitivity!H14
A76: ALL | B76: rare | C76: 2 | D76: Str % | E76: 3 | F76: 3.42 | G76: FALSE | H76: 0
A77: ALL | B77: rare | C77: 2 | D77: Str % | E77: 4.5 | F77: 1.08 | G77: TRUE | H77: 0
A78: ALL | B78: rare | C78: 2 | D78: Dex % | E78: 3 | F78: 3.42 | G78: FALSE | H78: =Sensitivity!H7
A79: ALL | B79: rare | C79: 2 | D79: Dex % | E79: 4.5 | F79: 1.08 | G79: TRUE | H79: =Sensitivity!H7
A80: ALL | B80: rare | C80: 2 | D80: Int % | E80: 3 | F80: 3.42 | G80: FALSE | H80: 0
A81: ALL | B81: rare | C81: 2 | D81: Int % | E81: 4.5 | F81: 1.08 | G81: TRUE | H81: 0
A82: ALL | B82: rare | C82: 2 | D82: Luk % | E82: 3 | F82: 3.42 | G82: FALSE | H82: 0
A83: ALL | B83: rare | C83: 2 | D83: Luk % | E83: 4.5 | F83: 1.08 | G83: TRUE | H83: 0
A84: ALL | B84: rare | C84: 2 | D84: Defense % | E84: 3 | F84: 6.84 | G84: FALSE | H84: 0
A85: ALL | B85: rare | C85: 2 | D85: Defense % | E85: 4.5 | F85: 2.16 | G85: TRUE | H85: 0
A86: ALL | B86: rare | C86: 2 | D86: Max HP % | E86: 6 | F86: 6.84 | G86: FALSE | H86: 0
A87: ALL | B87: rare | C87: 2 | D87: Max HP % | E87: 9 | F87: 2.16 | G87: TRUE | H87: 0
A88: ALL | B88: rare | C88: 2 | D88: Max MP % | E88: 3 | F88: 6.84 | G88: FALSE | H88: 0
A89: ALL | B89: rare | C89: 2 | D89: Max MP % | E89: 4.5 | F89: 2.16 | G89: TRUE | H89: 0
A90: ALL | B90: rare | C90: 2 | D90: Str | E90: 50 | F90: 7.22 | G90: FALSE | H90: 0
A91: ALL | B91: rare | C91: 2 | D91: Str | E91: 100 | F91: 2.28 | G91: TRUE | H91: 0
A92: ALL | B92: rare | C92: 2 | D92: Dex | E92: 50 | F92: 7.22 | G92: FALSE | H92: =Sensitivity!H7
A93: ALL | B93: rare | C93: 2 | D93: Dex | E93: 100 | F93: 2.28 | G93: TRUE | H93: =Sensitivity!H7
A94: ALL | B94: rare | C94: 2 | D94: Int | E94: 50 | F94: 7.22 | G94: FALSE | H94: 0
A95: ALL | B95: rare | C95: 2 | D95: Int | E95: 100 | F95: 2.28 | G95: TRUE | H95: 0
A96: ALL | B96: rare | C96: 2 | D96: Luk | E96: 50 | F96: 7.22 | G96: FALSE | H96: 0
A97: ALL | B97: rare | C97: 2 | D97: Luk | E97: 100 | F97: 2.28 | G97: TRUE | H97: 0
A98: ALL | B98: rare | C98: 3 | D98: Critical Rate % | E98: 3 | F98: 2.3 | G98: FALSE | H98: =IF(Inputs!$B$8>=100,Sensitivity!H16,Sensitivity!H15)
A99: ALL | B99: rare | C99: 3 | D99: Critical Rate % | E99: 4.5 | F99: 0.2 | G99: TRUE | H99: =IF(Inputs!$B$8>=100,Sensitivity!H16,Sensitivity!H15)
A100: ALL | B100: rare | C100: 3 | D100: Attack Speed % | E100: 3 | F100: 2.3 | G100: FALSE | H100: =Sensitivity!H17
...

Sheet PotentialCubes
A1: Potential Cubes — Current Gear State
A2: Fill in your actual current gear for every slot/potential-type you want EV results for, then run `python3 tools/potential_cubes_ev.py` — it reads this table plus the live CubeData sheet and computes exact 'expected value of the best roll kept after N rerolls' for all 30 rows (printed + written to a CSV), via a full line1 x line2 x line3 enumeration per rarity/slot rather than a single-roll average.
A3: Leave a line's Stat as "(none)" if that line isn't rolled yet / doesn't matter.
A5: Slot | B5: Potential Type | C5: Current Rarity | D5: Current Pity Count | E5: Line 1 Stat | F5: Line 1 Value | G5: Line 2 Stat | H5: Line 2 Value | I5: Line 3 Stat | J5: Line 3 Value
A6: head | B6: Potential | C6: normal | D6: 0 | E6: (none) | F6: 0 | G6: (none) | H6: 0 | I6: (none) | J6: 0
A7: head | B7: Bonus Potential | C7: normal | D7: 0 | E7: (none) | F7: 0 | G7: (none) | H7: 0 | I7: (none) | J7: 0
A8: cape | B8: Potential | C8: normal | D8: 0 | E8: (none) | F8: 0 | G8: (none) | H8: 0 | I8: (none) | J8: 0
A9: cape | B9: Bonus Potential | C9: normal | D9: 0 | E9: (none) | F9: 0 | G9: (none) | H9: 0 | I9: (none) | J9: 0
A10: chest | B10: Potential | C10: normal | D10: 0 | E10: (none) | F10: 0 | G10: (none) | H10: 0 | I10: (none) | J10: 0
A11: chest | B11: Bonus Potential | C11: normal | D11: 0 | E11: (none) | F11: 0 | G11: (none) | H11: 0 | I11: (none) | J11: 0
A12: shoulders | B12: Potential | C12: normal | D12: 0 | E12: (none) | F12: 0 | G12: (none) | H12: 0 | I12: (none) | J12: 0
A13: shoulders | B13: Bonus Potential | C13: normal | D13: 0 | E13: (none) | F13: 0 | G13: (none) | H13: 0 | I13: (none) | J13: 0
A14: legs | B14: Potential | C14: normal | D14: 0 | E14: (none) | F14: 0 | G14: (none) | H14: 0 | I14: (none) | J14: 0
A15: legs | B15: Bonus Potential | C15: normal | D15: 0 | E15: (none) | F15: 0 | G15: (none) | H15: 0 | I15: (none) | J15: 0
A16: belt | B16: Potential | C16: normal | D16: 0 | E16: (none) | F16: 0 | G16: (none) | H16: 0 | I16: (none) | J16: 0
A17: belt | B17: Bonus Potential | C17: normal | D17: 0 | E17: (none) | F17: 0 | G17: (none) | H17: 0 | I17: (none) | J17: 0
... A35: pocket | B35: Bonus Potential | C35: normal | D35: 0 | E35: (none) | F35: 0 | G35: (none) | H35: 0 | I35: (none) | J35: 0
