Workbook

Sheet README
A1: Shadower — DPS Calculator: How to Use This Workbook
A3: How to use this workbook
A4: Only edit the yellow-highlighted cells on the Inputs sheet — every other sheet is computed from those values and will be overwritten if you rebuild the workbook.
A5: Summary shows Total DPS, a Per-Skill DPS Breakdown (damage-dealing skills only — buffs/passives that never deal their own damage are omitted), and a Marginal DPS & Stat Value table showing the DPS gained per +1 of each stat.
A6: Sensitivity has the full detail behind that marginal-value table — one self-contained block per stat, showing exactly how bumping that stat by +1 changes every downstream number.
A7: CubeData/PotentialCubes model your current gear's Potential Cube lines and drive cube-reroll expected-value decisions. For the full standalone Potential Cube EV calculator (exact optimal-stopping math, works from this workbook alone), see tools/potential_cubes_ev.py in the project repo.
A9: Design decisions & assumptions
A10: Venom/Toxic Venom assume the target is permanently afflicted with Venom's poison at steady state, not an exact on/off timer — matches every other DoT-uptime assumption in this project.
A11: Crit Rate pushed above 100% (e.g. by cube potential lines) automatically redirects its stat-value to Crit Damage's own per-unit DPS value on the PotentialCubes sheet, since excess Crit Rate cannot do anything past 100%.
A12: Buffs and stacking resources (Dark Sight Attack, Into Darkness, Smokescreen, Meso Explosion/Blood Money stacks) are modeled at steady-state duty-cycle average uptime, not as an exact moment-to-moment state machine.
A13: Assassinate's finishing blow is modeled as landing on average every 2nd cast (a flat 50% average multiplier), and Mastery Lv.108 Murderous Intent's finisher-doubling is a steady-state average multiplier based on relative cast rates, not an exact alternating state machine.
A14: Channel Karma, Shadow Shifter's own Attack buff, Dagger Mastery, Critical Edge, Physical Training, Dagger Expert, and Shadower Instinct are always-on passives assumed to already be reflected in your own Inputs stat entries — only their Sensitivity marginal delta (what changes if their mastery level differs from what you assumed) is modeled live.
... A16: Not modeled (out of scope): all forms of crowd control (Phase Dash/Dark Sight/Assassinate stuns), Accuracy/Evasion/Defense reduction (Smokescreen, Steal, Assassinate), movement speed (Nimble Feet, Haste), the character's own Defense stat (Shield Mastery), and Companion Summoning Time.

Sheet Inputs
A1: Shadower — DPS Calculator Inputs
A3: Character Level | B3: 200
A4: Monster Type ("boss", "normal", "breakthrough", or "pvp") | B4: boss
A5: Flat ATTACK | B5: 10000
A6: ATTACK % | B6: 0
A7: Monster Defense (flat, post-x100/x10 scaling) | B7: 0
A8: CRIT_RATE % | B8: 0
A9: CRIT_DAMAGE % | B9: 0
A10: ATTACK_SPEED % (base, excludes Nimble Feet/Agile Daggers) | B10: 0
A11: Flat LUK | B11: 0
A12: LUK % | B12: 0
A13: DEX | B13: 0
A14: DAMAGE % | B14: 0
A15: DAMAGE_AMP % | B15: 0
A16: BASIC_ATTACK_DAMAGE % | B16: 0
... A28: Skill Level Bonus — All Skills | B28: 0
A30: Additional Bonuses
A31: Skill Cooldown Decrease (seconds, only skills/buffs the character actively casts) | B31: 0
A32: Basic Attack Target Increase (flat, adds to the 6-target normal-monster base) | B32: 1
A33: Buff Duration Increase % | B33: 0
A34: Companion Summoning Time Increase % (companions not modeled — always 0 DPS impact) | B34: 0
A35: Fixed Fight Duration (seconds, boss or normal — leave 0 for steady-state DPS; ignored for pvp) | B35: 0
A36: Chapter Breakthrough: Normal-Monster Weight % (only used when Monster Type = breakthrough) | B36: 60
A37: Max Enemies Actually In Range (normal monsters only; default 999 = uncapped) | B37: 999
A38: Incoming Hit Rate (hits/sec taken — user-estimated, feeds Shadow Shifter's counterattack only) | B38: 1

Sheet FactorTable
A1: Level | B1: F0 | C1: F1 | D1: F2 | E1: F3 | F1: F4 | G1: F5 | H1: F6 | I1: F7 | J1: F8 | K1: F9 | L1: F10 | M1: F11 | N1: F12 | O1: F13 | P1: F14 | Q1: F15 | R1: F16 | S1: F17 | T1: F18 | U1: F19 | V1: F20 | W1: F21 | X1: F22 | Y1: F23
A2: 1 | B2: 0 | C2: 1000 | D2: 1000 | E2: 1000 | F2: 1000 | G2: 1000 | H2: 1000 | I2: 1000 | J2: 1000 | K2: 1000 | L2: 1000 | M2: 1000 | N2: 1000 | O2: 1000 | P2: 1000 | Q2: 1000 | R2: 1000 | S2: 1000 | T2: 1000 | U2: 1000 | V2: 1000 | W2: 1000 | X2: 1000 | Y2: 1000
A3: 2 | B3: 0 | C3: 1015 | D3: 1020 | E3: 1030 | F3: 1040 | G3: 1050 | H3: 1060 | I3: 1070 | J3: 1020 | K3: 1020 | L3: 1020 | M3: 1000 | N3: 1010 | O3: 1020 | P3: 1030 | Q3: 1040 | R3: 1050 | S3: 1060 | T3: 1070 | U3: 1080 | V3: 1010 | W3: 1008 | X3: 1006 | Y3: 1100
A4: 3 | B4: 0 | C4: 1031 | D4: 1041 | E4: 1061 | F4: 1082 | G4: 1103 | H4: 1124 | I4: 1145 | J4: 1030 | K4: 1041 | L4: 1030 | M4: 1000 | N4: 1015 | O4: 1030 | P4: 1045 | Q4: 1060 | R4: 1075 | S4: 1090 | T4: 1105 | U4: 1120 | V4: 1020 | W4: 1012 | X4: 1009 | Y4: 1150
A5: 4 | B5: 0 | C5: 1047 | D5: 1062 | E5: 1093 | F5: 1126 | G5: 1159 | H5: 1192 | I5: 1226 | J5: 1040 | K5: 1062 | L5: 1040 | M5: 1000 | N5: 1020 | O5: 1040 | P5: 1060 | Q5: 1080 | R5: 1100 | S5: 1120 | T5: 1140 | U5: 1160 | V5: 1030 | W5: 1016 | X5: 1012 | Y5: 1200
A6: 5 | B6: 0 | C6: 1063 | D6: 1084 | E6: 1126 | F6: 1172 | G6: 1217 | H6: 1264 | I6: 1312 | J6: 1050 | K6: 1084 | L6: 1050 | M6: 1000 | N6: 1025 | O6: 1050 | P6: 1075 | Q6: 1100 | R6: 1125 | S6: 1150 | T6: 1175 | U6: 1200 | V6: 1040 | W6: 1020 | X6: 1015 | Y6: 1250
A7: 6 | B7: 0 | C7: 1079 | D7: 1106 | E7: 1160 | F7: 1219 | G7: 1278 | H7: 1340 | I7: 1404 | J7: 1060 | K7: 1106 | L7: 1060 | M7: 1000 | N7: 1030 | O7: 1060 | P7: 1090 | Q7: 1120 | R7: 1150 | S7: 1180 | T7: 1210 | U7: 1240 | V7: 1050 | W7: 1024 | X7: 1018 | Y7: 1300
A8: 7 | B8: 0 | C8: 1096 | D8: 1129 | E8: 1195 | F8: 1268 | G8: 1342 | H8: 1421 | I8: 1503 | J8: 1070 | K8: 1129 | L8: 1070 | M8: 1000 | N8: 1035 | O8: 1070 | P8: 1105 | Q8: 1140 | R8: 1175 | S8: 1210 | T8: 1245 | U8: 1280 | V8: 1060 | W8: 1028 | X8: 1021 | Y8: 1350
A9: 8 | B9: 0 | C9: 1113 | D9: 1152 | E9: 1231 | F9: 1319 | G9: 1410 | H9: 1507 | I9: 1609 | J9: 1080 | K9: 1152 | L9: 1080 | M9: 1000 | N9: 1040 | O9: 1080 | P9: 1120 | Q9: 1160 | R9: 1200 | S9: 1240 | T9: 1280 | U9: 1320 | V9: 1070 | W9: 1032 | X9: 1024 | Y9: 1400
A10: 9 | B10: 0 | C10: 1130 | D10: 1176 | E10: 1268 | F10: 1372 | G10: 1481 | H10: 1598 | I10: 1722 | J10: 1090 | K10: 1176 | L10: 1090 | M10: 1000 | N10: 1045 | O10: 1090 | P10: 1135 | Q10: 1180 | R10: 1225 | S10: 1270 | T10: 1315 | U10: 1360 | V10: 1080 | W10: 1036 | X10: 1027 | Y10: 1450
A11: 10 | B11: 0 | C11: 1147 | D11: 1200 | E11: 1307 | F11: 1427 | G11: 1556 | H11: 1694 | I11: 1843 | J11: 1100 | K11: 1200 | L11: 1100 | M11: 1000 | N11: 1050 | O11: 1100 | P11: 1150 | Q11: 1200 | R11: 1250 | S11: 1300 | T11: 1350 | U11: 1400 | V11: 1090 | W11: 1040 | X11: 1030 | Y11: 1500
A12: 11 | B12: 0 | C12: 1165 | D12: 1224 | E12: 1347 | F12: 1485 | G12: 1634 | H12: 1796 | I12: 1973 | J12: 1110 | K12: 1224 | L12: 1110 | M12: 1000 | N12: 1055 | O12: 1110 | P12: 1165 | Q12: 1220 | R12: 1275 | S12: 1330 | T12: 1385 | U12: 1440 | V12: 1100 | W12: 1044 | X12: 1033 | Y12: 1550
A13: 12 | B13: 0 | C13: 1183 | D13: 1249 | E13: 1388 | F13: 1545 | G13: 1716 | H13: 1904 | I13: 2112 | J13: 1120 | K13: 1249 | L13: 1120 | M13: 1000 | N13: 1060 | O13: 1120 | P13: 1180 | Q13: 1240 | R13: 1300 | S13: 1360 | T13: 1420 | U13: 1480 | V13: 1110 | W13: 1048 | X13: 1036 | Y13: 1600
... A301: 300 | B301: 0 | C301: 88573 | D301: 381637 | E301: 6991522 | F301: 125363453 | G301: 2185120762 | H301: 37157073039 | I301: 614631863830 | J301: 2000 | K301: 53326 | L301: 2500 | M301: 1100 | N301: 2500 | O301: 4000 | P301: 5500 | Q301: 7000 | R301: 8500 | S301: 10000 | T301: 11500 | U301: 13000 | V301: 7558 | W301: 2200 | X301: 1900 | Y301: 8800

Sheet Skills
A1: Key | B1: Name | C1: JobStep | D1: Cooldown(s) | E1: CostsActionSlot | F1: ActionsPerCast | G1: HitsPerCast | H1: ICD(s) | I1: ActiveWindow(s) | J1: ProcChance% | K1: RollsPerCast | L1: BaseDamage(tenths%) | M1: FactorIndex | N1: ScalesWithLevel | O1: SkillMasteryBonus% | P1: MasteryBossDamage% | Q1: MasteryNormalDamage% | R1: MasteryFinalDamage% | S1: MasteryMaxDamage% | T1: MasteryMinDamage% | U1: MasteryCooldownPct | V1: MasteryTargetIncrease | W1: NormalMonsterTargets | X1: BuffTargetStat | Y1: BuffDuration(s) | Z1: TriggersToxicVenom | AA1: MapleHeroBase(tenths%) | AB1: MapleHeroFactorIndex | AC1: Stacks | AD1: Note
A2: CRUEL_STAB | B2: Cruel Stab | C2: 4 | E2: FALSE | F2: 1 | G2: =IF(Inputs!$B$3>=136,6,5) | H2: 0 | I2: 0 | J2: 100 | K2: 1 | N2: TRUE | O2: =SUMPRODUCT((Inputs!$B$3>={102,106,116,120,128,132})*{10,1,1,1,1,1}) | P2: =SUMPRODUCT((Inputs!$B$3>={111,124})*{10,10}) | Q2: 0 | R2: 0 | S2: 0 | T2: 0 | U2: 0 | V2: 0 | W2: =6+Inputs!$B$32 | Y2: 0 | Z2: TRUE | AD2: 4th-job basic-attack effect (supersedes Double Stab/Savage Blow/Midnight Carnival). HIGH-CONFIDENCE REUSE of the universal 4th-job basic-attack constant confirmed identical across every class built so far (Showdown/Chain Lightning/Big Bang/Cruel Stab all share this exact wiki-documented 290%->522% curve) — factorIndex 21, baseDamage 2900 tenths%, matching Inputs!skill_coefficient exactly. SkillMasteryBonus% is the 6-tier 'Cruel Stab - Damage' mastery chain (102-132, cumulative totals 10%->15%, DELTA increments). MasteryBossDamage% is the 2-tier 'Cruel Stab - Boss Monster Damage' chain (111/124, +20% total). HitsPerCast 5->6 once the level-136 'Strike' mastery unlocks. Triggers Toxic Venom.
A3: STEAL | B3: Steal (self Attack%) | C3: 2 | E3: FALSE | F3: 1 | G3: 1 | H3: 0 | I3: 0 | J3: 100 | K3: 1 | L3: 50 | M3: 22 | N3: TRUE | O3: 0 | P3: 0 | Q3: 0 | R3: 0 | S3: 0 | T3: 0 | U3: 0 | V3: 0 | W3: 1 | X3: ATTACK | Y3: 0 | Z3: FALSE | AD3: Own self-Attack-buff component only (target-debuff component out of scope — not the caster's own damage). 5%->6.5% Attack per stack (levels 1-100), stacks up to 3 — modeled at steady-state max stacks (mirrors Elemental Drain's always-max-stacks convention), so this row's own contribution is 3x its own F-value, always-on once unlocked (no uptime averaging — see build_summary_sheet). factorIndex 22, baseDamage 50 tenths%. Mastery Lv.39 '+5%p activation chance' (10%->15%) has zero DPS effect under the always-max-stacks assumption (same no-op tier as Bishop's own Elemental-Reset-chance-doubling mastery). Mastery Lv.54 '+50% Attack reduction on target' is a target-debuff, out of scope.
A4: MESO_EXPLOSION | B4: Meso Explosion | C4: 3 | D4: 11 | E4: TRUE | F4: 1 | G4: 3 | H4: 0 | I4: 0 | J4: 100 | K4: 1 | L4: 2700 | M4: 12 | N4: TRUE | O4: =SUMPRODUCT((Inputs!$B$3>={90})*{100}) | P4: 0 | Q4: 0 | R4: 0 | S4: 0 | T4: 0 | U4: 0 | V4: 0 | Y4: 0 | Z4: TRUE | AD4: Resource-gated activated skill: 50% chance per attack to generate a Meso stack (max 10); own cast (this row's own 11s cooldown) deals damage to (stack count) targets. Modeled at steady state: average stack count at cast time = MIN(10, 0.5*attack_rate*cooldown), computed as a bespoke NormalMonsterTargets-equivalent formula in build_calc_sheet (left blank here, NOT a Skills-sheet literal, since it depends on the live Summary attack-rate cell) — same 'assume steady accumulation' simplification tier as Frost stacks/Elemental Drain elsewhere. factorIndex 12, baseDamage 2700 tenths% (270% level-1). SkillMasteryBonus% is Mastery Lv.90 'Meso Explosion damage +100%' (content-based — the wiki mislabels this row 'Meso Explosion - Strike', ignore the label, the description is unambiguous). Triggers Toxic Venom.
A5: PHASE_DASH | B5: Phase Dash | C5: 3 | D5: 23 | E5: TRUE | F5: 1 | G5: 2 | H5: 0 | I5: 0 | J5: 100 | K5: 1 | L5: 4500 | M5: 12 | N5: TRUE | O5: =SUMPRODUCT((Inputs!$B$3>={73})*{80}) | P5: 0 | Q5: 0 | R5: 0 | S5: 0 | T5: 0 | U5: 0 | V5: 0 | W5: 9 | Y5: 0 | Z5: TRUE | AD5: 450%->... to 7 target(s) (patched Aug 13 2026 -> 9, confirmed no tick/interval mechanic exists on this skill's own wiki page to change, despite an initially-mis-paired patch-note line — see the plan's Context section), 2 hits, cooldown 23s, stun not modeled. factorIndex 12, baseDamage 4500 tenths%. Mastery Lv.73 'Phase Dash - Damage' +80% (real SkillMasteryBonus%). Triggers Toxic Venom.
A6: DARK_FLARE | B6: Dark Flare | C6: 3 | D6: =IF(Inputs!$B$3>=92,45*0.7,45) | E6: TRUE | F6: 1 | G6: =IF(Inputs!$B$3>=76,3,2) | H6: =IF(Inputs!$B$3>=104,2*0.75,2) | I6: 20 | J6: 100 | K6: 1 | L6: 3300 | M6: 12 | N6: TRUE | O6: 0 | P6: 0 | Q6: 0 | R6: 0 | S6: 0 | T6: 0 | U6: =IF(Inputs!$B$3>=92,30,0) | V6: 0 | W6: 8 | Y6: 0 | Z6: TRUE | AD6: Shared verbatim w/ Night Lord (identical wiki wording AND identical patch corrections: hit interval 5s->2s, targets 5->8, damage 400%->330%). factorIndex 12, baseDamage 3300 tenths%. Mastery Lv.104 (Shadower's own 'Dark Flare - Strike Interval', -25%, matches Night Lord's own mastery of the same name exactly) baked into the ICD(s) formula; Lv.92 -30% cooldown baked into Cooldown(s). Maple Hero (Shadower) target — see MAPLE_HERO_SHADOWER_RATIOS, NOT the generic MapleHeroBase mechanism (unlike Night Lord's own copy of this row, which uses the generic 'additional damage%' mechanism instead — the two classes' Maple Hero effects are structurally different even though the base skill is identical). Triggers Toxic Venom.
A7: SHADOW_PARTNER | B7: Shadow Partner | C7: 3 | E7: FALSE | F7: 1 | G7: 1 | H7: 0 | I7: 0 | J7: 25 | K7: 1 | L7: 840 | M7: 21 | N7: TRUE | O7: =SUMPRODUCT((Inputs!$B$3>={68})*{100}) | P7: 0 | Q7: 0 | R7: 0 | S7: 0 | T7: 0 | U7: 0 | V7: 0 | W7: 1 | Y7: 0 | Z7: FALSE | AD7: Shared verbatim w/ Night Lord. Hybrid row: Calc columns D-I computed like a normal damage row but Calc!O forced to 0 — not an independent hit; Summary reads this row's Calc!F directly and folds into the shared extra_mult chain. factorIndex 21, baseDamage 840 tenths%. ProcChance% is the real 25% proc rate. SkillMasteryBonus% is Mastery Lv.68 'Shadow Partner - Damage' +100%. Maple Hero (Shadower) target — see MAPLE_HERO_SHADOWER_RATIOS (structurally different from Night Lord's own copy, same caveat as Dark Flare above).
A8: VENOM | B8: Venom | C8: 3 | D8: 1 | E8: FALSE | F8: 1 | G8: 1 | H8: 0 | I8: 0 | J8: 100 | K8: 1 | L8: 450 | M8: 21 | N8: TRUE | O8: 0 | P8: 0 | Q8: 0 | R8: 0 | S8: 0 | T8: 0 | U8: 0 | V8: 0 | W8: 1 | Y8: 0 | Z8: FALSE | AD8: Shared verbatim w/ Night Lord (patched poison chance 30%->50%, modeled always-active at steady state — matches Night Lord's own treatment exactly, including the Cooldown=1 'always-on tick' trick). factorIndex 21, baseDamage 450 tenths% (45%->81%, levels 1-200) — reverse-engineered fresh this session and confirmed to resolve to the EXACT same tuple Night Lord already uses, cross-validating the shared-skill-reuse premise. Mastery Lv.82 Weaken (+15%p Damage Taken while poisoned, patched from 12% — matches Night Lord's own Venom - Weaken mastery exactly, confirmed via the patch note despite the wiki mastery table mislabeling this row 'Meso Explosion - Damage') is a GLOBAL always-on monster-damage-taken bonus, not a per-row Mastery column — see build_summary_sheet. Maple Hero (Shadower) target — see MAPLE_HERO_SHADOWER_RATIOS (structurally different from Night Lord's own copy, same caveat as Dark Flare above).
A9: TOXIC_VENOM | B9: Toxic Venom | C9: 4 | E9: FALSE | F9: 1 | G9: 1 | H9: 0 | I9: 0 | J9: 20 | K9: 1 | L9: 6000 | M9: 21 | N9: TRUE | O9: =SUMPRODUCT((Inputs!$B$3>={130})*{100}) | P9: 0 | Q9: 0 | R9: 0 | S9: 0 | T9: 0 | U9: 0 | V9: 0 | W9: 1 | Y9: 0 | Z9: FALSE | AD9: Shared verbatim w/ Night Lord. No ICD — every attack against a (permanently poisoned) target independently rolls the 20% chance. Trigger rate = the combined per-second hit rate of every row with TriggersToxicVenom=TRUE. factorIndex 21, baseDamage 6000 tenths% (600%->1080%, levels 1-200). SkillMasteryBonus% is Mastery Lv.130 'Toxic Venom - Damage' +100% (Shadower's own tier — same mastery name/effect as Night Lord's own Lv.128 tier, just at a different level in this class's own mastery table).
A10: INTO_DARKNESS | B10: Into Darkness | C10: 3 | D10: 40 | E10: TRUE | F10: 1 | G10: 1 | H10: 0 | I10: 0 | J10: 100 | K10: 1 | L10: 200 | M10: 21 | N10: TRUE | O10: 0 | P10: 0 | Q10: 0 | R10: 0 | S10: 0 | T10: 0 | U10: 0 | V10: 0 | W10: 1 | X10: FINAL_DAMAGE | Y10: 13 | Z10: FALSE | AD10: FLAGGED (full curve exists, but a genuinely new skill with no cross-class precedent to sanity-check against): +20%->28% Final Damage for 13s, cooldown 40s. Basic-attack-damage immunity component (defensive) not modeled. factorIndex 21, baseDamage 200 tenths%.
A11: ASSASSINATE | B11: Assassinate | C11: 4 | D11: 13 | E11: TRUE | F11: 1 | G11: 2 | H11: 0 | I11: 0 | J11: 100 | K11: 1 | L11: 14000 | M11: 21 | N11: TRUE | O11: 0 | P11: 0 | Q11: 0 | R11: 0 | S11: 0 | T11: 0 | U11: 0 | V11: 0 | W11: 1 | Y11: 0 | Z11: TRUE | AD11: 2-part damage structure: base 1400%->1680%(lvl50, curve continues) x2 hits (factorIndex 21, baseDamage 14000 tenths%), PLUS a periodic finishing blow (+3000%->3750%(lvl50) additional damage, factorIndex 12, baseDamage 30000 tenths% — see FINISHER constants below) landing on average every 2nd cast (modeled as a flat 50% average multiplier, not an exact odd/even cast counter). This row needs a BESPOKE Calc!F formula (two independent FactorTable lookups combined additively, the finisher term halved for its average-every-2nd-cast frequency) — see build_calc_sheet. Mastery Lv.108 'Murderous Intent' doubles the NEXT finishing blow after a Blood Money attack — modeled as a steady-state average multiplier on the finisher term (probability = MIN(1, Blood-Money's own cast rate / Assassinate's own finisher rate)), not an exact alternating-state machine. Mastery Lv.134 'Assassinate - Damage' +50% (real, applies to the base-hit term only, matching the wiki's own 'Assassinate damage' wording which doesn't call out the finisher specifically). Curve confidence note: the patch's own qualitative text ('base hit damage now increases more significantly with skill level') has no numeric override — using the wiki's own current curve as the best available data. Triggers Toxic Venom (a genuine independent attack, unlike Venom/Shadow Partner/Shadow Shifter's own deliberate exclusions).
A12: SUDDEN_RAID_BURST | B12: Sudden Raid (burst) | C12: 4 | D12: 19 | E12: TRUE | F12: 1 | G12: 3 | H12: 0 | I12: 0 | J12: 100 | K12: 1 | L12: 14000 | M12: 12 | N12: TRUE | O12: =SUMPRODUCT((Inputs!$B$3>={126})*{50}) | P12: 0 | Q12: 0 | R12: 0 | S12: 0 | T12: 0 | U12: 0 | V12: 0 | W12: 8 | Y12: 0 | Z12: TRUE | AD12: Shared verbatim w/ Night Lord. factorIndex 12, baseDamage 14000 tenths% (1400%->2800%, levels 1-200). Mastery Lv.126 'Sudden Raid - Damage' +50% (Shadower's own tier, at a different level than Night Lord's own Lv.124 tier for the same mastery name — each class's mastery TABLE assigns its own level to a shared base skill's mastery, confirmed not an error). Does not apply to the DoT row below.
A13: SUDDEN_RAID_DOT | B13: Sudden Raid (DoT) | C13: 4 | D13: =Skills!D12 | E13: FALSE | F13: 1 | G13: 1 | H13: 1 | I13: 5 | J13: 100 | K13: 1 | L13: 3600 | M13: 12 | N13: TRUE | O13: 0 | P13: 0 | Q13: 0 | R13: 0 | S13: 0 | T13: 0 | U13: 0 | V13: 0 | W13: 8 | Y13: 0 | Z13: TRUE | AD13: Shared verbatim w/ Night Lord. Shares Sudden Raid (burst)'s live Cooldown(s) cell. factorIndex 12, baseDamage 3600 tenths% (360%->720%, levels 1-200), 5s window / 1s ICD = 5 EffectiveHits per cast.
A14: BLOOD_MONEY | B14: Blood Money | C14: 4 | D14: =Skills!D4 | E14: FALSE | F14: 1 | G14: 3 | H14: 0 | I14: 0 | J14: 100 | K14: 1 | L14: 36000 | M14: 12 | N14: TRUE | O14: =SUMPRODUCT((Inputs!$B$3>={122,138})*{50,50}) | P14: 0 | Q14: 0 | R14: 0 | S14: 0 | T14: 0 | U14: 0 | V14: =IF(Inputs!$B$3>=138,3,IF(Inputs!$B$3>=122,2,1)) | Y14: 0 | Z14: TRUE | AD14: PATCHED (Aug 13 2026): base damage 2800%->3600% (curve rescaled 1.2857x before reverse-engineering — factorIndex 12, baseDamage 36000 tenths% already reflects the patched value), single-target +5%/stack bonus REMOVED. Triggers alongside Meso Explosion's own cast (shares its live Cooldown(s) cell, no independent cooldown) — 50% chance PER meso-generation-roll to also create a Blood Money stack (max 5), modeled at steady state: MIN(5, 0.25*attack_rate*11) (0.5 meso-chance x 0.5 blood-money-chance), a bespoke NormalMonsterTargets-equivalent formula in build_calc_sheet (left blank here, same treatment as Meso Explosion's own targets formula). MasteryTargetIncrease field repurposed here as the stack-to-targets MULTIPLIER (1x pre-122, 2x at 122, 3x at 138 — both Lv.122 and Lv.138 masteries renamed 'Damage & Target' by the patch, see the plan's Context section for the full before/after reconciliation). SkillMasteryBonus% is the combined +50%(122)+50%(138) = +100% total once both unlock. Triggers Toxic Venom.
A15: SMOKESCREEN | B15: Smokescreen | C15: 4 | D15: 45 | E15: TRUE | F15: 1 | G15: 1 | H15: 0 | I15: 0 | J15: 100 | K15: 1 | L15: 130 | M15: 22 | N15: TRUE | O15: 0 | P15: 0 | Q15: 0 | R15: 0 | S15: 0 | T15: 0 | U15: 0 | V15: 0 | W15: 1 | X15: FINAL_DAMAGE | Y15: 20 | Z15: FALSE | AD15: Enemy-debuff components (Accuracy/Evasion/Defense reduction) and ally-damage-taken-reduction not modeled (no such mechanics exist anywhere in this calculator). Self Final Damage component only: +13%->14.9%(lvl50, curve continues) for 20s, cooldown 45s. factorIndex 22, baseDamage 130 tenths% — confirmed via exact-floor curve matching (the naive mean-based resolver initially suggested 129, off by one due to this being a small-magnitude curve, same class of rounding issue flagged in this project's own memory notes for FP-Mage — resolved by checking which integer base reproduces every sampled level's value exactly under floor-to-1-decimal rounding, not just within a loose tolerance). Mastery Lv.113 'Smokescreen - Critical': -10% enemy Critical Resistance in range (not modeled) + allies' Critical Damage +30% (self-inclusive, feeds a Crit-Damage-bonus accumulator in build_summary_sheet, duty-cycle-averaged off this row's own uptime).
A16: SHADOW_SHIFTER | B16: Shadow Shifter (counterattack) | C16: 4 | E16: FALSE | F16: 1 | G16: 1 | H16: 0 | I16: 0 | J16: 100 | K16: 1 | L16: 25000 | M16: 21 | N16: TRUE | O16: 0 | P16: 0 | Q16: 0 | R16: 0 | S16: 0 | T16: 0 | U16: 0 | V16: 0 | W16: 1 | Y16: 0 | Z16: FALSE | AD16: Shared verbatim w/ Night Lord. Counterattack DPS = Inputs!incoming_hit_rate * 20% * ExpectedDamage(counterHit) — bespoke O-column branch, no Cooldown(s)/rate machinery of its own. factorIndex 21, baseDamage 25000 tenths% (2500%->4500%, levels 1-200).
A17: SHADOW_SHIFTER_SELF_ATK | B17: Shadow Shifter (self Attack%) | C17: 4 | E17: FALSE | F17: 1 | G17: 1 | H17: 0 | I17: 0 | J17: 100 | K17: 1 | L17: 100 | M17: 22 | N17: TRUE | O17: 0 | P17: 0 | Q17: 0 | R17: 0 | S17: 0 | T17: 0 | U17: 0 | V17: 0 | W17: 1 | X17: ATTACK | Y17: 0 | Z17: FALSE | AD17: Shared verbatim w/ Night Lord. Passive-mult delta-tracking row (10%->16% self Attack) — assumed already baked into Inputs!ATTACK_PCT (Magic Critical pattern). factorIndex 22, baseDamage 100 tenths%.
A18: MAPLE_HERO_SHADOWER | B18: Maple Hero | C18: 4 | E18: FALSE | F18: 1 | G18: 1 | H18: 0 | I18: 0 | J18: 100 | K18: 1 | L18: 150 | M18: 23 | N18: TRUE | O18: 0 | P18: 0 | Q18: 0 | R18: 0 | S18: 0 | T18: 0 | U18: 0 | V18: 0 | W18: 1 | Y18: 0 | Z18: FALSE | AD18: Shared curve feeding Dark Flare/Venom/Shadow Partner/Phase Dash's own Final Damage chains (see MAPLE_HERO_SHADOWER_RATIOS) — confirmed via reverse-engineering that all 4 target values scale proportionally across the full level range (factorIndex 23, baseDamage 150 tenths%, representing Dark Flare's own 1x share; Venom/Shadow Partner are 3.3333x, Phase Dash is 2.6667x). No independent DPS row of its own (Calc columns J-N stay blank/0, same 'no independent row' pattern as Night Lord's own Night Lord's Mark) — only D/E/F are computed, read directly by each target row's own K-column formula.
A19: NIMBLE_FEET | B19: Nimble Feet | C19: 1 | D19: 60 | E19: TRUE | F19: 1 | G19: 1 | H19: 0 | I19: 0 | J19: 100 | K19: 1 | L19: 150 | M19: 0 | N19: FALSE | O19: 0 | P19: 0 | Q19: 0 | R19: 0 | S19: 0 | T19: 0 | U19: 0 | V19: 0 | W19: 1 | X19: ATTACK_SPEED | Y19: 15 | Z19: FALSE | AD19: Shared verbatim w/ Night Lord/FP-Mage. Flat +15% Attack Speed / +10% Speed for 15s, 60s cooldown, non-scaling. FactorIndex unused placeholder.
A20: DARK_SIGHT_CRIT | B20: Dark Sight (Crit Rate) | C20: 1 | D20: 25 | E20: FALSE | F20: 1 | G20: 1 | H20: 0 | I20: 0 | J20: 100 | K20: 1 | L20: 60 | M20: 21 | N20: TRUE | O20: 0 | P20: 0 | Q20: 0 | R20: 0 | S20: 0 | T20: 0 | U20: 0 | V20: 0 | W20: 1 | X20: CRIT_RATE | Y20: =IF(Inputs!$B$3>=24,12,8) | Z20: FALSE | AD20: Shared verbatim w/ Night Lord (identical wording). Two-stage activation grants +6%->8.4% Crit Rate for 8s (->12s once Mastery Lv.24 'Dark Sight - Persistence' unlocks). factorIndex 21, baseDamage 60 tenths%. Passenger row (CostsActionSlot=False).
A21: DARK_SIGHT_ATK | B21: Dark Sight (Attack) | C21: 1 | D21: 25 | E21: TRUE | F21: 2 | G21: 1 | H21: 0 | I21: 0 | J21: 100 | K21: 1 | L21: 100 | M21: 21 | N21: TRUE | O21: 0 | P21: 0 | Q21: 0 | R21: 0 | S21: 0 | T21: 0 | U21: 0 | V21: 0 | W21: 1 | X21: ATTACK | Y21: =IF(Inputs!$B$3>=24,12,8) | Z21: FALSE | AD21: Shared verbatim w/ Night Lord. Same 2-stage activation, +10%->14% Attack for 8s (->12s at Mastery Lv.24). factorIndex 21, baseDamage 100 tenths%. ActionsPerCast=2.
A22: AGILE_DAGGERS | B22: Agile Daggers | C22: 2 | E22: FALSE | F22: 1 | G22: 1 | H22: 0 | I22: 0 | J22: 100 | K22: 1 | L22: 50 | M22: 22 | N22: TRUE | O22: 0 | P22: 0 | Q22: 0 | R22: 0 | S22: 0 | T22: 0 | U22: 0 | V22: 0 | W22: 1 | X22: ATTACK_SPEED | Y22: 0 | Z22: FALSE | AD22: HIGH-CONFIDENCE REUSE (no individual wiki page exists for this specific skill, but its level-1 text '+5% Attack Speed' is word-for-word identical to Night Lord's own Agile Claws): reuses that exact factorIndex 22/baseDamage 50 tenths% pair. Magic Critical pattern — already baked into Inputs!ATTACK_SPEED%; feeds the 2nd-Job Skill Level Bonus Sensitivity delta only.
A23: CHANNEL_KARMA | B23: Channel Karma (self Attack%) | C23: 2 | E23: FALSE | F23: 1 | G23: 1 | H23: 0 | I23: 0 | J23: 100 | K23: 1 | L23: 80 | M23: 22 | N23: TRUE | O23: 0 | P23: 0 | Q23: 0 | R23: 0 | S23: 0 | T23: 0 | U23: 0 | V23: 0 | W23: 1 | X23: ATTACK | Y23: 0 | Z23: FALSE | AD23: FLAGGED ASSUMPTION (no individual wiki page exists): factorIndex 22 (convention), baseDamage 80 tenths% (8% level-1 Attack component). Critical Resistance component not modeled (no such mechanic exists). Magic Critical pattern — already baked into Inputs!ATTACK_PCT; feeds the 2nd-Job Skill Level Bonus delta only.
A24: DAGGER_MASTERY | B24: Dagger Mastery | C24: 2 | E24: FALSE | F24: 1 | G24: 1 | H24: 0 | I24: 0 | J24: 100 | K24: 1 | L24: 150 | M24: 22 | N24: TRUE | O24: 0 | P24: 0 | Q24: 0 | R24: 0 | S24: 0 | T24: 0 | U24: 0 | V24: 0 | W24: 1 | X24: MIN_DAMAGE | Y24: 0 | Z24: FALSE | AD24: Magic Critical pattern — already baked into Inputs!MIN_DAMAGE%; feeds the 2nd-Job Skill Level Bonus delta. factorIndex 22, baseDamage 150 tenths%.
A25: CRITICAL_EDGE_RATE | B25: Critical Edge (Crit Rate) | C25: 2 | E25: FALSE | F25: 1 | G25: 1 | H25: 0 | I25: 0 | J25: 100 | K25: 1 | L25: 60 | M25: 22 | N25: TRUE | O25: 0 | P25: 0 | Q25: 0 | R25: 0 | S25: 0 | T25: 0 | U25: 0 | V25: 0 | W25: 1 | X25: CRIT_RATE | Y25: 0 | Z25: FALSE | AD25: Magic Critical pattern — already baked into Inputs!CRIT_RATE%; feeds the 2nd-Job Skill Level Bonus delta. factorIndex 22, baseDamage 60 tenths%.
A26: CRITICAL_EDGE_DMG | B26: Critical Edge (Crit Damage) | C26: 2 | E26: FALSE | F26: 1 | G26: 1 | H26: 0 | I26: 0 | J26: 100 | K26: 1 | L26: 100 | M26: 22 | N26: TRUE | O26: 0 | P26: 0 | Q26: 0 | R26: 0 | S26: 0 | T26: 0 | U26: 0 | V26: 0 | W26: 1 | X26: CRIT_DAMAGE | Y26: 0 | Z26: FALSE | AD26: Same skill as Critical Edge (Crit Rate) above. Magic Critical pattern — already baked into Inputs!CRIT_DAMAGE%; feeds the 2nd-Job Skill Level Bonus delta. factorIndex 22, baseDamage 100 tenths%.
A27: PHYSICAL_TRAINING | B27: Physical Training | C27: 2 | E27: FALSE | F27: 1 | G27: 1 | H27: 0 | I27: 0 | J27: 100 | K27: 1 | L27: 100 | M27: 22 | N27: TRUE | O27: 0 | P27: 0 | Q27: 0 | R27: 0 | S27: 0 | T27: 0 | U27: 0 | V27: 0 | W27: 1 | X27: BASIC_ATTACK_DAMAGE | Y27: 0 | Z27: FALSE | AD27: Magic Critical pattern — already baked into Inputs!BASIC_ATTACK_DAMAGE%; feeds the 2nd-Job Skill Level Bonus delta. factorIndex 22, baseDamage 100 tenths%.
A28: DAGGER_EXPERT_SKILL | B28: Dagger Expert (Skill Damage) | C28: 4 | E28: FALSE | F28: 1 | G28: 1 | H28: 0 | I28: 0 | J28: 100 | K28: 1 | L28: 150 | M28: 22 | N28: TRUE | O28: 0 | P28: 0 | Q28: 0 | R28: 0 | S28: 0 | T28: 0 | U28: 0 | V28: 0 | W28: 1 | X28: SKILL_DAMAGE | Y28: 0 | Z28: FALSE | AD28: Magic Critical pattern — already baked into Inputs!SKILL_DAMAGE%; feeds the 4th-Job Skill Level Bonus delta (Skill Damage side). factorIndex 22, baseDamage 150 tenths%.
A29: DAGGER_EXPERT_MAXDMG | B29: Dagger Expert (Max Damage Multiplier) | C29: 4 | E29: FALSE | F29: 1 | G29: 1 | H29: 0 | I29: 0 | J29: 100 | K29: 1 | L29: 200 | M29: 22 | N29: TRUE | O29: 0 | P29: 0 | Q29: 0 | R29: 0 | S29: 0 | T29: 0 | U29: 0 | V29: 0 | W29: 1 | X29: MAX_DAMAGE | Y29: 0 | Z29: FALSE | AD29: Same skill as Dagger Expert (Skill Damage) above, +20%->23% Max Damage Multiplier. Magic Critical pattern — already baked into Inputs!MAX_DAMAGE%; feeds the 4th-Job Skill Level Bonus delta (Max Damage Multiplier side). factorIndex 22, baseDamage 200 tenths%.
A30: SHADOWER_INSTINCT | B30: Shadower Instinct | C30: 4 | E30: FALSE | F30: 1 | G30: 1 | H30: 0 | I30: 0 | J30: 100 | K30: 1 | L30: 200 | M30: 22 | N30: TRUE | O30: 0 | P30: 0 | Q30: 0 | R30: 0 | S30: 0 | T30: 0 | U30: 0 | V30: 0 | W30: 1 | X30: FINAL_DAMAGE | Y30: 0 | Z30: FALSE | AD30: Magic Critical pattern — already baked into Inputs!FINAL_DAMAGE%; feeds the 4th-Job Skill Level Bonus delta. factorIndex 22, baseDamage 200 tenths%.

Sheet Calc
A1: Key | B1: Name | C1: Unlocked | D1: InputLevel | E1: Factor | F1: CoefficientPercent | G1: EffectiveHits | H1: ProcProbability | I1: MapleHeroMultiplier | J1: BaseDamage | K1: BaseHitDamage | L1: NonCritAvg | M1: CritAvg | N1: ExpectedDamage(perHit) | O1: DPS | P1: % of Total | Q1: InvCooldown | R1: CastsInFight | S1: HitRate(perSec) | U1: Maple Hero (Shadower) helper — unused (see MAPLE_HERO_SHADOWER row's own Note)
A2: =Skills!A2 | B2: =Skills!B2 | C2: =Inputs!$B$3>=100 | F2: =Summary!$B$54+Skills!O2 | G2: =Skills!G2*IF(Skills!H2>0,Skills!I2/Skills!H2,1) | H2: =1-(1-Skills!J2/100)^Skills!K2 | I2: 1 | J2: =Summary!$B$50*(F2/100) | K2: =J2*(1+Summary!$B$51/100)*(1+Inputs!$B$14/100)*(1+IF(Inputs!$B$4="pvp",0,(1-Summary!$B$55)*(Inputs!$B$19+Skills!P2+Summary!$B$59)+Summary!$B$55*(Inputs!$B$20+Skills!Q2+Summary!$B$59))/100)*(1+Inputs!$B$15/100)*(5000/(6000+Inputs!$B$7*(1-Inputs!$B$18/100)))*(1+Inputs!$B$23/100)*(1+(IF(Skills!A2="CRUEL_STAB",Inputs!$B$16,Inputs!$B$17))/100)*(Summary!$B$57*Summary!$B$60*I2) | L2: =K2*(MIN(Inputs!$B$21,Inputs!$B$22)/100+Inputs!$B$22/100)/2 | M2: =L2*(1+(Inputs!$B$9+Summary!$B$65)/100) | N2: =L2*(1-MIN((Inputs!$B$8+Summary!$B$58),100)/100)+M2*(MIN((Inputs!$B$8+Summary!$B$58),100)/100) | O2: =IF(C2,Skills!G2*N2*Summary!$B$64*IF(Inputs!$B$4="pvp",1,(1-Summary!$B$55)*(1)+Summary!$B$55*(MIN(Skills!W2,Inputs!$B$37))),0) | P2: =IF(Summary!$B$3=0,0,O2/Summary!$B$3) | Q2: 0 | R2: 0 | S2: =IFERROR(O2/N2,0)
A3: =Skills!A3 | B3: =Skills!B3 | C3: =Inputs!$B$3>=35 | D3: =IF(Skills!C3=1,60+Inputs!$B$24+Inputs!$B$28,IF(Skills!C3=2,90+Inputs!$B$25+Inputs!$B$28,IF(Skills!C3=3,120+Inputs!$B$26+Inputs!$B$28,MAX(0,(Inputs!$B$3-100)*3)+Inputs!$B$27+Inputs!$B$28))) | E3: =INDEX(FactorTable!$B$2:$Y$301, MATCH(ROUND(MIN(300,MAX(1,D3)),0), FactorTable!$A$2:$A$301,0), Skills!M3+1) | F3: =IF(Skills!N3=TRUE,(Skills!L3/10)*(E3/1000),Skills!L3/10)+Skills!O3 | G3: =Skills!G3*IF(Skills!H3>0,Skills!I3/Skills!H3,1) | H3: =1-(1-Skills!J3/100)^Skills!K3 | I3: 1 | O3: 0 | P3: =IF(Summary!$B$3=0,0,O3/Summary!$B$3) | Q3: 0 | R3: 0 | S3: =IFERROR(O3/N3,0)
A4: =Skills!A4 | B4: =Skills!B4 | C4: =Inputs!$B$3>=66 | D4: =IF(Skills!C4=1,60+Inputs!$B$24+Inputs!$B$28,IF(Skills!C4=2,90+Inputs!$B$25+Inputs!$B$28,IF(Skills!C4=3,120+Inputs!$B$26+Inputs!$B$28,MAX(0,(Inputs!$B$3-100)*3)+Inputs!$B$27+Inputs!$B$28))) | E4: =INDEX(FactorTable!$B$2:$Y$301, MATCH(ROUND(MIN(300,MAX(1,D4)),0), FactorTable!$A$2:$A$301,0), Skills!M4+1) | F4: =IF(Skills!N4=TRUE,(Skills!L4/10)*(E4/1000),Skills!L4/10)+Skills!O4 | G4: =Skills!G4*IF(Skills!H4>0,Skills!I4/Skills!H4,1) | H4: =1-(1-Skills!J4/100)^Skills!K4 | I4: 1 | J4: =Summary!$B$50*(F4/100) | K4: =J4*(1+Summary!$B$51/100)*(1+Inputs!$B$14/100)*(1+IF(Inputs!$B$4="pvp",0,(1-Summary!$B$55)*(Inputs!$B$19+Skills!P4+Summary!$B$59)+Summary!$B$55*(Inputs!$B$20+Skills!Q4+Summary!$B$59))/100)*(1+Inputs!$B$15/100)*(5000/(6000+Inputs!$B$7*(1-Inputs!$B$18/100)))*(1+Inputs!$B$23/100)*(1+(IF(Skills!A4="CRUEL_STAB",Inputs!$B$16,Inputs!$B$17))/100)*(Summary!$B$57*Summary!$B$60*I4) | L4: =K4*(MIN(Inputs!$B$21,Inputs!$B$22)/100+Inputs!$B$22/100)/2 | M4: =L4*(1+(Inputs!$B$9+Summary!$B$65)/100) | N4: =L4*(1-MIN((Inputs!$B$8+Summary!$B$58),100)/100)+M4*(MIN((Inputs!$B$8+Summary!$B$58),100)/100) | O4: =IF(C4,H4*N4*IF(AND(Inputs!$B$4<>"pvp",Inputs!$B$35>0),((Skills!G4*((R4-1)*IF(Skills!H4>0,Skills!I4/Skills!H4,1)+IF(Skills!H4>0,MIN(Skills!I4,MAX(0,Inputs!$B$35-((R4-1)*IF(Inputs!$B$4="pvp",15,MAX(0.1,Skills!D4-IF(Skills!E4=TRUE,Inputs!$B$31,0))))))/Skills!H4,1)))/Inputs!$B$35),G4*Q4)*IF(Inputs!$B$4="pvp",1,(1-Summary!$B$55)*(1)+Summary!$B$55*(MIN(MIN(10,0.5*Summary!$B$62*Skills!D4),Inputs!$B$37))),0) | P4: =IF(Summary!$B$3=0,0,O4/Summary!$B$3) | Q4: =IFERROR(1/IF(Inputs!$B$4="pvp",15,MAX(0.1,Skills!D4-IF(Skills!E4=TRUE,Inputs!$B$31,0))),0) | R4: =IF(AND(Inputs!$B$4<>"pvp",Inputs!$B$35>0),(INT(Inputs!$B$35/IF(Inputs!$B$4="pvp",15,MAX(0.1,Skills!D4-IF(Skills!E4=TRUE,Inputs!$B$31,0))))+1),0) | S4: =IFERROR(O4/N4,0)
A5: =Skills!A5 | B5: =Skills!B5 | C5: =Inputs!$B$3>=63 | D5: =IF(Skills!C5=1,60+Inputs!$B$24+Inputs!$B$28,IF(Skills!C5=2,90+Inputs!$B$25+Inputs!$B$28,IF(Skills!C5=3,120+Inputs!$B$26+Inputs!$B$28,MAX(0,(Inputs!$B$3-100)*3)+Inputs!$B$27+Inputs!$B$28))) | E5: =INDEX(FactorTable!$B$2:$Y$301, MATCH(ROUND(MIN(300,MAX(1,D5)),0), FactorTable!$A$2:$A$301,0), Skills!M5+1) | F5: =IF(Skills!N5=TRUE,(Skills!L5/10)*(E5/1000),Skills!L5/10)+Skills!O5 | G5: =Skills!G5*IF(Skills!H5>0,Skills!I5/Skills!H5,1) | H5: =1-(1-Skills!J5/100)^Skills!K5 | I5: 1 | J5: =Summary!$B$50*(F5/100) | K5: =J5*(1+Summary!$B$51/100)*(1+Inputs!$B$14/100)*(1+IF(Inputs!$B$4="pvp",0,(1-Summary!$B$55)*(Inputs!$B$19+Skills!P5+Summary!$B$59)+Summary!$B$55*(Inputs!$B$20+Skills!Q5+Summary!$B$59))/100)*(1+Inputs!$B$15/100)*(5000/(6000+Inputs!$B$7*(1-Inputs!$B$18/100)))*(1+Inputs!$B$23/100)*(1+2.6666666666666665*IF(C18=TRUE,F18,0)/100)*(1+(IF(Skills!A5="CRUEL_STAB",Inputs!$B$16,Inputs!$B$17))/100)*(Summary!$B$57*Summary!$B$60*I5) | L5: =K5*(MIN(Inputs!$B$21,Inputs!$B$22)/100+Inputs!$B$22/100)/2 | M5: =L5*(1+(Inputs!$B$9+Summary!$B$65)/100) | N5: =L5*(1-MIN((Inputs!$B$8+Summary!$B$58),100)/100)+M5*(MIN((Inputs!$B$8+Summary!$B$58),100)/100) | O5: =IF(C5,H5*N5*IF(AND(Inputs!$B$4<>"pvp",Inputs!$B$35>0),((Skills!G5*((R5-1)*IF(Skills!H5>0,Skills!I5/Skills!H5,1)+IF(Skills!H5>0,MIN(Skills!I5,MAX(0,Inputs!$B$35-((R5-1)*IF(Inputs!$B$4="pvp",15,MAX(0.1,Skills!D5-IF(Skills!E5=TRUE,Inputs!$B$31,0))))))/Skills!H5,1)))/Inputs!$B$35),G5*Q5)*IF(Inputs!$B$4="pvp",1,(1-Summary!$B$55)*(1)+Summary!$B$55*(MIN(Skills!W5,Inputs!$B$37))),0) | P5: =IF(Summary!$B$3=0,0,O5/Summary!$B$3) | Q5: =IFERROR(1/IF(Inputs!$B$4="pvp",15,MAX(0.1,Skills!D5-IF(Skills!E5=TRUE,Inputs!$B$31,0))),0) | R5: =IF(AND(Inputs!$B$4<>"pvp",Inputs!$B$35>0),(INT(Inputs!$B$35/IF(Inputs!$B$4="pvp",15,MAX(0.1,Skills!D5-IF(Skills!E5=TRUE,Inputs!$B$31,0))))+1),0) | S5: =IFERROR(O5/N5,0)
A6: =Skills!A6 | B6: =Skills!B6 | C6: =Inputs!$B$3>=69 | D6: =IF(Skills!C6=1,60+Inputs!$B$24+Inputs!$B$28,IF(Skills!C6=2,90+Inputs!$B$25+Inputs!$B$28,IF(Skills!C6=3,120+Inputs!$B$26+Inputs!$B$28,MAX(0,(Inputs!$B$3-100)*3)+Inputs!$B$27+Inputs!$B$28))) | E6: =INDEX(FactorTable!$B$2:$Y$301, MATCH(ROUND(MIN(300,MAX(1,D6)),0), FactorTable!$A$2:$A$301,0), Skills!M6+1) | F6: =IF(Skills!N6=TRUE,(Skills!L6/10)*(E6/1000),Skills!L6/10)+Skills!O6 | G6: =Skills!G6*IF(Skills!H6>0,Skills!I6/Skills!H6,1) | H6: =1-(1-Skills!J6/100)^Skills!K6 | I6: 1 | J6: =Summary!$B$50*(F6/100) | K6: =J6*(1+Summary!$B$51/100)*(1+Inputs!$B$14/100)*(1+IF(Inputs!$B$4="pvp",0,(1-Summary!$B$55)*(Inputs!$B$19+Skills!P6+Summary!$B$59)+Summary!$B$55*(Inputs!$B$20+Skills!Q6+Summary!$B$59))/100)*(1+Inputs!$B$15/100)*(5000/(6000+Inputs!$B$7*(1-Inputs!$B$18/100)))*(1+Inputs!$B$23/100)*(1+1.0*IF(C18=TRUE,F18,0)/100)*(1+(IF(Skills!A6="CRUEL_STAB",Inputs!$B$16,Inputs!$B$17))/100)*(Summary!$B$57*Summary!$B$60*I6) | L6: =K6*(MIN(Inputs!$B$21,Inputs!$B$22)/100+Inputs!$B$22/100)/2 | M6: =L6*(1+(Inputs!$B$9+Summary!$B$65)/100) | N6: =L6*(1-MIN((Inputs!$B$8+Summary!$B$58),100)/100)+M6*(MIN((Inputs!$B$8+Summary!$B$58),100)/100) | O6: =IF(C6,H6*N6*IF(AND(Inputs!$B$4<>"pvp",Inputs!$B$35>0),((Skills!G6*((R6-1)*IF(Skills!H6>0,Skills!I6/Skills!H6,1)+IF(Skills!H6>0,MIN(Skills!I6,MAX(0,Inputs!$B$35-((R6-1)*IF(Inputs!$B$4="pvp",15,MAX(0.1,Skills!D6-IF(Skills!E6=TRUE,Inputs!$B$31,0))))))/Skills!H6,1)))/Inputs!$B$35),G6*Q6)*IF(Inputs!$B$4="pvp",1,(1-Summary!$B$55)*(1)+Summary!$B$55*(MIN(Skills!W6,Inputs!$B$37))),0) | P6: =IF(Summary!$B$3=0,0,O6/Summary!$B$3) | Q6: =IFERROR(1/IF(Inputs!$B$4="pvp",15,MAX(0.1,Skills!D6-IF(Skills!E6=TRUE,Inputs!$B$31,0))),0) | R6: =IF(AND(Inputs!$B$4<>"pvp",Inputs!$B$35>0),(INT(Inputs!$B$35/IF(Inputs!$B$4="pvp",15,MAX(0.1,Skills!D6-IF(Skills!E6=TRUE,Inputs!$B$31,0))))+1),0) | S6: =IFERROR(O6/N6,0)
A7: =Skills!A7 | B7: =Skills!B7 | C7: =Inputs!$B$3>=60 | D7: =IF(Skills!C7=1,60+Inputs!$B$24+Inputs!$B$28,IF(Skills!C7=2,90+Inputs!$B$25+Inputs!$B$28,IF(Skills!C7=3,120+Inputs!$B$26+Inputs!$B$28,MAX(0,(Inputs!$B$3-100)*3)+Inputs!$B$27+Inputs!$B$28))) | E7: =INDEX(FactorTable!$B$2:$Y$301, MATCH(ROUND(MIN(300,MAX(1,D7)),0), FactorTable!$A$2:$A$301,0), Skills!M7+1) | F7: =IF(Skills!N7=TRUE,(Skills!L7/10)*(E7/1000),Skills!L7/10)+Skills!O7 | G7: =Skills!G7*IF(Skills!H7>0,Skills!I7/Skills!H7,1) | H7: =1-(1-Skills!J7/100)^Skills!K7 | I7: 1 | O7: 0 | P7: =IF(Summary!$B$3=0,0,O7/Summary!$B$3) | Q7: 0 | R7: 0 | S7: =IFERROR(O7/N7,0)
A8: =Skills!A8 | B8: =Skills!B8 | C8: =Inputs!$B$3>=72 | D8: =IF(Skills!C8=1,60+Inputs!$B$24+Inputs!$B$28,IF(Skills!C8=2,90+Inputs!$B$25+Inputs!$B$28,IF(Skills!C8=3,120+Inputs!$B$26+Inputs!$B$28,MAX(0,(Inputs!$B$3-100)*3)+Inputs!$B$27+Inputs!$B$28))) | E8: =INDEX(FactorTable!$B$2:$Y$301, MATCH(ROUND(MIN(300,MAX(1,D8)),0), FactorTable!$A$2:$A$301,0), Skills!M8+1) | F8: =IF(Skills!N8=TRUE,(Skills!L8/10)*(E8/1000),Skills!L8/10)+Skills!O8 | G8: =Skills!G8*IF(Skills!H8>0,Skills!I8/Skills!H8,1) | H8: =1-(1-Skills!J8/100)^Skills!K8 | I8: 1 | J8: =Summary!$B$50*(F8/100) | K8: =J8*(1+Summary!$B$51/100)*(1+Inputs!$B$14/100)*(1+IF(Inputs!$B$4="pvp",0,(1-Summary!$B$55)*(Inputs!$B$19+Skills!P8+Summary!$B$59)+Summary!$B$55*(Inputs!$B$20+Skills!Q8+Summary!$B$59))/100)*(1+Inputs!$B$15/100)*(5000/(6000+Inputs!$B$7*(1-Inputs!$B$18/100)))*(1+Inputs!$B$23/100)*(1+3.3333333333333335*IF(C18=TRUE,F18,0)/100)*(1+(IF(Skills!A8="CRUEL_STAB",Inputs!$B$16,Inputs!$B$17))/100)*(Summary!$B$57*Summary!$B$60*I8) | L8: =K8*(MIN(Inputs!$B$21,Inputs!$B$22)/100+Inputs!$B$22/100)/2 | M8: =L8*(1+(Inputs!$B$9+Summary!$B$65)/100) | N8: =L8*(1-MIN((Inputs!$B$8+Summary!$B$58),100)/100)+M8*(MIN((Inputs!$B$8+Summary!$B$58),100)/100) | O8: =IF(C8,H8*N8*IF(AND(Inputs!$B$4<>"pvp",Inputs!$B$35>0),((Skills!G8*((R8-1)*IF(Skills!H8>0,Skills!I8/Skills!H8,1)+IF(Skills!H8>0,MIN(Skills!I8,MAX(0,Inputs!$B$35-((R8-1)*IF(Inputs!$B$4="pvp",15,MAX(0.1,Skills!D8-IF(Skills!E8=TRUE,Inputs!$B$31,0))))))/Skills!H8,1)))/Inputs!$B$35),G8*Q8)*IF(Inputs!$B$4="pvp",1,(1-Summary!$B$55)*(1)+Summary!$B$55*(MIN(Skills!W8,Inputs!$B$37))),0) | P8: =IF(Summary!$B$3=0,0,O8/Summary!$B$3) | Q8: =IFERROR(1/IF(Inputs!$B$4="pvp",15,MAX(0.1,Skills!D8-IF(Skills!E8=TRUE,Inputs!$B$31,0))),0) | R8: =IF(AND(Inputs!$B$4<>"pvp",Inputs!$B$35>0),(INT(Inputs!$B$35/IF(Inputs!$B$4="pvp",15,MAX(0.1,Skills!D8-IF(Skills!E8=TRUE,Inputs!$B$31,0))))+1),0) | S8: =IFERROR(O8/N8,0)
A9: =Skills!A9 | B9: =Skills!B9 | C9: =Inputs!$B$3>=117 | D9: =IF(Skills!C9=1,60+Inputs!$B$24+Inputs!$B$28,IF(Skills!C9=2,90+Inputs!$B$25+Inputs!$B$28,IF(Skills!C9=3,120+Inputs!$B$26+Inputs!$B$28,MAX(0,(Inputs!$B$3-100)*3)+Inputs!$B$27+Inputs!$B$28))) | E9: =INDEX(FactorTable!$B$2:$Y$301, MATCH(ROUND(MIN(300,MAX(1,D9)),0), FactorTable!$A$2:$A$301,0), Skills!M9+1) | F9: =IF(Skills!N9=TRUE,(Skills!L9/10)*(E9/1000),Skills!L9/10)+Skills!O9 | G9: =Skills!G9*IF(Skills!H9>0,Skills!I9/Skills!H9,1) | H9: =1-(1-Skills!J9/100)^Skills!K9 | I9: 1 | J9: =Summary!$B$50*(F9/100) | K9: =J9*(1+Summary!$B$51/100)*(1+Inputs!$B$14/100)*(1+IF(Inputs!$B$4="pvp",0,(1-Summary!$B$55)*(Inputs!$B$19+Skills!P9+Summary!$B$59)+Summary!$B$55*(Inputs!$B$20+Skills!Q9+Summary!$B$59))/100)*(1+Inputs!$B$15/100)*(5000/(6000+Inputs!$B$7*(1-Inputs!$B$18/100)))*(1+Inputs!$B$23/100)*(1+(IF(Skills!A9="CRUEL_STAB",Inputs!$B$16,Inputs!$B$17))/100)*(Summary!$B$57*Summary!$B$60*I9) | L9: =K9*(MIN(Inputs!$B$21,Inputs!$B$22)/100+Inputs!$B$22/100)/2 | M9: =L9*(1+(Inputs!$B$9+Summary!$B$65)/100) | N9: =L9*(1-MIN((Inputs!$B$8+Summary!$B$58),100)/100)+M9*(MIN((Inputs!$B$8+Summary!$B$58),100)/100) | O9: =IF(C9,0.2*SUMPRODUCT((Skills!Z2:Z30=TRUE)*(C2:C30=TRUE)*S2:S30)*N9,0) | P9: =IF(Summary!$B$3=0,0,O9/Summary!$B$3) | Q9: 0 | R9: 0 | S9: 0
A10: =Skills!A10 | B10: =Skills!B10 | C10: =Inputs!$B$3>=74 | D10: =IF(Skills!C10=1,60+Inputs!$B$24+Inputs!$B$28,IF(Skills!C10=2,90+Inputs!$B$25+Inputs!$B$28,IF(Skills!C10=3,120+Inputs!$B$26+Inputs!$B$28,MAX(0,(Inputs!$B$3-100)*3)+Inputs!$B$27+Inputs!$B$28))) | E10: =INDEX(FactorTable!$B$2:$Y$301, MATCH(ROUND(MIN(300,MAX(1,D10)),0), FactorTable!$A$2:$A$301,0), Skills!M10+1) | F10: =IF(Skills!N10=TRUE,(Skills!L10/10)*(E10/1000),Skills!L10/10)+Skills!O10 | G10: =Skills!G10*IF(Skills!H10>0,Skills!I10/Skills!H10,1) | H10: =1-(1-Skills!J10/100)^Skills!K10 | I10: 1 | O10: 0 | P10: =IF(Summary!$B$3=0,0,O10/Summary!$B$3) | Q10: =IFERROR(1/IF(Inputs!$B$4="pvp",15,MAX(0.1,Skills!D10-IF(Skills!E10=TRUE,Inputs!$B$31,0))),0) | R10: =IF(AND(Inputs!$B$4<>"pvp",Inputs!$B$35>0),(INT(Inputs!$B$35/IF(Inputs!$B$4="pvp",15,MAX(0.1,Skills!D10-IF(Skills!E10=TRUE,Inputs!$B$31,0))))+1),0) | S10: =IFERROR(O10/N10,0)
A11: =Skills!A11 | B11: =Skills!B11 | C11: =Inputs!$B$3>=103 | D11: =IF(Skills!C11=1,60+Inputs!$B$24+Inputs!$B$28,IF(Skills!C11=2,90+Inputs!$B$25+Inputs!$B$28,IF(Skills!C11=3,120+Inputs!$B$26+Inputs!$B$28,MAX(0,(Inputs!$B$3-100)*3)+Inputs!$B$27+Inputs!$B$28))) | E11: =INDEX(FactorTable!$B$2:$Y$301, MATCH(ROUND(MIN(300,MAX(1,D11)),0), FactorTable!$A$2:$A$301,0), Skills!M11+1) | F11: =(Skills!L11/10)*(E11/1000)+IF(Inputs!$B$3>=134,50,0)+0.5*(30000/10)*(INDEX(FactorTable!$B$2:$Y$301, MATCH(ROUND(MIN(300,MAX(1,D11)),0), FactorTable!$A$2:$A$301,0), 13)/1000)*Summary!$B$68 | G11: =Skills!G11*IF(Skills!H11>0,Skills!I11/Skills!H11,1) | H11: =1-(1-Skills!J11/100)^Skills!K11 | I11: 1 | J11: =Summary!$B$50*(F11/100) | K11: =J11*(1+Summary!$B$51/100)*(1+Inputs!$B$14/100)*(1+IF(Inputs!$B$4="pvp",0,(1-Summary!$B$55)*(Inputs!$B$19+Skills!P11+Summary!$B$59)+Summary!$B$55*(Inputs!$B$20+Skills!Q11+Summary!$B$59))/100)*(1+Inputs!$B$15/100)*(5000/(6000+Inputs!$B$7*(1-Inputs!$B$18/100)))*(1+Inputs!$B$23/100)*(1+(IF(Skills!A11="CRUEL_STAB",Inputs!$B$16,Inputs!$B$17))/100)*(Summary!$B$57*Summary!$B$60*I11) | L11: =K11*(MIN(Inputs!$B$21,Inputs!$B$22)/100+Inputs!$B$22/100)/2 | M11: =L11*(1+(Inputs!$B$9+Summary!$B$65)/100) | N11: =L11*(1-MIN((Inputs!$B$8+Summary!$B$58),100)/100)+M11*(MIN((Inputs!$B$8+Summary!$B$58),100)/100) | O11: =IF(C11,H11*N11*IF(AND(Inputs!$B$4<>"pvp",Inputs!$B$35>0),((Skills!G11*((R11-1)*IF(Skills!H11>0,Skills!I11/Skills!H11,1)+IF(Skills!H11>0,MIN(Skills!I11,MAX(0,Inputs!$B$35-((R11-1)*IF(Inputs!$B$4="pvp",15,MAX(0.1,Skills!D11-IF(Skills!E11=TRUE,Inputs!$B$31,0))))))/Skills!H11,1)))/Inputs!$B$35),G11*Q11)*IF(Inputs!$B$4="pvp",1,(1-Summary!$B$55)*(1)+Summary!$B$55*(MIN(Skills!W11,Inputs!$B$37))),0) | P11: =IF(Summary!$B$3=0,0,O11/Summary!$B$3) | Q11: =IFERROR(1/IF(Inputs!$B$4="pvp",15,MAX(0.1,Skills!D11-IF(Skills!E11=TRUE,Inputs!$B$31,0))),0) | R11: =IF(AND(Inputs!$B$4<>"pvp",Inputs!$B$35>0),(INT(Inputs!$B$35/IF(Inputs!$B$4="pvp",15,MAX(0.1,Skills!D11-IF(Skills!E11=TRUE,Inputs!$B$31,0))))+1),0) | S11: =IFERROR(O11/N11,0)
A12: =Skills!A12 | B12: =Skills!B12 | C12: =Inputs!$B$3>=105 | D12: =IF(Skills!C12=1,60+Inputs!$B$24+Inputs!$B$28,IF(Skills!C12=2,90+Inputs!$B$25+Inputs!$B$28,IF(Skills!C12=3,120+Inputs!$B$26+Inputs!$B$28,MAX(0,(Inputs!$B$3-100)*3)+Inputs!$B$27+Inputs!$B$28))) | E12: =INDEX(FactorTable!$B$2:$Y$301, MATCH(ROUND(MIN(300,MAX(1,D12)),0), FactorTable!$A$2:$A$301,0), Skills!M12+1) | F12: =IF(Skills!N12=TRUE,(Skills!L12/10)*(E12/1000),Skills!L12/10)+Skills!O12 | G12: =Skills!G12*IF(Skills!H12>0,Skills!I12/Skills!H12,1) | H12: =1-(1-Skills!J12/100)^Skills!K12 | I12: 1 | J12: =Summary!$B$50*(F12/100) | K12: =J12*(1+Summary!$B$51/100)*(1+Inputs!$B$14/100)*(1+IF(Inputs!$B$4="pvp",0,(1-Summary!$B$55)*(Inputs!$B$19+Skills!P12+Summary!$B$59)+Summary!$B$55*(Inputs!$B$20+Skills!Q12+Summary!$B$59))/100)*(1+Inputs!$B$15/100)*(5000/(6000+Inputs!$B$7*(1-Inputs!$B$18/100)))*(1+Inputs!$B$23/100)*(1+(IF(Skills!A12="CRUEL_STAB",Inputs!$B$16,Inputs!$B$17))/100)*(Summary!$B$57*Summary!$B$60*I12) | L12: =K12*(MIN(Inputs!$B$21,Inputs!$B$22)/100+Inputs!$B$22/100)/2 | M12: =L12*(1+(Inputs!$B$9+Summary!$B$65)/100) | N12: =L12*(1-MIN((Inputs!$B$8+Summary!$B$58),100)/100)+M12*(MIN((Inputs!$B$8+Summary!$B$58),100)/100) | O12: =IF(C12,H12*N12*IF(AND(Inputs!$B$4<>"pvp",Inputs!$B$35>0),((Skills!G12*((R12-1)*IF(Skills!H12>0,Skills!I12/Skills!H12,1)+IF(Skills!H12>0,MIN(Skills!I12,MAX(0,Inputs!$B$35-((R12-1)*IF(Inputs!$B$4="pvp",15,MAX(0.1,Skills!D12-IF(Skills!E12=TRUE,Inputs!$B$31,0))))))/Skills!H12,1)))/Inputs!$B$35),G12*Q12)*IF(Inputs!$B$4="pvp",1,(1-Summary!$B$55)*(1)+Summary!$B$55*(MIN(Skills!W12,Inputs!$B$37))),0) | P12: =IF(Summary!$B$3=0,0,O12/Summary!$B$3) | Q12: =IFERROR(1/IF(Inputs!$B$4="pvp",15,MAX(0.1,Skills!D12-IF(Skills!E12=TRUE,Inputs!$B$31,0))),0) | R12: =IF(AND(Inputs!$B$4<>"pvp",Inputs!$B$35>0),(INT(Inputs!$B$35/IF(Inputs!$B$4="pvp",15,MAX(0.1,Skills!D12-IF(Skills!E12=TRUE,Inputs!$B$31,0))))+1),0) | S12: =IFERROR(O12/N12,0)
A13: =Skills!A13 | B13: =Skills!B13 | C13: =Inputs!$B$3>=105 | D13: =IF(Skills!C13=1,60+Inputs!$B$24+Inputs!$B$28,IF(Skills!C13=2,90+Inputs!$B$25+Inputs!$B$28,IF(Skills!C13=3,120+Inputs!$B$26+Inputs!$B$28,MAX(0,(Inputs!$B$3-100)*3)+Inputs!$B$27+Inputs!$B$28))) | E13: =INDEX(FactorTable!$B$2:$Y$301, MATCH(ROUND(MIN(300,MAX(1,D13)),0), FactorTable!$A$2:$A$301,0), Skills!M13+1) | F13: =IF(Skills!N13=TRUE,(Skills!L13/10)*(E13/1000),Skills!L13/10)+Skills!O13 | G13: =Skills!G13*IF(Skills!H13>0,Skills!I13/Skills!H13,1) | H13: =1-(1-Skills!J13/100)^Skills!K13 | I13: 1 | J13: =Summary!$B$50*(F13/100) | K13: =J13*(1+Summary!$B$51/100)*(1+Inputs!$B$14/100)*(1+IF(Inputs!$B$4="pvp",0,(1-Summary!$B$55)*(Inputs!$B$19+Skills!P13+Summary!$B$59)+Summary!$B$55*(Inputs!$B$20+Skills!Q13+Summary!$B$59))/100)*(1+Inputs!$B$15/100)*(5000/(6000+Inputs!$B$7*(1-Inputs!$B$18/100)))*(1+Inputs!$B$23/100)*(1+(IF(Skills!A13="CRUEL_STAB",Inputs!$B$16,Inputs!$B$17))/100)*(Summary!$B$57*Summary!$B$60*I13) | L13: =K13*(MIN(Inputs!$B$21,Inputs!$B$22)/100+Inputs!$B$22/100)/2 | M13: =L13*(1+(Inputs!$B$9+Summary!$B$65)/100) | N13: =L13*(1-MIN((Inputs!$B$8+Summary!$B$58),100)/100)+M13*(MIN((Inputs!$B$8+Summary!$B$58),100)/100) | O13: =IF(C13,H13*N13*IF(AND(Inputs!$B$4<>"pvp",Inputs!$B$35>0),((Skills!G13*((R13-1)*IF(Skills!H13>0,Skills!I13/Skills!H13,1)+IF(Skills!H13>0,MIN(Skills!I13,MAX(0,Inputs!$B$35-((R13-1)*IF(Inputs!$B$4="pvp",15,MAX(0.1,Skills!D13-IF(Skills!E13=TRUE,Inputs!$B$31,0))))))/Skills!H13,1)))/Inputs!$B$35),G13*Q13)*IF(Inputs!$B$4="pvp",1,(1-Summary!$B$55)*(1)+Summary!$B$55*(MIN(Skills!W13,Inputs!$B$37))),0) | P13: =IF(Summary!$B$3=0,0,O13/Summary!$B$3) | Q13: =IFERROR(1/IF(Inputs!$B$4="pvp",15,MAX(0.1,Skills!D13-IF(Skills!E13=TRUE,Inputs!$B$31,0))),0) | R13: =IF(AND(Inputs!$B$4<>"pvp",Inputs!$B$35>0),(INT(Inputs!$B$35/IF(Inputs!$B$4="pvp",15,MAX(0.1,Skills!D13-IF(Skills!E13=TRUE,Inputs!$B$31,0))))+1),0) | S13: =IFERROR(O13/N13,0)
A14: =Skills!A14 | B14: =Skills!B14 | C14: =Inputs!$B$3>=107 | D14: =IF(Skills!C14=1,60+Inputs!$B$24+Inputs!$B$28,IF(Skills!C14=2,90+Inputs!$B$25+Inputs!$B$28,IF(Skills!C14=3,120+Inputs!$B$26+Inputs!$B$28,MAX(0,(Inputs!$B$3-100)*3)+Inputs!$B$27+Inputs!$B$28))) | E14: =INDEX(FactorTable!$B$2:$Y$301, MATCH(ROUND(MIN(300,MAX(1,D14)),0), FactorTable!$A$2:$A$301,0), Skills!M14+1) | F14: =IF(Skills!N14=TRUE,(Skills!L14/10)*(E14/1000),Skills!L14/10)+Skills!O14 | G14: =Skills!G14*IF(Skills!H14>0,Skills!I14/Skills!H14,1) | H14: =1-(1-Skills!J14/100)^Skills!K14 | I14: 1 | J14: =Summary!$B$50*(F14/100) | K14: =J14*(1+Summary!$B$51/100)*(1+Inputs!$B$14/100)*(1+IF(Inputs!$B$4="pvp",0,(1-Summary!$B$55)*(Inputs!$B$19+Skills!P14+Summary!$B$59)+Summary!$B$55*(Inputs!$B$20+Skills!Q14+Summary!$B$59))/100)*(1+Inputs!$B$15/100)*(5000/(6000+Inputs!$B$7*(1-Inputs!$B$18/100)))*(1+Inputs!$B$23/100)*(1+(IF(Skills!A14="CRUEL_STAB",Inputs!$B$16,Inputs!$B$17))/100)*(Summary!$B$57*Summary!$B$60*I14) | L14: =K14*(MIN(Inputs!$B$21,Inputs!$B$22)/100+Inputs!$B$22/100)/2 | M14: =L14*(1+(Inputs!$B$9+Summary!$B$65)/100) | N14: =L14*(1-MIN((Inputs!$B$8+Summary!$B$58),100)/100)+M14*(MIN((Inputs!$B$8+Summary!$B$58),100)/100) | O14: =IF(C14,H14*N14*IF(AND(Inputs!$B$4<>"pvp",Inputs!$B$35>0),((Skills!G14*((R14-1)*IF(Skills!H14>0,Skills!I14/Skills!H14,1)+IF(Skills!H14>0,MIN(Skills!I14,MAX(0,Inputs!$B$35-((R14-1)*IF(Inputs!$B$4="pvp",15,MAX(0.1,Skills!D14-IF(Skills!E14=TRUE,Inputs!$B$31,0))))))/Skills!H14,1)))/Inputs!$B$35),G14*Q14)*IF(Inputs!$B$4="pvp",1,(1-Summary!$B$55)*(1)+Summary!$B$55*(MIN(MIN(5,0.25*Summary!$B$62*Skills!D4)*Skills!V14,Inputs!$B$37))),0) | P14: =IF(Summary!$B$3=0,0,O14/Summary!$B$3) | Q14: =IFERROR(1/IF(Inputs!$B$4="pvp",15,MAX(0.1,Skills!D14-IF(Skills!E14=TRUE,Inputs!$B$31,0))),0) | R14: =IF(AND(Inputs!$B$4<>"pvp",Inputs!$B$35>0),(INT(Inputs!$B$35/IF(Inputs!$B$4="pvp",15,MAX(0.1,Skills!D14-IF(Skills!E14=TRUE,Inputs!$B$31,0))))+1),0) | S14: =IFERROR(O14/N14,0)
A15: =Skills!A15 | B15: =Skills!B15 | C15: =Inputs!$B$3>=110 | D15: =IF(Skills!C15=1,60+Inputs!$B$24+Inputs!$B$28,IF(Skills!C15=2,90+Inputs!$B$25+Inputs!$B$28,IF(Skills!C15=3,120+Inputs!$B$26+Inputs!$B$28,MAX(0,(Inputs!$B$3-100)*3)+Inputs!$B$27+Inputs!$B$28))) | E15: =INDEX(FactorTable!$B$2:$Y$301, MATCH(ROUND(MIN(300,MAX(1,D15)),0), FactorTable!$A$2:$A$301,0), Skills!M15+1) | F15: =IF(Skills!N15=TRUE,(Skills!L15/10)*(E15/1000),Skills!L15/10)+Skills!O15 | G15: =Skills!G15*IF(Skills!H15>0,Skills!I15/Skills!H15,1) | H15: =1-(1-Skills!J15/100)^Skills!K15 | I15: 1 | O15: 0 | P15: =IF(Summary!$B$3=0,0,O15/Summary!$B$3) | Q15: =IFERROR(1/IF(Inputs!$B$4="pvp",15,MAX(0.1,Skills!D15-IF(Skills!E15=TRUE,Inputs!$B$31,0))),0) | R15: =IF(AND(Inputs!$B$4<>"pvp",Inputs!$B$35>0),(INT(Inputs!$B$35/IF(Inputs!$B$4="pvp",15,MAX(0.1,Skills!D15-IF(Skills!E15=TRUE,Inputs!$B$31,0))))+1),0) | S15: =IFERROR(O15/N15,0)
A16: =Skills!A16 | B16: =Skills!B16 | C16: =Inputs!$B$3>=115 | D16: =IF(Skills!C16=1,60+Inputs!$B$24+Inputs!$B$28,IF(Skills!C16=2,90+Inputs!$B$25+Inputs!$B$28,IF(Skills!C16=3,120+Inputs!$B$26+Inputs!$B$28,MAX(0,(Inputs!$B$3-100)*3)+Inputs!$B$27+Inputs!$B$28))) | E16: =INDEX(FactorTable!$B$2:$Y$301, MATCH(ROUND(MIN(300,MAX(1,D16)),0), FactorTable!$A$2:$A$301,0), Skills!M16+1) | F16: =IF(Skills!N16=TRUE,(Skills!L16/10)*(E16/1000),Skills!L16/10)+Skills!O16 | G16: =Skills!G16*IF(Skills!H16>0,Skills!I16/Skills!H16,1) | H16: =1-(1-Skills!J16/100)^Skills!K16 | I16: 1 | J16: =Summary!$B$50*(F16/100) | K16: =J16*(1+Summary!$B$51/100)*(1+Inputs!$B$14/100)*(1+IF(Inputs!$B$4="pvp",0,(1-Summary!$B$55)*(Inputs!$B$19+Skills!P16+Summary!$B$59)+Summary!$B$55*(Inputs!$B$20+Skills!Q16+Summary!$B$59))/100)*(1+Inputs!$B$15/100)*(5000/(6000+Inputs!$B$7*(1-Inputs!$B$18/100)))*(1+Inputs!$B$23/100)*(1+(IF(Skills!A16="CRUEL_STAB",Inputs!$B$16,Inputs!$B$17))/100)*(Summary!$B$57*Summary!$B$60*I16) | L16: =K16*(MIN(Inputs!$B$21,Inputs!$B$22)/100+Inputs!$B$22/100)/2 | M16: =L16*(1+(Inputs!$B$9+Summary!$B$65)/100) | N16: =L16*(1-MIN((Inputs!$B$8+Summary!$B$58),100)/100)+M16*(MIN((Inputs!$B$8+Summary!$B$58),100)/100) | O16: =IF(C16,Inputs!$B$38*0.2*N16,0) | P16: =IF(Summary!$B$3=0,0,O16/Summary!$B$3) | Q16: 0 | R16: 0 | S16: =IFERROR(O16/N16,0)
A17: =Skills!A17 | B17: =Skills!B17 | C17: =Inputs!$B$3>=115 | D17: =IF(Skills!C17=1,60+Inputs!$B$24+Inputs!$B$28,IF(Skills!C17=2,90+Inputs!$B$25+Inputs!$B$28,IF(Skills!C17=3,120+Inputs!$B$26+Inputs!$B$28,MAX(0,(Inputs!$B$3-100)*3)+Inputs!$B$27+Inputs!$B$28))) | E17: =INDEX(FactorTable!$B$2:$Y$301, MATCH(ROUND(MIN(300,MAX(1,D17)),0), FactorTable!$A$2:$A$301,0), Skills!M17+1) | F17: =IF(Skills!N17=TRUE,(Skills!L17/10)*(E17/1000),Skills!L17/10)+Skills!O17 | G17: =Skills!G17*IF(Skills!H17>0,Skills!I17/Skills!H17,1) | H17: =1-(1-Skills!J17/100)^Skills!K17 | I17: 1 | O17: 0 | P17: =IF(Summary!$B$3=0,0,O17/Summary!$B$3) | Q17: 0 | R17: 0 | S17: =IFERROR(O17/N17,0)
A18: =Skills!A18 | B18: =Skills!B18 | C18: =Inputs!$B$3>=100 | D18: =IF(Skills!C18=1,60+Inputs!$B$24+Inputs!$B$28,IF(Skills!C18=2,90+Inputs!$B$25+Inputs!$B$28,IF(Skills!C18=3,120+Inputs!$B$26+Inputs!$B$28,MAX(0,(Inputs!$B$3-100)*3)+Inputs!$B$27+Inputs!$B$28))) | E18: =INDEX(FactorTable!$B$2:$Y$301, MATCH(ROUND(MIN(300,MAX(1,D18)),0), FactorTable!$A$2:$A$301,0), Skills!M18+1) | F18: =IF(Skills!N18=TRUE,(Skills!L18/10)*(E18/1000),Skills!L18/10)+Skills!O18 | G18: =Skills!G18*IF(Skills!H18>0,Skills!I18/Skills!H18,1) | H18: =1-(1-Skills!J18/100)^Skills!K18 | I18: 1 | O18: 0 | P18: =IF(Summary!$B$3=0,0,O18/Summary!$B$3) | Q18: 0 | R18: 0 | S18: =IFERROR(O18/N18,0)
A19: =Skills!A19 | B19: =Skills!B19 | C19: =TRUE | D19: =IF(Skills!C19=1,60+Inputs!$B$24+Inputs!$B$28,IF(Skills!C19=2,90+Inputs!$B$25+Inputs!$B$28,IF(Skills!C19=3,120+Inputs!$B$26+Inputs!$B$28,MAX(0,(Inputs!$B$3-100)*3)+Inputs!$B$27+Inputs!$B$28))) | E19: =INDEX(FactorTable!$B$2:$Y$301, MATCH(ROUND(MIN(300,MAX(1,D19)),0), FactorTable!$A$2:$A$301,0), Skills!M19+1) | F19: =IF(Skills!N19=TRUE,(Skills!L19/10)*(E19/1000),Skills!L19/10)+Skills!O19 | G19: =Skills!G19*IF(Skills!H19>0,Skills!I19/Skills!H19,1) | H19: =1-(1-Skills!J19/100)^Skills!K19 | I19: 1 | O19: 0 | P19: =IF(Summary!$B$3=0,0,O19/Summary!$B$3) | Q19: =IFERROR(1/IF(Inputs!$B$4="pvp",15,MAX(0.1,Skills!D19-IF(Skills!E19=TRUE,Inputs!$B$31,0))),0) | R19: =IF(AND(Inputs!$B$4<>"pvp",Inputs!$B$35>0),(INT(Inputs!$B$35/IF(Inputs!$B$4="pvp",15,MAX(0.1,Skills!D19-IF(Skills!E19=TRUE,Inputs!$B$31,0))))+1),0) | S19: =IFERROR(O19/N19,0)
A20: =Skills!A20 | B20: =Skills!B20 | C20: =Inputs!$B$3>=15 | D20: =IF(Skills!C20=1,60+Inputs!$B$24+Inputs!$B$28,IF(Skills!C20=2,90+Inputs!$B$25+Inputs!$B$28,IF(Skills!C20=3,120+Inputs!$B$26+Inputs!$B$28,MAX(0,(Inputs!$B$3-100)*3)+Inputs!$B$27+Inputs!$B$28))) | E20: =INDEX(FactorTable!$B$2:$Y$301, MATCH(ROUND(MIN(300,MAX(1,D20)),0), FactorTable!$A$2:$A$301,0), Skills!M20+1) | F20: =IF(Skills!N20=TRUE,(Skills!L20/10)*(E20/1000),Skills!L20/10)+Skills!O20 | G20: =Skills!G20*IF(Skills!H20>0,Skills!I20/Skills!H20,1) | H20: =1-(1-Skills!J20/100)^Skills!K20 | I20: 1 | O20: 0 | P20: =IF(Summary!$B$3=0,0,O20/Summary!$B$3) | Q20: =IFERROR(1/IF(Inputs!$B$4="pvp",15,MAX(0.1,Skills!D20-IF(Skills!E20=TRUE,Inputs!$B$31,0))),0) | R20: =IF(AND(Inputs!$B$4<>"pvp",Inputs!$B$35>0),(INT(Inputs!$B$35/IF(Inputs!$B$4="pvp",15,MAX(0.1,Skills!D20-IF(Skills!E20=TRUE,Inputs!$B$31,0))))+1),0) | S20: =IFERROR(O20/N20,0)
A21: =Skills!A21 | B21: =Skills!B21 | C21: =Inputs!$B$3>=15 | D21: =IF(Skills!C21=1,60+Inputs!$B$24+Inputs!$B$28,IF(Skills!C21=2,90+Inputs!$B$25+Inputs!$B$28,IF(Skills!C21=3,120+Inputs!$B$26+Inputs!$B$28,MAX(0,(Inputs!$B$3-100)*3)+Inputs!$B$27+Inputs!$B$28))) | E21: =INDEX(FactorTable!$B$2:$Y$301, MATCH(ROUND(MIN(300,MAX(1,D21)),0), FactorTable!$A$2:$A$301,0), Skills!M21+1) | F21: =IF(Skills!N21=TRUE,(Skills!L21/10)*(E21/1000),Skills!L21/10)+Skills!O21 | G21: =Skills!G21*IF(Skills!H21>0,Skills!I21/Skills!H21,1) | H21: =1-(1-Skills!J21/100)^Skills!K21 | I21: 1 | O21: 0 | P21: =IF(Summary!$B$3=0,0,O21/Summary!$B$3) | Q21: =IFERROR(1/IF(Inputs!$B$4="pvp",15,MAX(0.1,Skills!D21-IF(Skills!E21=TRUE,Inputs!$B$31,0))),0) | R21: =IF(AND(Inputs!$B$4<>"pvp",Inputs!$B$35>0),(INT(Inputs!$B$35/IF(Inputs!$B$4="pvp",15,MAX(0.1,Skills!D21-IF(Skills!E21=TRUE,Inputs!$B$31,0))))+1),0) | S21: =IFERROR(O21/N21,0)
A22: =Skills!A22 | B22: =Skills!B22 | C22: =Inputs!$B$3>=33 | D22: =IF(Skills!C22=1,60+Inputs!$B$24+Inputs!$B$28,IF(Skills!C22=2,90+Inputs!$B$25+Inputs!$B$28,IF(Skills!C22=3,120+Inputs!$B$26+Inputs!$B$28,MAX(0,(Inputs!$B$3-100)*3)+Inputs!$B$27+Inputs!$B$28))) | E22: =INDEX(FactorTable!$B$2:$Y$301, MATCH(ROUND(MIN(300,MAX(1,D22)),0), FactorTable!$A$2:$A$301,0), Skills!M22+1) | F22: =IF(Skills!N22=TRUE,(Skills!L22/10)*(E22/1000),Skills!L22/10)+Skills!O22 | G22: =Skills!G22*IF(Skills!H22>0,Skills!I22/Skills!H22,1) | H22: =1-(1-Skills!J22/100)^Skills!K22 | I22: 1 | O22: 0 | P22: =IF(Summary!$B$3=0,0,O22/Summary!$B$3) | Q22: 0 | R22: 0 | S22: =IFERROR(O22/N22,0)
A23: =Skills!A23 | B23: =Skills!B23 | C23: =Inputs!$B$3>=40 | D23: =IF(Skills!C23=1,60+Inputs!$B$24+Inputs!$B$28,IF(Skills!C23=2,90+Inputs!$B$25+Inputs!$B$28,IF(Skills!C23=3,120+Inputs!$B$26+Inputs!$B$28,MAX(0,(Inputs!$B$3-100)*3)+Inputs!$B$27+Inputs!$B$28))) | E23: =INDEX(FactorTable!$B$2:$Y$301, MATCH(ROUND(MIN(300,MAX(1,D23)),0), FactorTable!$A$2:$A$301,0), Skills!M23+1) | F23: =IF(Skills!N23=TRUE,(Skills!L23/10)*(E23/1000),Skills!L23/10)+Skills!O23 | G23: =Skills!G23*IF(Skills!H23>0,Skills!I23/Skills!H23,1) | H23: =1-(1-Skills!J23/100)^Skills!K23 | I23: 1 | O23: 0 | P23: =IF(Summary!$B$3=0,0,O23/Summary!$B$3) | Q23: 0 | R23: 0 | S23: =IFERROR(O23/N23,0)
A24: =Skills!A24 | B24: =Skills!B24 | C24: =Inputs!$B$3>=43 | D24: =IF(Skills!C24=1,60+Inputs!$B$24+Inputs!$B$28,IF(Skills!C24=2,90+Inputs!$B$25+Inputs!$B$28,IF(Skills!C24=3,120+Inputs!$B$26+Inputs!$B$28,MAX(0,(Inputs!$B$3-100)*3)+Inputs!$B$27+Inputs!$B$28))) | E24: =INDEX(FactorTable!$B$2:$Y$301, MATCH(ROUND(MIN(300,MAX(1,D24)),0), FactorTable!$A$2:$A$301,0), Skills!M24+1) | F24: =IF(Skills!N24=TRUE,(Skills!L24/10)*(E24/1000),Skills!L24/10)+Skills!O24 | G24: =Skills!G24*IF(Skills!H24>0,Skills!I24/Skills!H24,1) | H24: =1-(1-Skills!J24/100)^Skills!K24 | I24: 1 | O24: 0 | P24: =IF(Summary!$B$3=0,0,O24/Summary!$B$3) | Q24: 0 | R24: 0 | S24: =IFERROR(O24/N24,0)
A25: =Skills!A25 | B25: =Skills!B25 | C25: =Inputs!$B$3>=50 | D25: =IF(Skills!C25=1,60+Inputs!$B$24+Inputs!$B$28,IF(Skills!C25=2,90+Inputs!$B$25+Inputs!$B$28,IF(Skills!C25=3,120+Inputs!$B$26+Inputs!$B$28,MAX(0,(Inputs!$B$3-100)*3)+Inputs!$B$27+Inputs!$B$28))) | E25: =INDEX(FactorTable!$B$2:$Y$301, MATCH(ROUND(MIN(300,MAX(1,D25)),0), FactorTable!$A$2:$A$301,0), Skills!M25+1) | F25: =IF(Skills!N25=TRUE,(Skills!L25/10)*(E25/1000),Skills!L25/10)+Skills!O25 | G25: =Skills!G25*IF(Skills!H25>0,Skills!I25/Skills!H25,1) | H25: =1-(1-Skills!J25/100)^Skills!K25 | I25: 1 | O25: 0 | P25: =IF(Summary!$B$3=0,0,O25/Summary!$B$3) | Q25: 0 | R25: 0 | S25: =IFERROR(O25/N25,0)
A26: =Skills!A26 | B26: =Skills!B26 | C26: =Inputs!$B$3>=50 | D26: =IF(Skills!C26=1,60+Inputs!$B$24+Inputs!$B$28,IF(Skills!C26=2,90+Inputs!$B$25+Inputs!$B$28,IF(Skills!C26=3,120+Inputs!$B$26+Inputs!$B$28,MAX(0,(Inputs!$B$3-100)*3)+Inputs!$B$27+Inputs!$B$28))) | E26: =INDEX(FactorTable!$B$2:$Y$301, MATCH(ROUND(MIN(300,MAX(1,D26)),0), FactorTable!$A$2:$A$301,0), Skills!M26+1) | F26: =IF(Skills!N26=TRUE,(Skills!L26/10)*(E26/1000),Skills!L26/10)+Skills!O26 | G26: =Skills!G26*IF(Skills!H26>0,Skills!I26/Skills!H26,1) | H26: =1-(1-Skills!J26/100)^Skills!K26 | I26: 1 | O26: 0 | P26: =IF(Summary!$B$3=0,0,O26/Summary!$B$3) | Q26: 0 | R26: 0 | S26: =IFERROR(O26/N26,0)
A27: =Skills!A27 | B27: =Skills!B27 | C27: =Inputs!$B$3>=38 | D27: =IF(Skills!C27=1,60+Inputs!$B$24+Inputs!$B$28,IF(Skills!C27=2,90+Inputs!$B$25+Inputs!$B$28,IF(Skills!C27=3,120+Inputs!$B$26+Inputs!$B$28,MAX(0,(Inputs!$B$3-100)*3)+Inputs!$B$27+Inputs!$B$28))) | E27: =INDEX(FactorTable!$B$2:$Y$301, MATCH(ROUND(MIN(300,MAX(1,D27)),0), FactorTable!$A$2:$A$301,0), Skills!M27+1) | F27: =IF(Skills!N27=TRUE,(Skills!L27/10)*(E27/1000),Skills!L27/10)+Skills!O27 | G27: =Skills!G27*IF(Skills!H27>0,Skills!I27/Skills!H27,1) | H27: =1-(1-Skills!J27/100)^Skills!K27 | I27: 1 | O27: 0 | P27: =IF(Summary!$B$3=0,0,O27/Summary!$B$3) | Q27: 0 | R27: 0 | S27: =IFERROR(O27/N27,0)
A28: =Skills!A28 | B28: =Skills!B28 | C28: =Inputs!$B$3>=120 | D28: =IF(Skills!C28=1,60+Inputs!$B$24+Inputs!$B$28,IF(Skills!C28=2,90+Inputs!$B$25+Inputs!$B$28,IF(Skills!C28=3,120+Inputs!$B$26+Inputs!$B$28,MAX(0,(Inputs!$B$3-100)*3)+Inputs!$B$27+Inputs!$B$28))) | E28: =INDEX(FactorTable!$B$2:$Y$301, MATCH(ROUND(MIN(300,MAX(1,D28)),0), FactorTable!$A$2:$A$301,0), Skills!M28+1) | F28: =IF(Skills!N28=TRUE,(Skills!L28/10)*(E28/1000),Skills!L28/10)+Skills!O28 | G28: =Skills!G28*IF(Skills!H28>0,Skills!I28/Skills!H28,1) | H28: =1-(1-Skills!J28/100)^Skills!K28 | I28: 1 | O28: 0 | P28: =IF(Summary!$B$3=0,0,O28/Summary!$B$3) | Q28: 0 | R28: 0 | S28: =IFERROR(O28/N28,0)
A29: =Skills!A29 | B29: =Skills!B29 | C29: =Inputs!$B$3>=120 | D29: =IF(Skills!C29=1,60+Inputs!$B$24+Inputs!$B$28,IF(Skills!C29=2,90+Inputs!$B$25+Inputs!$B$28,IF(Skills!C29=3,120+Inputs!$B$26+Inputs!$B$28,MAX(0,(Inputs!$B$3-100)*3)+Inputs!$B$27+Inputs!$B$28))) | E29: =INDEX(FactorTable!$B$2:$Y$301, MATCH(ROUND(MIN(300,MAX(1,D29)),0), FactorTable!$A$2:$A$301,0), Skills!M29+1) | F29: =IF(Skills!N29=TRUE,(Skills!L29/10)*(E29/1000),Skills!L29/10)+Skills!O29 | G29: =Skills!G29*IF(Skills!H29>0,Skills!I29/Skills!H29,1) | H29: =1-(1-Skills!J29/100)^Skills!K29 | I29: 1 | O29: 0 | P29: =IF(Summary!$B$3=0,0,O29/Summary!$B$3) | Q29: 0 | R29: 0 | S29: =IFERROR(O29/N29,0)
A30: =Skills!A30 | B30: =Skills!B30 | C30: =Inputs!$B$3>=125 | D30: =IF(Skills!C30=1,60+Inputs!$B$24+Inputs!$B$28,IF(Skills!C30=2,90+Inputs!$B$25+Inputs!$B$28,IF(Skills!C30=3,120+Inputs!$B$26+Inputs!$B$28,MAX(0,(Inputs!$B$3-100)*3)+Inputs!$B$27+Inputs!$B$28))) | E30: =INDEX(FactorTable!$B$2:$Y$301, MATCH(ROUND(MIN(300,MAX(1,D30)),0), FactorTable!$A$2:$A$301,0), Skills!M30+1) | F30: =IF(Skills!N30=TRUE,(Skills!L30/10)*(E30/1000),Skills!L30/10)+Skills!O30 | G30: =Skills!G30*IF(Skills!H30>0,Skills!I30/Skills!H30,1) | H30: =1-(1-Skills!J30/100)^Skills!K30 | I30: 1 | O30: 0 | P30: =IF(Summary!$B$3=0,0,O30/Summary!$B$3) | Q30: 0 | R30: 0 | S30: =IFERROR(O30/N30,0)

Sheet Summary
A1: Shadower — DPS Summary
A3: TOTAL DPS | B3: =SUM(Calc!O2:O30)
A5: Per-Skill DPS Breakdown
A6: Skill | B6: DPS | C6: % of Total
A7: =Calc!B2 | B7: =Calc!O2 | C7: =Calc!P2*100
A8: =Calc!B4 | B8: =Calc!O4 | C8: =Calc!P4*100
A9: =Calc!B5 | B9: =Calc!O5 | C9: =Calc!P5*100
A10: =Calc!B6 | B10: =Calc!O6 | C10: =Calc!P6*100
A11: =Calc!B8 | B11: =Calc!O8 | C11: =Calc!P8*100
A12: =Calc!B9 | B12: =Calc!O9 | C12: =Calc!P9*100
A13: =Calc!B11 | B13: =Calc!O11 | C13: =Calc!P11*100
A14: =Calc!B12 | B14: =Calc!O12 | C14: =Calc!P12*100
A15: =Calc!B13 | B15: =Calc!O13 | C15: =Calc!P13*100
A16: =Calc!B14 | B16: =Calc!O14 | C16: =Calc!P14*100
A17: =Calc!B16 | B17: =Calc!O16 | C17: =Calc!P16*100
A18: Marginal DPS & Stat Value (see Sensitivity for full detail)
A20: Stat | B20: DPS per +1 | C20: Units per +1% DPS
A21: =Sensitivity!A5 | B21: =Sensitivity!H5 | C21: =Sensitivity!B5
A22: =Sensitivity!A6 | B22: =Sensitivity!H6 | C22: =Sensitivity!B6
A23: =Sensitivity!A7 | B23: =Sensitivity!H7 | C23: =Sensitivity!B7
A24: =Sensitivity!A8 | B24: =Sensitivity!H8 | C24: =Sensitivity!B8
A25: =Sensitivity!A9 | B25: =Sensitivity!H9 | C25: =Sensitivity!B9
A26: =Sensitivity!A10 | B26: =Sensitivity!H10 | C26: =Sensitivity!B10
A27: =Sensitivity!A11 | B27: =Sensitivity!H11 | C27: =Sensitivity!B11
A28: =Sensitivity!A12 | B28: =Sensitivity!H12 | C28: =Sensitivity!B12
A29: =Sensitivity!A13 | B29: =Sensitivity!H13 | C29: =Sensitivity!B13
A30: =Sensitivity!A14 | B30: =Sensitivity!H14 | C30: =Sensitivity!B14
A31: =Sensitivity!A15 | B31: =Sensitivity!H15 | C31: =Sensitivity!B15
A32: =Sensitivity!A16 | B32: =Sensitivity!H16 | C32: =Sensitivity!B16
... A47: =Sensitivity!A31 | B47: =Sensitivity!H31 | C47: =Sensitivity!B31
A49: Derived Values (read-only, computed from Inputs)
A50: ATTACK (= Flat ATTACK x (1+ATTACK%/100)) | B50: =Inputs!$B$5*(1+Inputs!$B$6/100)
A51: STAT_DAMAGE % (= 1% of total LUK + 0.25% of DEX) | B51: =(Inputs!$B$11*(1+Inputs!$B$12/100))*0.01+Inputs!$B$13*0.0025
A52: Basic Attack (Cruel Stab) Input Level (4th job formula) | B52: =MAX(0,(Inputs!$B$3-100)*3)+Inputs!$B$27+Inputs!$B$28
A53: Basic Attack Factor (factorIndex 21, from Cruel Stab == Showdown/Chain Lightning/Big Bang reuse) | B53: =INDEX(FactorTable!$B$2:$Y$301, MATCH(ROUND(MIN(300,MAX(1,Summary!$B$52)),0), FactorTable!$A$2:$A$301,0), 22)
A54: SKILL_COEFFICIENT — Cruel Stab base coefficient % (before Skill Mastery) | B54: =290*Summary!$B$53/1000
A55: Normal-Monster Weight (= 0 for boss, 1 for normal, Breakthrough Normal Weight % for breakthrough, 0 for pvp) | B55: =IF(Inputs!$B$4="normal",1,IF(Inputs!$B$4="breakthrough",Inputs!$B$36/100,0))
A57: Average Buff Multiplier (Dark Sight Attack + Into Darkness + Smokescreen FD) | B57: =(1+((Calc!C21=TRUE)*Calc!F21*IF(AND(Inputs!$B$4<>"pvp",Inputs!$B$35>0),(((Calc!R21-1)*(Skills!Y21*(1+Inputs!$B$33/100))+MIN((Skills!Y21*(1+Inputs!$B$33/100)),MAX(0,Inputs!$B$35-((Calc!R21-1)*Skills!D21))))/Inputs!$B$35),IF(Inputs!$B$4="pvp",MIN((Skills!Y21*(1+Inputs!$B$33/100)),15)/15,(Skills!Y21*(1+Inputs!$B$33/100))/Skills!D21)))/100)*(1+((Calc!C10=TRUE)*Calc!F10*IF(AND(Inputs!$B$4<>"pvp",Inputs!$B$35>0),(((Calc!R10-1)*(Skills!Y10*(1+Inputs!$B$33/100))+MIN((Skills!Y10*(1+Inputs!$B$33/100)),MAX(0,Inputs!$B$35-((Calc!R10-1)*Skills!D10))))/Inputs!$B$35),IF(Inputs!$B$4="pvp",MIN((Skills!Y10*(1+Inputs!$B$33/100)),15)/15,(Skills!Y10*(1+Inputs!$B$33/100))/Skills!D10)))/100)*(1+((Calc!C15=TRUE)*Calc!F15*IF(AND(Inputs!$B$4<>"pvp",Inputs!$B$35>0),(((Calc!R15-1)*(Skills!Y15*(1+Inputs!$B$33/100))+MIN((Skills!Y15*(1+Inputs!$B$33/100)),MAX(0,Inputs!$B$35-((Calc!R15-1)*Skills!D15))))/Inputs!$B$35),IF(Inputs!$B$4="pvp",MIN((Skills!Y15*(1+Inputs!$B$33/100)),15)/15,(Skills!Y15*(1+Inputs!$B$33/100))/Skills!D15)))/100)
A58: Global Crit Rate Bonus % (Dark Sight Crit Rate, duty-cycle averaged) | B58: =((Calc!C20=TRUE)*Calc!F20*IF(AND(Inputs!$B$4<>"pvp",Inputs!$B$35>0),(((Calc!R20-1)*(Skills!Y20*(1+Inputs!$B$33/100))+MIN((Skills!Y20*(1+Inputs!$B$33/100)),MAX(0,Inputs!$B$35-((Calc!R20-1)*Skills!D20))))/Inputs!$B$35),IF(Inputs!$B$4="pvp",MIN((Skills!Y20*(1+Inputs!$B$33/100)),15)/15,(Skills!Y20*(1+Inputs!$B$33/100))/Skills!D20)))
A59: Global Monster Damage-Taken Bonus % (Venom Lv.82 Weaken, patched 12%->15%) | B59: =IF(Inputs!$B$3>=82,15,0)
A60: Shadow Partner Average Multiplier | B60: =1+((Calc!C7=TRUE)*Calc!F7*(1+3.3333333333333335*IF(Calc!C18=TRUE,Calc!F18,0)/100)*Calc!I7*Skills!J7/100)/100
A61: Attack Speed Buff Bonus % (Nimble Feet, averaged + Steal, always-on) | B61: =((Calc!C19=TRUE)*Calc!F19*IF(AND(Inputs!$B$4<>"pvp",Inputs!$B$35>0),(((Calc!R19-1)*(Skills!Y19*(1+Inputs!$B$33/100))+MIN((Skills!Y19*(1+Inputs!$B$33/100)),MAX(0,Inputs!$B$35-((Calc!R19-1)*Skills!D19))))/Inputs!$B$35),IF(Inputs!$B$4="pvp",MIN((Skills!Y19*(1+Inputs!$B$33/100)),15)/15,(Skills!Y19*(1+Inputs!$B$33/100))/Skills!D19)))+((Calc!C3=TRUE)*Calc!F3*3)
A62: Actions Per Second | B62: =1+MIN(150,150*(1-(1-Inputs!$B$10/150)*(1-B61/150)))/100
A63: Skill + Buff Cast Rate (subtracted from Cruel Stab, 1/s) | B63: =IF(AND(Inputs!$B$4<>"pvp",Inputs!$B$35>0),SUMPRODUCT((Skills!E2:E30=TRUE)*(Calc!C2:C30=TRUE)*Calc!R2:R30*Skills!F2:F30)/Inputs!$B$35,SUMPRODUCT((Skills!E2:E30=TRUE)*(Calc!C2:C30=TRUE)*Calc!Q2:Q30*Skills!F2:F30))
A64: Cruel Stab (Basic Attack) Casts Per Second | B64: =MAX(0,B62-B63)
A65: Global Critical Damage Bonus % (Smokescreen Mastery Lv.113, duty-cycle-averaged) | B65: =IF(Inputs!$B$3>=113,30,0)*IF(AND(Inputs!$B$4<>"pvp",Inputs!$B$35>0),(((Calc!R15-1)*(Skills!Y15*(1+Inputs!$B$33/100))+MIN((Skills!Y15*(1+Inputs!$B$33/100)),MAX(0,Inputs!$B$35-((Calc!R15-1)*Skills!D15))))/Inputs!$B$35),IF(Inputs!$B$4="pvp",MIN((Skills!Y15*(1+Inputs!$B$33/100)),15)/15,(Skills!Y15*(1+Inputs!$B$33/100))/Skills!D15))
A66: Meso Explosion — average stack count at cast time (steady-state) | B66: =MIN(10,0.5*B62*Skills!D4)
A67: Blood Money — average stack count at cast time (steady-state) | B67: =MIN(5,0.25*B62*Skills!D4)
A68: Assassinate Murderous Intent Multiplier (Mastery Lv.108, steady-state average) | B68: =1+IFERROR(MIN(1,(Calc!C14=TRUE)*Calc!Q14*2/Calc!Q11),0)
A69: Cruel Stab (Basic Attack) DPS | B69: =Calc!O2

Sheet Sensitivity
A1: Marginal DPS per +1 (percentage point / skill level / flat point)
A2: Attack Speed and Def Pen combine their +1 via the diminishing-returns formula (new = (1-(1-old/factor)*(1-1/factor))*factor), not a flat add.
A4: Stat | B4: Units per +1% DPS | C4: Type | D4: Current Value | E4: New Value | F4: Baseline Total DPS | G4: New Total DPS | H4: DPS Gain | I4: % Gain
A5: Flat LUK | B5: =IFERROR(1/(I5-100),"n/a") | C5: flat | D5: =Inputs!$B$11 | E5: =(Inputs!$B$11+1) | F5: =Summary!$B$3 | G5: =B79 | H5: =G5-F5 | I5: =IF(F5=0,0,G5/F5*100)
A6: LUK % | B6: =IFERROR(1/(I6-100),"n/a") | C6: pct | D6: =Inputs!$B$12 | E6: =(Inputs!$B$12+1) | F6: =Summary!$B$3 | G6: =B127 | H6: =G6-F6 | I6: =IF(F6=0,0,G6/F6*100)
A7: DEX | B7: =IFERROR(1/(I7-100),"n/a") | C7: flat | D7: =Inputs!$B$13 | E7: =(Inputs!$B$13+1) | F7: =Summary!$B$3 | G7: =B175 | H7: =G7-F7 | I7: =IF(F7=0,0,G7/F7*100)
A8: DAMAGE % | B8: =IFERROR(1/(I8-100),"n/a") | C8: pct | D8: =Inputs!$B$14 | E8: =(Inputs!$B$14+1) | F8: =Summary!$B$3 | G8: =B223 | H8: =G8-F8 | I8: =IF(F8=0,0,G8/F8*100)
A9: DAMAGE_AMP % | B9: =IFERROR(1/(I9-100),"n/a") | C9: pct | D9: =Inputs!$B$15 | E9: =(Inputs!$B$15+1) | F9: =Summary!$B$3 | G9: =B271 | H9: =G9-F9 | I9: =IF(F9=0,0,G9/F9*100)
A10: BOSS_DAMAGE % | B10: =IFERROR(1/(I10-100),"n/a") | C10: pct | D10: =Inputs!$B$19 | E10: =(Inputs!$B$19+1) | F10: =Summary!$B$3 | G10: =B319 | H10: =G10-F10 | I10: =IF(F10=0,0,G10/F10*100)
A11: NORMAL_DAMAGE % | B11: =IFERROR(1/(I11-100),"n/a") | C11: pct | D11: =Inputs!$B$20 | E11: =(Inputs!$B$20+1) | F11: =Summary!$B$3 | G11: =B367 | H11: =G11-F11 | I11: =IF(F11=0,0,G11/F11*100)
A12: FINAL_DAMAGE % (multiplicative source) | B12: =IFERROR(1/(I12-100),"n/a") | C12: mult | D12: =Inputs!$B$23 | E12: =((((1+Inputs!$B$23/100)*(1.01))-1)*100) | F12: =Summary!$B$3 | G12: =B415 | H12: =G12-F12 | I12: =IF(F12=0,0,G12/F12*100)
A13: MIN_DAMAGE % | B13: =IFERROR(1/(I13-100),"n/a") | C13: pct | D13: =Inputs!$B$21 | E13: =(Inputs!$B$21+1) | F13: =Summary!$B$3 | G13: =B463 | H13: =G13-F13 | I13: =IF(F13=0,0,G13/F13*100)
A14: MAX_DAMAGE % | B14: =IFERROR(1/(I14-100),"n/a") | C14: pct | D14: =Inputs!$B$22 | E14: =(Inputs!$B$22+1) | F14: =Summary!$B$3 | G14: =B511 | H14: =G14-F14 | I14: =IF(F14=0,0,G14/F14*100)
A15: CRIT_RATE % | B15: =IFERROR(1/(I15-100),"n/a") | C15: pct | D15: =Inputs!$B$8 | E15: =(Inputs!$B$8+1) | F15: =Summary!$B$3 | G15: =B559 | H15: =G15-F15 | I15: =IF(F15=0,0,G15/F15*100)
A16: CRIT_DAMAGE % | B16: =IFERROR(1/(I16-100),"n/a") | C16: pct | D16: =Inputs!$B$9 | E16: =(Inputs!$B$9+1) | F16: =Summary!$B$3 | G16: =B607 | H16: =G16-F16 | I16: =IF(F16=0,0,G16/F16*100)
A17: ATTACK_SPEED % (diminishing returns, factor 150) | B17: =IFERROR(1/(I17-100),"n/a") | C17: dr150 | D17: =Inputs!$B$10 | E17: =((1-(1-Inputs!$B$10/150)*(1-1/150))*150) | F17: =Summary!$B$3 | G17: =B655 | H17: =G17-F17 | I17: =IF(F17=0,0,G17/F17*100)
A18: DEF_PEN % (diminishing returns, factor 100) | B18: =IFERROR(1/(I18-100),"n/a") | C18: dr100 | D18: =Inputs!$B$18 | E18: =((1-(1-Inputs!$B$18/100)*(1-1/100))*100) | F18: =Summary!$B$3 | G18: =B703 | H18: =G18-F18 | I18: =IF(F18=0,0,G18/F18*100)
A19: BASIC_ATTACK_DAMAGE % | B19: =IFERROR(1/(I19-100),"n/a") | C19: pct | D19: =Inputs!$B$16 | E19: =(Inputs!$B$16+1) | F19: =Summary!$B$3 | G19: =B751 | H19: =G19-F19 | I19: =IF(F19=0,0,G19/F19*100)
A20: SKILL_DAMAGE % | B20: =IFERROR(1/(I20-100),"n/a") | C20: pct | D20: =Inputs!$B$17 | E20: =(Inputs!$B$17+1) | F20: =Summary!$B$3 | G20: =B799 | H20: =G20-F20 | I20: =IF(F20=0,0,G20/F20*100)
A21: Skill Level Bonus — 1st Job | B21: =IFERROR(1/(I21-100),"n/a") | C21: level | D21: =Inputs!$B$24 | E21: =(Inputs!$B$24+1) | F21: =Summary!$B$3 | G21: =B847 | H21: =G21-F21 | I21: =IF(F21=0,0,G21/F21*100)
A22: Skill Level Bonus — 2nd Job | B22: =IFERROR(1/(I22-100),"n/a") | C22: level | D22: =Inputs!$B$25 | E22: =(Inputs!$B$25+1) | F22: =Summary!$B$3 | G22: =B895 | H22: =G22-F22 | I22: =IF(F22=0,0,G22/F22*100)
A23: Skill Level Bonus — 3rd Job | B23: =IFERROR(1/(I23-100),"n/a") | C23: level | D23: =Inputs!$B$26 | E23: =(Inputs!$B$26+1) | F23: =Summary!$B$3 | G23: =B943 | H23: =G23-F23 | I23: =IF(F23=0,0,G23/F23*100)
A24: Skill Level Bonus — 4th Job | B24: =IFERROR(1/(I24-100),"n/a") | C24: level | D24: =Inputs!$B$27 | E24: =(Inputs!$B$27+1) | F24: =Summary!$B$3 | G24: =B991 | H24: =G24-F24 | I24: =IF(F24=0,0,G24/F24*100)
A25: Skill Level Bonus — All Skills | B25: =IFERROR(1/(I25-100),"n/a") | C25: level | D25: =Inputs!$B$28 | E25: =(Inputs!$B$28+1) | F25: =Summary!$B$3 | G25: =B1039 | H25: =G25-F25 | I25: =IF(F25=0,0,G25/F25*100)
A26: Flat ATTACK | B26: =IFERROR(1/(I26-100),"n/a") | C26: flat | D26: =Inputs!$B$5 | E26: =(Inputs!$B$5+1) | F26: =Summary!$B$3 | G26: =B1087 | H26: =G26-F26 | I26: =IF(F26=0,0,G26/F26*100)
A27: ATTACK % | B27: =IFERROR(1/(I27-100),"n/a") | C27: pct | D27: =Inputs!$B$6 | E27: =(Inputs!$B$6+1) | F27: =Summary!$B$3 | G27: =B1135 | H27: =G27-F27 | I27: =IF(F27=0,0,G27/F27*100)
A28: Skill Cooldown Decrease (seconds) | B28: =IFERROR(1/(I28-100),"n/a") | C28: flat | D28: =Inputs!$B$31 | E28: =(Inputs!$B$31+1) | F28: =Summary!$B$3 | G28: =B1183 | H28: =G28-F28 | I28: =IF(F28=0,0,G28/F28*100)
A29: Basic Attack Target Increase (flat) | B29: =IFERROR(1/(I29-100),"n/a") | C29: flat | D29: =Inputs!$B$32 | E29: =(Inputs!$B$32+1) | F29: =Summary!$B$3 | G29: =B1231 | H29: =G29-F29 | I29: =IF(F29=0,0,G29/F29*100)
A30: Buff Duration Increase % | B30: =IFERROR(1/(I30-100),"n/a") | C30: pct | D30: =Inputs!$B$33 | E30: =(Inputs!$B$33+1) | F30: =Summary!$B$3 | G30: =B1279 | H30: =G30-F30 | I30: =IF(F30=0,0,G30/F30*100)
A31: Incoming Hit Rate (hits/sec, Shadow Shifter only) | B31: =IFERROR(1/(I31-100),"n/a") | C31: flat | D31: =Inputs!$B$38 | E31: =(Inputs!$B$38+1) | F31: =Summary!$B$3 | G31: =B1327 | H31: =G31-F31 | I31: =IF(F31=0,0,G31/F31*100)
A34: Stat: Flat LUK
A35: Key | B35: Name | C35: Unlocked | D35: InputLevel | E35: Factor | F35: CoefficientPercent | G35: EffectiveHits | H35: ProcProbability | I35: MapleHeroMultiplier | J35: BaseDamage | K35: BaseHitDamage | L35: NonCritAvg | M35: CritAvg | N35: ExpectedDamage(perHit) | O35: DPS | P35: % of Total | Q35: InvCooldown | R35: CastsInFight | S35: HitRate(perSec) | U35: helpers
A36: =Skills!A2 | B36: =Skills!B2 | C36: =Inputs!$B$3>=100 | F36: =U38+Skills!O2 | G36: =Skills!G2*IF(Skills!H2>0,Skills!I2/Skills!H2,1) | H36: =1-(1-Skills!J2/100)^Skills!K2 | I36: 1 | J36: =(Inputs!$B$5*(1+Inputs!$B$6/100))*(F36/100) | K36: =J36*(1+(((Inputs!$B$11+1)*(1+Inputs!$B$12/100))*0.01+Inputs!$B$13*0.0025)/100)*(1+Inputs!$B$14/100)*(1+IF(Inputs!$B$4="pvp",0,(1-Summary!$B$55)*(Inputs!$B$19+0+Skills!P2+B68)+Summary!$B$55*(Inputs!$B$20+Skills!Q2+B68))/100)*(1+Inputs!$B$15/100)*(5000/(6000+Inputs!$B$7*(1-Inputs!$B$18/100)))*(1+(Inputs!$B$23+((C64=TRUE)*(F64-Calc!F30)))/100)*(1+(IF(Skills!A2="CRUEL_STAB",Inputs!$B$16+((C61=TRUE)*(F61-Calc!F27)),Inputs!$B$17+((C62=TRUE)*(F62-Calc!F28))))/100)*(((1+(((C55=TRUE)*F55*IF(AND(Inputs!$B$4<>"pvp",Inputs!$B$35>0),(((S55-1)*(Skills!Y21*(1+Inputs!$B$33/100))+MIN((Skills!Y21*(1+Inputs!$B$33/100)),MAX(0,Inputs!$B$35-((S55-1)*Skills!D21))))/Inputs!$B$35),IF(Inputs!$B$4="pvp",MIN((Skills!Y21*(1+Inputs!$B$33/100)),15)/15,(Skills!Y21*(1+Inputs!$B$33/100))/Skills!D21)))+((C57=TRUE)*(F57-Calc!F23))+((C51=TRUE)*(F51-Calc!F17)))/100)*(1+((C44=TRUE)*F44*IF(AND(Inputs!$B$4<>"pvp",Inputs!$B$35>0),(((S44-1)*(Skills!Y10*(1+Inputs!$B$33/100))+MIN((Skills!Y10*(1+Inputs!$B$33/100)),MAX(0,Inputs!$B$35-((S44-1)*Skills!D10))))/Inputs!$B$35),IF(Inputs!$B$4="pvp",MIN((Skills!Y10*(1+Inputs!$B$33/100)),15)/15,(Skills!Y10*(1+Inputs!$B$33/100))/Skills!D10)))/100)*(1+((C49=TRUE)*F49*IF(AND(Inputs!$B$4<>"pvp",Inputs!$B$35>0),(((S49-1)*(Skills!Y15*(1+Inputs!$B$33/100))+MIN((Skills!Y15*(1+Inputs!$B$33/100)),MAX(0,Inputs!$B$35-((S49-1)*Skills!D15))))/Inputs!$B$35),IF(Inputs!$B$4="pvp",MIN((Skills!Y15*(1+Inputs!$B$33/100)),15)/15,(Skills!Y15*(1+Inputs!$B$33/100))/Skills!D15)))/100))*B69*I36) | L36: =K36*(MIN(Inputs!$B$21+((C58=TRUE)*(F58-Calc!F24)),Inputs!$B$22+((C63=TRUE)*(F63-Calc!F29)))/100+(Inputs!$B$22+((C63=TRUE)*(F63-Calc!F29)))/100)/2 | M36: =L36*(1+(Inputs!$B$9+((C60=TRUE)*(F60-Calc!F26))+B74)/100) | N36: =L36*(1-MIN((Inputs!$B$8+((C59=TRUE)*(F59-Calc!F25))+B67),100)/100)+M36*(MIN((Inputs!$B$8+((C59=TRUE)*(F59-Calc!F25))+B67),100)/100) | O36: =IF(C36,Skills!G2*N36*B73*IF(Inputs!$B$4="pvp",1,(1-Summary!$B$55)*(1)+Summary!$B$55*(MIN((6+Inputs!$B$32),Inputs!$B$37))),0) | P36: =IF(B79=0,0,O36/B79) | Q36: 0 | R36: 0 | S36: =IFERROR(O36/N36,0) | U36: =MAX(0,(Inputs!$B$3-100)*3)+Inputs!$B$27+Inputs!$B$28
A37: =Skills!A3 | B37: =Skills!B3 | C37: =Inputs!$B$3>=35 | D37: =IF(Skills!C3=1,60+Inputs!$B$24+Inputs!$B$28,IF(Skills!C3=2,90+Inputs!$B$25+Inputs!$B$28,IF(Skills!C3=3,120+Inputs!$B$26+Inputs!$B$28,MAX(0,(Inputs!$B$3-100)*3)+Inputs!$B$27+Inputs!$B$28))) | E37: =INDEX(FactorTable!$B$2:$Y$301, MATCH(ROUND(MIN(300,MAX(1,D37)),0), FactorTable!$A$2:$A$301,0), Skills!M3+1) | F37: =IF(Skills!N3=TRUE,(Skills!L3/10)*(E37/1000),Skills!L3/10)+Skills!O3 | G37: =Skills!G3*IF(Skills!H3>0,Skills!I3/Skills!H3,1) | H37: =1-(1-Skills!J3/100)^Skills!K3 | I37: 1 | O37: 0 | P37: =IF(B79=0,0,O37/B79) | Q37: 0 | R37: 0 | S37: =IFERROR(O37/N37,0) | U37: =INDEX(FactorTable!$B$2:$Y$301, MATCH(ROUND(MIN(300,MAX(1,U36)),0), FactorTable!$A$2:$A$301,0), 22)
A38: =Skills!A4 | B38: =Skills!B4 | C38: =Inputs!$B$3>=66 | D38: =IF(Skills!C4=1,60+Inputs!$B$24+Inputs!$B$28,IF(Skills!C4=2,90+Inputs!$B$25+Inputs!$B$28,IF(Skills!C4=3,120+Inputs!$B$26+Inputs!$B$28,MAX(0,(Inputs!$B$3-100)*3)+Inputs!$B$27+Inputs!$B$28))) | E38: =INDEX(FactorTable!$B$2:$Y$301, MATCH(ROUND(MIN(300,MAX(1,D38)),0), FactorTable!$A$2:$A$301,0), Skills!M4+1) | F38: =IF(Skills!N4=TRUE,(Skills!L4/10)*(E38/1000),Skills!L4/10)+Skills!O4 | G38: =Skills!G4*IF(Skills!H4>0,Skills!I4/Skills!H4,1) | H38: =1-(1-Skills!J4/100)^Skills!K4 | I38: 1 | J38: =(Inputs!$B$5*(1+Inputs!$B$6/100))*(F38/100) | K38: =J38*(1+(((Inputs!$B$11+1)*(1+Inputs!$B$12/100))*0.01+Inputs!$B$13*0.0025)/100)*(1+Inputs!$B$14/100)*(1+IF(Inputs!$B$4="pvp",0,(1-Summary!$B$55)*(Inputs!$B$19+0+Skills!P4+B68)+Summary!$B$55*(Inputs!$B$20+Skills!Q4+B68))/100)*(1+Inputs!$B$15/100)*(5000/(6000+Inputs!$B$7*(1-Inputs!$B$18/100)))*(1+(Inputs!$B$23+((C64=TRUE)*(F64-Calc!F30)))/100)*(1+(IF(Skills!A4="CRUEL_STAB",Inputs!$B$16+((C61=TRUE)*(F61-Calc!F27)),Inputs!$B$17+((C62=TRUE)*(F62-Calc!F28))))/100)*(((1+(((C55=TRUE)*F55*IF(AND(Inputs!$B$4<>"pvp",Inputs!$B$35>0),(((S55-1)*(Skills!Y21*(1+Inputs!$B$33/100))+MIN((Skills!Y21*(1+Inputs!$B$33/100)),MAX(0,Inputs!$B$35-((S55-1)*Skills!D21))))/Inputs!$B$35),IF(Inputs!$B$4="pvp",MIN((Skills!Y21*(1+Inputs!$B$33/100)),15)/15,(Skills!Y21*(1+Inputs!$B$33/100))/Skills!D21)))+((C57=TRUE)*(F57-Calc!F23))+((C51=TRUE)*(F51-Calc!F17)))/100)*(1+((C44=TRUE)*F44*IF(AND(Inputs!$B$4<>"pvp",Inputs!$B$35>0),(((S44-1)*(Skills!Y10*(1+Inputs!$B$33/100))+MIN((Skills!Y10*(1+Inputs!$B$33/100)),MAX(0,Inputs!$B$35-((S44-1)*Skills!D10))))/Inputs!$B$35),IF(Inputs!$B$4="pvp",MIN((Skills!Y10*(1+Inputs!$B$33/100)),15)/15,(Skills!Y10*(1+Inputs!$B$33/100))/Skills!D10)))/100)*(1+((C49=TRUE)*F49*IF(AND(Inputs!$B$4<>"pvp",Inputs!$B$35>0),(((S49-1)*(Skills!Y15*(1+Inputs!$B$33/100))+MIN((Skills!Y15*(1+Inputs!$B$33/100)),MAX(0,Inputs!$B$35-((S49-1)*Skills!D15))))/Inputs!$B$35),IF(Inputs!$B$4="pvp",MIN((Skills!Y15*(1+Inputs!$B$33/100)),15)/15,(Skills!Y15*(1+Inputs!$B$33/100))/Skills!D15)))/100))*B69*I38) | L38: =K38*(MIN(Inputs!$B$21+((C58=TRUE)*(F58-Calc!F24)),Inputs!$B$22+((C63=TRUE)*(F63-Calc!F29)))/100+(Inputs!$B$22+((C63=TRUE)*(F63-Calc!F29)))/100)/2 | M38: =L38*(1+(Inputs!$B$9+((C60=TRUE)*(F60-Calc!F26))+B74)/100) | N38: =L38*(1-MIN((Inputs!$B$8+((C59=TRUE)*(F59-Calc!F25))+B67),100)/100)+M38*(MIN((Inputs!$B$8+((C59=TRUE)*(F59-Calc!F25))+B67),100)/100) | O38: =IF(C38,H38*N38*IF(AND(Inputs!$B$4<>"pvp",Inputs!$B$35>0),((Skills!G4*((R38-1)*IF(Skills!H4>0,Skills!I4/Skills!H4,1)+IF(Skills!H4>0,MIN(Skills!I4,MAX(0,Inputs!$B$35-((R38-1)*IF(Inputs!$B$4="pvp",15,MAX(0.1,Skills!D4-IF(Skills!E4=TRUE,Inputs!$B$31,0))))))/Skills!H4,1)))/Inputs!$B$35),G38*Q38)*IF(Inputs!$B$4="pvp",1,(1-Summary!$B$55)*(1)+Summary!$B$55*(MIN(MIN(10,0.5*B71*Skills!D4),Inputs!$B$37))),0) | P38: =IF(B79=0,0,O38/B79) | Q38: =IFERROR(1/IF(Inputs!$B$4="pvp",15,MAX(0.1,Skills!D4-IF(Skills!E4=TRUE,Inputs!$B$31,0))),0) | R38: =IF(AND(Inputs!$B$4<>"pvp",Inputs!$B$35>0),(INT(Inputs!$B$35/IF(Inputs!$B$4="pvp",15,MAX(0.1,Skills!D4-IF(Skills!E4=TRUE,Inputs!$B$31,0))))+1),0) | S38: =IFERROR(O38/N38,0) | U38: =290*U37/1000
A39: =Skills!A5 | B39: =Skills!B5 | C39: =Inputs!$B$3>=63 | D39: =IF(Skills!C5=1,60+Inputs!$B$24+Inputs!$B$28,IF(Skills!C5=2,90+Inputs!$B$25+Inputs!$B$28,IF(Skills!C5=3,120+Inputs!$B$26+Inputs!$B$28,MAX(0,(Inputs!$B$3-100)*3)+Inputs!$B$27+Inputs!$B$28))) | E39: =INDEX(FactorTable!$B$2:$Y$301, MATCH(ROUND(MIN(300,MAX(1,D39)),0), FactorTable!$A$2:$A$301,0), Skills!M5+1) | F39: =IF(Skills!N5=TRUE,(Skills!L5/10)*(E39/1000),Skills!L5/10)+Skills!O5 | G39: =Skills!G5*IF(Skills!H5>0,Skills!I5/Skills!H5,1) | H39: =1-(1-Skills!J5/100)^Skills!K5 | I39: 1 | J39: =(Inputs!$B$5*(1+Inputs!$B$6/100))*(F39/100) | K39: =J39*(1+(((Inputs!$B$11+1)*(1+Inputs!$B$12/100))*0.01+Inputs!$B$13*0.0025)/100)*(1+Inputs!$B$14/100)*(1+IF(Inputs!$B$4="pvp",0,(1-Summary!$B$55)*(Inputs!$B$19+0+Skills!P5+B68)+Summary!$B$55*(Inputs!$B$20+Skills!Q5+B68))/100)*(1+Inputs!$B$15/100)*(5000/(6000+Inputs!$B$7*(1-Inputs!$B$18/100)))*(1+(Inputs!$B$23+((C64=TRUE)*(F64-Calc!F30)))/100)*(1+2.6666666666666665*IF(C52=TRUE,F52,0)/100)*(1+(IF(Skills!A5="CRUEL_STAB",Inputs!$B$16+((C61=TRUE)*(F61-Calc!F27)),Inputs!$B$17+((C62=TRUE)*(F62-Calc!F28))))/100)*(((1+(((C55=TRUE)*F55*IF(AND(Inputs!$B$4<>"pvp",Inputs!$B$35>0),(((S55-1)*(Skills!Y21*(1+Inputs!$B$33/100))+MIN((Skills!Y21*(1+Inputs!$B$33/100)),MAX(0,Inputs!$B$35-((S55-1)*Skills!D21))))/Inputs!$B$35),IF(Inputs!$B$4="pvp",MIN((Skills!Y21*(1+Inputs!$B$33/100)),15)/15,(Skills!Y21*(1+Inputs!$B$33/100))/Skills!D21)))+((C57=TRUE)*(F57-Calc!F23))+((C51=TRUE)*(F51-Calc!F17)))/100)*(1+((C44=TRUE)*F44*IF(AND(Inputs!$B$4<>"pvp",Inputs!$B$35>0),(((S44-1)*(Skills!Y10*(1+Inputs!$B$33/100))+MIN((Skills!Y10*(1+Inputs!$B$33/100)),MAX(0,Inputs!$B$35-((S44-1)*Skills!D10))))/Inputs!$B$35),IF(Inputs!$B$4="pvp",MIN((Skills!Y10*(1+Inputs!$B$33/100)),15)/15,(Skills!Y10*(1+Inputs!$B$33/100))/Skills!D10)))/100)*(1+((C49=TRUE)*F49*IF(AND(Inputs!$B$4<>"pvp",Inputs!$B$35>0),(((S49-1)*(Skills!Y15*(1+Inputs!$B$33/100))+MIN((Skills!Y15*(1+Inputs!$B$33/100)),MAX(0,Inputs!$B$35-((S49-1)*Skills!D15))))/Inputs!$B$35),IF(Inputs!$B$4="pvp",MIN((Skills!Y15*(1+Inputs!$B$33/100)),15)/15,(Skills!Y15*(1+Inputs!$B$33/100))/Skills!D15)))/100))*B69*I39) | L39: =K39*(MIN(Inputs!$B$21+((C58=TRUE)*(F58-Calc!F24)),Inputs!$B$22+((C63=TRUE)*(F63-Calc!F29)))/100+(Inputs!$B$22+((C63=TRUE)*(F63-Calc!F29)))/100)/2 | M39: =L39*(1+(Inputs!$B$9+((C60=TRUE)*(F60-Calc!F26))+B74)/100) | N39: =L39*(1-MIN((Inputs!$B$8+((C59=TRUE)*(F59-Calc!F25))+B67),100)/100)+M39*(MIN((Inputs!$B$8+((C59=TRUE)*(F59-Calc!F25))+B67),100)/100) | O39: =IF(C39,H39*N39*IF(AND(Inputs!$B$4<>"pvp",Inputs!$B$35>0),((Skills!G5*((R39-1)*IF(Skills!H5>0,Skills!I5/Skills!H5,1)+IF(Skills!H5>0,MIN(Skills!I5,MAX(0,Inputs!$B$35-((R39-1)*IF(Inputs!$B$4="pvp",15,MAX(0.1,Skills!D5-IF(Skills!E5=TRUE,Inputs!$B$31,0))))))/Skills!H5,1)))/Inputs!$B$35),G39*Q39)*IF(Inputs!$B$4="pvp",1,(1-Summary!$B$55)*(1)+Summary!$B$55*(MIN(Skills!W5,Inputs!$B$37))),0) | P39: =IF(B79=0,0,O39/B79) | Q39: =IFERROR(1/IF(Inputs!$B$4="pvp",15,MAX(0.1,Skills!D5-IF(Skills!E5=TRUE,Inputs!$B$31,0))),0) | R39: =IF(AND(Inputs!$B$4<>"pvp",Inputs!$B$35>0),(INT(Inputs!$B$35/IF(Inputs!$B$4="pvp",15,MAX(0.1,Skills!D5-IF(Skills!E5=TRUE,Inputs!$B$31,0))))+1),0) | S39: =IFERROR(O39/N39,0)
A40: =Skills!A6 | B40: =Skills!B6 | C40: =Inputs!$B$3>=69 | D40: =IF(Skills!C6=1,60+Inputs!$B$24+Inputs!$B$28,IF(Skills!C6=2,90+Inputs!$B$25+Inputs!$B$28,IF(Skills!C6=3,120+Inputs!$B$26+Inputs!$B$28,MAX(0,(Inputs!$B$3-100)*3)+Inputs!$B$27+Inputs!$B$28))) | E40: =INDEX(FactorTable!$B$2:$Y$301, MATCH(ROUND(MIN(300,MAX(1,D40)),0), FactorTable!$A$2:$A$301,0), Skills!M6+1) | F40: =IF(Skills!N6=TRUE,(Skills!L6/10)*(E40/1000),Skills!L6/10)+Skills!O6 | G40: =Skills!G6*IF(Skills!H6>0,Skills!I6/Skills!H6,1) | H40: =1-(1-Skills!J6/100)^Skills!K6 | I40: 1 | J40: =(Inputs!$B$5*(1+Inputs!$B$6/100))*(F40/100) | K40: =J40*(1+(((Inputs!$B$11+1)*(1+Inputs!$B$12/100))*0.01+Inputs!$B$13*0.0025)/100)*(1+Inputs!$B$14/100)*(1+IF(Inputs!$B$4="pvp",0,(1-Summary!$B$55)*(Inputs!$B$19+0+Skills!P6+B68)+Summary!$B$55*(Inputs!$B$20+Skills!Q6+B68))/100)*(1+Inputs!$B$15/100)*(5000/(6000+Inputs!$B$7*(1-Inputs!$B$18/100)))*(1+(Inputs!$B$23+((C64=TRUE)*(F64-Calc!F30)))/100)*(1+1.0*IF(C52=TRUE,F52,0)/100)*(1+(IF(Skills!A6="CRUEL_STAB",Inputs!$B$16+((C61=TRUE)*(F61-Calc!F27)),Inputs!$B$17+((C62=TRUE)*(F62-Calc!F28))))/100)*(((1+(((C55=TRUE)*F55*IF(AND(Inputs!$B$4<>"pvp",Inputs!$B$35>0),(((S55-1)*(Skills!Y21*(1+Inputs!$B$33/100))+MIN((Skills!Y21*(1+Inputs!$B$33/100)),MAX(0,Inputs!$B$35-((S55-1)*Skills!D21))))/Inputs!$B$35),IF(Inputs!$B$4="pvp",MIN((Skills!Y21*(1+Inputs!$B$33/100)),15)/15,(Skills!Y21*(1+Inputs!$B$33/100))/Skills!D21)))+((C57=TRUE)*(F57-Calc!F23))+((C51=TRUE)*(F51-Calc!F17)))/100)*(1+((C44=TRUE)*F44*IF(AND(Inputs!$B$4<>"pvp",Inputs!$B$35>0),(((S44-1)*(Skills!Y10*(1+Inputs!$B$33/100))+MIN((Skills!Y10*(1+Inputs!$B$33/100)),MAX(0,Inputs!$B$35-((S44-1)*Skills!D10))))/Inputs!$B$35),IF(Inputs!$B$4="pvp",MIN((Skills!Y10*(1+Inputs!$B$33/100)),15)/15,(Skills!Y10*(1+Inputs!$B$33/100))/Skills!D10)))/100)*(1+((C49=TRUE)*F49*IF(AND(Inputs!$B$4<>"pvp",Inputs!$B$35>0),(((S49-1)*(Skills!Y15*(1+Inputs!$B$33/100))+MIN((Skills!Y15*(1+Inputs!$B$33/100)),MAX(0,Inputs!$B$35-((S49-1)*Skills!D15))))/Inputs!$B$35),IF(Inputs!$B$4="pvp",MIN((Skills!Y15*(1+Inputs!$B$33/100)),15)/15,(Skills!Y15*(1+Inputs!$B$33/100))/Skills!D15)))/100))*B69*I40) | L40: =K40*(MIN(Inputs!$B$21+((C58=TRUE)*(F58-Calc!F24)),Inputs!$B$22+((C63=TRUE)*(F63-Calc!F29)))/100+(Inputs!$B$22+((C63=TRUE)*(F63-Calc!F29)))/100)/2 | M40: =L40*(1+(Inputs!$B$9+((C60=TRUE)*(F60-Calc!F26))+B74)/100) | N40: =L40*(1-MIN((Inputs!$B$8+((C59=TRUE)*(F59-Calc!F25))+B67),100)/100)+M40*(MIN((Inputs!$B$8+((C59=TRUE)*(F59-Calc!F25))+B67),100)/100) | O40: =IF(C40,H40*N40*IF(AND(Inputs!$B$4<>"pvp",Inputs!$B$35>0),((Skills!G6*((R40-1)*IF(Skills!H6>0,Skills!I6/Skills!H6,1)+IF(Skills!H6>0,MIN(Skills!I6,MAX(0,Inputs!$B$35-((R40-1)*IF(Inputs!$B$4="pvp",15,MAX(0.1,Skills!D6-IF(Skills!E6=TRUE,Inputs!$B$31,0))))))/Skills!H6,1)))/Inputs!$B$35),G40*Q40)*IF(Inputs!$B$4="pvp",1,(1-Summary!$B$55)*(1)+Summary!$B$55*(MIN(Skills!W6,Inputs!$B$37))),0) | P40: =IF(B79=0,0,O40/B79) | Q40: =IFERROR(1/IF(Inputs!$B$4="pvp",15,MAX(0.1,Skills!D6-IF(Skills!E6=TRUE,Inputs!$B$31,0))),0) | R40: =IF(AND(Inputs!$B$4<>"pvp",Inputs!$B$35>0),(INT(Inputs!$B$35/IF(Inputs!$B$4="pvp",15,MAX(0.1,Skills!D6-IF(Skills!E6=TRUE,Inputs!$B$31,0))))+1),0) | S40: =IFERROR(O40/N40,0)
A41: =Skills!A7 | B41: =Skills!B7 | C41: =Inputs!$B$3>=60 | D41: =IF(Skills!C7=1,60+Inputs!$B$24+Inputs!$B$28,IF(Skills!C7=2,90+Inputs!$B$25+Inputs!$B$28,IF(Skills!C7=3,120+Inputs!$B$26+Inputs!$B$28,MAX(0,(Inputs!$B$3-100)*3)+Inputs!$B$27+Inputs!$B$28))) | E41: =INDEX(FactorTable!$B$2:$Y$301, MATCH(ROUND(MIN(300,MAX(1,D41)),0), FactorTable!$A$2:$A$301,0), Skills!M7+1) | F41: =IF(Skills!N7=TRUE,(Skills!L7/10)*(E41/1000),Skills!L7/10)+Skills!O7 | G41: =Skills!G7*IF(Skills!H7>0,Skills!I7/Skills!H7,1) | H41: =1-(1-Skills!J7/100)^Skills!K7 | I41: 1 | O41: 0 | P41: =IF(B79=0,0,O41/B79) | Q41: 0 | R41: 0 | S41: =IFERROR(O41/N41,0)
A42: =Skills!A8 | B42: =Skills!B8 | C42: =Inputs!$B$3>=72 | D42: =IF(Skills!C8=1,60+Inputs!$B$24+Inputs!$B$28,IF(Skills!C8=2,90+Inputs!$B$25+Inputs!$B$28,IF(Skills!C8=3,120+Inputs!$B$26+Inputs!$B$28,MAX(0,(Inputs!$B$3-100)*3)+Inputs!$B$27+Inputs!$B$28))) | E42: =INDEX(FactorTable!$B$2:$Y$301, MATCH(ROUND(MIN(300,MAX(1,D42)),0), FactorTable!$A$2:$A$301,0), Skills!M8+1) | F42: =IF(Skills!N8=TRUE,(Skills!L8/10)*(E42/1000),Skills!L8/10)+Skills!O8 | G42: =Skills!G8*IF(Skills!H8>0,Skills!I8/Skills!H8,1) | H42: =1-(1-Skills!J8/100)^Skills!K8 | I42: 1 | J42: =(Inputs!$B$5*(1+Inputs!$B$6/100))*(F42/100) | K42: =J42*(1+(((Inputs!$B$11+1)*(1+Inputs!$B$12/100))*0.01+Inputs!$B$13*0.0025)/100)*(1+Inputs!$B$14/100)*(1+IF(Inputs!$B$4="pvp",0,(1-Summary!$B$55)*(Inputs!$B$19+0+Skills!P8+B68)+Summary!$B$55*(Inputs!$B$20+Skills!Q8+B68))/100)*(1+Inputs!$B$15/100)*(5000/(6000+Inputs!$B$7*(1-Inputs!$B$18/100)))*(1+(Inputs!$B$23+((C64=TRUE)*(F64-Calc!F30)))/100)*(1+3.3333333333333335*IF(C52=TRUE,F52,0)/100)*(1+(IF(Skills!A8="CRUEL_STAB",Inputs!$B$16+((C61=TRUE)*(F61-Calc!F27)),Inputs!$B$17+((C62=TRUE)*(F62-Calc!F28))))/100)*(((1+(((C55=TRUE)*F55*IF(AND(Inputs!$B$4<>"pvp",Inputs!$B$35>0),(((S55-1)*(Skills!Y21*(1+Inputs!$B$33/100))+MIN((Skills!Y21*(1+Inputs!$B$33/100)),MAX(0,Inputs!$B$35-((S55-1)*Skills!D21))))/Inputs!$B$35),IF(Inputs!$B$4="pvp",MIN((Skills!Y21*(1+Inputs!$B$33/100)),15)/15,(Skills!Y21*(1+Inputs!$B$33/100))/Skills!D21)))+((C57=TRUE)*(F57-Calc!F23))+((C51=TRUE)*(F51-Calc!F17)))/100)*(1+((C44=TRUE)*F44*IF(AND(Inputs!$B$4<>"pvp",Inputs!$B$35>0),(((S44-1)*(Skills!Y10*(1+Inputs!$B$33/100))+MIN((Skills!Y10*(1+Inputs!$B$33/100)),MAX(0,Inputs!$B$35-((S44-1)*Skills!D10))))/Inputs!$B$35),IF(Inputs!$B$4="pvp",MIN((Skills!Y10*(1+Inputs!$B$33/100)),15)/15,(Skills!Y10*(1+Inputs!$B$33/100))/Skills!D10)))/100)*(1+((C49=TRUE)*F49*IF(AND(Inputs!$B$4<>"pvp",Inputs!$B$35>0),(((S49-1)*(Skills!Y15*(1+Inputs!$B$33/100))+MIN((Skills!Y15*(1+Inputs!$B$33/100)),MAX(0,Inputs!$B$35-((S49-1)*Skills!D15))))/Inputs!$B$35),IF(Inputs!$B$4="pvp",MIN((Skills!Y15*(1+Inputs!$B$33/100)),15)/15,(Skills!Y15*(1+Inputs!$B$33/100))/Skills!D15)))/100))*B69*I42) | L42: =K42*(MIN(Inputs!$B$21+((C58=TRUE)*(F58-Calc!F24)),Inputs!$B$22+((C63=TRUE)*(F63-Calc!F29)))/100+(Inputs!$B$22+((C63=TRUE)*(F63-Calc!F29)))/100)/2 | M42: =L42*(1+(Inputs!$B$9+((C60=TRUE)*(F60-Calc!F26))+B74)/100) | N42: =L42*(1-MIN((Inputs!$B$8+((C59=TRUE)*(F59-Calc!F25))+B67),100)/100)+M42*(MIN((Inputs!$B$8+((C59=TRUE)*(F59-Calc!F25))+B67),100)/100) | O42: =IF(C42,H42*N42*IF(AND(Inputs!$B$4<>"pvp",Inputs!$B$35>0),((Skills!G8*((R42-1)*IF(Skills!H8>0,Skills!I8/Skills!H8,1)+IF(Skills!H8>0,MIN(Skills!I8,MAX(0,Inputs!$B$35-((R42-1)*IF(Inputs!$B$4="pvp",15,MAX(0.1,Skills!D8-IF(Skills!E8=TRUE,Inputs!$B$31,0))))))/Skills!H8,1)))/Inputs!$B$35),G42*Q42)*IF(Inputs!$B$4="pvp",1,(1-Summary!$B$55)*(1)+Summary!$B$55*(MIN(Skills!W8,Inputs!$B$37))),0) | P42: =IF(B79=0,0,O42/B79) | Q42: =IFERROR(1/IF(Inputs!$B$4="pvp",15,MAX(0.1,Skills!D8-IF(Skills!E8=TRUE,Inputs!$B$31,0))),0) | R42: =IF(AND(Inputs!$B$4<>"pvp",Inputs!$B$35>0),(INT(Inputs!$B$35/IF(Inputs!$B$4="pvp",15,MAX(0.1,Skills!D8-IF(Skills!E8=TRUE,Inputs!$B$31,0))))+1),0) | S42: =IFERROR(O42/N42,0)
A43: =Skills!A9 | B43: =Skills!B9 | C43: =Inputs!$B$3>=117 | D43: =IF(Skills!C9=1,60+Inputs!$B$24+Inputs!$B$28,IF(Skills!C9=2,90+Inputs!$B$25+Inputs!$B$28,IF(Skills!C9=3,120+Inputs!$B$26+Inputs!$B$28,MAX(0,(Inputs!$B$3-100)*3)+Inputs!$B$27+Inputs!$B$28))) | E43: =INDEX(FactorTable!$B$2:$Y$301, MATCH(ROUND(MIN(300,MAX(1,D43)),0), FactorTable!$A$2:$A$301,0), Skills!M9+1) | F43: =IF(Skills!N9=TRUE,(Skills!L9/10)*(E43/1000),Skills!L9/10)+Skills!O9 | G43: =Skills!G9*IF(Skills!H9>0,Skills!I9/Skills!H9,1) | H43: =1-(1-Skills!J9/100)^Skills!K9 | I43: 1 | J43: =(Inputs!$B$5*(1+Inputs!$B$6/100))*(F43/100) | K43: =J43*(1+(((Inputs!$B$11+1)*(1+Inputs!$B$12/100))*0.01+Inputs!$B$13*0.0025)/100)*(1+Inputs!$B$14/100)*(1+IF(Inputs!$B$4="pvp",0,(1-Summary!$B$55)*(Inputs!$B$19+0+Skills!P9+B68)+Summary!$B$55*(Inputs!$B$20+Skills!Q9+B68))/100)*(1+Inputs!$B$15/100)*(5000/(6000+Inputs!$B$7*(1-Inputs!$B$18/100)))*(1+(Inputs!$B$23+((C64=TRUE)*(F64-Calc!F30)))/100)*(1+(IF(Skills!A9="CRUEL_STAB",Inputs!$B$16+((C61=TRUE)*(F61-Calc!F27)),Inputs!$B$17+((C62=TRUE)*(F62-Calc!F28))))/100)*(((1+(((C55=TRUE)*F55*IF(AND(Inputs!$B$4<>"pvp",Inputs!$B$35>0),(((S55-1)*(Skills!Y21*(1+Inputs!$B$33/100))+MIN((Skills!Y21*(1+Inputs!$B$33/100)),MAX(0,Inputs!$B$35-((S55-1)*Skills!D21))))/Inputs!$B$35),IF(Inputs!$B$4="pvp",MIN((Skills!Y21*(1+Inputs!$B$33/100)),15)/15,(Skills!Y21*(1+Inputs!$B$33/100))/Skills!D21)))+((C57=TRUE)*(F57-Calc!F23))+((C51=TRUE)*(F51-Calc!F17)))/100)*(1+((C44=TRUE)*F44*IF(AND(Inputs!$B$4<>"pvp",Inputs!$B$35>0),(((S44-1)*(Skills!Y10*(1+Inputs!$B$33/100))+MIN((Skills!Y10*(1+Inputs!$B$33/100)),MAX(0,Inputs!$B$35-((S44-1)*Skills!D10))))/Inputs!$B$35),IF(Inputs!$B$4="pvp",MIN((Skills!Y10*(1+Inputs!$B$33/100)),15)/15,(Skills!Y10*(1+Inputs!$B$33/100))/Skills!D10)))/100)*(1+((C49=TRUE)*F49*IF(AND(Inputs!$B$4<>"pvp",Inputs!$B$35>0),(((S49-1)*(Skills!Y15*(1+Inputs!$B$33/100))+MIN((Skills!Y15*(1+Inputs!$B$33/100)),MAX(0,Inputs!$B$35-((S49-1)*Skills!D15))))/Inputs!$B$35),IF(Inputs!$B$4="pvp",MIN((Skills!Y15*(1+Inputs!$B$33/100)),15)/15,(Skills!Y15*(1+Inputs!$B$33/100))/Skills!D15)))/100))*B69*I43) | L43: =K43*(MIN(Inputs!$B$21+((C58=TRUE)*(F58-Calc!F24)),Inputs!$B$22+((C63=TRUE)*(F63-Calc!F29)))/100+(Inputs!$B$22+((C63=TRUE)*(F63-Calc!F29)))/100)/2 | M43: =L43*(1+(Inputs!$B$9+((C60=TRUE)*(F60-Calc!F26))+B74)/100) | N43: =L43*(1-MIN((Inputs!$B$8+((C59=TRUE)*(F59-Calc!F25))+B67),100)/100)+M43*(MIN((Inputs!$B$8+((C59=TRUE)*(F59-Calc!F25))+B67),100)/100) | O43: =IF(C43,0.2*SUMPRODUCT((Skills!Z2:Z30=TRUE)*(C36:C64=TRUE)*S36:S64)*N43,0) | P43: =IF(B79=0,0,O43/B79) | Q43: 0 | R43: 0 | S43: 0
A44: =Skills!A10 | B44: =Skills!B10 | C44: =Inputs!$B$3>=74 | D44: =IF(Skills!C10=1,60+Inputs!$B$24+Inputs!$B$28,IF(Skills!C10=2,90+Inputs!$B$25+Inputs!$B$28,IF(Skills!C10=3,120+Inputs!$B$26+Inputs!$B$28,MAX(0,(Inputs!$B$3-100)*3)+Inputs!$B$27+Inputs!$B$28))) | E44: =INDEX(FactorTable!$B$2:$Y$301, MATCH(ROUND(MIN(300,MAX(1,D44)),0), FactorTable!$A$2:$A$301,0), Skills!M10+1) | F44: =IF(Skills!N10=TRUE,(Skills!L10/10)*(E44/1000),Skills!L10/10)+Skills!O10 | G44: =Skills!G10*IF(Skills!H10>0,Skills!I10/Skills!H10,1) | H44: =1-(1-Skills!J10/100)^Skills!K10 | I44: 1 | O44: 0 | P44: =IF(B79=0,0,O44/B79) | Q44: =IFERROR(1/IF(Inputs!$B$4="pvp",15,MAX(0.1,Skills!D10-IF(Skills!E10=TRUE,Inputs!$B$31,0))),0) | R44: =IF(AND(Inputs!$B$4<>"pvp",Inputs!$B$35>0),(INT(Inputs!$B$35/IF(Inputs!$B$4="pvp",15,MAX(0.1,Skills!D10-IF(Skills!E10=TRUE,Inputs!$B$31,0))))+1),0) | S44: =IFERROR(O44/N44,0)
A45: =Skills!A11 | B45: =Skills!B11 | C45: =Inputs!$B$3>=103 | D45: =IF(Skills!C11=1,60+Inputs!$B$24+Inputs!$B$28,IF(Skills!C11=2,90+Inputs!$B$25+Inputs!$B$28,IF(Skills!C11=3,120+Inputs!$B$26+Inputs!$B$28,MAX(0,(Inputs!$B$3-100)*3)+Inputs!$B$27+Inputs!$B$28))) | E45: =INDEX(FactorTable!$B$2:$Y$301, MATCH(ROUND(MIN(300,MAX(1,D45)),0), FactorTable!$A$2:$A$301,0), Skills!M11+1) | F45: =(Skills!L11/10)*(E45/1000)+IF(Inputs!$B$3>=134,50,0)+0.5*(30000/10)*(INDEX(FactorTable!$B$2:$Y$301, MATCH(ROUND(MIN(300,MAX(1,D45)),0), FactorTable!$A$2:$A$301,0), 13)/1000)*B77 | G45: =Skills!G11*IF(Skills!H11>0,Skills!I11/Skills!H11,1) | H45: =1-(1-Skills!J11/100)^Skills!K11 | I45: 1 | J45: =(Inputs!$B$5*(1+Inputs!$B$6/100))*(F45/100) | K45: =J45*(1+(((Inputs!$B$11+1)*(1+Inputs!$B$12/100))*0.01+Inputs!$B$13*0.0025)/100)*(1+Inputs!$B$14/100)*(1+IF(Inputs!$B$4="pvp",0,(1-Summary!$B$55)*(Inputs!$B$19+0+Skills!P11+B68)+Summary!$B$55*(Inputs!$B$20+Skills!Q11+B68))/100)*(1+Inputs!$B$15/100)*(5000/(6000+Inputs!$B$7*(1-Inputs!$B$18/100)))*(1+(Inputs!$B$23+((C64=TRUE)*(F64-Calc!F30)))/100)*(1+(IF(Skills!A11="CRUEL_STAB",Inputs!$B$16+((C61=TRUE)*(F61-Calc!F27)),Inputs!$B$17+((C62=TRUE)*(F62-Calc!F28))))/100)*(((1+(((C55=TRUE)*F55*IF(AND(Inputs!$B$4<>"pvp",Inputs!$B$35>0),(((S55-1)*(Skills!Y21*(1+Inputs!$B$33/100))+MIN((Skills!Y21*(1+Inputs!$B$33/100)),MAX(0,Inputs!$B$35-((S55-1)*Skills!D21))))/Inputs!$B$35),IF(Inputs!$B$4="pvp",MIN((Skills!Y21*(1+Inputs!$B$33/100)),15)/15,(Skills!Y21*(1+Inputs!$B$33/100))/Skills!D21)))+((C57=TRUE)*(F57-Calc!F23))+((C51=TRUE)*(F51-Calc!F17)))/100)*(1+((C44=TRUE)*F44*IF(AND(Inputs!$B$4<>"pvp",Inputs!$B$35>0),(((S44-1)*(Skills!Y10*(1+Inputs!$B$33/100))+MIN((Skills!Y10*(1+Inputs!$B$33/100)),MAX(0,Inputs!$B$35-((S44-1)*Skills!D10))))/Inputs!$B$35),IF(Inputs!$B$4="pvp",MIN((Skills!Y10*(1+Inputs!$B$33/100)),15)/15,(Skills!Y10*(1+Inputs!$B$33/100))/Skills!D10)))/100)*(1+((C49=TRUE)*F49*IF(AND(Inputs!$B$4<>"pvp",Inputs!$B$35>0),(((S49-1)*(Skills!Y15*(1+Inputs!$B$33/100))+MIN((Skills!Y15*(1+Inputs!$B$33/100)),MAX(0,Inputs!$B$35-((S49-1)*Skills!D15))))/Inputs!$B$35),IF(Inputs!$B$4="pvp",MIN((Skills!Y15*(1+Inputs!$B$33/100)),15)/15,(Skills!Y15*(1+Inputs!$B$33/100))/Skills!D15)))/100))*B69*I45) | L45: =K45*(MIN(Inputs!$B$21+((C58=TRUE)*(F58-Calc!F24)),Inputs!$B$22+((C63=TRUE)*(F63-Calc!F29)))/100+(Inputs!$B$22+((C63=TRUE)*(F63-Calc!F29)))/100)/2 | M45: =L45*(1+(Inputs!$B$9+((C60=TRUE)*(F60-Calc!F26))+B74)/100) | N45: =L45*(1-MIN((Inputs!$B$8+((C59=TRUE)*(F59-Calc!F25))+B67),100)/100)+M45*(MIN((Inputs!$B$8+((C59=TRUE)*(F59-Calc!F25))+B67),100)/100) | O45: =IF(C45,H45*N45*IF(AND(Inputs!$B$4<>"pvp",Inputs!$B$35>0),((Skills!G11*((R45-1)*IF(Skills!H11>0,Skills!I11/Skills!H11,1)+IF(Skills!H11>0,MIN(Skills!I11,MAX(0,Inputs!$B$35-((R45-1)*IF(Inputs!$B$4="pvp",15,MAX(0.1,Skills!D11-IF(Skills!E11=TRUE,Inputs!$B$31,0))))))/Skills!H11,1)))/Inputs!$B$35),G45*Q45)*IF(Inputs!$B$4="pvp",1,(1-Summary!$B$55)*(1)+Summary!$B$55*(MIN(Skills!W11,Inputs!$B$37))),0) | P45: =IF(B79=0,0,O45/B79) | Q45: =IFERROR(1/IF(Inputs!$B$4="pvp",15,MAX(0.1,Skills!D11-IF(Skills!E11=TRUE,Inputs!$B$31,0))),0) | R45: =IF(AND(Inputs!$B$4<>"pvp",Inputs!$B$35>0),(INT(Inputs!$B$35/IF(Inputs!$B$4="pvp",15,MAX(0.1,Skills!D11-IF(Skills!E11=TRUE,Inputs!$B$31,0))))+1),0) | S45: =IFERROR(O45/N45,0)
A46: =Skills!A12 | B46: =Skills!B12 | C46: =Inputs!$B$3>=105 | D46: =IF(Skills!C12=1,60+Inputs!$B$24+Inputs!$B$28,IF(Skills!C12=2,90+Inputs!$B$25+Inputs!$B$28,IF(Skills!C12=3,120+Inputs!$B$26+Inputs!$B$28,MAX(0,(Inputs!$B$3-100)*3)+Inputs!$B$27+Inputs!$B$28))) | E46: =INDEX(FactorTable!$B$2:$Y$301, MATCH(ROUND(MIN(300,MAX(1,D46)),0), FactorTable!$A$2:$A$301,0), Skills!M12+1) | F46: =IF(Skills!N12=TRUE,(Skills!L12/10)*(E46/1000),Skills!L12/10)+Skills!O12 | G46: =Skills!G12*IF(Skills!H12>0,Skills!I12/Skills!H12,1) | H46: =1-(1-Skills!J12/100)^Skills!K12 | I46: 1 | J46: =(Inputs!$B$5*(1+Inputs!$B$6/100))*(F46/100) | K46: =J46*(1+(((Inputs!$B$11+1)*(1+Inputs!$B$12/100))*0.01+Inputs!$B$13*0.0025)/100)*(1+Inputs!$B$14/100)*(1+IF(Inputs!$B$4="pvp",0,(1-Summary!$B$55)*(Inputs!$B$19+0+Skills!P12+B68)+Summary!$B$55*(Inputs!$B$20+Skills!Q12+B68))/100)*(1+Inputs!$B$15/100)*(5000/(6000+Inputs!$B$7*(1-Inputs!$B$18/100)))*(1+(Inputs!$B$23+((C64=TRUE)*(F64-Calc!F30)))/100)*(1+(IF(Skills!A12="CRUEL_STAB",Inputs!$B$16+((C61=TRUE)*(F61-Calc!F27)),Inputs!$B$17+((C62=TRUE)*(F62-Calc!F28))))/100)*(((1+(((C55=TRUE)*F55*IF(AND(Inputs!$B$4<>"pvp",Inputs!$B$35>0),(((S55-1)*(Skills!Y21*(1+Inputs!$B$33/100))+MIN((Skills!Y21*(1+Inputs!$B$33/100)),MAX(0,Inputs!$B$35-((S55-1)*Skills!D21))))/Inputs!$B$35),IF(Inputs!$B$4="pvp",MIN((Skills!Y21*(1+Inputs!$B$33/100)),15)/15,(Skills!Y21*(1+Inputs!$B$33/100))/Skills!D21)))+((C57=TRUE)*(F57-Calc!F23))+((C51=TRUE)*(F51-Calc!F17)))/100)*(1+((C44=TRUE)*F44*IF(AND(Inputs!$B$4<>"pvp",Inputs!$B$35>0),(((S44-1)*(Skills!Y10*(1+Inputs!$B$33/100))+MIN((Skills!Y10*(1+Inputs!$B$33/100)),MAX(0,Inputs!$B$35-((S44-1)*Skills!D10))))/Inputs!$B$35),IF(Inputs!$B$4="pvp",MIN((Skills!Y10*(1+Inputs!$B$33/100)),15)/15,(Skills!Y10*(1+Inputs!$B$33/100))/Skills!D10)))/100)*(1+((C49=TRUE)*F49*IF(AND(Inputs!$B$4<>"pvp",Inputs!$B$35>0),(((S49-1)*(Skills!Y15*(1+Inputs!$B$33/100))+MIN((Skills!Y15*(1+Inputs!$B$33/100)),MAX(0,Inputs!$B$35-((S49-1)*Skills!D15))))/Inputs!$B$35),IF(Inputs!$B$4="pvp",MIN((Skills!Y15*(1+Inputs!$B$33/100)),15)/15,(Skills!Y15*(1+Inputs!$B$33/100))/Skills!D15)))/100))*B69*I46) | L46: =K46*(MIN(Inputs!$B$21+((C58=TRUE)*(F58-Calc!F24)),Inputs!$B$22+((C63=TRUE)*(F63-Calc!F29)))/100+(Inputs!$B$22+((C63=TRUE)*(F63-Calc!F29)))/100)/2 | M46: =L46*(1+(Inputs!$B$9+((C60=TRUE)*(F60-Calc!F26))+B74)/100) | N46: =L46*(1-MIN((Inputs!$B$8+((C59=TRUE)*(F59-Calc!F25))+B67),100)/100)+M46*(MIN((Inputs!$B$8+((C59=TRUE)*(F59-Calc!F25))+B67),100)/100) | O46: =IF(C46,H46*N46*IF(AND(Inputs!$B$4<>"pvp",Inputs!$B$35>0),((Skills!G12*((R46-1)*IF(Skills!H12>0,Skills!I12/Skills!H12,1)+IF(Skills!H12>0,MIN(Skills!I12,MAX(0,Inputs!$B$35-((R46-1)*IF(Inputs!$B$4="pvp",15,MAX(0.1,Skills!D12-IF(Skills!E12=TRUE,Inputs!$B$31,0))))))/Skills!H12,1)))/Inputs!$B$35),G46*Q46)*IF(Inputs!$B$4="pvp",1,(1-Summary!$B$55)*(1)+Summary!$B$55*(MIN(Skills!W12,Inputs!$B$37))),0) | P46: =IF(B79=0,0,O46/B79) | Q46: =IFERROR(1/IF(Inputs!$B$4="pvp",15,MAX(0.1,Skills!D12-IF(Skills!E12=TRUE,Inputs!$B$31,0))),0) | R46: =IF(AND(Inputs!$B$4<>"pvp",Inputs!$B$35>0),(INT(Inputs!$B$35/IF(Inputs!$B$4="pvp",15,MAX(0.1,Skills!D12-IF(Skills!E12=TRUE,Inputs!$B$31,0))))+1),0) | S46: =IFERROR(O46/N46,0)
A47: =Skills!A13 | B47: =Skills!B13 | C47: =Inputs!$B$3>=105 | D47: =IF(Skills!C13=1,60+Inputs!$B$24+Inputs!$B$28,IF(Skills!C13=2,90+Inputs!$B$25+Inputs!$B$28,IF(Skills!C13=3,120+Inputs!$B$26+Inputs!$B$28,MAX(0,(Inputs!$B$3-100)*3)+Inputs!$B$27+Inputs!$B$28))) | E47: =INDEX(FactorTable!$B$2:$Y$301, MATCH(ROUND(MIN(300,MAX(1,D47)),0), FactorTable!$A$2:$A$301,0), Skills!M13+1) | F47: =IF(Skills!N13=TRUE,(Skills!L13/10)*(E47/1000),Skills!L13/10)+Skills!O13 | G47: =Skills!G13*IF(Skills!H13>0,Skills!I13/Skills!H13,1) | H47: =1-(1-Skills!J13/100)^Skills!K13 | I47: 1 | J47: =(Inputs!$B$5*(1+Inputs!$B$6/100))*(F47/100) | K47: =J47*(1+(((Inputs!$B$11+1)*(1+Inputs!$B$12/100))*0.01+Inputs!$B$13*0.0025)/100)*(1+Inputs!$B$14/100)*(1+IF(Inputs!$B$4="pvp",0,(1-Summary!$B$55)*(Inputs!$B$19+0+Skills!P13+B68)+Summary!$B$55*(Inputs!$B$20+Skills!Q13+B68))/100)*(1+Inputs!$B$15/100)*(5000/(6000+Inputs!$B$7*(1-Inputs!$B$18/100)))*(1+(Inputs!$B$23+((C64=TRUE)*(F64-Calc!F30)))/100)*(1+(IF(Skills!A13="CRUEL_STAB",Inputs!$B$16+((C61=TRUE)*(F61-Calc!F27)),Inputs!$B$17+((C62=TRUE)*(F62-Calc!F28))))/100)*(((1+(((C55=TRUE)*F55*IF(AND(Inputs!$B$4<>"pvp",Inputs!$B$35>0),(((S55-1)*(Skills!Y21*(1+Inputs!$B$33/100))+MIN((Skills!Y21*(1+Inputs!$B$33/100)),MAX(0,Inputs!$B$35-((S55-1)*Skills!D21))))/Inputs!$B$35),IF(Inputs!$B$4="pvp",MIN((Skills!Y21*(1+Inputs!$B$33/100)),15)/15,(Skills!Y21*(1+Inputs!$B$33/100))/Skills!D21)))+((C57=TRUE)*(F57-Calc!F23))+((C51=TRUE)*(F51-Calc!F17)))/100)*(1+((C44=TRUE)*F44*IF(AND(Inputs!$B$4<>"pvp",Inputs!$B$35>0),(((S44-1)*(Skills!Y10*(1+Inputs!$B$33/100))+MIN((Skills!Y10*(1+Inputs!$B$33/100)),MAX(0,Inputs!$B$35-((S44-1)*Skills!D10))))/Inputs!$B$35),IF(Inputs!$B$4="pvp",MIN((Skills!Y10*(1+Inputs!$B$33/100)),15)/15,(Skills!Y10*(1+Inputs!$B$33/100))/Skills!D10)))/100)*(1+((C49=TRUE)*F49*IF(AND(Inputs!$B$4<>"pvp",Inputs!$B$35>0),(((S49-1)*(Skills!Y15*(1+Inputs!$B$33/100))+MIN((Skills!Y15*(1+Inputs!$B$33/100)),MAX(0,Inputs!$B$35-((S49-1)*Skills!D15))))/Inputs!$B$35),IF(Inputs!$B$4="pvp",MIN((Skills!Y15*(1+Inputs!$B$33/100)),15)/15,(Skills!Y15*(1+Inputs!$B$33/100))/Skills!D15)))/100))*B69*I47) | L47: =K47*(MIN(Inputs!$B$21+((C58=TRUE)*(F58-Calc!F24)),Inputs!$B$22+((C63=TRUE)*(F63-Calc!F29)))/100+(Inputs!$B$22+((C63=TRUE)*(F63-Calc!F29)))/100)/2 | M47: =L47*(1+(Inputs!$B$9+((C60=TRUE)*(F60-Calc!F26))+B74)/100) | N47: =L47*(1-MIN((Inputs!$B$8+((C59=TRUE)*(F59-Calc!F25))+B67),100)/100)+M47*(MIN((Inputs!$B$8+((C59=TRUE)*(F59-Calc!F25))+B67),100)/100) | O47: =IF(C47,H47*N47*IF(AND(Inputs!$B$4<>"pvp",Inputs!$B$35>0),((Skills!G13*((R47-1)*IF(Skills!H13>0,Skills!I13/Skills!H13,1)+IF(Skills!H13>0,MIN(Skills!I13,MAX(0,Inputs!$B$35-((R47-1)*IF(Inputs!$B$4="pvp",15,MAX(0.1,Skills!D13-IF(Skills!E13=TRUE,Inputs!$B$31,0))))))/Skills!H13,1)))/Inputs!$B$35),G47*Q47)*IF(Inputs!$B$4="pvp",1,(1-Summary!$B$55)*(1)+Summary!$B$55*(MIN(Skills!W13,Inputs!$B$37))),0) | P47: =IF(B79=0,0,O47/B79) | Q47: =IFERROR(1/IF(Inputs!$B$4="pvp",15,MAX(0.1,Skills!D13-IF(Skills!E13=TRUE,Inputs!$B$31,0))),0) | R47: =IF(AND(Inputs!$B$4<>"pvp",Inputs!$B$35>0),(INT(Inputs!$B$35/IF(Inputs!$B$4="pvp",15,MAX(0.1,Skills!D13-IF(Skills!E13=TRUE,Inputs!$B$31,0))))+1),0) | S47: =IFERROR(O47/N47,0)
A48: =Skills!A14 | B48: =Skills!B14 | C48: =Inputs!$B$3>=107 | D48: =IF(Skills!C14=1,60+Inputs!$B$24+Inputs!$B$28,IF(Skills!C14=2,90+Inputs!$B$25+Inputs!$B$28,IF(Skills!C14=3,120+Inputs!$B$26+Inputs!$B$28,MAX(0,(Inputs!$B$3-100)*3)+Inputs!$B$27+Inputs!$B$28))) | E48: =INDEX(FactorTable!$B$2:$Y$301, MATCH(ROUND(MIN(300,MAX(1,D48)),0), FactorTable!$A$2:$A$301,0), Skills!M14+1) | F48: =IF(Skills!N14=TRUE,(Skills!L14/10)*(E48/1000),Skills!L14/10)+Skills!O14 | G48: =Skills!G14*IF(Skills!H14>0,Skills!I14/Skills!H14,1) | H48: =1-(1-Skills!J14/100)^Skills!K14 | I48: 1 | J48: =(Inputs!$B$5*(1+Inputs!$B$6/100))*(F48/100) | K48: =J48*(1+(((Inputs!$B$11+1)*(1+Inputs!$B$12/100))*0.01+Inputs!$B$13*0.0025)/100)*(1+Inputs!$B$14/100)*(1+IF(Inputs!$B$4="pvp",0,(1-Summary!$B$55)*(Inputs!$B$19+0+Skills!P14+B68)+Summary!$B$55*(Inputs!$B$20+Skills!Q14+B68))/100)*(1+Inputs!$B$15/100)*(5000/(6000+Inputs!$B$7*(1-Inputs!$B$18/100)))*(1+(Inputs!$B$23+((C64=TRUE)*(F64-Calc!F30)))/100)*(1+(IF(Skills!A14="CRUEL_STAB",Inputs!$B$16+((C61=TRUE)*(F61-Calc!F27)),Inputs!$B$17+((C62=TRUE)*(F62-Calc!F28))))/100)*(((1+(((C55=TRUE)*F55*IF(AND(Inputs!$B$4<>"pvp",Inputs!$B$35>0),(((S55-1)*(Skills!Y21*(1+Inputs!$B$33/100))+MIN((Skills!Y21*(1+Inputs!$B$33/100)),MAX(0,Inputs!$B$35-((S55-1)*Skills!D21))))/Inputs!$B$35),IF(Inputs!$B$4="pvp",MIN((Skills!Y21*(1+Inputs!$B$33/100)),15)/15,(Skills!Y21*(1+Inputs!$B$33/100))/Skills!D21)))+((C57=TRUE)*(F57-Calc!F23))+((C51=TRUE)*(F51-Calc!F17)))/100)*(1+((C44=TRUE)*F44*IF(AND(Inputs!$B$4<>"pvp",Inputs!$B$35>0),(((S44-1)*(Skills!Y10*(1+Inputs!$B$33/100))+MIN((Skills!Y10*(1+Inputs!$B$33/100)),MAX(0,Inputs!$B$35-((S44-1)*Skills!D10))))/Inputs!$B$35),IF(Inputs!$B$4="pvp",MIN((Skills!Y10*(1+Inputs!$B$33/100)),15)/15,(Skills!Y10*(1+Inputs!$B$33/100))/Skills!D10)))/100)*(1+((C49=TRUE)*F49*IF(AND(Inputs!$B$4<>"pvp",Inputs!$B$35>0),(((S49-1)*(Skills!Y15*(1+Inputs!$B$33/100))+MIN((Skills!Y15*(1+Inputs!$B$33/100)),MAX(0,Inputs!$B$35-((S49-1)*Skills!D15))))/Inputs!$B$35),IF(Inputs!$B$4="pvp",MIN((Skills!Y15*(1+Inputs!$B$33/100)),15)/15,(Skills!Y15*(1+Inputs!$B$33/100))/Skills!D15)))/100))*B69*I48) | L48: =K48*(MIN(Inputs!$B$21+((C58=TRUE)*(F58-Calc!F24)),Inputs!$B$22+((C63=TRUE)*(F63-Calc!F29)))/100+(Inputs!$B$22+((C63=TRUE)*(F63-Calc!F29)))/100)/2 | M48: =L48*(1+(Inputs!$B$9+((C60=TRUE)*(F60-Calc!F26))+B74)/100) | N48: =L48*(1-MIN((Inputs!$B$8+((C59=TRUE)*(F59-Calc!F25))+B67),100)/100)+M48*(MIN((Inputs!$B$8+((C59=TRUE)*(F59-Calc!F25))+B67),100)/100) | O48: =IF(C48,H48*N48*IF(AND(Inputs!$B$4<>"pvp",Inputs!$B$35>0),((Skills!G14*((R48-1)*IF(Skills!H14>0,Skills!I14/Skills!H14,1)+IF(Skills!H14>0,MIN(Skills!I14,MAX(0,Inputs!$B$35-((R48-1)*IF(Inputs!$B$4="pvp",15,MAX(0.1,Skills!D14-IF(Skills!E14=TRUE,Inputs!$B$31,0))))))/Skills!H14,1)))/Inputs!$B$35),G48*Q48)*IF(Inputs!$B$4="pvp",1,(1-Summary!$B$55)*(1)+Summary!$B$55*(MIN(MIN(5,0.25*B71*Skills!D4)*Skills!V14,Inputs!$B$37))),0) | P48: =IF(B79=0,0,O48/B79) | Q48: =IFERROR(1/IF(Inputs!$B$4="pvp",15,MAX(0.1,Skills!D14-IF(Skills!E14=TRUE,Inputs!$B$31,0))),0) | R48: =IF(AND(Inputs!$B$4<>"pvp",Inputs!$B$35>0),(INT(Inputs!$B$35/IF(Inputs!$B$4="pvp",15,MAX(0.1,Skills!D14-IF(Skills!E14=TRUE,Inputs!$B$31,0))))+1),0) | S48: =IFERROR(O48/N48,0)
A49: =Skills!A15 | B49: =Skills!B15 | C49: =Inputs!$B$3>=110 | D49: =IF(Skills!C15=1,60+Inputs!$B$24+Inputs!$B$28,IF(Skills!C15=2,90+Inputs!$B$25+Inputs!$B$28,IF(Skills!C15=3,120+Inputs!$B$26+Inputs!$B$28,MAX(0,(Inputs!$B$3-100)*3)+Inputs!$B$27+Inputs!$B$28))) | E49: =INDEX(FactorTable!$B$2:$Y$301, MATCH(ROUND(MIN(300,MAX(1,D49)),0), FactorTable!$A$2:$A$301,0), Skills!M15+1) | F49: =IF(Skills!N15=TRUE,(Skills!L15/10)*(E49/1000),Skills!L15/10)+Skills!O15 | G49: =Skills!G15*IF(Skills!H15>0,Skills!I15/Skills!H15,1) | H49: =1-(1-Skills!J15/100)^Skills!K15 | I49: 1 | O49: 0 | P49: =IF(B79=0,0,O49/B79) | Q49: =IFERROR(1/IF(Inputs!$B$4="pvp",15,MAX(0.1,Skills!D15-IF(Skills!E15=TRUE,Inputs!$B$31,0))),0) | R49: =IF(AND(Inputs!$B$4<>"pvp",Inputs!$B$35>0),(INT(Inputs!$B$35/IF(Inputs!$B$4="pvp",15,MAX(0.1,Skills!D15-IF(Skills!E15=TRUE,Inputs!$B$31,0))))+1),0) | S49: =IFERROR(O49/N49,0)
A50: =Skills!A16 | B50: =Skills!B16 | C50: =Inputs!$B$3>=115 | D50: =IF(Skills!C16=1,60+Inputs!$B$24+Inputs!$B$28,IF(Skills!C16=2,90+Inputs!$B$25+Inputs!$B$28,IF(Skills!C16=3,120+Inputs!$B$26+Inputs!$B$28,MAX(0,(Inputs!$B$3-100)*3)+Inputs!$B$27+Inputs!$B$28))) | E50: =INDEX(FactorTable!$B$2:$Y$301, MATCH(ROUND(MIN(300,MAX(1,D50)),0), FactorTable!$A$2:$A$301,0), Skills!M16+1) | F50: =IF(Skills!N16=TRUE,(Skills!L16/10)*(E50/1000),Skills!L16/10)+Skills!O16 | G50: =Skills!G16*IF(Skills!H16>0,Skills!I16/Skills!H16,1) | H50: =1-(1-Skills!J16/100)^Skills!K16 | I50: 1 | J50: =(Inputs!$B$5*(1+Inputs!$B$6/100))*(F50/100) | K50: =J50*(1+(((Inputs!$B$11+1)*(1+Inputs!$B$12/100))*0.01+Inputs!$B$13*0.0025)/100)*(1+Inputs!$B$14/100)*(1+IF(Inputs!$B$4="pvp",0,(1-Summary!$B$55)*(Inputs!$B$19+0+Skills!P16+B68)+Summary!$B$55*(Inputs!$B$20+Skills!Q16+B68))/100)*(1+Inputs!$B$15/100)*(5000/(6000+Inputs!$B$7*(1-Inputs!$B$18/100)))*(1+(Inputs!$B$23+((C64=TRUE)*(F64-Calc!F30)))/100)*(1+(IF(Skills!A16="CRUEL_STAB",Inputs!$B$16+((C61=TRUE)*(F61-Calc!F27)),Inputs!$B$17+((C62=TRUE)*(F62-Calc!F28))))/100)*(((1+(((C55=TRUE)*F55*IF(AND(Inputs!$B$4<>"pvp",Inputs!$B$35>0),(((S55-1)*(Skills!Y21*(1+Inputs!$B$33/100))+MIN((Skills!Y21*(1+Inputs!$B$33/100)),MAX(0,Inputs!$B$35-((S55-1)*Skills!D21))))/Inputs!$B$35),IF(Inputs!$B$4="pvp",MIN((Skills!Y21*(1+Inputs!$B$33/100)),15)/15,(Skills!Y21*(1+Inputs!$B$33/100))/Skills!D21)))+((C57=TRUE)*(F57-Calc!F23))+((C51=TRUE)*(F51-Calc!F17)))/100)*(1+((C44=TRUE)*F44*IF(AND(Inputs!$B$4<>"pvp",Inputs!$B$35>0),(((S44-1)*(Skills!Y10*(1+Inputs!$B$33/100))+MIN((Skills!Y10*(1+Inputs!$B$33/100)),MAX(0,Inputs!$B$35-((S44-1)*Skills!D10))))/Inputs!$B$35),IF(Inputs!$B$4="pvp",MIN((Skills!Y10*(1+Inputs!$B$33/100)),15)/15,(Skills!Y10*(1+Inputs!$B$33/100))/Skills!D10)))/100)*(1+((C49=TRUE)*F49*IF(AND(Inputs!$B$4<>"pvp",Inputs!$B$35>0),(((S49-1)*(Skills!Y15*(1+Inputs!$B$33/100))+MIN((Skills!Y15*(1+Inputs!$B$33/100)),MAX(0,Inputs!$B$35-((S49-1)*Skills!D15))))/Inputs!$B$35),IF(Inputs!$B$4="pvp",MIN((Skills!Y15*(1+Inputs!$B$33/100)),15)/15,(Skills!Y15*(1+Inputs!$B$33/100))/Skills!D15)))/100))*B69*I50) | L50: =K50*(MIN(Inputs!$B$21+((C58=TRUE)*(F58-Calc!F24)),Inputs!$B$22+((C63=TRUE)*(F63-Calc!F29)))/100+(Inputs!$B$22+((C63=TRUE)*(F63-Calc!F29)))/100)/2 | M50: =L50*(1+(Inputs!$B$9+((C60=TRUE)*(F60-Calc!F26))+B74)/100) | N50: =L50*(1-MIN((Inputs!$B$8+((C59=TRUE)*(F59-Calc!F25))+B67),100)/100)+M50*(MIN((Inputs!$B$8+((C59=TRUE)*(F59-Calc!F25))+B67),100)/100) | O50: =IF(C50,Inputs!$B$38*0.2*N50,0) | P50: =IF(B79=0,0,O50/B79) | Q50: 0 | R50: 0 | S50: =IFERROR(O50/N50,0)
A51: =Skills!A17 | B51: =Skills!B17 | C51: =Inputs!$B$3>=115 | D51: =IF(Skills!C17=1,60+Inputs!$B$24+Inputs!$B$28,IF(Skills!C17=2,90+Inputs!$B$25+Inputs!$B$28,IF(Skills!C17=3,120+Inputs!$B$26+Inputs!$B$28,MAX(0,(Inputs!$B$3-100)*3)+Inputs!$B$27+Inputs!$B$28))) | E51: =INDEX(FactorTable!$B$2:$Y$301, MATCH(ROUND(MIN(300,MAX(1,D51)),0), FactorTable!$A$2:$A$301,0), Skills!M17+1) | F51: =IF(Skills!N17=TRUE,(Skills!L17/10)*(E51/1000),Skills!L17/10)+Skills!O17 | G51: =Skills!G17*IF(Skills!H17>0,Skills!I17/Skills!H17,1) | H51: =1-(1-Skills!J17/100)^Skills!K17 | I51: 1 | O51: 0 | P51: =IF(B79=0,0,O51/B79) | Q51: 0 | R51: 0 | S51: =IFERROR(O51/N51,0)
A52: =Skills!A18 | B52: =Skills!B18 | C52: =Inputs!$B$3>=100 | D52: =IF(Skills!C18=1,60+Inputs!$B$24+Inputs!$B$28,IF(Skills!C18=2,90+Inputs!$B$25+Inputs!$B$28,IF(Skills!C18=3,120+Inputs!$B$26+Inputs!$B$28,MAX(0,(Inputs!$B$3-100)*3)+Inputs!$B$27+Inputs!$B$28))) | E52: =INDEX(FactorTable!$B$2:$Y$301, MATCH(ROUND(MIN(300,MAX(1,D52)),0), FactorTable!$A$2:$A$301,0), Skills!M18+1) | F52: =IF(Skills!N18=TRUE,(Skills!L18/10)*(E52/1000),Skills!L18/10)+Skills!O18 | G52: =Skills!G18*IF(Skills!H18>0,Skills!I18/Skills!H18,1) | H52: =1-(1-Skills!J18/100)^Skills!K18 | I52: 1 | O52: 0 | P52: =IF(B79=0,0,O52/B79) | Q52: 0 | R52: 0 | S52: =IFERROR(O52/N52,0)
A53: =Skills!A19 | B53: =Skills!B19 | C53: =TRUE | D53: =IF(Skills!C19=1,60+Inputs!$B$24+Inputs!$B$28,IF(Skills!C19=2,90+Inputs!$B$25+Inputs!$B$28,IF(Skills!C19=3,120+Inputs!$B$26+Inputs!$B$28,MAX(0,(Inputs!$B$3-100)*3)+Inputs!$B$27+Inputs!$B$28))) | E53: =INDEX(FactorTable!$B$2:$Y$301, MATCH(ROUND(MIN(300,MAX(1,D53)),0), FactorTable!$A$2:$A$301,0), Skills!M19+1) | F53: =IF(Skills!N19=TRUE,(Skills!L19/10)*(E53/1000),Skills!L19/10)+Skills!O19 | G53: =Skills!G19*IF(Skills!H19>0,Skills!I19/Skills!H19,1) | H53: =1-(1-Skills!J19/100)^Skills!K19 | I53: 1 | O53: 0 | P53: =IF(B79=0,0,O53/B79) | Q53: =IFERROR(1/IF(Inputs!$B$4="pvp",15,MAX(0.1,Skills!D19-IF(Skills!E19=TRUE,Inputs!$B$31,0))),0) | R53: =IF(AND(Inputs!$B$4<>"pvp",Inputs!$B$35>0),(INT(Inputs!$B$35/IF(Inputs!$B$4="pvp",15,MAX(0.1,Skills!D19-IF(Skills!E19=TRUE,Inputs!$B$31,0))))+1),0) | S53: =IFERROR(O53/N53,0)
A54: =Skills!A20 | B54: =Skills!B20 | C54: =Inputs!$B$3>=15 | D54: =IF(Skills!C20=1,60+Inputs!$B$24+Inputs!$B$28,IF(Skills!C20=2,90+Inputs!$B$25+Inputs!$B$28,IF(Skills!C20=3,120+Inputs!$B$26+Inputs!$B$28,MAX(0,(Inputs!$B$3-100)*3)+Inputs!$B$27+Inputs!$B$28))) | E54: =INDEX(FactorTable!$B$2:$Y$301, MATCH(ROUND(MIN(300,MAX(1,D54)),0), FactorTable!$A$2:$A$301,0), Skills!M20+1) | F54: =IF(Skills!N20=TRUE,(Skills!L20/10)*(E54/1000),Skills!L20/10)+Skills!O20 | G54: =Skills!G20*IF(Skills!H20>0,Skills!I20/Skills!H20,1) | H54: =1-(1-Skills!J20/100)^Skills!K20 | I54: 1 | O54: 0 | P54: =IF(B79=0,0,O54/B79) | Q54: =IFERROR(1/IF(Inputs!$B$4="pvp",15,MAX(0.1,Skills!D20-IF(Skills!E20=TRUE,Inputs!$B$31,0))),0) | R54: =IF(AND(Inputs!$B$4<>"pvp",Inputs!$B$35>0),(INT(Inputs!$B$35/IF(Inputs!$B$4="pvp",15,MAX(0.1,Skills!D20-IF(Skills!E20=TRUE,Inputs!$B$31,0))))+1),0) | S54: =IFERROR(O54/N54,0)
A55: =Skills!A21 | B55: =Skills!B21 | C55: =Inputs!$B$3>=15 | D55: =IF(Skills!C21=1,60+Inputs!$B$24+Inputs!$B$28,IF(Skills!C21=2,90+Inputs!$B$25+Inputs!$B$28,IF(Skills!C21=3,120+Inputs!$B$26+Inputs!$B$28,MAX(0,(Inputs!$B$3-100)*3)+Inputs!$B$27+Inputs!$B$28))) | E55: =INDEX(FactorTable!$B$2:$Y$301, MATCH(ROUND(MIN(300,MAX(1,D55)),0), FactorTable!$A$2:$A$301,0), Skills!M21+1) | F55: =IF(Skills!N21=TRUE,(Skills!L21/10)*(E55/1000),Skills!L21/10)+Skills!O21 | G55: =Skills!G21*IF(Skills!H21>0,Skills!I21/Skills!H21,1) | H55: =1-(1-Skills!J21/100)^Skills!K21 | I55: 1 | O55: 0 | P55: =IF(B79=0,0,O55/B79) | Q55: =IFERROR(1/IF(Inputs!$B$4="pvp",15,MAX(0.1,Skills!D21-IF(Skills!E21=TRUE,Inputs!$B$31,0))),0) | R55: =IF(AND(Inputs!$B$4<>"pvp",Inputs!$B$35>0),(INT(Inputs!$B$35/IF(Inputs!$B$4="pvp",15,MAX(0.1,Skills!D21-IF(Skills!E21=TRUE,Inputs!$B$31,0))))+1),0) | S55: =IFERROR(O55/N55,0)
A56: =Skills!A22 | B56: =Skills!B22 | C56: =Inputs!$B$3>=33 | D56: =IF(Skills!C22=1,60+Inputs!$B$24+Inputs!$B$28,IF(Skills!C22=2,90+Inputs!$B$25+Inputs!$B$28,IF(Skills!C22=3,120+Inputs!$B$26+Inputs!$B$28,MAX(0,(Inputs!$B$3-100)*3)+Inputs!$B$27+Inputs!$B$28))) | E56: =INDEX(FactorTable!$B$2:$Y$301, MATCH(ROUND(MIN(300,MAX(1,D56)),0), FactorTable!$A$2:$A$301,0), Skills!M22+1) | F56: =IF(Skills!N22=TRUE,(Skills!L22/10)*(E56/1000),Skills!L22/10)+Skills!O22 | G56: =Skills!G22*IF(Skills!H22>0,Skills!I22/Skills!H22,1) | H56: =1-(1-Skills!J22/100)^Skills!K22 | I56: 1 | O56: 0 | P56: =IF(B79=0,0,O56/B79) | Q56: 0 | R56: 0 | S56: =IFERROR(O56/N56,0)
A57: =Skills!A23 | B57: =Skills!B23 | C57: =Inputs!$B$3>=40 | D57: =IF(Skills!C23=1,60+Inputs!$B$24+Inputs!$B$28,IF(Skills!C23=2,90+Inputs!$B$25+Inputs!$B$28,IF(Skills!C23=3,120+Inputs!$B$26+Inputs!$B$28,MAX(0,(Inputs!$B$3-100)*3)+Inputs!$B$27+Inputs!$B$28))) | E57: =INDEX(FactorTable!$B$2:$Y$301, MATCH(ROUND(MIN(300,MAX(1,D57)),0), FactorTable!$A$2:$A$301,0), Skills!M23+1) | F57: =IF(Skills!N23=TRUE,(Skills!L23/10)*(E57/1000),Skills!L23/10)+Skills!O23 | G57: =Skills!G23*IF(Skills!H23>0,Skills!I23/Skills!H23,1) | H57: =1-(1-Skills!J23/100)^Skills!K23 | I57: 1 | O57: 0 | P57: =IF(B79=0,0,O57/B79) | Q57: 0 | R57: 0 | S57: =IFERROR(O57/N57,0)
A58: =Skills!A24 | B58: =Skills!B24 | C58: =Inputs!$B$3>=43 | D58: =IF(Skills!C24=1,60+Inputs!$B$24+Inputs!$B$28,IF(Skills!C24=2,90+Inputs!$B$25+Inputs!$B$28,IF(Skills!C24=3,120+Inputs!$B$26+Inputs!$B$28,MAX(0,(Inputs!$B$3-100)*3)+Inputs!$B$27+Inputs!$B$28))) | E58: =INDEX(FactorTable!$B$2:$Y$301, MATCH(ROUND(MIN(300,MAX(1,D58)),0), FactorTable!$A$2:$A$301,0), Skills!M24+1) | F58: =IF(Skills!N24=TRUE,(Skills!L24/10)*(E58/1000),Skills!L24/10)+Skills!O24 | G58: =Skills!G24*IF(Skills!H24>0,Skills!I24/Skills!H24,1) | H58: =1-(1-Skills!J24/100)^Skills!K24 | I58: 1 | O58: 0 | P58: =IF(B79=0,0,O58/B79) | Q58: 0 | R58: 0 | S58: =IFERROR(O58/N58,0)
A59: =Skills!A25 | B59: =Skills!B25 | C59: =Inputs!$B$3>=50 | D59: =IF(Skills!C25=1,60+Inputs!$B$24+Inputs!$B$28,IF(Skills!C25=2,90+Inputs!$B$25+Inputs!$B$28,IF(Skills!C25=3,120+Inputs!$B$26+Inputs!$B$28,MAX(0,(Inputs!$B$3-100)*3)+Inputs!$B$27+Inputs!$B$28))) | E59: =INDEX(FactorTable!$B$2:$Y$301, MATCH(ROUND(MIN(300,MAX(1,D59)),0), FactorTable!$A$2:$A$301,0), Skills!M25+1) | F59: =IF(Skills!N25=TRUE,(Skills!L25/10)*(E59/1000),Skills!L25/10)+Skills!O25 | G59: =Skills!G25*IF(Skills!H25>0,Skills!I25/Skills!H25,1) | H59: =1-(1-Skills!J25/100)^Skills!K25 | I59: 1 | O59: 0 | P59: =IF(B79=0,0,O59/B79) | Q59: 0 | R59: 0 | S59: =IFERROR(O59/N59,0)
A60: =Skills!A26 | B60: =Skills!B26 | C60: =Inputs!$B$3>=50 | D60: =IF(Skills!C26=1,60+Inputs!$B$24+Inputs!$B$28,IF(Skills!C26=2,90+Inputs!$B$25+Inputs!$B$28,IF(Skills!C26=3,120+Inputs!$B$26+Inputs!$B$28,MAX(0,(Inputs!$B$3-100)*3)+Inputs!$B$27+Inputs!$B$28))) | E60: =INDEX(FactorTable!$B$2:$Y$301, MATCH(ROUND(MIN(300,MAX(1,D60)),0), FactorTable!$A$2:$A$301,0), Skills!M26+1) | F60: =IF(Skills!N26=TRUE,(Skills!L26/10)*(E60/1000),Skills!L26/10)+Skills!O26 | G60: =Skills!G26*IF(Skills!H26>0,Skills!I26/Skills!H26,1) | H60: =1-(1-Skills!J26/100)^Skills!K26 | I60: 1 | O60: 0 | P60: =IF(B79=0,0,O60/B79) | Q60: 0 | R60: 0 | S60: =IFERROR(O60/N60,0)
A61: =Skills!A27 | B61: =Skills!B27 | C61: =Inputs!$B$3>=38 | D61: =IF(Skills!C27=1,60+Inputs!$B$24+Inputs!$B$28,IF(Skills!C27=2,90+Inputs!$B$25+Inputs!$B$28,IF(Skills!C27=3,120+Inputs!$B$26+Inputs!$B$28,MAX(0,(Inputs!$B$3-100)*3)+Inputs!$B$27+Inputs!$B$28))) | E61: =INDEX(FactorTable!$B$2:$Y$301, MATCH(ROUND(MIN(300,MAX(1,D61)),0), FactorTable!$A$2:$A$301,0), Skills!M27+1) | F61: =IF(Skills!N27=TRUE,(Skills!L27/10)*(E61/1000),Skills!L27/10)+Skills!O27 | G61: =Skills!G27*IF(Skills!H27>0,Skills!I27/Skills!H27,1) | H61: =1-(1-Skills!J27/100)^Skills!K27 | I61: 1 | O61: 0 | P61: =IF(B79=0,0,O61/B79) | Q61: 0 | R61: 0 | S61: =IFERROR(O61/N61,0)
A62: =Skills!A28 | B62: =Skills!B28 | C62: =Inputs!$B$3>=120 | D62: =IF(Skills!C28=1,60+Inputs!$B$24+Inputs!$B$28,IF(Skills!C28=2,90+Inputs!$B$25+Inputs!$B$28,IF(Skills!C28=3,120+Inputs!$B$26+Inputs!$B$28,MAX(0,(Inputs!$B$3-100)*3)+Inputs!$B$27+Inputs!$B$28))) | E62: =INDEX(FactorTable!$B$2:$Y$301, MATCH(ROUND(MIN(300,MAX(1,D62)),0), FactorTable!$A$2:$A$301,0), Skills!M28+1) | F62: =IF(Skills!N28=TRUE,(Skills!L28/10)*(E62/1000),Skills!L28/10)+Skills!O28 | G62: =Skills!G28*IF(Skills!H28>0,Skills!I28/Skills!H28,1) | H62: =1-(1-Skills!J28/100)^Skills!K28 | I62: 1 | O62: 0 | P62: =IF(B79=0,0,O62/B79) | Q62: 0 | R62: 0 | S62: =IFERROR(O62/N62,0)
A63: =Skills!A29 | B63: =Skills!B29 | C63: =Inputs!$B$3>=120 | D63: =IF(Skills!C29=1,60+Inputs!$B$24+Inputs!$B$28,IF(Skills!C29=2,90+Inputs!$B$25+Inputs!$B$28,IF(Skills!C29=3,120+Inputs!$B$26+Inputs!$B$28,MAX(0,(Inputs!$B$3-100)*3)+Inputs!$B$27+Inputs!$B$28))) | E63: =INDEX(FactorTable!$B$2:$Y$301, MATCH(ROUND(MIN(300,MAX(1,D63)),0), FactorTable!$A$2:$A$301,0), Skills!M29+1) | F63: =IF(Skills!N29=TRUE,(Skills!L29/10)*(E63/1000),Skills!L29/10)+Skills!O29 | G63: =Skills!G29*IF(Skills!H29>0,Skills!I29/Skills!H29,1) | H63: =1-(1-Skills!J29/100)^Skills!K29 | I63: 1 | O63: 0 | P63: =IF(B79=0,0,O63/B79) | Q63: 0 | R63: 0 | S63: =IFERROR(O63/N63,0)
A64: =Skills!A30 | B64: =Skills!B30 | C64: =Inputs!$B$3>=125 | D64: =IF(Skills!C30=1,60+Inputs!$B$24+Inputs!$B$28,IF(Skills!C30=2,90+Inputs!$B$25+Inputs!$B$28,IF(Skills!C30=3,120+Inputs!$B$26+Inputs!$B$28,MAX(0,(Inputs!$B$3-100)*3)+Inputs!$B$27+Inputs!$B$28))) | E64: =INDEX(FactorTable!$B$2:$Y$301, MATCH(ROUND(MIN(300,MAX(1,D64)),0), FactorTable!$A$2:$A$301,0), Skills!M30+1) | F64: =IF(Skills!N30=TRUE,(Skills!L30/10)*(E64/1000),Skills!L30/10)+Skills!O30 | G64: =Skills!G30*IF(Skills!H30>0,Skills!I30/Skills!H30,1) | H64: =1-(1-Skills!J30/100)^Skills!K30 | I64: 1 | O64: 0 | P64: =IF(B79=0,0,O64/B79) | Q64: 0 | R64: 0 | S64: =IFERROR(O64/N64,0)
A66: Average Buff Multiplier | B66: =(1+(((C55=TRUE)*F55*IF(AND(Inputs!$B$4<>"pvp",Inputs!$B$35>0),(((S55-1)*(Skills!Y21*(1+Inputs!$B$33/100))+MIN((Skills!Y21*(1+Inputs!$B$33/100)),MAX(0,Inputs!$B$35-((S55-1)*Skills!D21))))/Inputs!$B$35),IF(Inputs!$B$4="pvp",MIN((Skills!Y21*(1+Inputs!$B$33/100)),15)/15,(Skills!Y21*(1+Inputs!$B$33/100))/Skills!D21)))+((C57=TRUE)*(F57-Calc!F23))+((C51=TRUE)*(F51-Calc!F17)))/100)*(1+((C44=TRUE)*F44*IF(AND(Inputs!$B$4<>"pvp",Inputs!$B$35>0),(((S44-1)*(Skills!Y10*(1+Inputs!$B$33/100))+MIN((Skills!Y10*(1+Inputs!$B$33/100)),MAX(0,Inputs!$B$35-((S44-1)*Skills!D10))))/Inputs!$B$35),IF(Inputs!$B$4="pvp",MIN((Skills!Y10*(1+Inputs!$B$33/100)),15)/15,(Skills!Y10*(1+Inputs!$B$33/100))/Skills!D10)))/100)*(1+((C49=TRUE)*F49*IF(AND(Inputs!$B$4<>"pvp",Inputs!$B$35>0),(((S49-1)*(Skills!Y15*(1+Inputs!$B$33/100))+MIN((Skills!Y15*(1+Inputs!$B$33/100)),MAX(0,Inputs!$B$35-((S49-1)*Skills!D15))))/Inputs!$B$35),IF(Inputs!$B$4="pvp",MIN((Skills!Y15*(1+Inputs!$B$33/100)),15)/15,(Skills!Y15*(1+Inputs!$B$33/100))/Skills!D15)))/100)
A67: Global Crit Rate Bonus % | B67: =((C54=TRUE)*F54*IF(AND(Inputs!$B$4<>"pvp",Inputs!$B$35>0),(((S54-1)*(Skills!Y20*(1+Inputs!$B$33/100))+MIN((Skills!Y20*(1+Inputs!$B$33/100)),MAX(0,Inputs!$B$35-((S54-1)*Skills!D20))))/Inputs!$B$35),IF(Inputs!$B$4="pvp",MIN((Skills!Y20*(1+Inputs!$B$33/100)),15)/15,(Skills!Y20*(1+Inputs!$B$33/100))/Skills!D20)))
A68: Global Monster Damage-Taken Bonus % | B68: =IF(Inputs!$B$3>=82,15,0)
A69: Shadow Partner Average Multiplier | B69: =1+((C41=TRUE)*F41*(1+3.3333333333333335*IF(C52=TRUE,F52,0)/100)*I41*Skills!J7/100)/100
A70: Attack Speed Buff Bonus % | B70: =((C53=TRUE)*F53*IF(AND(Inputs!$B$4<>"pvp",Inputs!$B$35>0),(((S53-1)*(Skills!Y19*(1+Inputs!$B$33/100))+MIN((Skills!Y19*(1+Inputs!$B$33/100)),MAX(0,Inputs!$B$35-((S53-1)*Skills!D19))))/Inputs!$B$35),IF(Inputs!$B$4="pvp",MIN((Skills!Y19*(1+Inputs!$B$33/100)),15)/15,(Skills!Y19*(1+Inputs!$B$33/100))/Skills!D19)))+((C37=TRUE)*F37*3)
A71: Actions Per Second | B71: =1+MIN(150,150*(1-(1-(Inputs!$B$10+((C56=TRUE)*(F56-Calc!F22)))/150)*(1-B70/150)))/100
A72: Skill + Buff Cast Rate | B72: =IF(AND(Inputs!$B$4<>"pvp",Inputs!$B$35>0),SUMPRODUCT((Skills!E2:E30=TRUE)*(C36:C64=TRUE)*R36:R64*Skills!F2:F30)/Inputs!$B$35,SUMPRODUCT((Skills!E2:E30=TRUE)*(C36:C64=TRUE)*Q36:Q64*Skills!F2:F30))
A73: Cruel Stab Casts Per Second | B73: =MAX(0,B71-B72)
A74: Global Critical Damage Bonus % (Smokescreen Mastery Lv.113) | B74: =IF(Inputs!$B$3>=113,30,0)*IF(AND(Inputs!$B$4<>"pvp",Inputs!$B$35>0),(((S49-1)*(Skills!Y15*(1+Inputs!$B$33/100))+MIN((Skills!Y15*(1+Inputs!$B$33/100)),MAX(0,Inputs!$B$35-((S49-1)*Skills!D15))))/Inputs!$B$35),IF(Inputs!$B$4="pvp",MIN((Skills!Y15*(1+Inputs!$B$33/100)),15)/15,(Skills!Y15*(1+Inputs!$B$33/100))/Skills!D15))
A75: Meso Explosion average stack count | B75: =MIN(10,0.5*B71*Skills!D4)
A76: Blood Money average stack count | B76: =MIN(5,0.25*B71*Skills!D4)
A77: Assassinate Murderous Intent Multiplier | B77: =1+IFERROR(MIN(1,Q48*2/Q45),0)
A79: TOTAL DPS | B79: =SUM(O36:O64)
A82: Stat: LUK %
A83: Key | B83: Name | C83: Unlocked | D83: InputLevel | E83: Factor | F83: CoefficientPercent | G83: EffectiveHits | H83: ProcProbability | I83: MapleHeroMultiplier | J83: BaseDamage | K83: BaseHitDamage | L83: NonCritAvg | M83: CritAvg | N83: ExpectedDamage(perHit) | O83: DPS | P83: % of Total | Q83: InvCooldown | R83: CastsInFight | S83: HitRate(perSec) | U83: helpers
A84: =Skills!A2 | B84: =Skills!B2 | C84: =Inputs!$B$3>=100 | F84: =U86+Skills!O2 | G84: =Skills!G2*IF(Skills!H2>0,Skills!I2/Skills!H2,1) | H84: =1-(1-Skills!J2/100)^Skills!K2 | I84: 1 | J84: =(Inputs!$B$5*(1+Inputs!$B$6/100))*(F84/100) | K84: =J84*(1+((Inputs!$B$11*(1+(Inputs!$B$12+1)/100))*0.01+Inputs!$B$13*0.0025)/100)*(1+Inputs!$B$14/100)*(1+IF(Inputs!$B$4="pvp",0,(1-Summary!$B$55)*(Inputs!$B$19+0+Skills!P2+B116)+Summary!$B$55*(Inputs!$B$20+Skills!Q2+B116))/100)*(1+Inputs!$B$15/100)*(5000/(6000+Inputs!$B$7*(1-Inputs!$B$18/100)))*(1+(Inputs!$B$23+((C112=TRUE)*(F112-Calc!F30)))/100)*(1+(IF(Skills!A2="CRUEL_STAB",Inputs!$B$16+((C109=TRUE)*(F109-Calc!F27)),Inputs!$B$17+((C110=TRUE)*(F110-Calc!F28))))/100)*(((1+(((C103=TRUE)*F103*IF(AND(Inputs!$B$4<>"pvp",Inputs!$B$35>0),(((S103-1)*(Skills!Y21*(1+Inputs!$B$33/100))+MIN((Skills!Y21*(1+Inputs!$B$33/100)),MAX(0,Inputs!$B$35-((S103-1)*Skills!D21))))/Inputs!$B$35),IF(Inputs!$B$4="pvp",MIN((Skills!Y21*(1+Inputs!$B$33/100)),15)/15,(Skills!Y21*(1+Inputs!$B$33/100))/Skills!D21)))+((C105=TRUE)*(F105-Calc!F23))+((C99=TRUE)*(F99-Calc!F17)))/100)*(1+((C92=TRUE)*F92*IF(AND(Inputs!$B$4<>"pvp",Inputs!$B$35>0),(((S92-1)*(Skills!Y10*(1+Inputs!$B$33/100))+MIN((Skills!Y10*(1+Inputs!$B$33/100)),MAX(0,Inputs!$B$35-((S92-1)*Skills!D10))))/Inputs!$B$35),IF(Inputs!$B$4="pvp",MIN((Skills!Y10*(1+Inputs!$B$33/100)),15)/15,(Skills!Y10*(1+Inputs!$B$33/100))/Skills!D10)))/100)*(1+((C97=TRUE)*F97*IF(AND(Inputs!$B$4<>"pvp",Inputs!$B$35>0),(((S97-1)*(Skills!Y15*(1+Inputs!$B$33/100))+MIN((Skills!Y15*(1+Inputs!$B$33/100)),MAX(0,Inputs!$B$35-((S97-1)*Skills!D15))))/Inputs!$B$35),IF(Inputs!$B$4="pvp",MIN((Skills!Y15*(1+Inputs!$B$33/100)),15)/15,(Skills!Y15*(1+Inputs!$B$33/100))/Skills!D15)))/100))*B117*I84) | L84: =K84*(MIN(Inputs!$B$21+((C106=TRUE)*(F106-Calc!F24)),Inputs!$B$22+((C111=TRUE)*(F111-Calc!F29)))/100+(Inputs!$B$22+((C111=TRUE)*(F111-Calc!F29)))/100)/2 | M84: =L84*(1+(Inputs!$B$9+((C108=TRUE)*(F108-Calc!F26))+B122)/100) | N84: =L84*(1-MIN((Inputs!$B$8+((C107=TRUE)*(F107-Calc!F25))+B115),100)/100)+M84*(MIN((Inputs!$B$8+((C107=TRUE)*(F107-Calc!F25))+B115),100)/100) | O84: =IF(C84,Skills!G2*N84*B121*IF(Inputs!$B$4="pvp",1,(1-Summary!$B$55)*(1)+Summary!$B$55*(MIN((6+Inputs!$B$32),Inputs!$B$37))),0) | P84: =IF(B127=0,0,O84/B127) | Q84: 0 | R84: 0 | S84: =IFERROR(O84/N84,0) | U84: =MAX(0,(Inputs!$B$3-100)*3)+Inputs!$B$27+Inputs!$B$28
A85: =Skills!A3 | B85: =Skills!B3 | C85: =Inputs!$B$3>=35 | D85: =IF(Skills!C3=1,60+Inputs!$B$24+Inputs!$B$28,IF(Skills!C3=2,90+Inputs!$B$25+Inputs!$B$28,IF(Skills!C3=3,120+Inputs!$B$26+Inputs!$B$28,MAX(0,(Inputs!$B$3-100)*3)+Inputs!$B$27+Inputs!$B$28))) | E85: =INDEX(FactorTable!$B$2:$Y$301, MATCH(ROUND(MIN(300,MAX(1,D85)),0), FactorTable!$A$2:$A$301,0), Skills!M3+1) | F85: =IF(Skills!N3=TRUE,(Skills!L3/10)*(E85/1000),Skills!L3/10)+Skills!O3 | G85: =Skills!G3*IF(Skills!H3>0,Skills!I3/Skills!H3,1) | H85: =1-(1-Skills!J3/100)^Skills!K3 | I85: 1 | O85: 0 | P85: =IF(B127=0,0,O85/B127) | Q85: 0 | R85: 0 | S85: =IFERROR(O85/N85,0) | U85: =INDEX(FactorTable!$B$2:$Y$301, MATCH(ROUND(MIN(300,MAX(1,U84)),0), FactorTable!$A$2:$A$301,0), 22)
A86: =Skills!A4 | B86: =Skills!B4 | C86: =Inputs!$B$3>=66 | D86: =IF(Skills!C4=1,60+Inputs!$B$24+Inputs!$B$28,IF(Skills!C4=2,90+Inputs!$B$25+Inputs!$B$28,IF(Skills!C4=3,120+Inputs!$B$26+Inputs!$B$28,MAX(0,(Inputs!$B$3-100)*3)+Inputs!$B$27+Inputs!$B$28))) | E86: =INDEX(FactorTable!$B$2:$Y$301, MATCH(ROUND(MIN(300,MAX(1,D86)),0), FactorTable!$A$2:$A$301,0), Skills!M4+1) | F86: =IF(Skills!N4=TRUE,(Skills!L4/10)*(E86/1000),Skills!L4/10)+Skills!O4 | G86: =Skills!G4*IF(Skills!H4>0,Skills!I4/Skills!H4,1) | H86: =1-(1-Skills!J4/100)^Skills!K4 | I86: 1 | J86: =(Inputs!$B$5*(1+Inputs!$B$6/100))*(F86/100) | K86: =J86*(1+((Inputs!$B$11*(1+(Inputs!$B$12+1)/100))*0.01+Inputs!$B$13*0.0025)/100)*(1+Inputs!$B$14/100)*(1+IF(Inputs!$B$4="pvp",0,(1-Summary!$B$55)*(Inputs!$B$19+0+Skills!P4+B116)+Summary!$B$55*(Inputs!$B$20+Skills!Q4+B116))/100)*(1+Inputs!$B$15/100)*(5000/(6000+Inputs!$B$7*(1-Inputs!$B$18/100)))*(1+(Inputs!$B$23+((C112=TRUE)*(F112-Calc!F30)))/100)*(1+(IF(Skills!A4="CRUEL_STAB",Inputs!$B$16+((C109=TRUE)*(F109-Calc!F27)),Inputs!$B$17+((C110=TRUE)*(F110-Calc!F28))))/100)*(((1+(((C103=TRUE)*F103*IF(AND(Inputs!$B$4<>"pvp",Inputs!$B$35>0),(((S103-1)*(Skills!Y21*(1+Inputs!$B$33/100))+MIN((Skills!Y21*(1+Inputs!$B$33/100)),MAX(0,Inputs!$B$35-((S103-1)*Skills!D21))))/Inputs!$B$35),IF(Inputs!$B$4="pvp",MIN((Skills!Y21*(1+Inputs!$B$33/100)),15)/15,(Skills!Y21*(1+Inputs!$B$33/100))/Skills!D21)))+((C105=TRUE)*(F105-Calc!F23))+((C99=TRUE)*(F99-Calc!F17)))/100)*(1+((C92=TRUE)*F92*IF(AND(Inputs!$B$4<>"pvp",Inputs!$B$35>0),(((S92-1)*(Skills!Y10*(1+Inputs!$B$33/100))+MIN((Skills!Y10*(1+Inputs!$B$33/100)),MAX(0,Inputs!$B$35-((S92-1)*Skills!D10))))/Inputs!$B$35),IF(Inputs!$B$4="pvp",MIN((Skills!Y10*(1+Inputs!$B$33/100)),15)/15,(Skills!Y10*(1+Inputs!$B$33/100))/Skills!D10)))/100)*(1+((C97=TRUE)*F97*IF(AND(Inputs!$B$4<>"pvp",Inputs!$B$35>0),(((S97-1)*(Skills!Y15*(1+Inputs!$B$33/100))+MIN((Skills!Y15*(1+Inputs!$B$33/100)),MAX(0,Inputs!$B$35-((S97-1)*Skills!D15))))/Inputs!$B$35),IF(Inputs!$B$4="pvp",MIN((Skills!Y15*(1+Inputs!$B$33/100)),15)/15,(Skills!Y15*(1+Inputs!$B$33/100))/Skills!D15)))/100))*B117*I86) | L86: =K86*(MIN(Inputs!$B$21+((C106=TRUE)*(F106-Calc!F24)),Inputs!$B$22+((C111=TRUE)*(F111-Calc!F29)))/100+(Inputs!$B$22+((C111=TRUE)*(F111-Calc!F29)))/100)/2 | M86: =L86*(1+(Inputs!$B$9+((C108=TRUE)*(F108-Calc!F26))+B122)/100) | N86: =L86*(1-MIN((Inputs!$B$8+((C107=TRUE)*(F107-Calc!F25))+B115),100)/100)+M86*(MIN((Inputs!$B$8+((C107=TRUE)*(F107-Calc!F25))+B115),100)/100) | O86: =IF(C86,H86*N86*IF(AND(Inputs!$B$4<>"pvp",Inputs!$B$35>0),((Skills!G4*((R86-1)*IF(Skills!H4>0,Skills!I4/Skills!H4,1)+IF(Skills!H4>0,MIN(Skills!I4,MAX(0,Inputs!$B$35-((R86-1)*IF(Inputs!$B$4="pvp",15,MAX(0.1,Skills!D4-IF(Skills!E4=TRUE,Inputs!$B$31,0))))))/Skills!H4,1)))/Inputs!$B$35),G86*Q86)*IF(Inputs!$B$4="pvp",1,(1-Summary!$B$55)*(1)+Summary!$B$55*(MIN(MIN(10,0.5*B119*Skills!D4),Inputs!$B$37))),0) | P86: =IF(B127=0,0,O86/B127) | Q86: =IFERROR(1/IF(Inputs!$B$4="pvp",15,MAX(0.1,Skills!D4-IF(Skills!E4=TRUE,Inputs!$B$31,0))),0) | R86: =IF(AND(Inputs!$B$4<>"pvp",Inputs!$B$35>0),(INT(Inputs!$B$35/IF(Inputs!$B$4="pvp",15,MAX(0.1,Skills!D4-IF(Skills!E4=TRUE,Inputs!$B$31,0))))+1),0) | S86: =IFERROR(O86/N86,0) | U86: =290*U85/1000
A87: =Skills!A5 | B87: =Skills!B5 | C87: =Inputs!$B$3>=63 | D87: =IF(Skills!C5=1,60+Inputs!$B$24+Inputs!$B$28,IF(Skills!C5=2,90+Inputs!$B$25+Inputs!$B$28,IF(Skills!C5=3,120+Inputs!$B$26+Inputs!$B$28,MAX(0,(Inputs!$B$3-100)*3)+Inputs!$B$27+Inputs!$B$28))) | E87: =INDEX(FactorTable!$B$2:$Y$301, MATCH(ROUND(MIN(300,MAX(1,D87)),0), FactorTable!$A$2:$A$301,0), Skills!M5+1) | F87: =IF(Skills!N5=TRUE,(Skills!L5/10)*(E87/1000),Skills!L5/10)+Skills!O5 | G87: =Skills!G5*IF(Skills!H5>0,Skills!I5/Skills!H5,1) | H87: =1-(1-Skills!J5/100)^Skills!K5 | I87: 1 | J87: =(Inputs!$B$5*(1+Inputs!$B$6/100))*(F87/100) | K87: =J87*(1+((Inputs!$B$11*(1+(Inputs!$B$12+1)/100))*0.01+Inputs!$B$13*0.0025)/100)*(1+Inputs!$B$14/100)*(1+IF(Inputs!$B$4="pvp",0,(1-Summary!$B$55)*(Inputs!$B$19+0+Skills!P5+B116)+Summary!$B$55*(Inputs!$B$20+Skills!Q5+B116))/100)*(1+Inputs!$B$15/100)*(5000/(6000+Inputs!$B$7*(1-Inputs!$B$18/100)))*(1+(Inputs!$B$23+((C112=TRUE)*(F112-Calc!F30)))/100)*(1+2.6666666666666665*IF(C100=TRUE,F100,0)/100)*(1+(IF(Skills!A5="CRUEL_STAB",Inputs!$B$16+((C109=TRUE)*(F109-Calc!F27)),Inputs!$B$17+((C110=TRUE)*(F110-Calc!F28))))/100)*(((1+(((C103=TRUE)*F103*IF(AND(Inputs!$B$4<>"pvp",Inputs!$B$35>0),(((S103-1)*(Skills!Y21*(1+Inputs!$B$33/100))+MIN((Skills!Y21*(1+Inputs!$B$33/100)),MAX(0,Inputs!$B$35-((S103-1)*Skills!D21))))/Inputs!$B$35),IF(Inputs!$B$4="pvp",MIN((Skills!Y21*(1+Inputs!$B$33/100)),15)/15,(Skills!Y21*(1+Inputs!$B$33/100))/Skills!D21)))+((C105=TRUE)*(F105-Calc!F23))+((C99=TRUE)*(F99-Calc!F17)))/100)*(1+((C92=TRUE)*F92*IF(AND(Inputs!$B$4<>"pvp",Inputs!$B$35>0),(((S92-1)*(Skills!Y10*(1+Inputs!$B$33/100))+MIN((Skills!Y10*(1+Inputs!$B$33/100)),MAX(0,Inputs!$B$35-((S92-1)*Skills!D10))))/Inputs!$B$35),IF(Inputs!$B$4="pvp",MIN((Skills!Y10*(1+Inputs!$B$33/100)),15)/15,(Skills!Y10*(1+Inputs!$B$33/100))/Skills!D10)))/100)*(1+((C97=TRUE)*F97*IF(AND(Inputs!$B$4<>"pvp",Inputs!$B$35>0),(((S97-1)*(Skills!Y15*(1+Inputs!$B$33/100))+MIN((Skills!Y15*(1+Inputs!$B$33/100)),MAX(0,Inputs!$B$35-((S97-1)*Skills!D15))))/Inputs!$B$35),IF(Inputs!$B$4="pvp",MIN((Skills!Y15*(1+Inputs!$B$33/100)),15)/15,(Skills!Y15*(1+Inputs!$B$33/100))/Skills!D15)))/100))*B117*I87) | L87: =K87*(MIN(Inputs!$B$21+((C106=TRUE)*(F106-Calc!F24)),Inputs!$B$22+((C111=TRUE)*(F111-Calc!F29)))/100+(Inputs!$B$22+((C111=TRUE)*(F111-Calc!F29)))/100)/2 | M87: =L87*(1+(Inputs!$B$9+((C108=TRUE)*(F108-Calc!F26))+B122)/100) | N87: =L87*(1-MIN((Inputs!$B$8+((C107=TRUE)*(F107-Calc!F25))+B115),100)/100)+M87*(MIN((Inputs!$B$8+((C107=TRUE)*(F107-Calc!F25))+B115),100)/100) | O87: =IF(C87,H87*N87*IF(AND(Inputs!$B$4<>"pvp",Inputs!$B$35>0),((Skills!G5*((R87-1)*IF(Skills!H5>0,Skills!I5/Skills!H5,1)+IF(Skills!H5>0,MIN(Skills!I5,MAX(0,Inputs!$B$35-((R87-1)*IF(Inputs!$B$4="pvp",15,MAX(0.1,Skills!D5-IF(Skills!E5=TRUE,Inputs!$B$31,0))))))/Skills!H5,1)))/Inputs!$B$35),G87*Q87)*IF(Inputs!$B$4="pvp",1,(1-Summary!$B$55)*(1)+Summary!$B$55*(MIN(Skills!W5,Inputs!$B$37))),0) | P87: =IF(B127=0,0,O87/B127) | Q87: =IFERROR(1/IF(Inputs!$B$4="pvp",15,MAX(0.1,Skills!D5-IF(Skills!E5=TRUE,Inputs!$B$31,0))),0) | R87: =IF(AND(Inputs!$B$4<>"pvp",Inputs!$B$35>0),(INT(Inputs!$B$35/IF(Inputs!$B$4="pvp",15,MAX(0.1,Skills!D5-IF(Skills!E5=TRUE,Inputs!$B$31,0))))+1),0) | S87: =IFERROR(O87/N87,0)
A88: =Skills!A6 | B88: =Skills!B6 | C88: =Inputs!$B$3>=69 | D88: =IF(Skills!C6=1,60+Inputs!$B$24+Inputs!$B$28,IF(Skills!C6=2,90+Inputs!$B$25+Inputs!$B$28,IF(Skills!C6=3,120+Inputs!$B$26+Inputs!$B$28,MAX(0,(Inputs!$B$3-100)*3)+Inputs!$B$27+Inputs!$B$28))) | E88: =INDEX(FactorTable!$B$2:$Y$301, MATCH(ROUND(MIN(300,MAX(1,D88)),0), FactorTable!$A$2:$A$301,0), Skills!M6+1) | F88: =IF(Skills!N6=TRUE,(Skills!L6/10)*(E88/1000),Skills!L6/10)+Skills!O6 | G88: =Skills!G6*IF(Skills!H6>0,Skills!I6/Skills!H6,1) | H88: =1-(1-Skills!J6/100)^Skills!K6 | I88: 1 | J88: =(Inputs!$B$5*(1+Inputs!$B$6/100))*(F88/100) | K88: =J88*(1+((Inputs!$B$11*(1+(Inputs!$B$12+1)/100))*0.01+Inputs!$B$13*0.0025)/100)*(1+Inputs!$B$14/100)*(1+IF(Inputs!$B$4="pvp",0,(1-Summary!$B$55)*(Inputs!$B$19+0+Skills!P6+B116)+Summary!$B$55*(Inputs!$B$20+Skills!Q6+B116))/100)*(1+Inputs!$B$15/100)*(5000/(6000+Inputs!$B$7*(1-Inputs!$B$18/100)))*(1+(Inputs!$B$23+((C112=TRUE)*(F112-Calc!F30)))/100)*(1+1.0*IF(C100=TRUE,F100,0)/100)*(1+(IF(Skills!A6="CRUEL_STAB",Inputs!$B$16+((C109=TRUE)*(F109-Calc!F27)),Inputs!$B$17+((C110=TRUE)*(F110-Calc!F28))))/100)*(((1+(((C103=TRUE)*F103*IF(AND(Inputs!$B$4<>"pvp",Inputs!$B$35>0),(((S103-1)*(Skills!Y21*(1+Inputs!$B$33/100))+MIN((Skills!Y21*(1+Inputs!$B$33/100)),MAX(0,Inputs!$B$35-((S103-1)*Skills!D21))))/Inputs!$B$35),IF(Inputs!$B$4="pvp",MIN((Skills!Y21*(1+Inputs!$B$33/100)),15)/15,(Skills!Y21*(1+Inputs!$B$33/100))/Skills!D21)))+((C105=TRUE)*(F105-Calc!F23))+((C99=TRUE)*(F99-Calc!F17)))/100)*(1+((C92=TRUE)*F92*IF(AND(Inputs!$B$4<>"pvp",Inputs!$B$35>0),(((S92-1)*(Skills!Y10*(1+Inputs!$B$33/100))+MIN((Skills!Y10*(1+Inputs!$B$33/100)),MAX(0,Inputs!$B$35-((S92-1)*Skills!D10))))/Inputs!$B$35),IF(Inputs!$B$4="pvp",MIN((Skills!Y10*(1+Inputs!$B$33/100)),15)/15,(Skills!Y10*(1+Inputs!$B$33/100))/Skills!D10)))/100)*(1+((C97=TRUE)*F97*IF(AND(Inputs!$B$4<>"pvp",Inputs!$B$35>0),(((S97-1)*(Skills!Y15*(1+Inputs!$B$33/100))+MIN((Skills!Y15*(1+Inputs!$B$33/100)),MAX(0,Inputs!$B$35-((S97-1)*Skills!D15))))/Inputs!$B$35),IF(Inputs!$B$4="pvp",MIN((Skills!Y15*(1+Inputs!$B$33/100)),15)/15,(Skills!Y15*(1+Inputs!$B$33/100))/Skills!D15)))/100))*B117*I88) | L88: =K88*(MIN(Inputs!$B$21+((C106=TRUE)*(F106-Calc!F24)),Inputs!$B$22+((C111=TRUE)*(F111-Calc!F29)))/100+(Inputs!$B$22+((C111=TRUE)*(F111-Calc!F29)))/100)/2 | M88: =L88*(1+(Inputs!$B$9+((C108=TRUE)*(F108-Calc!F26))+B122)/100) | N88: =L88*(1-MIN((Inputs!$B$8+((C107=TRUE)*(F107-Calc!F25))+B115),100)/100)+M88*(MIN((Inputs!$B$8+((C107=TRUE)*(F107-Calc!F25))+B115),100)/100) | O88: =IF(C88,H88*N88*IF(AND(Inputs!$B$4<>"pvp",Inputs!$B$35>0),((Skills!G6*((R88-1)*IF(Skills!H6>0,Skills!I6/Skills!H6,1)+IF(Skills!H6>0,MIN(Skills!I6,MAX(0,Inputs!$B$35-((R88-1)*IF(Inputs!$B$4="pvp",15,MAX(0.1,Skills!D6-IF(Skills!E6=TRUE,Inputs!$B$31,0))))))/Skills!H6,1)))/Inputs!$B$35),G88*Q88)*IF(Inputs!$B$4="pvp",1,(1-Summary!$B$55)*(1)+Summary!$B$55*(MIN(Skills!W6,Inputs!$B$37))),0) | P88: =IF(B127=0,0,O88/B127) | Q88: =IFERROR(1/IF(Inputs!$B$4="pvp",15,MAX(0.1,Skills!D6-IF(Skills!E6=TRUE,Inputs!$B$31,0))),0) | R88: =IF(AND(Inputs!$B$4<>"pvp",Inputs!$B$35>0),(INT(Inputs!$B$35/IF(Inputs!$B$4="pvp",15,MAX(0.1,Skills!D6-IF(Skills!E6=TRUE,Inputs!$B$31,0))))+1),0) | S88: =IFERROR(O88/N88,0)
A89: =Skills!A7 | B89: =Skills!B7 | C89: =Inputs!$B$3>=60 | D89: =IF(Skills!C7=1,60+Inputs!$B$24+Inputs!$B$28,IF(Skills!C7=2,90+Inputs!$B$25+Inputs!$B$28,IF(Skills!C7=3,120+Inputs!$B$26+Inputs!$B$28,MAX(0,(Inputs!$B$3-100)*3)+Inputs!$B$27+Inputs!$B$28))) | E89: =INDEX(FactorTable!$B$2:$Y$301, MATCH(ROUND(MIN(300,MAX(1,D89)),0), FactorTable!$A$2:$A$301,0), Skills!M7+1) | F89: =IF(Skills!N7=TRUE,(Skills!L7/10)*(E89/1000),Skills!L7/10)+Skills!O7 | G89: =Skills!G7*IF(Skills!H7>0,Skills!I7/Skills!H7,1) | H89: =1-(1-Skills!J7/100)^Skills!K7 | I89: 1 | O89: 0 | P89: =IF(B127=0,0,O89/B127) | Q89: 0 | R89: 0 | S89: =IFERROR(O89/N89,0)
A90: =Skills!A8 | B90: =Skills!B8 | C90: =Inputs!$B$3>=72 | D90: =IF(Skills!C8=1,60+Inputs!$B$24+Inputs!$B$28,IF(Skills!C8=2,90+Inputs!$B$25+Inputs!$B$28,IF(Skills!C8=3,120+Inputs!$B$26+Inputs!$B$28,MAX(0,(Inputs!$B$3-100)*3)+Inputs!$B$27+Inputs!$B$28))) | E90: =INDEX(FactorTable!$B$2:$Y$301, MATCH(ROUND(MIN(300,MAX(1,D90)),0), FactorTable!$A$2:$A$301,0), Skills!M8+1) | F90: =IF(Skills!N8=TRUE,(Skills!L8/10)*(E90/1000),Skills!L8/10)+Skills!O8 | G90: =Skills!G8*IF(Skills!H8>0,Skills!I8/Skills!H8,1) | H90: =1-(1-Skills!J8/100)^Skills!K8 | I90: 1 | J90: =(Inputs!$B$5*(1+Inputs!$B$6/100))*(F90/100) | K90: =J90*(1+((Inputs!$B$11*(1+(Inputs!$B$12+1)/100))*0.01+Inputs!$B$13*0.0025)/100)*(1+Inputs!$B$14/100)*(1+IF(Inputs!$B$4="pvp",0,(1-Summary!$B$55)*(Inputs!$B$19+0+Skills!P8+B116)+Summary!$B$55*(Inputs!$B$20+Skills!Q8+B116))/100)*(1+Inputs!$B$15/100)*(5000/(6000+Inputs!$B$7*(1-Inputs!$B$18/100)))*(1+(Inputs!$B$23+((C112=TRUE)*(F112-Calc!F30)))/100)*(1+3.3333333333333335*IF(C100=TRUE,F100,0)/100)*(1+(IF(Skills!A8="CRUEL_STAB",Inputs!$B$16+((C109=TRUE)*(F109-Calc!F27)),Inputs!$B$17+((C110=TRUE)*(F110-Calc!F28))))/100)*(((1+(((C103=TRUE)*F103*IF(AND(Inputs!$B$4<>"pvp",Inputs!$B$35>0),(((S103-1)*(Skills!Y21*(1+Inputs!$B$33/100))+MIN((Skills!Y21*(1+Inputs!$B$33/100)),MAX(0,Inputs!$B$35-((S103-1)*Skills!D21))))/Inputs!$B$35),IF(Inputs!$B$4="pvp",MIN((Skills!Y21*(1+Inputs!$B$33/100)),15)/15,(Skills!Y21*(1+Inputs!$B$33/100))/Skills!D21)))+((C105=TRUE)*(F105-Calc!F23))+((C99=TRUE)*(F99-Calc!F17)))/100)*(1+((C92=TRUE)*F92*IF(AND(Inputs!$B$4<>"pvp",Inputs!$B$35>0),(((S92-1)*(Skills!Y10*(1+Inputs!$B$33/100))+MIN((Skills!Y10*(1+Inputs!$B$33/100)),MAX(0,Inputs!$B$35-((S92-1)*Skills!D10))))/Inputs!$B$35),IF(Inputs!$B$4="pvp",MIN((Skills!Y10*(1+Inputs!$B$33/100)),15)/15,(Skills!Y10*(1+Inputs!$B$33/100))/Skills!D10)))/100)*(1+((C97=TRUE)*F97*IF(AND(Inputs!$B$4<>"pvp",Inputs!$B$35>0),(((S97-1)*(Skills!Y15*(1+Inputs!$B$33/100))+MIN((Skills!Y15*(1+Inputs!$B$33/100)),MAX(0,Inputs!$B$35-((S97-1)*Skills!D15))))/Inputs!$B$35),IF(Inputs!$B$4="pvp",MIN((Skills!Y15*(1+Inputs!$B$33/100)),15)/15,(Skills!Y15*(1+Inputs!$B$33/100))/Skills!D15)))/100))*B117*I90) | L90: =K90*(MIN(Inputs!$B$21+((C106=TRUE)*(F106-Calc!F24)),Inputs!$B$22+((C111=TRUE)*(F111-Calc!F29)))/100+(Inputs!$B$22+((C111=TRUE)*(F111-Calc!F29)))/100)/2 | M90: =L90*(1+(Inputs!$B$9+((C108=TRUE)*(F108-Calc!F26))+B122)/100) | N90: =L90*(1-MIN((Inputs!$B$8+((C107=TRUE)*(F107-Calc!F25))+B115),100)/100)+M90*(MIN((Inputs!$B$8+((C107=TRUE)*(F107-Calc!F25))+B115),100)/100) | O90: =IF(C90,H90*N90*IF(AND(Inputs!$B$4<>"pvp",Inputs!$B$35>0),((Skills!G8*((R90-1)*IF(Skills!H8>0,Skills!I8/Skills!H8,1)+IF(Skills!H8>0,MIN(Skills!I8,MAX(0,Inputs!$B$35-((R90-1)*IF(Inputs!$B$4="pvp",15,MAX(0.1,Skills!D8-IF(Skills!E8=TRUE,Inputs!$B$31,0))))))/Skills!H8,1)))/Inputs!$B$35),G90*Q90)*IF(Inputs!$B$4="pvp",1,(1-Summary!$B$55)*(1)+Summary!$B$55*(MIN(Skills!W8,Inputs!$B$37))),0) | P90: =IF(B127=0,0,O90/B127) | Q90: =IFERROR(1/IF(Inputs!$B$4="pvp",15,MAX(0.1,Skills!D8-IF(Skills!E8=TRUE,Inputs!$B$31,0))),0) | R90: =IF(AND(Inputs!$B$4<>"pvp",Inputs!$B$35>0),(INT(Inputs!$B$35/IF(Inputs!$B$4="pvp",15,MAX(0.1,Skills!D8-IF(Skills!E8=TRUE,Inputs!$B$31,0))))+1),0) | S90: =IFERROR(O90/N90,0)
A91: =Skills!A9 | B91: =Skills!B9 | C91: =Inputs!$B$3>=117 | D91: =IF(Skills!C9=1,60+Inputs!$B$24+Inputs!$B$28,IF(Skills!C9=2,90+Inputs!$B$25+Inputs!$B$28,IF(Skills!C9=3,120+Inputs!$B$26+Inputs!$B$28,MAX(0,(Inputs!$B$3-100)*3)+Inputs!$B$27+Inputs!$B$28))) | E91: =INDEX(FactorTable!$B$2:$Y$301, MATCH(ROUND(MIN(300,MAX(1,D91)),0), FactorTable!$A$2:$A$301,0), Skills!M9+1) | F91: =IF(Skills!N9=TRUE,(Skills!L9/10)*(E91/1000),Skills!L9/10)+Skills!O9 | G91: =Skills!G9*IF(Skills!H9>0,Skills!I9/Skills!H9,1) | H91: =1-(1-Skills!J9/100)^Skills!K9 | I91: 1 | J91: =(Inputs!$B$5*(1+Inputs!$B$6/100))*(F91/100) | K91: =J91*(1+((Inputs!$B$11*(1+(Inputs!$B$12+1)/100))*0.01+Inputs!$B$13*0.0025)/100)*(1+Inputs!$B$14/100)*(1+IF(Inputs!$B$4="pvp",0,(1-Summary!$B$55)*(Inputs!$B$19+0+Skills!P9+B116)+Summary!$B$55*(Inputs!$B$20+Skills!Q9+B116))/100)*(1+Inputs!$B$15/100)*(5000/(6000+Inputs!$B$7*(1-Inputs!$B$18/100)))*(1+(Inputs!$B$23+((C112=TRUE)*(F112-Calc!F30)))/100)*(1+(IF(Skills!A9="CRUEL_STAB",Inputs!$B$16+((C109=TRUE)*(F109-Calc!F27)),Inputs!$B$17+((C110=TRUE)*(F110-Calc!F28))))/100)*(((1+(((C103=TRUE)*F103*IF(AND(Inputs!$B$4<>"pvp",Inputs!$B$35>0),(((S103-1)*(Skills!Y21*(1+Inputs!$B$33/100))+MIN((Skills!Y21*(1+Inputs!$B$33/100)),MAX(0,Inputs!$B$35-((S103-1)*Skills!D21))))/Inputs!$B$35),IF(Inputs!$B$4="pvp",MIN((Skills!Y21*(1+Inputs!$B$33/100)),15)/15,(Skills!Y21*(1+Inputs!$B$33/100))/Skills!D21)))+((C105=TRUE)*(F105-Calc!F23))+((C99=TRUE)*(F99-Calc!F17)))/100)*(1+((C92=TRUE)*F92*IF(AND(Inputs!$B$4<>"pvp",Inputs!$B$35>0),(((S92-1)*(Skills!Y10*(1+Inputs!$B$33/100))+MIN((Skills!Y10*(1+Inputs!$B$33/100)),MAX(0,Inputs!$B$35-((S92-1)*Skills!D10))))/Inputs!$B$35),IF(Inputs!$B$4="pvp",MIN((Skills!Y10*(1+Inputs!$B$33/100)),15)/15,(Skills!Y10*(1+Inputs!$B$33/100))/Skills!D10)))/100)*(1+((C97=TRUE)*F97*IF(AND(Inputs!$B$4<>"pvp",Inputs!$B$35>0),(((S97-1)*(Skills!Y15*(1+Inputs!$B$33/100))+MIN((Skills!Y15*(1+Inputs!$B$33/100)),MAX(0,Inputs!$B$35-((S97-1)*Skills!D15))))/Inputs!$B$35),IF(Inputs!$B$4="pvp",MIN((Skills!Y15*(1+Inputs!$B$33/100)),15)/15,(Skills!Y15*(1+Inputs!$B$33/100))/Skills!D15)))/100))*B117*I91) | L91: =K91*(MIN(Inputs!$B$21+((C106=TRUE)*(F106-Calc!F24)),Inputs!$B$22+((C111=TRUE)*(F111-Calc!F29)))/100+(Inputs!$B$22+((C111=TRUE)*(F111-Calc!F29)))/100)/2 | M91: =L91*(1+(Inputs!$B$9+((C108=TRUE)*(F108-Calc!F26))+B122)/100) | N91: =L91*(1-MIN((Inputs!$B$8+((C107=TRUE)*(F107-Calc!F25))+B115),100)/100)+M91*(MIN((Inputs!$B$8+((C107=TRUE)*(F107-Calc!F25))+B115),100)/100) | O91: =IF(C91,0.2*SUMPRODUCT((Skills!Z2:Z30=TRUE)*(C84:C112=TRUE)*S84:S112)*N91,0) | P91: =IF(B127=0,0,O91/B127) | Q91: 0 | R91: 0 | S91: 0
A92: =Skills!A10 | B92: =Skills!B10 | C92: =Inputs!$B$3>=74 | D92: =IF(Skills!C10=1,60+Inputs!$B$24+Inputs!$B$28,IF(Skills!C10=2,90+Inputs!$B$25+Inputs!$B$28,IF(Skills!C10=3,120+Inputs!$B$26+Inputs!$B$28,MAX(0,(Inputs!$B$3-100)*3)+Inputs!$B$27+Inputs!$B$28))) | E92: =INDEX(FactorTable!$B$2:$Y$301, MATCH(ROUND(MIN(300,MAX(1,D92)),0), FactorTable!$A$2:$A$301,0), Skills!M10+1) | F92: =IF(Skills!N10=TRUE,(Skills!L10/10)*(E92/1000),Skills!L10/10)+Skills!O10 | G92: =Skills!G10*IF(Skills!H10>0,Skills!I10/Skills!H10,1) | H92: =1-(1-Skills!J10/100)^Skills!K10 | I92: 1 | O92: 0 | P92: =IF(B127=0,0,O92/B127) | Q92: =IFERROR(1/IF(Inputs!$B$4="pvp",15,MAX(0.1,Skills!D10-IF(Skills!E10=TRUE,Inputs!$B$31,0))),0) | R92: =IF(AND(Inputs!$B$4<>"pvp",Inputs!$B$35>0),(INT(Inputs!$B$35/IF(Inputs!$B$4="pvp",15,MAX(0.1,Skills!D10-IF(Skills!E10=TRUE,Inputs!$B$31,0))))+1),0) | S92: =IFERROR(O92/N92,0)
A93: =Skills!A11 | B93: =Skills!B11 | C93: =Inputs!$B$3>=103 | D93: =IF(Skills!C11=1,60+Inputs!$B$24+Inputs!$B$28,IF(Skills!C11=2,90+Inputs!$B$25+Inputs!$B$28,IF(Skills!C11=3,120+Inputs!$B$26+Inputs!$B$28,MAX(0,(Inputs!$B$3-100)*3)+Inputs!$B$27+Inputs!$B$28))) | E93: =INDEX(FactorTable!$B$2:$Y$301, MATCH(ROUND(MIN(300,MAX(1,D93)),0), FactorTable!$A$2:$A$301,0), Skills!M11+1) | F93: =(Skills!L11/10)*(E93/1000)+IF(Inputs!$B$3>=134,50,0)+0.5*(30000/10)*(INDEX(FactorTable!$B$2:$Y$301, MATCH(ROUND(MIN(300,MAX(1,D93)),0), FactorTable!$A$2:$A$301,0), 13)/1000)*B125 | G93: =Skills!G11*IF(Skills!H11>0,Skills!I11/Skills!H11,1) | H93: =1-(1-Skills!J11/100)^Skills!K11 | I93: 1 | J93: =(Inputs!$B$5*(1+Inputs!$B$6/100))*(F93/100) | K93: =J93*(1+((Inputs!$B$11*(1+(Inputs!$B$12+1)/100))*0.01+Inputs!$B$13*0.0025)/100)*(1+Inputs!$B$14/100)*(1+IF(Inputs!$B$4="pvp",0,(1-Summary!$B$55)*(Inputs!$B$19+0+Skills!P11+B116)+Summary!$B$55*(Inputs!$B$20+Skills!Q11+B116))/100)*(1+Inputs!$B$15/100)*(5000/(6000+Inputs!$B$7*(1-Inputs!$B$18/100)))*(1+(Inputs!$B$23+((C112=TRUE)*(F112-Calc!F30)))/100)*(1+(IF(Skills!A11="CRUEL_STAB",Inputs!$B$16+((C109=TRUE)*(F109-Calc!F27)),Inputs!$B$17+((C110=TRUE)*(F110-Calc!F28))))/100)*(((1+(((C103=TRUE)*F103*IF(AND(Inputs!$B$4<>"pvp",Inputs!$B$35>0),(((S103-1)*(Skills!Y21*(1+Inputs!$B$33/100))+MIN((Skills!Y21*(1+Inputs!$B$33/100)),MAX(0,Inputs!$B$35-((S103-1)*Skills!D21))))/Inputs!$B$35),IF(Inputs!$B$4="pvp",MIN((Skills!Y21*(1+Inputs!$B$33/100)),15)/15,(Skills!Y21*(1+Inputs!$B$33/100))/Skills!D21)))+((C105=TRUE)*(F105-Calc!F23))+((C99=TRUE)*(F99-Calc!F17)))/100)*(1+((C92=TRUE)*F92*IF(AND(Inputs!$B$4<>"pvp",Inputs!$B$35>0),(((S92-1)*(Skills!Y10*(1+Inputs!$B$33/100))+MIN((Skills!Y10*(1+Inputs!$B$33/100)),MAX(0,Inputs!$B$35-((S92-1)*Skills!D10))))/Inputs!$B$35),IF(Inputs!$B$4="pvp",MIN((Skills!Y10*(1+Inputs!$B$33/100)),15)/15,(Skills!Y10*(1+Inputs!$B$33/100))/Skills!D10)))/100)*(1+((C97=TRUE)*F97*IF(AND(Inputs!$B$4<>"pvp",Inputs!$B$35>0),(((S97-1)*(Skills!Y15*(1+Inputs!$B$33/100))+MIN((Skills!Y15*(1+Inputs!$B$33/100)),MAX(0,Inputs!$B$35-((S97-1)*Skills!D15))))/Inputs!$B$35),IF(Inputs!$B$4="pvp",MIN((Skills!Y15*(1+Inputs!$B$33/100)),15)/15,(Skills!Y15*(1+Inputs!$B$33/100))/Skills!D15)))/100))*B117*I93) | L93: =K93*(MIN(Inputs!$B$21+((C106=TRUE)*(F106-Calc!F24)),Inputs!$B$22+((C111=TRUE)*(F111-Calc!F29)))/100+(Inputs!$B$22+((C111=TRUE)*(F111-Calc!F29)))/100)/2 | M93: =L93*(1+(Inputs!$B$9+((C108=TRUE)*(F108-Calc!F26))+B122)/100) | N93: =L93*(1-MIN((Inputs!$B$8+((C107=TRUE)*(F107-Calc!F25))+B115),100)/100)+M93*(MIN((Inputs!$B$8+((C107=TRUE)*(F107-Calc!F25))+B115),100)/100) | O93: =IF(C93,H93*N93*IF(AND(Inputs!$B$4<>"pvp",Inputs!$B$35>0),((Skills!G11*((R93-1)*IF(Skills!H11>0,Skills!I11/Skills!H11,1)+IF(Skills!H11>0,MIN(Skills!I11,MAX(0,Inputs!$B$35-((R93-1)*IF(Inputs!$B$4="pvp",15,MAX(0.1,Skills!D11-IF(Skills!E11=TRUE,Inputs!$B$31,0))))))/Skills!H11,1)))/Inputs!$B$35),G93*Q93)*IF(Inputs!$B$4="pvp",1,(1-Summary!$B$55)*(1)+Summary!$B$55*(MIN(Skills!W11,Inputs!$B$37))),0) | P93: =IF(B127=0,0,O93/B127) | Q93: =IFERROR(1/IF(Inputs!$B$4="pvp",15,MAX(0.1,Skills!D11-IF(Skills!E11=TRUE,Inputs!$B$31,0))),0) | R93: =IF(AND(Inputs!$B$4<>"pvp",Inputs!$B$35>0),(INT(Inputs!$B$35/IF(Inputs!$B$4="pvp",15,MAX(0.1,Skills!D11-IF(Skills!E11=TRUE,Inputs!$B$31,0))))+1),0) | S93: =IFERROR(O93/N93,0)
A94: =Skills!A12 | B94: =Skills!B12 | C94: =Inputs!$B$3>=105 | D94: =IF(Skills!C12=1,60+Inputs!$B$24+Inputs!$B$28,IF(Skills!C12=2,90+Inputs!$B$25+Inputs!$B$28,IF(Skills!C12=3,120+Inputs!$B$26+Inputs!$B$28,MAX(0,(Inputs!$B$3-100)*3)+Inputs!$B$27+Inputs!$B$28))) | E94: =INDEX(FactorTable!$B$2:$Y$301, MATCH(ROUND(MIN(300,MAX(1,D94)),0), FactorTable!$A$2:$A$301,0), Skills!M12+1) | F94: =IF(Skills!N12=TRUE,(Skills!L12/10)*(E94/1000),Skills!L12/10)+Skills!O12 | G94: =Skills!G12*IF(Skills!H12>0,Skills!I12/Skills!H12,1) | H94: =1-(1-Skills!J12/100)^Skills!K12 | I94: 1 | J94: =(Inputs!$B$5*(1+Inputs!$B$6/100))*(F94/100) | K94: =J94*(1+((Inputs!$B$11*(1+(Inputs!$B$12+1)/100))*0.01+Inputs!$B$13*0.0025)/100)*(1+Inputs!$B$14/100)*(1+IF(Inputs!$B$4="pvp",0,(1-Summary!$B$55)*(Inputs!$B$19+0+Skills!P12+B116)+Summary!$B$55*(Inputs!$B$20+Skills!Q12+B116))/100)*(1+Inputs!$B$15/100)*(5000/(6000+Inputs!$B$7*(1-Inputs!$B$18/100)))*(1+(Inputs!$B$23+((C112=TRUE)*(F112-Calc!F30)))/100)*(1+(IF(Skills!A12="CRUEL_STAB",Inputs!$B$16+((C109=TRUE)*(F109-Calc!F27)),Inputs!$B$17+((C110=TRUE)*(F110-Calc!F28))))/100)*(((1+(((C103=TRUE)*F103*IF(AND(Inputs!$B$4<>"pvp",Inputs!$B$35>0),(((S103-1)*(Skills!Y21*(1+Inputs!$B$33/100))+MIN((Skills!Y21*(1+Inputs!$B$33/100)),MAX(0,Inputs!$B$35-((S103-1)*Skills!D21))))/Inputs!$B$35),IF(Inputs!$B$4="pvp",MIN((Skills!Y21*(1+Inputs!$B$33/100)),15)/15,(Skills!Y21*(1+Inputs!$B$33/100))/Skills!D21)))+((C105=TRUE)*(F105-Calc!F23))+((C99=TRUE)*(F99-Calc!F17)))/100)*(1+((C92=TRUE)*F92*IF(AND(Inputs!$B$4<>"pvp",Inputs!$B$35>0),(((S92-1)*(Skills!Y10*(1+Inputs!$B$33/100))+MIN((Skills!Y10*(1+Inputs!$B$33/100)),MAX(0,Inputs!$B$35-((S92-1)*Skills!D10))))/Inputs!$B$35),IF(Inputs!$B$4="pvp",MIN((Skills!Y10*(1+Inputs!$B$33/100)),15)/15,(Skills!Y10*(1+Inputs!$B$33/100))/Skills!D10)))/100)*(1+((C97=TRUE)*F97*IF(AND(Inputs!$B$4<>"pvp",Inputs!$B$35>0),(((S97-1)*(Skills!Y15*(1+Inputs!$B$33/100))+MIN((Skills!Y15*(1+Inputs!$B$33/100)),MAX(0,Inputs!$B$35-((S97-1)*Skills!D15))))/Inputs!$B$35),IF(Inputs!$B$4="pvp",MIN((Skills!Y15*(1+Inputs!$B$33/100)),15)/15,(Skills!Y15*(1+Inputs!$B$33/100))/Skills!D15)))/100))*B117*I94) | L94: =K94*(MIN(Inputs!$B$21+((C106=TRUE)*(F106-Calc!F24)),Inputs!$B$22+((C111=TRUE)*(F111-Calc!F29)))/100+(Inputs!$B$22+((C111=TRUE)*(F111-Calc!F29)))/100)/2 | M94: =L94*(1+(Inputs!$B$9+((C108=TRUE)*(F108-Calc!F26))+B122)/100) | N94: =L94*(1-MIN((Inputs!$B$8+((C107=TRUE)*(F107-Calc!F25))+B115),100)/100)+M94*(MIN((Inputs!$B$8+((C107=TRUE)*(F107-Calc!F25))+B115),100)/100) | O94: =IF(C94,H94*N94*IF(AND(Inputs!$B$4<>"pvp",Inputs!$B$35>0),((Skills!G12*((R94-1)*IF(Skills!H12>0,Skills!I12/Skills!H12,1)+IF(Skills!H12>0,MIN(Skills!I12,MAX(0,Inputs!$B$35-((R94-1)*IF(Inputs!$B$4="pvp",15,MAX(0.1,Skills!D12-IF(Skills!E12=TRUE,Inputs!$B$31,0))))))/Skills!H12,1)))/Inputs!$B$35),G94*Q94)*IF(Inputs!$B$4="pvp",1,(1-Summary!$B$55)*(1)+Summary!$B$55*(MIN(Skills!W12,Inputs!$B$37))),0) | P94: =IF(B127=0,0,O94/B127) | Q94: =IFERROR(1/IF(Inputs!$B$4="pvp",15,MAX(0.1,Skills!D12-IF(Skills!E12=TRUE,Inputs!$B$31,0))),0) | R94: =IF(AND(Inputs!$B$4<>"pvp",Inputs!$B$35>0),(INT(Inputs!$B$35/IF(Inputs!$B$4="pvp",15,MAX(0.1,Skills!D12-IF(Skills!E12=TRUE,Inputs!$B$31,0))))+1),0) | S94: =IFERROR(O94/N94,0)
A95: =Skills!A13 | B95: =Skills!B13 | C95: =Inputs!$B$3>=105 | D95: =IF(Skills!C13=1,60+Inputs!$B$24+Inputs!$B$28,IF(Skills!C13=2,90+Inputs!$B$25+Inputs!$B$28,IF(Skills!C13=3,120+Inputs!$B$26+Inputs!$B$28,MAX(0,(Inputs!$B$3-100)*3)+Inputs!$B$27+Inputs!$B$28))) | E95: =INDEX(FactorTable!$B$2:$Y$301, MATCH(ROUND(MIN(300,MAX(1,D95)),0), FactorTable!$A$2:$A$301,0), Skills!M13+1) | F95: =IF(Skills!N13=TRUE,(Skills!L13/10)*(E95/1000),Skills!L13/10)+Skills!O13 | G95: =Skills!G13*IF(Skills!H13>0,Skills!I13/Skills!H13,1) | H95: =1-(1-Skills!J13/100)^Skills!K13 | I95: 1 | J95: =(Inputs!$B$5*(1+Inputs!$B$6/100))*(F95/100) | K95: =J95*(1+((Inputs!$B$11*(1+(Inputs!$B$12+1)/100))*0.01+Inputs!$B$13*0.0025)/100)*(1+Inputs!$B$14/100)*(1+IF(Inputs!$B$4="pvp",0,(1-Summary!$B$55)*(Inputs!$B$19+0+Skills!P13+B116)+Summary!$B$55*(Inputs!$B$20+Skills!Q13+B116))/100)*(1+Inputs!$B$15/100)*(5000/(6000+Inputs!$B$7*(1-Inputs!$B$18/100)))*(1+(Inputs!$B$23+((C112=TRUE)*(F112-Calc!F30)))/100)*(1+(IF(Skills!A13="CRUEL_STAB",Inputs!$B$16+((C109=TRUE)*(F109-Calc!F27)),Inputs!$B$17+((C110=TRUE)*(F110-Calc!F28))))/100)*(((1+(((C103=TRUE)*F103*IF(AND(Inputs!$B$4<>"pvp",Inputs!$B$35>0),(((S103-1)*(Skills!Y21*(1+Inputs!$B$33/100))+MIN((Skills!Y21*(1+Inputs!$B$33/100)),MAX(0,Inputs!$B$35-((S103-1)*Skills!D21))))/Inputs!$B$35),IF(Inputs!$B$4="pvp",MIN((Skills!Y21*(1+Inputs!$B$33/100)),15)/15,(Skills!Y21*(1+Inputs!$B$33/100))/Skills!D21)))+((C105=TRUE)*(F105-Calc!F23))+((C99=TRUE)*(F99-Calc!F17)))/100)*(1+((C92=TRUE)*F92*IF(AND(Inputs!$B$4<>"pvp",Inputs!$B$35>0),(((S92-1)*(Skills!Y10*(1+Inputs!$B$33/100))+MIN((Skills!Y10*(1+Inputs!$B$33/100)),MAX(0,Inputs!$B$35-((S92-1)*Skills!D10))))/Inputs!$B$35),IF(Inputs!$B$4="pvp",MIN((Skills!Y10*(1+Inputs!$B$33/100)),15)/15,(Skills!Y10*(1+Inputs!$B$33/100))/Skills!D10)))/100)*(1+((C97=TRUE)*F97*IF(AND(Inputs!$B$4<>"pvp",Inputs!$B$35>0),(((S97-1)*(Skills!Y15*(1+Inputs!$B$33/100))+MIN((Skills!Y15*(1+Inputs!$B$33/100)),MAX(0,Inputs!$B$35-((S97-1)*Skills!D15))))/Inputs!$B$35),IF(Inputs!$B$4="pvp",MIN((Skills!Y15*(1+Inputs!$B$33/100)),15)/15,(Skills!Y15*(1+Inputs!$B$33/100))/Skills!D15)))/100))*B117*I95) | L95: =K95*(MIN(Inputs!$B$21+((C106=TRUE)*(F106-Calc!F24)),Inputs!$B$22+((C111=TRUE)*(F111-Calc!F29)))/100+(Inputs!$B$22+((C111=TRUE)*(F111-Calc!F29)))/100)/2 | M95: =L95*(1+(Inputs!$B$9+((C108=TRUE)*(F108-Calc!F26))+B122)/100) | N95: =L95*(1-MIN((Inputs!$B$8+((C107=TRUE)*(F107-Calc!F25))+B115),100)/100)+M95*(MIN((Inputs!$B$8+((C107=TRUE)*(F107-Calc!F25))+B115),100)/100) | O95: =IF(C95,H95*N95*IF(AND(Inputs!$B$4<>"pvp",Inputs!$B$35>0),((Skills!G13*((R95-1)*IF(Skills!H13>0,Skills!I13/Skills!H13,1)+IF(Skills!H13>0,MIN(Skills!I13,MAX(0,Inputs!$B$35-((R95-1)*IF(Inputs!$B$4="pvp",15,MAX(0.1,Skills!D13-IF(Skills!E13=TRUE,Inputs!$B$31,0))))))/Skills!H13,1)))/Inputs!$B$35),G95*Q95)*IF(Inputs!$B$4="pvp",1,(1-Summary!$B$55)*(1)+Summary!$B$55*(MIN(Skills!W13,Inputs!$B$37))),0) | P95: =IF(B127=0,0,O95/B127) | Q95: =IFERROR(1/IF(Inputs!$B$4="pvp",15,MAX(0.1,Skills!D13-IF(Skills!E13=TRUE,Inputs!$B$31,0))),0) | R95: =IF(AND(Inputs!$B$4<>"pvp",Inputs!$B$35>0),(INT(Inputs!$B$35/IF(Inputs!$B$4="pvp",15,MAX(0.1,Skills!D13-IF(Skills!E13=TRUE,Inputs!$B$31,0))))+1),0) | S95: =IFERROR(O95/N95,0)
A96: =Skills!A14 | B96: =Skills!B14 | C96: =Inputs!$B$3>=107 | D96: =IF(Skills!C14=1,60+Inputs!$B$24+Inputs!$B$28,IF(Skills!C14=2,90+Inputs!$B$25+Inputs!$B$28,IF(Skills!C14=3,120+Inputs!$B$26+Inputs!$B$28,MAX(0,(Inputs!$B$3-100)*3)+Inputs!$B$27+Inputs!$B$28))) | E96: =INDEX(FactorTable!$B$2:$Y$301, MATCH(ROUND(MIN(300,MAX(1,D96)),0), FactorTable!$A$2:$A$301,0), Skills!M14+1) | F96: =IF(Skills!N14=TRUE,(Skills!L14/10)*(E96/1000),Skills!L14/10)+Skills!O14 | G96: =Skills!G14*IF(Skills!H14>0,Skills!I14/Skills!H14,1) | H96: =1-(1-Skills!J14/100)^Skills!K14 | I96: 1 | J96: =(Inputs!$B$5*(1+Inputs!$B$6/100))*(F96/100) | K96: =J96*(1+((Inputs!$B$11*(1+(Inputs!$B$12+1)/100))*0.01+Inputs!$B$13*0.0025)/100)*(1+Inputs!$B$14/100)*(1+IF(Inputs!$B$4="pvp",0,(1-Summary!$B$55)*(Inputs!$B$19+0+Skills!P14+B116)+Summary!$B$55*(Inputs!$B$20+Skills!Q14+B116))/100)*(1+Inputs!$B$15/100)*(5000/(6000+Inputs!$B$7*(1-Inputs!$B$18/100)))*(1+(Inputs!$B$23+((C112=TRUE)*(F112-Calc!F30)))/100)*(1+(IF(Skills!A14="CRUEL_STAB",Inputs!$B$16+((C109=TRUE)*(F109-Calc!F27)),Inputs!$B$17+((C110=TRUE)*(F110-Calc!F28))))/100)*(((1+(((C103=TRUE)*F103*IF(AND(Inputs!$B$4<>"pvp",Inputs!$B$35>0),(((S103-1)*(Skills!Y21*(1+Inputs!$B$33/100))+MIN((Skills!Y21*(1+Inputs!$B$33/100)),MAX(0,Inputs!$B$35-((S103-1)*Skills!D21))))/Inputs!$B$35),IF(Inputs!$B$4="pvp",MIN((Skills!Y21*(1+Inputs!$B$33/100)),15)/15,(Skills!Y21*(1+Inputs!$B$33/100))/Skills!D21)))+((C105=TRUE)*(F105-Calc!F23))+((C99=TRUE)*(F99-Calc!F17)))/100)*(1+((C92=TRUE)*F92*IF(AND(Inputs!$B$4<>"pvp",Inputs!$B$35>0),(((S92-1)*(Skills!Y10*(1+Inputs!$B$33/100))+MIN((Skills!Y10*(1+Inputs!$B$33/100)),MAX(0,Inputs!$B$35-((S92-1)*Skills!D10))))/Inputs!$B$35),IF(Inputs!$B$4="pvp",MIN((Skills!Y10*(1+Inputs!$B$33/100)),15)/15,(Skills!Y10*(1+Inputs!$B$33/100))/Skills!D10)))/100)*(1+((C97=TRUE)*F97*IF(AND(Inputs!$B$4<>"pvp",Inputs!$B$35>0),(((S97-1)*(Skills!Y15*(1+Inputs!$B$33/100))+MIN((Skills!Y15*(1+Inputs!$B$33/100)),MAX(0,Inputs!$B$35-((S97-1)*Skills!D15))))/Inputs!$B$35),IF(Inputs!$B$4="pvp",MIN((Skills!Y15*(1+Inputs!$B$33/100)),15)/15,(Skills!Y15*(1+Inputs!$B$33/100))/Skills!D15)))/100))*B117*I96) | L96: =K96*(MIN(Inputs!$B$21+((C106=TRUE)*(F106-Calc!F24)),Inputs!$B$22+((C111=TRUE)*(F111-Calc!F29)))/100+(Inputs!$B$22+((C111=TRUE)*(F111-Calc!F29)))/100)/2 | M96: =L96*(1+(Inputs!$B$9+((C108=TRUE)*(F108-Calc!F26))+B122)/100) | N96: =L96*(1-MIN((Inputs!$B$8+((C107=TRUE)*(F107-Calc!F25))+B115),100)/100)+M96*(MIN((Inputs!$B$8+((C107=TRUE)*(F107-Calc!F25))+B115),100)/100) | O96: =IF(C96,H96*N96*IF(AND(Inputs!$B$4<>"pvp",Inputs!$B$35>0),((Skills!G14*((R96-1)*IF(Skills!H14>0,Skills!I14/Skills!H14,1)+IF(Skills!H14>0,MIN(Skills!I14,MAX(0,Inputs!$B$35-((R96-1)*IF(Inputs!$B$4="pvp",15,MAX(0.1,Skills!D14-IF(Skills!E14=TRUE,Inputs!$B$31,0))))))/Skills!H14,1)))/Inputs!$B$35),G96*Q96)*IF(Inputs!$B$4="pvp",1,(1-Summary!$B$55)*(1)+Summary!$B$55*(MIN(MIN(5,0.25*B119*Skills!D4)*Skills!V14,Inputs!$B$37))),0) | P96: =IF(B127=0,0,O96/B127) | Q96: =IFERROR(1/IF(Inputs!$B$4="pvp",15,MAX(0.1,Skills!D14-IF(Skills!E14=TRUE,Inputs!$B$31,0))),0) | R96: =IF(AND(Inputs!$B$4<>"pvp",Inputs!$B$35>0),(INT(Inputs!$B$35/IF(Inputs!$B$4="pvp",15,MAX(0.1,Skills!D14-IF(Skills!E14=TRUE,Inputs!$B$31,0))))+1),0) | S96: =IFERROR(O96/N96,0)
A97: =Skills!A15 | B97: =Skills!B15 | C97: =Inputs!$B$3>=110 | D97: =IF(Skills!C15=1,60+Inputs!$B$24+Inputs!$B$28,IF(Skills!C15=2,90+Inputs!$B$25+Inputs!$B$28,IF(Skills!C15=3,120+Inputs!$B$26+Inputs!$B$28,MAX(0,(Inputs!$B$3-100)*3)+Inputs!$B$27+Inputs!$B$28))) | E97: =INDEX(FactorTable!$B$2:$Y$301, MATCH(ROUND(MIN(300,MAX(1,D97)),0), FactorTable!$A$2:$A$301,0), Skills!M15+1) | F97: =IF(Skills!N15=TRUE,(Skills!L15/10)*(E97/1000),Skills!L15/10)+Skills!O15 | G97: =Skills!G15*IF(Skills!H15>0,Skills!I15/Skills!H15,1) | H97: =1-(1-Skills!J15/100)^Skills!K15 | I97: 1 | O97: 0 | P97: =IF(B127=0,0,O97/B127) | Q97: =IFERROR(1/IF(Inputs!$B$4="pvp",15,MAX(0.1,Skills!D15-IF(Skills!E15=TRUE,Inputs!$B$31,0))),0) | R97: =IF(AND(Inputs!$B$4<>"pvp",Inputs!$B$35>0),(INT(Inputs!$B$35/IF(Inputs!$B$4="pvp",15,MAX(0.1,Skills!D15-IF(Skills!E15=TRUE,Inputs!$B$31,0))))+1),0) | S97: =IFERROR(O97/N97,0)
A98: =Skills!A16 | B98: =Skills!B16 | C98: =Inputs!$B$3>=115 | D98: =IF(Skills!C16=1,60+Inputs!$B$24+Inputs!$B$28,IF(Skills!C16=2,90+Inputs!$B$25+Inputs!$B$28,IF(Skills!C16=3,120+Inputs!$B$26+Inputs!$B$28,MAX(0,(Inputs!$B$3-100)*3)+Inputs!$B$27+Inputs!$B$28))) | E98: =INDEX(FactorTable!$B$2:$Y$301, MATCH(ROUND(MIN(300,MAX(1,D98)),0), FactorTable!$A$2:$A$301,0), Skills!M16+1) | F98: =IF(Skills!N16=TRUE,(Skills!L16/10)*(E98/1000),Skills!L16/10)+Skills!O16 | G98: =Skills!G16*IF(Skills!H16>0,Skills!I16/Skills!H16,1) | H98: =1-(1-Skills!J16/100)^Skills!K16 | I98: 1 | J98: =(Inputs!$B$5*(1+Inputs!$B$6/100))*(F98/100) | K98: =J98*(1+((Inputs!$B$11*(1+(Inputs!$B$12+1)/100))*0.01+Inputs!$B$13*0.0025)/100)*(1+Inputs!$B$14/100)*(1+IF(Inputs!$B$4="pvp",0,(1-Summary!$B$55)*(Inputs!$B$19+0+Skills!P16+B116)+Summary!$B$55*(Inputs!$B$20+Skills!Q16+B116))/100)*(1+Inputs!$B$15/100)*(5000/(6000+Inputs!$B$7*(1-Inputs!$B$18/100)))*(1+(Inputs!$B$23+((C112=TRUE)*(F112-Calc!F30)))/100)*(1+(IF(Skills!A16="CRUEL_STAB",Inputs!$B$16+((C109=TRUE)*(F109-Calc!F27)),Inputs!$B$17+((C110=TRUE)*(F110-Calc!F28))))/100)*(((1+(((C103=TRUE)*F103*IF(AND(Inputs!$B$4<>"pvp",Inputs!$B$35>0),(((S103-1)*(Skills!Y21*(1+Inputs!$B$33/100))+MIN((Skills!Y21*(1+Inputs!$B$33/100)),MAX(0,Inputs!$B$35-((S103-1)*Skills!D21))))/Inputs!$B$35),IF(Inputs!$B$4="pvp",MIN((Skills!Y21*(1+Inputs!$B$33/100)),15)/15,(Skills!Y21*(1+Inputs!$B$33/100))/Skills!D21)))+((C105=TRUE)*(F105-Calc!F23))+((C99=TRUE)*(F99-Calc!F17)))/100)*(1+((C92=TRUE)*F92*IF(AND(Inputs!$B$4<>"pvp",Inputs!$B$35>0),(((S92-1)*(Skills!Y10*(1+Inputs!$B$33/100))+MIN((Skills!Y10*(1+Inputs!$B$33/100)),MAX(0,Inputs!$B$35-((S92-1)*Skills!D10))))/Inputs!$B$35),IF(Inputs!$B$4="pvp",MIN((Skills!Y10*(1+Inputs!$B$33/100)),15)/15,(Skills!Y10*(1+Inputs!$B$33/100))/Skills!D10)))/100)*(1+((C97=TRUE)*F97*IF(AND(Inputs!$B$4<>"pvp",Inputs!$B$35>0),(((S97-1)*(Skills!Y15*(1+Inputs!$B$33/100))+MIN((Skills!Y15*(1+Inputs!$B$33/100)),MAX(0,Inputs!$B$35-((S97-1)*Skills!D15))))/Inputs!$B$35),IF(Inputs!$B$4="pvp",MIN((Skills!Y15*(1+Inputs!$B$33/100)),15)/15,(Skills!Y15*(1+Inputs!$B$33/100))/Skills!D15)))/100))*B117*I98) | L98: =K98*(MIN(Inputs!$B$21+((C106=TRUE)*(F106-Calc!F24)),Inputs!$B$22+((C111=TRUE)*(F111-Calc!F29)))/100+(Inputs!$B$22+((C111=TRUE)*(F111-Calc!F29)))/100)/2 | M98: =L98*(1+(Inputs!$B$9+((C108=TRUE)*(F108-Calc!F26))+B122)/100) | N98: =L98*(1-MIN((Inputs!$B$8+((C107=TRUE)*(F107-Calc!F25))+B115),100)/100)+M98*(MIN((Inputs!$B$8+((C107=TRUE)*(F107-Calc!F25))+B115),100)/100) | O98: =IF(C98,Inputs!$B$38*0.2*N98,0) | P98: =IF(B127=0,0,O98/B127) | Q98: 0 | R98: 0 | S98: =IFERROR(O98/N98,0)
A99: =Skills!A17 | B99: =Skills!B17 | C99: =Inputs!$B$3>=115 | D99: =IF(Skills!C17=1,60+Inputs!$B$24+Inputs!$B$28,IF(Skills!C17=2,90+Inputs!$B$25+Inputs!$B$28,IF(Skills!C17=3,120+Inputs!$B$26+Inputs!$B$28,MAX(0,(Inputs!$B$3-100)*3)+Inputs!$B$27+Inputs!$B$28))) | E99: =INDEX(FactorTable!$B$2:$Y$301, MATCH(ROUND(MIN(300,MAX(1,D99)),0), FactorTable!$A$2:$A$301,0), Skills!M17+1) | F99: =IF(Skills!N17=TRUE,(Skills!L17/10)*(E99/1000),Skills!L17/10)+Skills!O17 | G99: =Skills!G17*IF(Skills!H17>0,Skills!I17/Skills!H17,1) | H99: =1-(1-Skills!J17/100)^Skills!K17 | I99: 1 | O99: 0 | P99: =IF(B127=0,0,O99/B127) | Q99: 0 | R99: 0 | S99: =IFERROR(O99/N99,0)
A100: =Skills!A18 | B100: =Skills!B18 | C100: =Inputs!$B$3>=100 | D100: =IF(Skills!C18=1,60+Inputs!$B$24+Inputs!$B$28,IF(Skills!C18=2,90+Inputs!$B$25+Inputs!$B$28,IF(Skills!C18=3,120+Inputs!$B$26+Inputs!$B$28,MAX(0,(Inputs!$B$3-100)*3)+Inputs!$B$27+Inputs!$B$28))) | E100: =INDEX(FactorTable!$B$2:$Y$301, MATCH(ROUND(MIN(300,MAX(1,D100)),0), FactorTable!$A$2:$A$301,0), Skills!M18+1) | F100: =IF(Skills!N18=TRUE,(Skills!L18/10)*(E100/1000),Skills!L18/10)+Skills!O18 | G100: =Skills!G18*IF(Skills!H18>0,Skills!I18/Skills!H18,1) | H100: =1-(1-Skills!J18/100)^Skills!K18 | I100: 1 | O100: 0 | P100: =IF(B127=0,0,O100/B127) | Q100: 0 | R100: 0 | S100: =IFERROR(O100/N100,0)
A101: =Skills!A19 | B101: =Skills!B19 | C101: =TRUE | D101: =IF(Skills!C19=1,60+Inputs!$B$24+Inputs!$B$28,IF(Skills!C19=2,90+Inputs!$B$25+Inputs!$B$28,IF(Skills!C19=3,120+Inputs!$B$26+Inputs!$B$28,MAX(0,(Inputs!$B$3-100)*3)+Inputs!$B$27+Inputs!$B$28))) | E101: =INDEX(FactorTable!$B$2:$Y$301, MATCH(ROUND(MIN(300,MAX(1,D101)),0), FactorTable!$A$2:$A$301,0), Skills!M19+1) | F101: =IF(Skills!N19=TRUE,(Skills!L19/10)*(E101/1000),Skills!L19/10)+Skills!O19 | G101: =Skills!G19*IF(Skills!H19>0,Skills!I19/Skills!H19,1) | H101: =1-(1-Skills!J19/100)^Skills!K19 | I101: 1 | O101: 0 | P101: =IF(B127=0,0,O101/B127) | Q101: =IFERROR(1/IF(Inputs!$B$4="pvp",15,MAX(0.1,Skills!D19-IF(Skills!E19=TRUE,Inputs!$B$31,0))),0) | R101: =IF(AND(Inputs!$B$4<>"pvp",Inputs!$B$35>0),(INT(Inputs!$B$35/IF(Inputs!$B$4="pvp",15,MAX(0.1,Skills!D19-IF(Skills!E19=TRUE,Inputs!$B$31,0))))+1),0) | S101: =IFERROR(O101/N101,0)
A102: =Skills!A20 | B102: =Skills!B20 | C102: =Inputs!$B$3>=15 | D102: =IF(Skills!C20=1,60+Inputs!$B$24+Inputs!$B$28,IF(Skills!C20=2,90+Inputs!$B$25+Inputs!$B$28,IF(Skills!C20=3,120+Inputs!$B$26+Inputs!$B$28,MAX(0,(Inputs!$B$3-100)*3)+Inputs!$B$27+Inputs!$B$28))) | E102: =INDEX(FactorTable!$B$2:$Y$301, MATCH(ROUND(MIN(300,MAX(1,D102)),0), FactorTable!$A$2:$A$301,0), Skills!M20+1) | F102: =IF(Skills!N20=TRUE,(Skills!L20/10)*(E102/1000),Skills!L20/10)+Skills!O20 | G102: =Skills!G20*IF(Skills!H20>0,Skills!I20/Skills!H20,1) | H102: =1-(1-Skills!J20/100)^Skills!K20 | I102: 1 | O102: 0 | P102: =IF(B127=0,0,O102/B127) | Q102: =IFERROR(1/IF(Inputs!$B$4="pvp",15,MAX(0.1,Skills!D20-IF(Skills!E20=TRUE,Inputs!$B$31,0))),0) | R102: =IF(AND(Inputs!$B$4<>"pvp",Inputs!$B$35>0),(INT(Inputs!$B$35/IF(Inputs!$B$4="pvp",15,MAX(0.1,Skills!D20-IF(Skills!E20=TRUE,Inputs!$B$31,0))))+1),0) | S102: =IFERROR(O102/N102,0)
A103: =Skills!A21 | B103: =Skills!B21 | C103: =Inputs!$B$3>=15 | D103: =IF(Skills!C21=1,60+Inputs!$B$24+Inputs!$B$28,IF(Skills!C21=2,90+Inputs!$B$25+Inputs!$B$28,IF(Skills!C21=3,120+Inputs!$B$26+Inputs!$B$28,MAX(0,(Inputs!$B$3-100)*3)+Inputs!$B$27+Inputs!$B$28))) | E103: =INDEX(FactorTable!$B$2:$Y$301, MATCH(ROUND(MIN(300,MAX(1,D103)),0), FactorTable!$A$2:$A$301,0), Skills!M21+1) | F103: =IF(Skills!N21=TRUE,(Skills!L21/10)*(E103/1000),Skills!L21/10)+Skills!O21 | G103: =Skills!G21*IF(Skills!H21>0,Skills!I21/Skills!H21,1) | H103: =1-(1-Skills!J21/100)^Skills!K21 | I103: 1 | O103: 0 | P103: =IF(B127=0,0,O103/B127) | Q103: =IFERROR(1/IF(Inputs!$B$4="pvp",15,MAX(0.1,Skills!D21-IF(Skills!E21=TRUE,Inputs!$B$31,0))),0) | R103: =IF(AND(Inputs!$B$4<>"pvp",Inputs!$B$35>0),(INT(Inputs!$B$35/IF(Inputs!$B$4="pvp",15,MAX(0.1,Skills!D21-IF(Skills!E21=TRUE,Inputs!$B$31,0))))+1),0) | S103: =IFERROR(O103/N103,0)
A104: =Skills!A22 | B104: =Skills!B22 | C104: =Inputs!$B$3>=33 | D104: =IF(Skills!C22=1,60+Inputs!$B$24+Inputs!$B$28,IF(Skills!C22=2,90+Inputs!$B$25+Inputs!$B$28,IF(Skills!C22=3,120+Inputs!$B$26+Inputs!$B$28,MAX(0,(Inputs!$B$3-100)*3)+Inputs!$B$27+Inputs!$B$28))) | E104: =INDEX(FactorTable!$B$2:$Y$301, MATCH(ROUND(MIN(300,MAX(1,D104)),0), FactorTable!$A$2:$A$301,0), Skills!M22+1) | F104: =IF(Skills!N22=TRUE,(Skills!L22/10)*(E104/1000),Skills!L22/10)+Skills!O22 | G104: =Skills!G22*IF(Skills!H22>0,Skills!I22/Skills!H22,1) | H104: =1-(1-Skills!J22/100)^Skills!K22 | I104: 1 | O104: 0 | P104: =IF(B127=0,0,O104/B127) | Q104: 0 | R104: 0 | S104: =IFERROR(O104/N104,0)
A105: =Skills!A23 | B105: =Skills!B23 | C105: =Inputs!$B$3>=40 | D105: =IF(Skills!C23=1,60+Inputs!$B$24+Inputs!$B$28,IF(Skills!C23=2,90+Inputs!$B$25+Inputs!$B$28,IF(Skills!C23=3,120+Inputs!$B$26+Inputs!$B$28,MAX(0,(Inputs!$B$3-100)*3)+Inputs!$B$27+Inputs!$B$28))) | E105: =INDEX(FactorTable!$B$2:$Y$301, MATCH(ROUND(MIN(300,MAX(1,D105)),0), FactorTable!$A$2:$A$301,0), Skills!M23+1) | F105: =IF(Skills!N23=TRUE,(Skills!L23/10)*(E105/1000),Skills!L23/10)+Skills!O23 | G105: =Skills!G23*IF(Skills!H23>0,Skills!I23/Skills!H23,1) | H105: =1-(1-Skills!J23/100)^Skills!K23 | I105: 1 | O105: 0 | P105: =IF(B127=0,0,O105/B127) | Q105: 0 | R105: 0 | S105: =IFERROR(O105/N105,0)
A106: =Skills!A24 | B106: =Skills!B24 | C106: =Inputs!$B$3>=43 | D106: =IF(Skills!C24=1,60+Inputs!$B$24+Inputs!$B$28,IF(Skills!C24=2,90+Inputs!$B$25+Inputs!$B$28,IF(Skills!C24=3,120+Inputs!$B$26+Inputs!$B$28,MAX(0,(Inputs!$B$3-100)*3)+Inputs!$B$27+Inputs!$B$28))) | E106: =INDEX(FactorTable!$B$2:$Y$301, MATCH(ROUND(MIN(300,MAX(1,D106)),0), FactorTable!$A$2:$A$301,0), Skills!M24+1) | F106: =IF(Skills!N24=TRUE,(Skills!L24/10)*(E106/1000),Skills!L24/10)+Skills!O24 | G106: =Skills!G24*IF(Skills!H24>0,Skills!I24/Skills!H24,1) | H106: =1-(1-Skills!J24/100)^Skills!K24 | I106: 1 | O106: 0 | P106: =IF(B127=0,0,O106/B127) | Q106: 0 | R106: 0 | S106: =IFERROR(O106/N106,0)
A107: =Skills!A25 | B107: =Skills!B25 | C107: =Inputs!$B$3>=50 | D107: =IF(Skills!C25=1,60+Inputs!$B$24+Inputs!$B$28,IF(Skills!C25=2,90+Inputs!$B$25+Inputs!$B$28,IF(Skills!C25=3,120+Inputs!$B$26+Inputs!$B$28,MAX(0,(Inputs!$B$3-100)*3)+Inputs!$B$27+Inputs!$B$28))) | E107: =INDEX(FactorTable!$B$2:$Y$301, MATCH(ROUND(MIN(300,MAX(1,D107)),0), FactorTable!$A$2:$A$301,0), Skills!M25+1) | F107: =IF(Skills!N25=TRUE,(Skills!L25/10)*(E107/1000),Skills!L25/10)+Skills!O25 | G107: =Skills!G25*IF(Skills!H25>0,Skills!I25/Skills!H25,1) | H107: =1-(1-Skills!J25/100)^Skills!K25 | I107: 1 | O107: 0 | P107: =IF(B127=0,0,O107/B127) | Q107: 0 | R107: 0 | S107: =IFERROR(O107/N107,0)
...

Sheet CubeData
A1: Slot | B1: Rarity | C1: Line | D1: Stat | E1: Value | F1: Weight | G1: Prime | H1: DPSPerUnit | J1: Stat | K1: DPSPerUnit | M1: Rarity | N1: Rate | O1: MaxPity | Q1: SlotList
A2: ALL | B2: normal | C2: 1 | D2: Critical Rate % | E2: 3 | F2: 2.5 | G2: FALSE | H2: =IF(Inputs!$B$8>=100,Sensitivity!H16,Sensitivity!H15) | J2: (none) | K2: 0 | M2: normal | N2: 0.06 | O2: 30 | Q2: head
A3: ALL | B3: normal | C3: 1 | D3: Attack Speed % | E3: 3 | F3: 2.5 | G3: FALSE | H3: =Sensitivity!H17 | J3: All Skill Level | K3: =Sensitivity!H25 | M3: rare | N3: 0.03333 | O3: 60 | Q3: cape
A4: ALL | B4: normal | C4: 1 | D4: Damage % | E4: 5 | F4: 4 | G4: FALSE | H4: =Sensitivity!H8 | J4: Attack Speed % | K4: =Sensitivity!H17 | M4: epic | N4: 0.0167 | O4: 120 | Q4: chest
A5: ALL | B5: normal | C5: 1 | D5: Min Damage Multiplier % | E5: 3 | F5: 4 | G5: FALSE | H5: =Sensitivity!H13 | J5: Basic Attack Damage % | K5: =Sensitivity!H19 | M5: unique | N5: 0.006 | O5: 333 | Q5: shoulders
A6: ALL | B6: normal | C6: 1 | D6: Max Damage Multiplier % | E6: 3 | F6: 4 | G6: FALSE | H6: =Sensitivity!H14 | J6: Basic Attack Target Increase | K6: =Sensitivity!H29 | M6: legendary | N6: 0.0021 | O6: 714 | Q6: legs
A7: ALL | B7: normal | C7: 1 | D7: Str % | E7: 3 | F7: 4.5 | G7: FALSE | H7: 0 | J7: Buff Duration Increase % | K7: =Sensitivity!H30 | M7: mystic | N7: 0 | O7: 0 | Q7: belt
A8: ALL | B8: normal | C8: 1 | D8: Dex % | E8: 3 | F8: 4.5 | G8: FALSE | H8: 0 | J8: Companion Summoning Time Increase % | K8: =Sensitivity!H16 | Q8: gloves
A9: ALL | B9: normal | C9: 1 | D9: Int % | E9: 3 | F9: 4.5 | G9: FALSE | H9: 0 | J9: Critical Damage % | K9: =Sensitivity!H16 | Q9: boots
A10: ALL | B10: normal | C10: 1 | D10: Luk % | E10: 3 | F10: 4.5 | G10: FALSE | H10: =Sensitivity!H6 | J10: Critical Rate % | K10: =IF(Inputs!$B$8>=100,Sensitivity!H16,Sensitivity!H15) | Q10: ring
A11: ALL | B11: normal | C11: 1 | D11: Defense % | E11: 3 | F11: 9 | G11: FALSE | H11: 0 | J11: Damage % | K11: =Sensitivity!H8 | Q11: neck
A12: ALL | B12: normal | C12: 1 | D12: Max HP % | E12: 6 | F12: 9 | G12: FALSE | H12: 0 | J12: Defense % | K12: 0 | Q12: eye-accessory
A13: ALL | B13: normal | C13: 1 | D13: Max MP % | E13: 3 | F13: 9 | G13: FALSE | H13: 0 | J13: Defense Penetration | K13: =Sensitivity!H18 | Q13: ring2
A14: ALL | B14: normal | C14: 1 | D14: Str | E14: 50 | F14: 9.5 | G14: FALSE | H14: 0 | J14: Dex | K14: 0 | Q14: face
A15: ALL | B15: normal | C15: 1 | D15: Dex | E15: 50 | F15: 9.5 | G15: FALSE | H15: 0 | J15: Dex % | K15: 0 | Q15: earrings
A16: ALL | B16: normal | C16: 1 | D16: Int | E16: 50 | F16: 9.5 | G16: FALSE | H16: 0 | J16: Final Damage % | K16: =Sensitivity!H12 | Q16: pocket
A17: ALL | B17: normal | C17: 1 | D17: Luk | E17: 50 | F17: 9.5 | G17: FALSE | H17: =Sensitivity!H5 | J17: Int | K17: 0
A18: ALL | B18: normal | C18: 2 | D18: Critical Rate % | E18: 3 | F18: 2.5 | G18: FALSE | H18: =IF(Inputs!$B$8>=100,Sensitivity!H16,Sensitivity!H15) | J18: Int % | K18: 0
A19: ALL | B19: normal | C19: 2 | D19: Attack Speed % | E19: 3 | F19: 2.5 | G19: FALSE | H19: =Sensitivity!H17 | J19: Luk | K19: =Sensitivity!H5
A20: ALL | B20: normal | C20: 2 | D20: Damage % | E20: 5 | F20: 4 | G20: FALSE | H20: =Sensitivity!H8 | J20: Luk % | K20: =Sensitivity!H6
A21: ALL | B21: normal | C21: 2 | D21: Min Damage Multiplier % | E21: 3 | F21: 4 | G21: FALSE | H21: =Sensitivity!H13 | J21: Main Stat % per 4 Levels | K21: =Sensitivity!H6*INT(Inputs!$B$3/4)
A22: ALL | B22: normal | C22: 2 | D22: Max Damage Multiplier % | E22: 3 | F22: 4 | G22: FALSE | H22: =Sensitivity!H14 | J22: Main Stat Per Level | K22: =Sensitivity!H5*Inputs!$B$3
A23: ALL | B23: normal | C23: 2 | D23: Str % | E23: 3 | F23: 4.5 | G23: FALSE | H23: 0 | J23: Max Damage Multiplier % | K23: =Sensitivity!H14
A24: ALL | B24: normal | C24: 2 | D24: Dex % | E24: 3 | F24: 4.5 | G24: FALSE | H24: 0 | J24: Max HP % | K24: 0
A25: ALL | B25: normal | C25: 2 | D25: Int % | E25: 3 | F25: 4.5 | G25: FALSE | H25: 0 | J25: Max MP % | K25: 0
A26: ALL | B26: normal | C26: 2 | D26: Luk % | E26: 3 | F26: 4.5 | G26: FALSE | H26: =Sensitivity!H6 | J26: Min Damage Multiplier % | K26: =Sensitivity!H13
A27: ALL | B27: normal | C27: 2 | D27: Defense % | E27: 3 | F27: 9 | G27: FALSE | H27: 0 | J27: Skill Cooldown Decrease (seconds) | K27: =Sensitivity!H28
A28: ALL | B28: normal | C28: 2 | D28: Max HP % | E28: 6 | F28: 9 | G28: FALSE | H28: 0 | J28: Skill Damage % | K28: =Sensitivity!H20
A29: ALL | B29: normal | C29: 2 | D29: Max MP % | E29: 3 | F29: 9 | G29: FALSE | H29: 0 | J29: Str | K29: 0
A30: ALL | B30: normal | C30: 2 | D30: Str | E30: 50 | F30: 9.5 | G30: FALSE | H30: 0 | J30: Str % | K30: 0
A31: ALL | B31: normal | C31: 2 | D31: Dex | E31: 50 | F31: 9.5 | G31: FALSE | H31: 0
A32: ALL | B32: normal | C32: 2 | D32: Int | E32: 50 | F32: 9.5 | G32: FALSE | H32: 0
A33: ALL | B33: normal | C33: 2 | D33: Luk | E33: 50 | F33: 9.5 | G33: FALSE | H33: =Sensitivity!H5
A34: ALL | B34: normal | C34: 3 | D34: Critical Rate % | E34: 3 | F34: 2.5 | G34: FALSE | H34: =IF(Inputs!$B$8>=100,Sensitivity!H16,Sensitivity!H15)
A35: ALL | B35: normal | C35: 3 | D35: Attack Speed % | E35: 3 | F35: 2.5 | G35: FALSE | H35: =Sensitivity!H17
A36: ALL | B36: normal | C36: 3 | D36: Damage % | E36: 5 | F36: 4 | G36: FALSE | H36: =Sensitivity!H8
A37: ALL | B37: normal | C37: 3 | D37: Min Damage Multiplier % | E37: 3 | F37: 4 | G37: FALSE | H37: =Sensitivity!H13
A38: ALL | B38: normal | C38: 3 | D38: Max Damage Multiplier % | E38: 3 | F38: 4 | G38: FALSE | H38: =Sensitivity!H14
A39: ALL | B39: normal | C39: 3 | D39: Str % | E39: 3 | F39: 4.5 | G39: FALSE | H39: 0
A40: ALL | B40: normal | C40: 3 | D40: Dex % | E40: 3 | F40: 4.5 | G40: FALSE | H40: 0
A41: ALL | B41: normal | C41: 3 | D41: Int % | E41: 3 | F41: 4.5 | G41: FALSE | H41: 0
A42: ALL | B42: normal | C42: 3 | D42: Luk % | E42: 3 | F42: 4.5 | G42: FALSE | H42: =Sensitivity!H6
A43: ALL | B43: normal | C43: 3 | D43: Defense % | E43: 3 | F43: 9 | G43: FALSE | H43: 0
A44: ALL | B44: normal | C44: 3 | D44: Max HP % | E44: 6 | F44: 9 | G44: FALSE | H44: 0
A45: ALL | B45: normal | C45: 3 | D45: Max MP % | E45: 3 | F45: 9 | G45: FALSE | H45: 0
A46: ALL | B46: normal | C46: 3 | D46: Str | E46: 50 | F46: 9.5 | G46: FALSE | H46: 0
A47: ALL | B47: normal | C47: 3 | D47: Dex | E47: 50 | F47: 9.5 | G47: FALSE | H47: 0
A48: ALL | B48: normal | C48: 3 | D48: Int | E48: 50 | F48: 9.5 | G48: FALSE | H48: 0
A49: ALL | B49: normal | C49: 3 | D49: Luk | E49: 50 | F49: 9.5 | G49: FALSE | H49: =Sensitivity!H5
A50: ALL | B50: rare | C50: 1 | D50: Critical Rate % | E50: 4.5 | F50: 2.5 | G50: TRUE | H50: =IF(Inputs!$B$8>=100,Sensitivity!H16,Sensitivity!H15)
A51: ALL | B51: rare | C51: 1 | D51: Attack Speed % | E51: 3.5 | F51: 2.5 | G51: TRUE | H51: =Sensitivity!H17
A52: ALL | B52: rare | C52: 1 | D52: Damage % | E52: 8 | F52: 4 | G52: TRUE | H52: =Sensitivity!H8
A53: ALL | B53: rare | C53: 1 | D53: Min Damage Multiplier % | E53: 6 | F53: 4 | G53: TRUE | H53: =Sensitivity!H13
A54: ALL | B54: rare | C54: 1 | D54: Max Damage Multiplier % | E54: 6 | F54: 4 | G54: TRUE | H54: =Sensitivity!H14
A55: ALL | B55: rare | C55: 1 | D55: Str % | E55: 4.5 | F55: 4.5 | G55: TRUE | H55: 0
A56: ALL | B56: rare | C56: 1 | D56: Dex % | E56: 4.5 | F56: 4.5 | G56: TRUE | H56: 0
A57: ALL | B57: rare | C57: 1 | D57: Int % | E57: 4.5 | F57: 4.5 | G57: TRUE | H57: 0
A58: ALL | B58: rare | C58: 1 | D58: Luk % | E58: 4.5 | F58: 4.5 | G58: TRUE | H58: =Sensitivity!H6
A59: ALL | B59: rare | C59: 1 | D59: Defense % | E59: 4.5 | F59: 9 | G59: TRUE | H59: 0
A60: ALL | B60: rare | C60: 1 | D60: Max HP % | E60: 9 | F60: 9 | G60: TRUE | H60: 0
A61: ALL | B61: rare | C61: 1 | D61: Max MP % | E61: 4.5 | F61: 9 | G61: TRUE | H61: 0
A62: ALL | B62: rare | C62: 1 | D62: Str | E62: 100 | F62: 9.5 | G62: TRUE | H62: 0
A63: ALL | B63: rare | C63: 1 | D63: Dex | E63: 100 | F63: 9.5 | G63: TRUE | H63: 0
A64: ALL | B64: rare | C64: 1 | D64: Int | E64: 100 | F64: 9.5 | G64: TRUE | H64: 0
A65: ALL | B65: rare | C65: 1 | D65: Luk | E65: 100 | F65: 9.5 | G65: TRUE | H65: =Sensitivity!H5
A66: ALL | B66: rare | C66: 2 | D66: Critical Rate % | E66: 3 | F66: 1.9 | G66: FALSE | H66: =IF(Inputs!$B$8>=100,Sensitivity!H16,Sensitivity!H15)
A67: ALL | B67: rare | C67: 2 | D67: Critical Rate % | E67: 4.5 | F67: 0.6 | G67: TRUE | H67: =IF(Inputs!$B$8>=100,Sensitivity!H16,Sensitivity!H15)
A68: ALL | B68: rare | C68: 2 | D68: Attack Speed % | E68: 3 | F68: 1.9 | G68: FALSE | H68: =Sensitivity!H17
A69: ALL | B69: rare | C69: 2 | D69: Attack Speed % | E69: 3.5 | F69: 0.6 | G69: TRUE | H69: =Sensitivity!H17
A70: ALL | B70: rare | C70: 2 | D70: Damage % | E70: 5 | F70: 3.04 | G70: FALSE | H70: =Sensitivity!H8
A71: ALL | B71: rare | C71: 2 | D71: Damage % | E71: 8 | F71: 0.96 | G71: TRUE | H71: =Sensitivity!H8
A72: ALL | B72: rare | C72: 2 | D72: Min Damage Multiplier % | E72: 3 | F72: 3.04 | G72: FALSE | H72: =Sensitivity!H13
A73: ALL | B73: rare | C73: 2 | D73: Min Damage Multiplier % | E73: 6 | F73: 0.96 | G73: TRUE | H73: =Sensitivity!H13
A74: ALL | B74: rare | C74: 2 | D74: Max Damage Multiplier % | E74: 3 | F74: 3.04 | G74: FALSE | H74: =Sensitivity!H14
A75: ALL | B75: rare | C75: 2 | D75: Max Damage Multiplier % | E75: 6 | F75: 0.96 | G75: TRUE | H75: =Sensitivity!H14
A76: ALL | B76: rare | C76: 2 | D76: Str % | E76: 3 | F76: 3.42 | G76: FALSE | H76: 0
A77: ALL | B77: rare | C77: 2 | D77: Str % | E77: 4.5 | F77: 1.08 | G77: TRUE | H77: 0
A78: ALL | B78: rare | C78: 2 | D78: Dex % | E78: 3 | F78: 3.42 | G78: FALSE | H78: 0
A79: ALL | B79: rare | C79: 2 | D79: Dex % | E79: 4.5 | F79: 1.08 | G79: TRUE | H79: 0
A80: ALL | B80: rare | C80: 2 | D80: Int % | E80: 3 | F80: 3.42 | G80: FALSE | H80: 0
A81: ALL | B81: rare | C81: 2 | D81: Int % | E81: 4.5 | F81: 1.08 | G81: TRUE | H81: 0
A82: ALL | B82: rare | C82: 2 | D82: Luk % | E82: 3 | F82: 3.42 | G82: FALSE | H82: =Sensitivity!H6
A83: ALL | B83: rare | C83: 2 | D83: Luk % | E83: 4.5 | F83: 1.08 | G83: TRUE | H83: =Sensitivity!H6
A84: ALL | B84: rare | C84: 2 | D84: Defense % | E84: 3 | F84: 6.84 | G84: FALSE | H84: 0
A85: ALL | B85: rare | C85: 2 | D85: Defense % | E85: 4.5 | F85: 2.16 | G85: TRUE | H85: 0
A86: ALL | B86: rare | C86: 2 | D86: Max HP % | E86: 6 | F86: 6.84 | G86: FALSE | H86: 0
A87: ALL | B87: rare | C87: 2 | D87: Max HP % | E87: 9 | F87: 2.16 | G87: TRUE | H87: 0
A88: ALL | B88: rare | C88: 2 | D88: Max MP % | E88: 3 | F88: 6.84 | G88: FALSE | H88: 0
A89: ALL | B89: rare | C89: 2 | D89: Max MP % | E89: 4.5 | F89: 2.16 | G89: TRUE | H89: 0
A90: ALL | B90: rare | C90: 2 | D90: Str | E90: 50 | F90: 7.22 | G90: FALSE | H90: 0
A91: ALL | B91: rare | C91: 2 | D91: Str | E91: 100 | F91: 2.28 | G91: TRUE | H91: 0
A92: ALL | B92: rare | C92: 2 | D92: Dex | E92: 50 | F92: 7.22 | G92: FALSE | H92: 0
A93: ALL | B93: rare | C93: 2 | D93: Dex | E93: 100 | F93: 2.28 | G93: TRUE | H93: 0
A94: ALL | B94: rare | C94: 2 | D94: Int | E94: 50 | F94: 7.22 | G94: FALSE | H94: 0
A95: ALL | B95: rare | C95: 2 | D95: Int | E95: 100 | F95: 2.28 | G95: TRUE | H95: 0
A96: ALL | B96: rare | C96: 2 | D96: Luk | E96: 50 | F96: 7.22 | G96: FALSE | H96: =Sensitivity!H5
A97: ALL | B97: rare | C97: 2 | D97: Luk | E97: 100 | F97: 2.28 | G97: TRUE | H97: =Sensitivity!H5
A98: ALL | B98: rare | C98: 3 | D98: Critical Rate % | E98: 3 | F98: 2.3 | G98: FALSE | H98: =IF(Inputs!$B$8>=100,Sensitivity!H16,Sensitivity!H15)
A99: ALL | B99: rare | C99: 3 | D99: Critical Rate % | E99: 4.5 | F99: 0.2 | G99: TRUE | H99: =IF(Inputs!$B$8>=100,Sensitivity!H16,Sensitivity!H15)
A100: ALL | B100: rare | C100: 3 | D100: Attack Speed % | E100: 3 | F100: 2.3 | G100: FALSE | H100: =Sensitivity!H17
...

Sheet PotentialCubes
A1: Potential Cubes — Current Gear State
A2: Fill in your actual current gear for every slot/potential-type you want EV results for, then run `python3 tools/potential_cubes_ev.py` — it reads this table plus the live CubeData sheet and computes exact 'expected value of the best roll kept after N rerolls' for all 30 rows (printed + written to a CSV), via a full line1 x line2 x line3 enumeration per rarity/slot rather than a single-roll average.
A3: Leave a line's Stat as "(none)" if that line isn't rolled yet / doesn't matter.
A5: Slot | B5: Potential Type | C5: Current Rarity | D5: Current Pity Count | E5: Line 1 Stat | F5: Line 1 Value | G5: Line 2 Stat | H5: Line 2 Value | I5: Line 3 Stat | J5: Line 3 Value
A6: head | B6: Potential | C6: normal | D6: 0 | E6: (none) | F6: 0 | G6: (none) | H6: 0 | I6: (none) | J6: 0
A7: head | B7: Bonus Potential | C7: normal | D7: 0 | E7: (none) | F7: 0 | G7: (none) | H7: 0 | I7: (none) | J7: 0
A8: cape | B8: Potential | C8: normal | D8: 0 | E8: (none) | F8: 0 | G8: (none) | H8: 0 | I8: (none) | J8: 0
A9: cape | B9: Bonus Potential | C9: normal | D9: 0 | E9: (none) | F9: 0 | G9: (none) | H9: 0 | I9: (none) | J9: 0
A10: chest | B10: Potential | C10: normal | D10: 0 | E10: (none) | F10: 0 | G10: (none) | H10: 0 | I10: (none) | J10: 0
A11: chest | B11: Bonus Potential | C11: normal | D11: 0 | E11: (none) | F11: 0 | G11: (none) | H11: 0 | I11: (none) | J11: 0
A12: shoulders | B12: Potential | C12: normal | D12: 0 | E12: (none) | F12: 0 | G12: (none) | H12: 0 | I12: (none) | J12: 0
A13: shoulders | B13: Bonus Potential | C13: normal | D13: 0 | E13: (none) | F13: 0 | G13: (none) | H13: 0 | I13: (none) | J13: 0
A14: legs | B14: Potential | C14: normal | D14: 0 | E14: (none) | F14: 0 | G14: (none) | H14: 0 | I14: (none) | J14: 0
A15: legs | B15: Bonus Potential | C15: normal | D15: 0 | E15: (none) | F15: 0 | G15: (none) | H15: 0 | I15: (none) | J15: 0
A16: belt | B16: Potential | C16: normal | D16: 0 | E16: (none) | F16: 0 | G16: (none) | H16: 0 | I16: (none) | J16: 0
A17: belt | B17: Bonus Potential | C17: normal | D17: 0 | E17: (none) | F17: 0 | G17: (none) | H17: 0 | I17: (none) | J17: 0
... A35: pocket | B35: Bonus Potential | C35: normal | D35: 0 | E35: (none) | F35: 0 | G35: (none) | H35: 0 | I35: (none) | J35: 0
