Workbook

Sheet README
A1: Shadower — DPS Calculator: How to Use This Workbook
A3: How to use this workbook
A4: Only edit the yellow-highlighted cells on the Inputs sheet — every other sheet is computed from those values and will be overwritten if you rebuild the workbook.
A5: Summary shows Total DPS, a Per-Skill DPS Breakdown (damage-dealing skills only — buffs/passives that never deal their own damage are omitted), and a Marginal DPS & Stat Value table showing the DPS gained per +1 of each stat.
A6: Sensitivity has the full detail behind that marginal-value table — one self-contained block per stat, showing exactly how bumping that stat by +1 changes every downstream number.
A7: CubeData/PotentialCubes model your current gear's Potential Cube lines and drive cube-reroll expected-value decisions. For the full standalone Potential Cube EV calculator (exact optimal-stopping math, works from this workbook alone), see tools/potential_cubes_ev.py in the project repo.
A9: Design decisions & assumptions
A10: Venom/Toxic Venom assume the target is permanently afflicted with Venom's poison at steady state, not an exact on/off timer — matches every other DoT-uptime assumption in this project.
A11: Crit Rate pushed above 100% (e.g. by cube potential lines) automatically redirects its stat-value to Crit Damage's own per-unit DPS value on the PotentialCubes sheet, since excess Crit Rate cannot do anything past 100%.
A12: Buffs and stacking resources (Dark Sight Attack, Into Darkness, Smokescreen, Meso Explosion/Blood Money stacks) are modeled at steady-state duty-cycle average uptime, not as an exact moment-to-moment state machine.
A13: Assassinate's finishing blow is modeled as landing on average every 2nd cast (a flat 50% average multiplier), and Mastery Lv.108 Murderous Intent's finisher-doubling is a steady-state average multiplier based on relative cast rates, not an exact alternating state machine.
A14: Channel Karma, Shadow Shifter's own Attack buff, Dagger Mastery, Critical Edge, Physical Training, Dagger Expert, and Shadower Instinct are always-on passives assumed to already be reflected in your own Inputs stat entries — only their Sensitivity marginal delta (what changes if their mastery level differs from what you assumed) is modeled live.
... A16: Not modeled (out of scope): all forms of crowd control (Phase Dash/Dark Sight/Assassinate stuns), Accuracy/Evasion/Defense reduction (Smokescreen, Steal, Assassinate), movement speed (Nimble Feet, Haste), the character's own Defense stat (Shield Mastery), and Companion Summoning Time.

Sheet Inputs
A1: Shadower — DPS Calculator Inputs | N1: (none)
C2: Chapter Boss | D2: Breakthrough | E2: PvP | F2: EXP Dungeon | G2: Equipment Dungeon | H2: Weapon Dungeon | I2: Enhancement Dungeon | J2: Hero Dungeon | K2: World Boss | L2: Chapter Hunt | N2: Charm of the Undead
A3: Character Level | B3: 113 | N3: Pig's Ribbon
A4: Content Type | B4: Chapter Boss | N4: Shamaness Marble
A5: Chapter-Stage — 'chapter-substage' (e.g. '28-9') for Breakthrough/Chapter Hunt, just the chapter number for Chapter Boss, or just the stage number for Weapon/Equipment/Enhancement/EXP/Hero Dungeon. Not applicable to World Boss/PvP. | B5: =INDEX($C$5:$L$5,MATCH($B$4,$C$2:$L$2,0)) | C5: 28 | D5: 28-9 | F5: 80 | G5: 80 | H5: 80 | I5: 80 | J5: 80 | L5: 28-9 | N5: The Contract of Darkness
A6: Flat ATTACK | B6: =INDEX($C$6:$L$6,MATCH($B$4,$C$2:$L$2,0)) | C6: 28374.5 | D6: 28374.5 | E6: 28374.5 | F6: 28374.5 | G6: 28374.5 | H6: 28374.5 | I6: 28374.5 | J6: 28374.5 | K6: 28374.5 | L6: 28374.5 | N6: Rainbow-colored Snail Shell
A7: ATTACK % | B7: =INDEX($C$7:$L$7,MATCH($B$4,$C$2:$L$2,0)) | C7: 0 | D7: 0 | E7: 0 | F7: 0 | G7: 0 | H7: 0 | I7: 0 | J7: 0 | K7: 0 | L7: 0 | N7: Hexagon Necklace
A8: Defense (your own DEF stat; PvP assumes the opponent has the same Defense as you) | B8: =INDEX($C$8:$L$8,MATCH($B$4,$C$2:$L$2,0)) | C8: 99.1 | D8: 99.1 | E8: 99.1 | F8: 99.1 | G8: 99.1 | H8: 99.1 | I8: 99.1 | J8: 99.1 | K8: 99.1 | L8: 99.1 | N8: Arwen's Glass Shoes
A9: CRIT_RATE % | B9: =INDEX($C$9:$L$9,MATCH($B$4,$C$2:$L$2,0)) | C9: 244.4 | D9: 244.4 | E9: 244.4 | F9: 244.4 | G9: 244.4 | H9: 244.4 | I9: 244.4 | J9: 244.4 | K9: 244.4 | L9: 244.4 | N9: Mushmom's Cap
A10: CRIT_DAMAGE % | B10: =INDEX($C$10:$L$10,MATCH($B$4,$C$2:$L$2,0)) | C10: 75.9 | D10: 75.9 | E10: 75.9 | F10: 75.9 | G10: 75.9 | H10: 75.9 | I10: 75.9 | J10: 75.9 | K10: 75.9 | L10: 75.9 | N10: Clear Spring Water
A11: ATTACK_SPEED % (base, excludes Nimble Feet/Agile Daggers) | B11: =INDEX($C$11:$L$11,MATCH($B$4,$C$2:$L$2,0)) | C11: 45069 | D11: 45069 | E11: 45069 | F11: 45069 | G11: 45069 | H11: 45069 | I11: 45069 | J11: 45069 | K11: 45069 | L11: 45069 | N11: Athena Pierce's Old Gloves
A12: Flat LUK | B12: =INDEX($C$12:$L$12,MATCH($B$4,$C$2:$L$2,0)) | C12: 292.9 | D12: 292.9 | E12: 292.9 | F12: 292.9 | G12: 292.9 | H12: 292.9 | I12: 292.9 | J12: 292.9 | K12: 292.9 | L12: 292.9 | N12: Zakum's Stone Piece
A13: LUK % | B13: =INDEX($C$13:$L$13,MATCH($B$4,$C$2:$L$2,0)) | C13: 302 | D13: 302 | E13: 302 | F13: 302 | G13: 302 | H13: 302 | I13: 302 | J13: 302 | K13: 302 | L13: 302 | N13: Horntail's Scale
A14: DEX | B14: =INDEX($C$14:$L$14,MATCH($B$4,$C$2:$L$2,0)) | C14: 840.7 | D14: 840.7 | E14: 840.7 | F14: 840.7 | G14: 840.7 | H14: 840.7 | I14: 840.7 | J14: 840.7 | K14: 840.7 | L14: 840.7 | N14: Pink Bean's Giant Rib
A15: DAMAGE % | B15: =INDEX($C$15:$L$15,MATCH($B$4,$C$2:$L$2,0)) | C15: 65 | D15: 65 | E15: 65 | F15: 65 | G15: 65 | H15: 65 | I15: 65 | J15: 65 | K15: 65 | L15: 65 | N15: Chalice
A16: DAMAGE_AMP % | B16: =INDEX($C$16:$L$16,MATCH($B$4,$C$2:$L$2,0)) | C16: 58 | D16: 58 | E16: 58 | F16: 58 | G16: 58 | H16: 58 | I16: 58 | J16: 58 | K16: 58 | L16: 58 | N16: Old Music Box
A17: BASIC_ATTACK_DAMAGE % | B17: =INDEX($C$17:$L$17,MATCH($B$4,$C$2:$L$2,0)) | C17: 70.8 | D17: 70.8 | E17: 70.8 | F17: 70.8 | G17: 70.8 | H17: 70.8 | I17: 70.8 | J17: 70.8 | K17: 70.8 | L17: 70.8 | N17: Silver Pendant
A18: SKILL_DAMAGE % | B18: =INDEX($C$18:$L$18,MATCH($B$4,$C$2:$L$2,0)) | C18: 24.6 | D18: 24.6 | E18: 24.6 | F18: 24.6 | G18: 24.6 | H18: 24.6 | I18: 24.6 | J18: 24.6 | K18: 24.6 | L18: 24.6 | N18: Star Rock
A19: DEF_PEN % | B19: =INDEX($C$19:$L$19,MATCH($B$4,$C$2:$L$2,0)) | C19: 324.2 | D19: 324.2 | E19: 324.2 | F19: 324.2 | G19: 324.2 | H19: 324.2 | I19: 324.2 | J19: 324.2 | K19: 324.2 | L19: 324.2 | N19: Book of Ancient
A20: BOSS_DAMAGE % | B20: =INDEX($C$20:$L$20,MATCH($B$4,$C$2:$L$2,0)) | C20: 235.2 | D20: 235.2 | E20: 235.2 | F20: 235.2 | G20: 235.2 | H20: 235.2 | I20: 235.2 | J20: 235.2 | K20: 235.2 | L20: 235.2 | N20: Lunar Dew
A21: NORMAL_DAMAGE % | B21: =INDEX($C$21:$L$21,MATCH($B$4,$C$2:$L$2,0)) | C21: 250.4 | D21: 250.4 | E21: 250.4 | F21: 250.4 | G21: 250.4 | H21: 250.4 | I21: 250.4 | J21: 250.4 | K21: 250.4 | L21: 250.4 | N21: Fire Flower
A22: MIN_DAMAGE % | B22: =INDEX($C$22:$L$22,MATCH($B$4,$C$2:$L$2,0)) | C22: 311 | D22: 311 | E22: 311 | F22: 311 | G22: 311 | H22: 311 | I22: 311 | J22: 311 | K22: 311 | L22: 311 | N22: Soul Contract
A23: MAX_DAMAGE % | B23: =INDEX($C$23:$L$23,MATCH($B$4,$C$2:$L$2,0)) | C23: 10.9 | D23: 10.9 | E23: 10.9 | F23: 10.9 | G23: 10.9 | H23: 10.9 | I23: 10.9 | J23: 10.9 | K23: 10.9 | L23: 10.9 | N23: Lit Lamp
A24: FINAL_DAMAGE % (base, excludes Into Darkness/Smokescreen) | B24: =INDEX($C$24:$L$24,MATCH($B$4,$C$2:$L$2,0)) | C24: 20 | D24: 20 | E24: 20 | F24: 20 | G24: 20 | H24: 20 | I24: 20 | J24: 20 | K24: 20 | L24: 20 | N24: Soul Pouch
A25: Skill Level Bonus — 1st Job | B25: =INDEX($C$25:$L$25,MATCH($B$4,$C$2:$L$2,0)) | C25: 20 | D25: 20 | E25: 20 | F25: 20 | G25: 20 | H25: 20 | I25: 20 | J25: 20 | K25: 20 | L25: 20 | N25: Ancient Text Piece
A26: Skill Level Bonus — 2nd Job | B26: =INDEX($C$26:$L$26,MATCH($B$4,$C$2:$L$2,0)) | C26: 27 | D26: 27 | E26: 27 | F26: 27 | G26: 27 | H26: 27 | I26: 27 | J26: 27 | K26: 27 | L26: 27 | N26: Icy Soul Rock
A27: Skill Level Bonus — 3rd Job | B27: =INDEX($C$27:$L$27,MATCH($B$4,$C$2:$L$2,0)) | C27: 67 | D27: 67 | E27: 67 | F27: 67 | G27: 67 | H27: 67 | I27: 67 | J27: 67 | K27: 67 | L27: 67 | N27: Flaming Lava
A28: Skill Level Bonus — 4th Job | B28: =INDEX($C$28:$L$28,MATCH($B$4,$C$2:$L$2,0)) | C28: 25 | D28: 25 | E28: 25 | F28: 25 | G28: 25 | H28: 25 | I28: 25 | J28: 25 | K28: 25 | L28: 25 | N28: Sayram's Necklace
A29: Skill Level Bonus — All Skills | B29: =INDEX($C$29:$L$29,MATCH($B$4,$C$2:$L$2,0)) | C29: 0 | D29: 0 | E29: 0 | F29: 0 | G29: 0 | H29: 0 | I29: 0 | J29: 0 | K29: 0 | L29: 0 | N29: Bottle of Emotion
N30: Peach Tree Herb Pouch
A31: Additional Bonuses | N31: Candle
A32: Skill Cooldown Decrease (seconds; applies to every cooldown — skills, buffs and passives) | B32: =INDEX($C$32:$L$32,MATCH($B$4,$C$2:$L$2,0)) | C32: 1 | D32: 1 | E32: 1 | F32: 1 | G32: 1 | H32: 1 | I32: 1 | J32: 1 | K32: 1 | L32: 1 | N32: Alliance Badge
A33: Basic Attack Target Increase (flat, adds to the 6-target normal-monster base) | B33: =INDEX($C$33:$L$33,MATCH($B$4,$C$2:$L$2,0)) | C33: 0 | D33: 0 | E33: 0 | F33: 0 | G33: 0 | H33: 0 | I33: 0 | J33: 0 | K33: 0 | L33: 0 | N33: Horn Flute
A34: Buff Duration Increase % | B34: =INDEX($C$34:$L$34,MATCH($B$4,$C$2:$L$2,0)) | C34: 12 | D34: 12 | E34: 12 | F34: 12 | G34: 12 | H34: 12 | I34: 12 | J34: 12 | K34: 12 | L34: 12 | N34: Cursed Doll
A35: Companion Summoning Time Increase % (companions not modeled — always 0 DPS impact) | B35: =INDEX($C$35:$L$35,MATCH($B$4,$C$2:$L$2,0)) | C35: 0 | D35: 0 | E35: 0 | F35: 0 | G35: 0 | H35: 0 | I35: 0 | J35: 0 | K35: 0 | L35: 0 | N35: Reindeer's Spear
A36: Boss/Normal Emphasis (Breakthrough/Hero Dungeon only) | B36: =INDEX($C$36:$L$36,MATCH($B$4,$C$2:$L$2,0)) | D36: A Little More Normal | J36: A Little More Normal | N36: Secret Map
A37: Max Enemies Actually In Range (normal-monster content only; default 999 = uncapped) | B37: =INDEX($C$37:$L$37,MATCH($B$4,$C$2:$L$2,0)) | D37: 999 | F37: 999 | G37: 999 | J37: 999 | L37: 999 | N37: Ring of Cycles
A38: Incoming Hit Rate (hits/sec taken — user-estimated, feeds Shadow Shifter's counterattack only) | B38: =INDEX($C$38:$L$38,MATCH($B$4,$C$2:$L$2,0)) | C38: 1 | D38: 1 | E38: 1 | F38: 1 | G38: 1 | H38: 1 | I38: 1 | J38: 1 | K38: 1 | L38: 1
A39: Monster Type (auto-computed from Content Type) — computed, do not edit | B39: =IF(Inputs!$B$4="PvP","pvp",IF(OR(Inputs!$B$4="Breakthrough",Inputs!$B$4="Hero Dungeon"),"breakthrough",IF(OR(Inputs!$B$4="EXP Dungeon",Inputs!$B$4="Equipment Dungeon",Inputs!$B$4="Chapter Hunt"),"normal","boss")))
A40: Chapter (parsed from Chapter-Stage) — computed, do not edit | B40: =IFERROR(IF(ISNUMBER(FIND("-",Inputs!$B$5)),VALUE(LEFT(Inputs!$B$5,FIND("-",Inputs!$B$5)-1)),VALUE(Inputs!$B$5)),28)
A41: Stage (parsed from Chapter-Stage) — computed, do not edit | B41: =IFERROR(IF(ISNUMBER(FIND("-",Inputs!$B$5)),VALUE(MID(Inputs!$B$5,FIND("-",Inputs!$B$5)+1,50)),VALUE(Inputs!$B$5)),9)
A42: Breakthrough Global Stage Index (helper) — computed, do not edit | B42: =IF(Inputs!$B$40=28,Inputs!$B$41-9,Inputs!$B$41+14*MAX(0,MIN(Inputs!$B$40-1,38)-28)+19*MAX(0,Inputs!$B$40-39))
A43: Monster Defense (auto-computed from Content Type) — computed, do not edit | B43: =IF(Inputs!$B$4="Chapter Boss",3200+50*(Inputs!$B$40-28),IF(Inputs!$B$4="World Boss",62100,IF(Inputs!$B$4="Weapon Dungeon",Inputs!$B$41*50,IF(Inputs!$B$4="Enhancement Dungeon",950+Inputs!$B$41*50,IF(OR(Inputs!$B$4="EXP Dungeon",Inputs!$B$4="Equipment Dungeon"),250+Inputs!$B$41*50,IF(Inputs!$B$4="Hero Dungeon",650+Inputs!$B$41*50,IF(OR(Inputs!$B$4="Breakthrough",Inputs!$B$4="Chapter Hunt"),4860+20*Inputs!$B$42,Inputs!$B$8)))))))
A44: Fixed Fight Duration (auto-computed from Content Type; 0 = steady-state) — computed, do not edit | B44: =IF(Inputs!$B$4="Chapter Hunt",0,IF(Inputs!$B$4="Weapon Dungeon",22,IF(Inputs!$B$4="Equipment Dungeon",40,IF(Inputs!$B$4="Enhancement Dungeon",25,IF(Inputs!$B$4="Hero Dungeon",50,IF(Inputs!$B$4="EXP Dungeon",40,IF(Inputs!$B$4="World Boss",75,IF(Inputs!$B$4="Chapter Boss",70,IF(Inputs!$B$4="Breakthrough",40,0)))))))))
A45: Boss/Normal Weight % (parsed from Boss/Normal Emphasis) — computed, do not edit | B45: =IF(Inputs!$B$36="More Normal",70,IF(Inputs!$B$36="A Little More Normal",60,IF(Inputs!$B$36="Equal",50,IF(Inputs!$B$36="A Little More Boss",40,IF(Inputs!$B$36="More Boss",30,60)))))
A46: Equipped Artifacts (up to 4)
A47: Slot 1 | B47: =INDEX($C$47:$L$47,MATCH($B$4,$C$2:$L$2,0)) | C47: (none) | D47: (none) | E47: (none) | F47: (none) | G47: (none) | H47: (none) | I47: (none) | J47: (none) | K47: (none) | L47: (none)
A48: Slot 2 | B48: =INDEX($C$48:$L$48,MATCH($B$4,$C$2:$L$2,0)) | C48: (none) | D48: (none) | E48: (none) | F48: (none) | G48: (none) | H48: (none) | I48: (none) | J48: (none) | K48: (none) | L48: (none)
A49: Slot 3 | B49: =INDEX($C$49:$L$49,MATCH($B$4,$C$2:$L$2,0)) | C49: (none) | D49: (none) | E49: (none) | F49: (none) | G49: (none) | H49: (none) | I49: (none) | J49: (none) | K49: (none) | L49: (none)
A50: Slot 4 | B50: =INDEX($C$50:$L$50,MATCH($B$4,$C$2:$L$2,0)) | C50: (none) | D50: (none) | E50: (none) | F50: (none) | G50: (none) | H50: (none) | I50: (none) | J50: (none) | K50: (none) | L50: (none)

Sheet FactorTable
A1: Level | B1: F0 | C1: F1 | D1: F2 | E1: F3 | F1: F4 | G1: F5 | H1: F6 | I1: F7 | J1: F8 | K1: F9 | L1: F10 | M1: F11 | N1: F12 | O1: F13 | P1: F14 | Q1: F15 | R1: F16 | S1: F17 | T1: F18 | U1: F19 | V1: F20 | W1: F21 | X1: F22 | Y1: F23
A2: 1 | B2: 0 | C2: 1000 | D2: 1000 | E2: 1000 | F2: 1000 | G2: 1000 | H2: 1000 | I2: 1000 | J2: 1000 | K2: 1000 | L2: 1000 | M2: 1000 | N2: 1000 | O2: 1000 | P2: 1000 | Q2: 1000 | R2: 1000 | S2: 1000 | T2: 1000 | U2: 1000 | V2: 1000 | W2: 1000 | X2: 1000 | Y2: 1000
A3: 2 | B3: 0 | C3: 1015 | D3: 1020 | E3: 1030 | F3: 1040 | G3: 1050 | H3: 1060 | I3: 1070 | J3: 1020 | K3: 1020 | L3: 1020 | M3: 1000 | N3: 1010 | O3: 1020 | P3: 1030 | Q3: 1040 | R3: 1050 | S3: 1060 | T3: 1070 | U3: 1080 | V3: 1010 | W3: 1008 | X3: 1006 | Y3: 1100
A4: 3 | B4: 0 | C4: 1031 | D4: 1041 | E4: 1061 | F4: 1082 | G4: 1103 | H4: 1124 | I4: 1145 | J4: 1030 | K4: 1041 | L4: 1030 | M4: 1000 | N4: 1015 | O4: 1030 | P4: 1045 | Q4: 1060 | R4: 1075 | S4: 1090 | T4: 1105 | U4: 1120 | V4: 1020 | W4: 1012 | X4: 1009 | Y4: 1150
A5: 4 | B5: 0 | C5: 1047 | D5: 1062 | E5: 1093 | F5: 1126 | G5: 1159 | H5: 1192 | I5: 1226 | J5: 1040 | K5: 1062 | L5: 1040 | M5: 1000 | N5: 1020 | O5: 1040 | P5: 1060 | Q5: 1080 | R5: 1100 | S5: 1120 | T5: 1140 | U5: 1160 | V5: 1030 | W5: 1016 | X5: 1012 | Y5: 1200
A6: 5 | B6: 0 | C6: 1063 | D6: 1084 | E6: 1126 | F6: 1172 | G6: 1217 | H6: 1264 | I6: 1312 | J6: 1050 | K6: 1084 | L6: 1050 | M6: 1000 | N6: 1025 | O6: 1050 | P6: 1075 | Q6: 1100 | R6: 1125 | S6: 1150 | T6: 1175 | U6: 1200 | V6: 1040 | W6: 1020 | X6: 1015 | Y6: 1250
A7: 6 | B7: 0 | C7: 1079 | D7: 1106 | E7: 1160 | F7: 1219 | G7: 1278 | H7: 1340 | I7: 1404 | J7: 1060 | K7: 1106 | L7: 1060 | M7: 1000 | N7: 1030 | O7: 1060 | P7: 1090 | Q7: 1120 | R7: 1150 | S7: 1180 | T7: 1210 | U7: 1240 | V7: 1050 | W7: 1024 | X7: 1018 | Y7: 1300
A8: 7 | B8: 0 | C8: 1096 | D8: 1129 | E8: 1195 | F8: 1268 | G8: 1342 | H8: 1421 | I8: 1503 | J8: 1070 | K8: 1129 | L8: 1070 | M8: 1000 | N8: 1035 | O8: 1070 | P8: 1105 | Q8: 1140 | R8: 1175 | S8: 1210 | T8: 1245 | U8: 1280 | V8: 1060 | W8: 1028 | X8: 1021 | Y8: 1350
A9: 8 | B9: 0 | C9: 1113 | D9: 1152 | E9: 1231 | F9: 1319 | G9: 1410 | H9: 1507 | I9: 1609 | J9: 1080 | K9: 1152 | L9: 1080 | M9: 1000 | N9: 1040 | O9: 1080 | P9: 1120 | Q9: 1160 | R9: 1200 | S9: 1240 | T9: 1280 | U9: 1320 | V9: 1070 | W9: 1032 | X9: 1024 | Y9: 1400
A10: 9 | B10: 0 | C10: 1130 | D10: 1176 | E10: 1268 | F10: 1372 | G10: 1481 | H10: 1598 | I10: 1722 | J10: 1090 | K10: 1176 | L10: 1090 | M10: 1000 | N10: 1045 | O10: 1090 | P10: 1135 | Q10: 1180 | R10: 1225 | S10: 1270 | T10: 1315 | U10: 1360 | V10: 1080 | W10: 1036 | X10: 1027 | Y10: 1450
A11: 10 | B11: 0 | C11: 1147 | D11: 1200 | E11: 1307 | F11: 1427 | G11: 1556 | H11: 1694 | I11: 1843 | J11: 1100 | K11: 1200 | L11: 1100 | M11: 1000 | N11: 1050 | O11: 1100 | P11: 1150 | Q11: 1200 | R11: 1250 | S11: 1300 | T11: 1350 | U11: 1400 | V11: 1090 | W11: 1040 | X11: 1030 | Y11: 1500
A12: 11 | B12: 0 | C12: 1165 | D12: 1224 | E12: 1347 | F12: 1485 | G12: 1634 | H12: 1796 | I12: 1973 | J12: 1110 | K12: 1224 | L12: 1110 | M12: 1000 | N12: 1055 | O12: 1110 | P12: 1165 | Q12: 1220 | R12: 1275 | S12: 1330 | T12: 1385 | U12: 1440 | V12: 1100 | W12: 1044 | X12: 1033 | Y12: 1550
A13: 12 | B13: 0 | C13: 1183 | D13: 1249 | E13: 1388 | F13: 1545 | G13: 1716 | H13: 1904 | I13: 2112 | J13: 1120 | K13: 1249 | L13: 1120 | M13: 1000 | N13: 1060 | O13: 1120 | P13: 1180 | Q13: 1240 | R13: 1300 | S13: 1360 | T13: 1420 | U13: 1480 | V13: 1110 | W13: 1048 | X13: 1036 | Y13: 1600
... A301: 300 | B301: 0 | C301: 88573 | D301: 381637 | E301: 6991522 | F301: 125363453 | G301: 2185120762 | H301: 37157073039 | I301: 614631863830 | J301: 2000 | K301: 53326 | L301: 2500 | M301: 1100 | N301: 2500 | O301: 4000 | P301: 5500 | Q301: 7000 | R301: 8500 | S301: 10000 | T301: 11500 | U301: 13000 | V301: 7558 | W301: 2200 | X301: 1900 | Y301: 8800

Sheet Skills
A1: Key | B1: Name | C1: JobStep | D1: Cooldown(s) | E1: CostsActionSlot | F1: ActionsPerCast | G1: HitsPerCast | H1: ICD(s) | I1: ActiveWindow(s) | J1: ProcChance% | K1: RollsPerCast | L1: BaseDamage(tenths%) | M1: FactorIndex | N1: ScalesWithLevel | O1: SkillMasteryBonus% | P1: MasteryBossDamage% | Q1: MasteryNormalDamage% | R1: MasteryFinalDamage% | S1: MasteryMaxDamage% | T1: MasteryMinDamage% | U1: MasteryCooldownPct | V1: MasteryTargetIncrease | W1: NormalMonsterTargets | X1: BuffTargetStat | Y1: BuffDuration(s) | Z1: TriggersToxicVenom | AA1: MapleHeroBase(tenths%) | AB1: MapleHeroFactorIndex | AC1: Stacks | AD1: Note
A2: CRUEL_STAB | B2: Cruel Stab | C2: 4 | E2: FALSE | F2: 1 | G2: =IF(Inputs!$B$3>=136,6,5) | H2: 0 | I2: 0 | J2: 100 | K2: 1 | N2: TRUE | O2: =SUMPRODUCT((Inputs!$B$3>={102,106,116,120,128,132})*{10,11,12,13,14,15}) | P2: =SUMPRODUCT((Inputs!$B$3>={111,124})*{10,10}) | Q2: 0 | R2: 0 | S2: 0 | T2: 0 | U2: 0 | V2: 0 | W2: =6+Inputs!$B$33 | Y2: 0 | Z2: TRUE | AD2: 4th-job basic-attack effect (supersedes Double Stab/Savage Blow/Midnight Carnival). HIGH-CONFIDENCE REUSE of the universal 4th-job basic-attack constant confirmed identical across every class built so far (Showdown/Chain Lightning/Big Bang/Cruel Stab all share this exact wiki-documented 290%->522% curve) — factorIndex 21, baseDamage 2900 tenths%, matching Inputs!skill_coefficient exactly. SkillMasteryBonus% is the 6-tier 'Cruel Stab - Damage' mastery chain (102-132, cumulative totals 10%->15%, DELTA increments). MasteryBossDamage% is the 2-tier 'Cruel Stab - Boss Monster Damage' chain (111/124, +20% total). HitsPerCast 5->6 once the level-136 'Strike' mastery unlocks. Triggers Toxic Venom.
A3: STEAL | B3: Steal (self Attack%) | C3: 2 | E3: FALSE | F3: 1 | G3: 1 | H3: 0 | I3: 0 | J3: 100 | K3: 1 | L3: 50 | M3: 22 | N3: TRUE | O3: 0 | P3: 0 | Q3: 0 | R3: 0 | S3: 0 | T3: 0 | U3: 0 | V3: 0 | W3: 1 | X3: ATTACK | Y3: 0 | Z3: FALSE | AD3: Own self-Attack-buff component only (target-debuff component out of scope — not the caster's own damage). 5%->6.5% Attack per stack (levels 1-100), stacks up to 3 — modeled at steady-state max stacks (mirrors Elemental Drain's always-max-stacks convention), so this row's own contribution is 3x its own F-value, always-on once unlocked (no uptime averaging — see build_summary_sheet). factorIndex 22, baseDamage 50 tenths%. Mastery Lv.39 '+5%p activation chance' (10%->15%) has zero DPS effect under the always-max-stacks assumption (same no-op tier as Bishop's own Elemental-Reset-chance-doubling mastery). Mastery Lv.54 '+50% Attack reduction on target' is a target-debuff, out of scope.
A4: MESO_EXPLOSION | B4: Meso Explosion | C4: 3 | D4: 11 | E4: TRUE | F4: 1 | G4: 3 | H4: 0 | I4: 0 | J4: 100 | K4: 1 | L4: 2700 | M4: 12 | N4: TRUE | O4: =SUMPRODUCT((Inputs!$B$3>={90})*{100}) | P4: 0 | Q4: 0 | R4: 0 | S4: 0 | T4: 0 | U4: 0 | V4: 0 | Y4: 0 | Z4: TRUE | AD4: Resource-gated activated skill: 50% chance per attack to generate a Meso stack (max 10); own cast (this row's own 11s cooldown) deals damage to (stack count) targets. Modeled at steady state: average stack count at cast time = MIN(10, 0.5*attack_rate*cooldown), computed as a bespoke NormalMonsterTargets-equivalent formula in build_calc_sheet (left blank here, NOT a Skills-sheet literal, since it depends on the live Summary attack-rate cell) — same 'assume steady accumulation' simplification tier as Frost stacks/Elemental Drain elsewhere. factorIndex 12, baseDamage 2700 tenths% (270% level-1). SkillMasteryBonus% is Mastery Lv.90 'Meso Explosion damage +100%' (content-based — the wiki mislabels this row 'Meso Explosion - Strike', ignore the label, the description is unambiguous). Triggers Toxic Venom.
A5: MESO_MASTERY | B5: Meso Mastery (Attack buff) | C5: 3 | E5: FALSE | F5: 1 | G5: 1 | H5: 0 | I5: 0 | J5: 100 | K5: 1 | L5: 250 | M5: 0 | N5: FALSE | O5: 0 | P5: 0 | Q5: 0 | R5: 0 | S5: 0 | T5: 0 | U5: 0 | V5: 0 | W5: 1 | X5: ATTACK | Y5: 0 | Z5: FALSE | AD5: NEW (audit 2026-10-21): Lv75 passive 'Meso Mastery': Meso generation chance +25%p (50% -> 75%, applied in the Meso Explosion / Blood Money stack formulas) AND 'whenever Meso is generated, Attack +25% for 5 sec'. The 25% is modeled as a flat Attack% term in the Attack% bucket, time-averaged as a 5s buff refreshed by Meso-generation events (rate = 0.75 x attack lines/s): uptime = 1-exp(-0.75*APS*5).
A6: PHASE_DASH | B6: Phase Dash | C6: 3 | D6: 23 | E6: TRUE | F6: 1 | G6: 2 | H6: 0 | I6: 0 | J6: 100 | K6: 1 | L6: 4500 | M6: 12 | N6: TRUE | O6: =SUMPRODUCT((Inputs!$B$3>={73})*{80}) | P6: 0 | Q6: 0 | R6: 0 | S6: 0 | T6: 0 | U6: 0 | V6: 0 | W6: 9 | Y6: 0 | Z6: TRUE | AD6: 450%->... to 7 target(s) (patched Aug 13 2026 -> 9, confirmed no tick/interval mechanic exists on this skill's own wiki page to change, despite an initially-mis-paired patch-note line — see the plan's Context section), 2 hits, cooldown 23s, stun not modeled. factorIndex 12, baseDamage 4500 tenths%. Mastery Lv.73 'Phase Dash - Damage' +80% (real SkillMasteryBonus%). Triggers Toxic Venom.
A7: DARK_FLARE | B7: Dark Flare | C7: 3 | D7: =IF(Inputs!$B$3>=94,45*0.7,45) | E7: TRUE | F7: 1 | G7: =IF(Inputs!$B$3>=78,3,2) | H7: =IF(Inputs!$B$3>=104,2*0.75,2) | I7: 20 | J7: 100 | K7: 1 | L7: 3300 | M7: 12 | N7: TRUE | O7: 0 | P7: 0 | Q7: 0 | R7: 0 | S7: 0 | T7: 0 | U7: =IF(Inputs!$B$3>=94,30,0) | V7: 0 | W7: 8 | Y7: 0 | Z7: TRUE | AD7: Shared verbatim w/ Night Lord (identical wiki wording AND identical patch corrections: hit interval 5s->2s, targets 5->8, damage 400%->330%). factorIndex 12, baseDamage 3300 tenths%. Mastery Lv.104 (Shadower's own 'Dark Flare - Strike Interval', -25%, matches Night Lord's own mastery of the same name exactly) baked into the ICD(s) formula; Lv.92 -30% cooldown baked into Cooldown(s). Maple Hero (Shadower) target — see MAPLE_HERO_SHADOWER_RATIOS, NOT the generic MapleHeroBase mechanism (unlike Night Lord's own copy of this row, which uses the generic 'additional damage%' mechanism instead — the two classes' Maple Hero effects are structurally different even though the base skill is identical). Triggers Toxic Venom.
A8: SHADOW_PARTNER | B8: Shadow Partner | C8: 3 | E8: FALSE | F8: 1 | G8: 1 | H8: 0 | I8: 0 | J8: 25 | K8: 1 | L8: 600 | M8: 21 | N8: TRUE | O8: =SUMPRODUCT((Inputs!$B$3>={68})*{100}) | P8: 0 | Q8: 0 | R8: 0 | S8: 0 | T8: 0 | U8: 0 | V8: 0 | W8: 1 | Y8: 0 | Z8: FALSE | AD8: Shared verbatim w/ Night Lord. Hybrid row: Calc columns D-I computed like a normal damage row but Calc!O forced to 0 — not an independent hit; Summary reads this row's Calc!F directly and folds into the shared extra_mult chain. factorIndex 21, baseDamage 840 tenths%. ProcChance% is the real 25% proc rate. SkillMasteryBonus% is Mastery Lv.68 'Shadow Partner - Damage' +100%. Maple Hero (Shadower) target — see MAPLE_HERO_SHADOWER_RATIOS (structurally different from Night Lord's own copy, same caveat as Dark Flare above).
A9: VENOM | B9: Venom | C9: 3 | D9: 1 | E9: FALSE | F9: 1 | G9: 1 | H9: 0 | I9: 0 | J9: 100 | K9: 1 | L9: 450 | M9: 21 | N9: TRUE | O9: 0 | P9: 0 | Q9: 0 | R9: 0 | S9: 0 | T9: 0 | U9: 0 | V9: 0 | W9: 1 | Y9: 0 | Z9: FALSE | AD9: Shared verbatim w/ Night Lord (patched poison chance 30%->50%, modeled always-active at steady state — matches Night Lord's own treatment exactly, including the Cooldown=1 'always-on tick' trick). factorIndex 21, baseDamage 450 tenths% (45%->81%, levels 1-200) — reverse-engineered fresh this session and confirmed to resolve to the EXACT same tuple Night Lord already uses, cross-validating the shared-skill-reuse premise. Mastery Lv.82 Weaken (+15%p Damage Taken while poisoned, patched from 12% — matches Night Lord's own Venom - Weaken mastery exactly, confirmed via the patch note despite the wiki mastery table mislabeling this row 'Meso Explosion - Damage') is a GLOBAL always-on monster-damage-taken bonus, not a per-row Mastery column — see build_summary_sheet. Maple Hero (Shadower) target — see MAPLE_HERO_SHADOWER_RATIOS (structurally different from Night Lord's own copy, same caveat as Dark Flare above).
A10: TOXIC_VENOM | B10: Toxic Venom | C10: 4 | E10: FALSE | F10: 1 | G10: 1 | H10: 0 | I10: 0 | J10: 20 | K10: 1 | L10: 6000 | M10: 21 | N10: TRUE | O10: =SUMPRODUCT((Inputs!$B$3>={130})*{100}) | P10: 0 | Q10: 0 | R10: 0 | S10: 0 | T10: 0 | U10: 0 | V10: 0 | W10: 1 | Y10: 0 | Z10: FALSE | AD10: Shared verbatim w/ Night Lord. No ICD — every attack against a (permanently poisoned) target independently rolls the 20% chance. Trigger rate = the combined per-second hit rate of every row with TriggersToxicVenom=TRUE. factorIndex 21, baseDamage 6000 tenths% (600%->1080%, levels 1-200). SkillMasteryBonus% is Mastery Lv.130 'Toxic Venom - Damage' +100% (Shadower's own tier — same mastery name/effect as Night Lord's own Lv.128 tier, just at a different level in this class's own mastery table).
A11: INTO_DARKNESS | B11: Into Darkness | C11: 3 | D11: 40 | E11: TRUE | F11: 1 | G11: 1 | H11: 0 | I11: 0 | J11: 100 | K11: 1 | L11: 200 | M11: 21 | N11: TRUE | O11: 0 | P11: 0 | Q11: 0 | R11: 0 | S11: 0 | T11: 0 | U11: 0 | V11: 0 | W11: 1 | X11: FINAL_DAMAGE | Y11: 13 | Z11: FALSE | AD11: FLAGGED (full curve exists, but a genuinely new skill with no cross-class precedent to sanity-check against): +20%->28% Final Damage for 13s, cooldown 40s. Basic-attack-damage immunity component (defensive) not modeled. factorIndex 21, baseDamage 200 tenths%.
A12: ASSASSINATE | B12: Assassinate | C12: 4 | D12: 13 | E12: TRUE | F12: 1 | G12: 2 | H12: 0 | I12: 0 | J12: 100 | K12: 1 | L12: 14000 | M12: 12 | N12: TRUE | O12: 0 | P12: 0 | Q12: 0 | R12: 0 | S12: 0 | T12: 0 | U12: 0 | V12: 0 | W12: 1 | Y12: 0 | Z12: TRUE | AD12: 2-part damage structure: base 1400%->1680%(lvl50, curve continues) x2 hits (factorIndex 21, baseDamage 14000 tenths%), PLUS a periodic finishing blow (+3000%->3750%(lvl50) additional damage, factorIndex 12, baseDamage 30000 tenths% — see FINISHER constants below) landing on average every 2nd cast (modeled as a flat 50% average multiplier, not an exact odd/even cast counter). This row needs a BESPOKE Calc!F formula (two independent FactorTable lookups combined additively, the finisher term halved for its average-every-2nd-cast frequency) — see build_calc_sheet. Mastery Lv.108 'Murderous Intent' doubles the NEXT finishing blow after a Blood Money attack — modeled as a steady-state average multiplier on the finisher term (probability = MIN(1, Blood-Money's own cast rate / Assassinate's own finisher rate)), not an exact alternating-state machine. Mastery Lv.134 'Assassinate - Damage' +50% (real, applies to the base-hit term only, matching the wiki's own 'Assassinate damage' wording which doesn't call out the finisher specifically). Curve confidence note: the patch's own qualitative text ('base hit damage now increases more significantly with skill level') has no numeric override — using the wiki's own current curve as the best available data. Triggers Toxic Venom (a genuine independent attack, unlike Venom/Shadow Partner/Shadow Shifter's own deliberate exclusions).
A13: SUDDEN_RAID_BURST | B13: Sudden Raid (burst) | C13: 4 | D13: 19 | E13: TRUE | F13: 1 | G13: 3 | H13: 0 | I13: 0 | J13: 100 | K13: 1 | L13: 14000 | M13: 12 | N13: TRUE | O13: =SUMPRODUCT((Inputs!$B$3>={126})*{50}) | P13: 0 | Q13: 0 | R13: 0 | S13: 0 | T13: 0 | U13: 0 | V13: 0 | W13: 8 | Y13: 0 | Z13: TRUE | AD13: Shared verbatim w/ Night Lord. factorIndex 12, baseDamage 14000 tenths% (1400%->2800%, levels 1-200). Mastery Lv.126 'Sudden Raid - Damage' +50% (Shadower's own tier, at a different level than Night Lord's own Lv.124 tier for the same mastery name — each class's mastery TABLE assigns its own level to a shared base skill's mastery, confirmed not an error). Does not apply to the DoT row below.
A14: SUDDEN_RAID_DOT | B14: Sudden Raid (DoT) | C14: 4 | D14: =Skills!D13 | E14: FALSE | F14: 1 | G14: 1 | H14: 1 | I14: 5 | J14: 100 | K14: 1 | L14: 3600 | M14: 12 | N14: TRUE | O14: 0 | P14: 0 | Q14: 0 | R14: 0 | S14: 0 | T14: 0 | U14: 0 | V14: 0 | W14: 8 | Y14: 0 | Z14: TRUE | AD14: Shared verbatim w/ Night Lord. Shares Sudden Raid (burst)'s live Cooldown(s) cell. factorIndex 12, baseDamage 3600 tenths% (360%->720%, levels 1-200), 5s window / 1s ICD = 5 EffectiveHits per cast.
A15: BLOOD_MONEY | B15: Blood Money | C15: 4 | D15: =Skills!D4 | E15: FALSE | F15: 1 | G15: 3 | H15: 0 | I15: 0 | J15: 100 | K15: 1 | L15: 36000 | M15: 12 | N15: TRUE | O15: =SUMPRODUCT((Inputs!$B$3>={122,138})*{50,50}) | P15: 0 | Q15: 0 | R15: 0 | S15: 0 | T15: 0 | U15: 0 | V15: =IF(Inputs!$B$3>=138,3,IF(Inputs!$B$3>=122,2,1)) | Y15: 0 | Z15: TRUE | AD15: PATCHED (Aug 13 2026): base damage 2800%->3600% (curve rescaled 1.2857x before reverse-engineering — factorIndex 12, baseDamage 36000 tenths% already reflects the patched value), single-target +5%/stack bonus REMOVED. Triggers alongside Meso Explosion's own cast (shares its live Cooldown(s) cell, no independent cooldown) — 50% chance PER meso-generation-roll to also create a Blood Money stack (max 5), modeled at steady state: MIN(5, 0.25*attack_rate*11) (0.5 meso-chance x 0.5 blood-money-chance), a bespoke NormalMonsterTargets-equivalent formula in build_calc_sheet (left blank here, same treatment as Meso Explosion's own targets formula). MasteryTargetIncrease field repurposed here as the stack-to-targets MULTIPLIER (1x pre-122, 2x at 122, 3x at 138 — both Lv.122 and Lv.138 masteries renamed 'Damage & Target' by the patch, see the plan's Context section for the full before/after reconciliation). SkillMasteryBonus% is the combined +50%(122)+50%(138) = +100% total once both unlock. Triggers Toxic Venom.
A16: SMOKESCREEN | B16: Smokescreen | C16: 4 | D16: 45 | E16: TRUE | F16: 1 | G16: 1 | H16: 0 | I16: 0 | J16: 100 | K16: 1 | L16: 130 | M16: 22 | N16: TRUE | O16: 0 | P16: 0 | Q16: 0 | R16: 0 | S16: 0 | T16: 0 | U16: 0 | V16: 0 | W16: 1 | X16: FINAL_DAMAGE | Y16: 20 | Z16: FALSE | AD16: Enemy-debuff components (Accuracy/Evasion/Defense reduction) and ally-damage-taken-reduction not modeled (no such mechanics exist anywhere in this calculator). Self Final Damage component only: +13%->14.9%(lvl50, curve continues) for 20s, cooldown 45s. factorIndex 22, baseDamage 130 tenths% — confirmed via exact-floor curve matching (the naive mean-based resolver initially suggested 129, off by one due to this being a small-magnitude curve, same class of rounding issue flagged in this project's own memory notes for FP-Mage — resolved by checking which integer base reproduces every sampled level's value exactly under floor-to-1-decimal rounding, not just within a loose tolerance). Mastery Lv.113 'Smokescreen - Critical': -10% enemy Critical Resistance in range (not modeled) + allies' Critical Damage +30% (self-inclusive, feeds a Crit-Damage-bonus accumulator in build_summary_sheet, duty-cycle-averaged off this row's own uptime).
A17: SHADOW_SHIFTER | B17: Shadow Shifter (counterattack) | C17: 4 | E17: FALSE | F17: 1 | G17: 1 | H17: 0 | I17: 0 | J17: 100 | K17: 1 | L17: 25000 | M17: 21 | N17: TRUE | O17: 0 | P17: 0 | Q17: 0 | R17: 0 | S17: 0 | T17: 0 | U17: 0 | V17: 0 | W17: 1 | Y17: 0 | Z17: FALSE | AD17: Shared verbatim w/ Night Lord. Counterattack DPS = Inputs!incoming_hit_rate * 20% * ExpectedDamage(counterHit) — bespoke O-column branch, no Cooldown(s)/rate machinery of its own. factorIndex 21, baseDamage 25000 tenths% (2500%->4500%, levels 1-200).
A18: SHADOW_SHIFTER_SELF_ATK | B18: Shadow Shifter (self Final Damage%) | C18: 4 | E18: FALSE | F18: 1 | G18: 1 | H18: 0 | I18: 0 | J18: 100 | K18: 1 | L18: 100 | M18: 22 | N18: TRUE | O18: =SUMPRODUCT((Inputs!$B$3>={118})*{10}) | P18: 0 | Q18: 0 | R18: 0 | S18: 0 | T18: 0 | U18: 0 | V18: 0 | W18: 1 | X18: FINAL_DAMAGE | Y18: 0 | Z18: FALSE | AD18: AUDIT 2026-10-21: per the site (user decision) Shadow Shifter's passive is +10% FINAL DAMAGE (wiki said Attack); Mastery Lv118 adds +10%p. Baked-in-Inputs delta row, now feeding the Final Damage Sensitivity slot. Shared verbatim w/ Night Lord. Passive-mult delta-tracking row (10%->16% self Attack) — assumed already baked into Inputs!ATTACK_PCT (Magic Critical pattern). factorIndex 22, baseDamage 100 tenths%.
A19: MAPLE_HERO_SHADOWER | B19: Maple Hero | C19: 4 | E19: FALSE | F19: 1 | G19: 1 | H19: 0 | I19: 0 | J19: 100 | K19: 1 | L19: 150 | M19: 23 | N19: TRUE | O19: 0 | P19: 0 | Q19: 0 | R19: 0 | S19: 0 | T19: 0 | U19: 0 | V19: 0 | W19: 1 | Y19: 0 | Z19: FALSE | AD19: Shared curve feeding Dark Flare/Venom/Shadow Partner/Phase Dash's own Final Damage chains (see MAPLE_HERO_SHADOWER_RATIOS) — confirmed via reverse-engineering that all 4 target values scale proportionally across the full level range (factorIndex 23, baseDamage 150 tenths%, representing Dark Flare's own 1x share; Venom/Shadow Partner are 3.3333x, Phase Dash is 2.6667x). No independent DPS row of its own (Calc columns J-N stay blank/0, same 'no independent row' pattern as Night Lord's own Night Lord's Mark) — only D/E/F are computed, read directly by each target row's own K-column formula.
A20: NIMBLE_FEET | B20: Nimble Feet | C20: 1 | D20: 60 | E20: TRUE | F20: 1 | G20: 1 | H20: 0 | I20: 0 | J20: 100 | K20: 1 | L20: 150 | M20: 0 | N20: FALSE | O20: 0 | P20: 0 | Q20: 0 | R20: 0 | S20: 0 | T20: 0 | U20: 0 | V20: 0 | W20: 1 | X20: ATTACK_SPEED | Y20: 15 | Z20: FALSE | AD20: Shared verbatim w/ Night Lord/FP-Mage. Flat +15% Attack Speed / +10% Speed for 15s, 60s cooldown, non-scaling. FactorIndex unused placeholder.
A21: DARK_SIGHT_CRIT | B21: Dark Sight (Crit Rate) | C21: 1 | D21: 25 | E21: FALSE | F21: 1 | G21: 1 | H21: 0 | I21: 0 | J21: 100 | K21: 1 | L21: 60 | M21: 21 | N21: TRUE | O21: 0 | P21: 0 | Q21: 0 | R21: 0 | S21: 0 | T21: 0 | U21: 0 | V21: 0 | W21: 1 | X21: CRIT_RATE | Y21: =IF(Inputs!$B$3>=24,12,8) | Z21: FALSE | AD21: Shared verbatim w/ Night Lord (identical wording). Two-stage activation grants +6%->8.4% Crit Rate for 8s (->12s once Mastery Lv.24 'Dark Sight - Persistence' unlocks). factorIndex 21, baseDamage 60 tenths%. Passenger row (CostsActionSlot=False).
A22: DARK_SIGHT_ATK | B22: Dark Sight (Attack) | C22: 1 | D22: 25 | E22: TRUE | F22: 2 | G22: 1 | H22: 0 | I22: 0 | J22: 100 | K22: 1 | L22: 100 | M22: 21 | N22: TRUE | O22: 0 | P22: 0 | Q22: 0 | R22: 0 | S22: 0 | T22: 0 | U22: 0 | V22: 0 | W22: 1 | X22: ATTACK | Y22: =IF(Inputs!$B$3>=24,12,8) | Z22: FALSE | AD22: Shared verbatim w/ Night Lord. Same 2-stage activation, +10%->14% Attack for 8s (->12s at Mastery Lv.24). factorIndex 21, baseDamage 100 tenths%. ActionsPerCast=2.
A23: AGILE_DAGGERS | B23: Agile Daggers | C23: 2 | E23: FALSE | F23: 1 | G23: 1 | H23: 0 | I23: 0 | J23: 100 | K23: 1 | L23: 50 | M23: 22 | N23: TRUE | O23: 0 | P23: 0 | Q23: 0 | R23: 0 | S23: 0 | T23: 0 | U23: 0 | V23: 0 | W23: 1 | X23: ATTACK_SPEED | Y23: 0 | Z23: FALSE | AD23: HIGH-CONFIDENCE REUSE (no individual wiki page exists for this specific skill, but its level-1 text '+5% Attack Speed' is word-for-word identical to Night Lord's own Agile Claws): reuses that exact factorIndex 22/baseDamage 50 tenths% pair. Magic Critical pattern — already baked into Inputs!ATTACK_SPEED%; feeds the 2nd-Job Skill Level Bonus Sensitivity delta only.
A24: CHANNEL_KARMA | B24: Channel Karma (self Attack%) | C24: 2 | E24: FALSE | F24: 1 | G24: 1 | H24: 0 | I24: 0 | J24: 100 | K24: 1 | L24: 80 | M24: 22 | N24: TRUE | O24: 0 | P24: 0 | Q24: 0 | R24: 0 | S24: 0 | T24: 0 | U24: 0 | V24: 0 | W24: 1 | X24: ATTACK | Y24: 0 | Z24: FALSE | AD24: FLAGGED ASSUMPTION (no individual wiki page exists): factorIndex 22 (convention), baseDamage 80 tenths% (8% level-1 Attack component). Critical Resistance component not modeled (no such mechanic exists). Magic Critical pattern — already baked into Inputs!ATTACK_PCT; feeds the 2nd-Job Skill Level Bonus delta only.
A25: DAGGER_MASTERY | B25: Dagger Mastery | C25: 2 | E25: FALSE | F25: 1 | G25: 1 | H25: 0 | I25: 0 | J25: 100 | K25: 1 | L25: 150 | M25: 22 | N25: TRUE | O25: 0 | P25: 0 | Q25: 0 | R25: 0 | S25: 0 | T25: 0 | U25: 0 | V25: 0 | W25: 1 | X25: MIN_DAMAGE | Y25: 0 | Z25: FALSE | AD25: Magic Critical pattern — already baked into Inputs!MIN_DAMAGE%; feeds the 2nd-Job Skill Level Bonus delta. factorIndex 22, baseDamage 150 tenths%.
A26: CRITICAL_EDGE_RATE | B26: Critical Edge (Crit Rate) | C26: 2 | E26: FALSE | F26: 1 | G26: 1 | H26: 0 | I26: 0 | J26: 100 | K26: 1 | L26: 60 | M26: 22 | N26: TRUE | O26: 0 | P26: 0 | Q26: 0 | R26: 0 | S26: 0 | T26: 0 | U26: 0 | V26: 0 | W26: 1 | X26: CRIT_RATE | Y26: 0 | Z26: FALSE | AD26: Magic Critical pattern — already baked into Inputs!CRIT_RATE%; feeds the 2nd-Job Skill Level Bonus delta. factorIndex 22, baseDamage 60 tenths%.
A27: CRITICAL_EDGE_DMG | B27: Critical Edge (Crit Damage) | C27: 2 | E27: FALSE | F27: 1 | G27: 1 | H27: 0 | I27: 0 | J27: 100 | K27: 1 | L27: 100 | M27: 22 | N27: TRUE | O27: 0 | P27: 0 | Q27: 0 | R27: 0 | S27: 0 | T27: 0 | U27: 0 | V27: 0 | W27: 1 | X27: CRIT_DAMAGE | Y27: 0 | Z27: FALSE | AD27: Same skill as Critical Edge (Crit Rate) above. Magic Critical pattern — already baked into Inputs!CRIT_DAMAGE%; feeds the 2nd-Job Skill Level Bonus delta. factorIndex 22, baseDamage 100 tenths%.
A28: PHYSICAL_TRAINING | B28: Physical Training | C28: 2 | E28: FALSE | F28: 1 | G28: 1 | H28: 0 | I28: 0 | J28: 100 | K28: 1 | L28: 100 | M28: 22 | N28: TRUE | O28: 0 | P28: 0 | Q28: 0 | R28: 0 | S28: 0 | T28: 0 | U28: 0 | V28: 0 | W28: 1 | X28: BASIC_ATTACK_DAMAGE | Y28: 0 | Z28: FALSE | AD28: Magic Critical pattern — already baked into Inputs!BASIC_ATTACK_DAMAGE%; feeds the 2nd-Job Skill Level Bonus delta. factorIndex 22, baseDamage 100 tenths%.
A29: DAGGER_EXPERT_SKILL | B29: Dagger Expert (Skill Damage) | C29: 4 | E29: FALSE | F29: 1 | G29: 1 | H29: 0 | I29: 0 | J29: 100 | K29: 1 | L29: 150 | M29: 22 | N29: TRUE | O29: 0 | P29: 0 | Q29: 0 | R29: 0 | S29: 0 | T29: 0 | U29: 0 | V29: 0 | W29: 1 | X29: SKILL_DAMAGE | Y29: 0 | Z29: FALSE | AD29: Magic Critical pattern — already baked into Inputs!SKILL_DAMAGE%; feeds the 4th-Job Skill Level Bonus delta (Skill Damage side). factorIndex 22, baseDamage 150 tenths%.
A30: DAGGER_EXPERT_MAXDMG | B30: Dagger Expert (Max Damage Multiplier) | C30: 4 | E30: FALSE | F30: 1 | G30: 1 | H30: 0 | I30: 0 | J30: 100 | K30: 1 | L30: 200 | M30: 22 | N30: TRUE | O30: 0 | P30: 0 | Q30: 0 | R30: 0 | S30: 0 | T30: 0 | U30: 0 | V30: 0 | W30: 1 | X30: MAX_DAMAGE | Y30: 0 | Z30: FALSE | AD30: Same skill as Dagger Expert (Skill Damage) above, +20%->23% Max Damage Multiplier. Magic Critical pattern — already baked into Inputs!MAX_DAMAGE%; feeds the 4th-Job Skill Level Bonus delta (Max Damage Multiplier side). factorIndex 22, baseDamage 200 tenths%.
A31: SHADOWER_INSTINCT | B31: Shadower Instinct | C31: 4 | E31: FALSE | F31: 1 | G31: 1 | H31: 0 | I31: 0 | J31: 100 | K31: 1 | L31: 200 | M31: 22 | N31: TRUE | O31: 0 | P31: 0 | Q31: 0 | R31: 0 | S31: 0 | T31: 0 | U31: 0 | V31: 0 | W31: 1 | X31: FINAL_DAMAGE | Y31: 0 | Z31: FALSE | AD31: Magic Critical pattern — already baked into Inputs!FINAL_DAMAGE%; feeds the 4th-Job Skill Level Bonus delta. factorIndex 22, baseDamage 200 tenths%.

Sheet Artifacts
A1: Shadower — Artifacts (Equip Effect)
A3: Book of Ancient — Crit Damage (from Crit Rate, reference only) | B3: =IF(ArtifactsInput!$M$24,CHOOSE(ArtifactsInput!$N$24+1,30,36,42,48,54,60)/100*(Inputs!$B$9+Summary!$B$14+B5+B29),0)
A4: Ring of Cycles — Threshold Crit Rate (excl. self) | B4: =Inputs!$B$9+Summary!$B$14+B29
A5: Ring of Cycles — Crit Rate (if threshold < 100%) | B5: =IF(AND(Inputs!$B$39<>"pvp",Inputs!$B$44=0),1,IF(IF(Inputs!$B$39="pvp",15,Inputs!$B$44)-(Summary!$B$26)<=0,1,MAX(0,IF(Inputs!$B$39="pvp",15,Inputs!$B$44)-MAX(5,Summary!$B$26))/(IF(Inputs!$B$39="pvp",15,Inputs!$B$44)-(Summary!$B$26))))*IF(AND(ArtifactsInput!$M$42,B4<100),CHOOSE(ArtifactsInput!$N$42+1,30,36,42,48,54,60),0)
A6: Ring of Cycles — Skill Damage (if threshold >= 100%) | B6: =IF(AND(Inputs!$B$39<>"pvp",Inputs!$B$44=0),1,IF(IF(Inputs!$B$39="pvp",15,Inputs!$B$44)-(Summary!$B$26)<=0,1,MAX(0,IF(Inputs!$B$39="pvp",15,Inputs!$B$44)-MAX(5,Summary!$B$26))/(IF(Inputs!$B$39="pvp",15,Inputs!$B$44)-(Summary!$B$26))))*IF(AND(ArtifactsInput!$M$42,B4>=100),CHOOSE(ArtifactsInput!$N$42+1,40,48,56,64,72,80),0)
A7: Ring of Cycles — Excess-100% Points (capped at 100) | B7: =IF(AND(ArtifactsInput!$M$42,B4>=100),MIN(100,B4-100),0)
A8: Ring of Cycles — Basic Attack Damage (excess points x per-point) | B8: =IF(AND(Inputs!$B$39<>"pvp",Inputs!$B$44=0),1,IF(IF(Inputs!$B$39="pvp",15,Inputs!$B$44)-(Summary!$B$26)<=0,1,MAX(0,IF(Inputs!$B$39="pvp",15,Inputs!$B$44)-MAX(5,Summary!$B$26))/(IF(Inputs!$B$39="pvp",15,Inputs!$B$44)-(Summary!$B$26))))*B7*CHOOSE(ArtifactsInput!$N$42+1,0.6,0.72,0.84,0.96,1.08,1.2)
A9: Candle — Effective Fight Duration | B9: =IF(Inputs!$B$39="pvp",15,Inputs!$B$44)
A10: Candle — Effective Active (fixed-duration or PvP) | B10: =IF(Inputs!$B$39="pvp",TRUE,AND(Inputs!$B$39<>"pvp",Inputs!$B$44>0))
A11: Candle — Final Damage (100% uptime, patched) | B11: =IF(AND(ArtifactsInput!$M$36,B10),CHOOSE(ArtifactsInput!$N$36+1,8,9.6,11.2,12.8,14.4,16),0)
A12: Candle — Boss Monster Damage (20-40s window / boss-present-time uptime, patched) | B12: =IF(AND(ArtifactsInput!$M$36,B10),MAX(0,MIN(40,B9)-MAX(20,B41))/(B9-B41)*CHOOSE(ArtifactsInput!$N$36+1,30,36,42,48,54,60),0)
A13: Peach Tree Herb Pouch — Proc Rate (per second) | B13: =0.2*Summary!$B$18
A14: Peach Tree Herb Pouch — Uptime (refreshing 5s timer) | B14: =1-EXP(-B13*5)
A15: Peach Tree Herb Pouch — Enemy Damage Taken | B15: =IF(AND(ArtifactsInput!$M$35,Inputs!$B$4<>"Chapter Hunt"),CHOOSE(ArtifactsInput!$N$35+1,15,18,21,24,27,30)*B14,0)
A16: Silver Pendant — Offered Load (rho = lambda x duration) | B16: =0.15*Summary!$B$18*5
A17: Silver Pendant — Erlang Loss Weight (n=0) | B17: =B16^0/1
A18: Silver Pendant — Erlang Loss Weight (n=1) | B18: =B16^1/1
A19: Silver Pendant — Erlang Loss Weight (n=2) | B19: =B16^2/2
A20: Silver Pendant — Erlang Loss Weight (n=3) | B20: =B16^3/6
A21: Silver Pendant — Erlang Loss Weight (n=4) | B21: =B16^4/24
A22: Silver Pendant — Erlang Loss Weight (n=5) | B22: =B16^5/120
A23: Silver Pendant — Average Stacks (Erlang-loss mean) | B23: =(0*B17+1*B18+2*B19+3*B20+4*B21+5*B22)/(B17+B18+B19+B20+B21+B22)
A24: Silver Pendant — Enemy Damage Taken | B24: =IF(AND(ArtifactsInput!$M$22,Inputs!$B$4<>"Chapter Hunt"),CHOOSE(ArtifactsInput!$N$22+1,10,12,14,16,18,20)*B23,0)
A25: Athena Pierce's Old Gloves — Max Damage (from Attack Speed, reference only) | B25: =IF(ArtifactsInput!$M$15,CHOOSE(ArtifactsInput!$N$15+1,25,30,35,40,45,50)/100*Inputs!$B$11,0)
A26: Hexagon Necklace — Average Stacks | B26: =IF(AND(Inputs!$B$39<>"pvp",Inputs!$B$44=0),3,IF(IF(Inputs!$B$39="pvp",15,Inputs!$B$44)<=20,0,IF(IF(Inputs!$B$39="pvp",15,Inputs!$B$44)<=40,(IF(Inputs!$B$39="pvp",15,Inputs!$B$44)-20)/IF(Inputs!$B$39="pvp",15,Inputs!$B$44),IF(IF(Inputs!$B$39="pvp",15,Inputs!$B$44)<=60,(2*IF(Inputs!$B$39="pvp",15,Inputs!$B$44)-60)/IF(Inputs!$B$39="pvp",15,Inputs!$B$44),(3*IF(Inputs!$B$39="pvp",15,Inputs!$B$44)-120)/IF(Inputs!$B$39="pvp",15,Inputs!$B$44)))))
A27: Hexagon Necklace — Damage % | B27: =IF(ArtifactsInput!$M$11,CHOOSE(ArtifactsInput!$N$11+1,15,18,21,24,27,30)*B26,0)
A28: Rainbow-colored Snail Shell — Uptime (0-15s window) | B28: =IF(Inputs!$B$39="pvp",MIN(15,15)/15,IF(AND(Inputs!$B$39<>"pvp",Inputs!$B$44>0),MIN(15,Inputs!$B$44)/Inputs!$B$44,0))
A29: Rainbow-colored Snail Shell — Crit Rate | B29: =IF(ArtifactsInput!$M$10,CHOOSE(ArtifactsInput!$N$10+1,15,18,21,24,27,30)*B28,0)
A30: Rainbow-colored Snail Shell — Crit Damage | B30: =IF(ArtifactsInput!$M$10,CHOOSE(ArtifactsInput!$N$10+1,20,24,28,32,36,40)*B28,0)
A32: TOTAL — Artifact Crit Rate Bonus | B32: =B5+B29
A33: TOTAL — Artifact Crit Damage Bonus | B33: =B30+B47
A34: TOTAL — Artifact Final Damage Bonus (equivalent %, each real source combines MULTIPLICATIVELY — Candle x Flaming Lava x Horn Flute, not summed) | B34: =((1+B11/100)*(1+B46/100)*(1+B55/100)-1)*100
A35: TOTAL — Artifact Boss Monster Damage Bonus | B35: =B12+B60
A36: TOTAL — Artifact Enemy Damage Taken Bonus | B36: =B15+B24
A38: TOTAL — Artifact Damage Bonus (own separate final multiplier, like Magic Guard/Meditation's Average Buff Multiplier — not blended into Inputs!DAMAGE%) | B38: =B27
A39: TOTAL — Artifact Skill Damage Bonus | B39: =B6
A40: TOTAL — Artifact Basic Attack Damage Bonus | B40: =B8
A41: Candle — Boss Appear Time (Breakthrough/Hero Dungeon only) | B41: =IF(Inputs!$B$4="Breakthrough",20,IF(Inputs!$B$4="Hero Dungeon",30,0))
A42: Clear Spring Water — Final Damage (reference only, Growth Dungeon types) | B42: =IF(AND(ArtifactsInput!$M$14,OR(Inputs!$B$4="Weapon Dungeon",Inputs!$B$4="Equipment Dungeon",Inputs!$B$4="Enhancement Dungeon",Inputs!$B$4="EXP Dungeon",Inputs!$B$4="Hero Dungeon")),CHOOSE(ArtifactsInput!$N$14+1,10,12,14,16,18,20),0)
A43: Old Music Box — Attack % (content-type uptime assumption) | B43: =IF(ArtifactsInput!$M$21,CHOOSE(ArtifactsInput!$N$21+1,25,30,35,40,45,50)*(IF(OR(Inputs!$B$4="Chapter Hunt",Inputs!$B$4="Breakthrough",Inputs!$B$4="Weapon Dungeon",Inputs!$B$4="Equipment Dungeon",Inputs!$B$4="Enhancement Dungeon",Inputs!$B$4="EXP Dungeon",Inputs!$B$4="Hero Dungeon"),0,IF(OR(Inputs!$B$4="World Boss",Inputs!$B$4="PvP"),1,IF(Inputs!$B$4="Chapter Boss",60/70,0)))),0)
A44: Soul Contract — Skill Cooldown Decrease % (Chapter Hunt only) | B44: =IF(AND(ArtifactsInput!$M$27,Inputs!$B$4="Chapter Hunt"),CHOOSE(ArtifactsInput!$N$27+1,20,24,28,32,36,40),0)
A45: Soul Pouch — Final Damage (reference only, PvP/"Arena") | B45: =IF(AND(ArtifactsInput!$M$29,Inputs!$B$39="pvp"),CHOOSE(ArtifactsInput!$N$29+1,20,24,28,32,36,40),0)
A46: Flaming Lava — Final Damage (always assumes target is debuffed) | B46: =IF(AND(ArtifactsInput!$M$32,Inputs!$B$4<>"Chapter Hunt"),CHOOSE(ArtifactsInput!$N$32+1,8,9.6,11.2,12.8,14.4,16),0)
A47: Icy Soul Rock — Crit Damage (1.5x-averaged, MP not modeled) | B47: =IF(ArtifactsInput!$M$31,1.5*CHOOSE(ArtifactsInput!$N$31+1,20,24,28,32,36,40),0)
A48: Secret Map — Attack % | B48: =IF(ArtifactsInput!$M$41,CHOOSE(ArtifactsInput!$N$41+1,5,6,7,8,9,10),0)
A49: Secret Map — Final Damage (normal-monster branch only) | B49: =IF(AND(ArtifactsInput!$M$41,Inputs!$B$39<>"pvp"),CHOOSE(ArtifactsInput!$N$41+1,5,6,7,8,9,10)*IF(OR(Inputs!$B$4="Weapon Dungeon",Inputs!$B$4="Equipment Dungeon",Inputs!$B$4="Enhancement Dungeon",Inputs!$B$4="EXP Dungeon",Inputs!$B$4="Hero Dungeon"),3,1),0)
A50: Reindeer's Spear — Attack % | B50: =IF(ArtifactsInput!$M$40,CHOOSE(ArtifactsInput!$N$40+1,5,6,7,8,9,10),0)
A51: Reindeer's Spear — Base (1x) Defense Penetration (reference only) | B51: =IF(ArtifactsInput!$M$40,CHOOSE(ArtifactsInput!$N$40+1,5,6,7,8,9,10),0)
A52: TOTAL — Artifact Attack % Bonus (Old Music Box/Secret Map/Reindeer's Spear/Alliance Badge/Bottle of Emotion/Charm of the Undead — additive into the same bucket as Magic Guard/Meditation's Average Buff Multiplier) | B52: =B43+B48+B50+B58+B56+B71
A53: TOTAL — Artifact Final Damage Bonus, NORMAL-MONSTER BRANCH ONLY (Secret Map/Fire Flower/Chalice) | B53: =B49+B62+B65
A54: Cursed Doll — Final Damage (reference only) | B54: =IF(ArtifactsInput!$M$39,CHOOSE(ArtifactsInput!$N$39+1,7,8.4,9.8,11.2,12.6,14),0)
A55: Horn Flute — Final Damage (character's own portion only) | B55: =IF(AND(ArtifactsInput!$M$38,Inputs!$B$39<>"pvp",Inputs!$B$44>0),CHOOSE(ArtifactsInput!$N$38+1,10,12,14,16,18,20)*(MIN(30,MAX(0,Inputs!$B$44-7))/Inputs!$B$44)*IF(Inputs!$B$4="Chapter Boss",2,1),0)
A56: Bottle of Emotion — Attack % | B56: =IF(ArtifactsInput!$M$34,CHOOSE(ArtifactsInput!$N$34+1,15,18,21,24,27,30),0)
A57: Bottle of Emotion — Final Damage from Attack Speed (reference only) | B57: =IF(ArtifactsInput!$M$34,MIN(CHOOSE(ArtifactsInput!$N$34+1,10,12,14,16,18,20),MAX(0,(CHOOSE(ArtifactsInput!$N$34+1,0.5,0.6,0.7,0.8,0.9,1)/3)*(Inputs!$B$11-60))),0)
A58: Alliance Badge — Attack % | B58: =IF(ArtifactsInput!$M$37,CHOOSE(ArtifactsInput!$N$37+1,10,12,14,16,18,20),0)
A59: Sayram's Necklace — Normal Monster Damage | B59: =IF(ArtifactsInput!$M$33,CHOOSE(ArtifactsInput!$N$33+1,30,36,42,48,54,60),0)
A60: Sayram's Necklace — Boss Monster Damage | B60: =IF(ArtifactsInput!$M$33,CHOOSE(ArtifactsInput!$N$33+1,10,12,14,16,18,20),0)
A61: Lit Lamp — Final Damage (reference only, World Boss) | B61: =IF(AND(ArtifactsInput!$M$28,Inputs!$B$4="World Boss"),CHOOSE(ArtifactsInput!$N$28+1,20,24,28,32,36,40),0)
A62: Fire Flower — Final Damage (normal-monster branch, 10 targets assumed) | B62: =IF(ArtifactsInput!$M$26,10*CHOOSE(ArtifactsInput!$N$26+1,1,1.2,1.4,1.6,1.8,2),0)
A63: Fire Flower — Final Damage (boss/PvP branch, 1 target assumed) | B63: =IF(ArtifactsInput!$M$26,1*CHOOSE(ArtifactsInput!$N$26+1,1,1.2,1.4,1.6,1.8,2),0)
A64: Star Rock — Boss Monster Damage (reference only) | B64: =IF(ArtifactsInput!$M$23,CHOOSE(ArtifactsInput!$N$23+1,50,60,70,80,90,100),0)
A65: Chalice — Final Damage (normal-monster branch) | B65: =IF(AND(ArtifactsInput!$M$20,OR(Inputs!$B$39="normal",Inputs!$B$39="breakthrough")),CHOOSE(ArtifactsInput!$N$20+1,15,18,21,24,27,30)*(IF(OR(Inputs!$B$44=0,IF(Inputs!$B$39="breakthrough",IF(Inputs!$B$4="Breakthrough",20,IF(Inputs!$B$4="Hero Dungeon",30,0)),Inputs!$B$44)=0),0,MAX(0,IF(Inputs!$B$39="breakthrough",IF(Inputs!$B$4="Breakthrough",20,IF(Inputs!$B$4="Hero Dungeon",30,0)),Inputs!$B$44)-MAX(0,Inputs!$B$44-30))/IF(Inputs!$B$39="breakthrough",IF(Inputs!$B$4="Breakthrough",20,IF(Inputs!$B$4="Hero Dungeon",30,0)),Inputs!$B$44))),0)
A66: Chalice — Final Damage (boss branch) | B66: =IF(AND(ArtifactsInput!$M$20,OR(Inputs!$B$39="normal",Inputs!$B$39="breakthrough")),CHOOSE(ArtifactsInput!$N$20+1,15,18,21,24,27,30)*(IF((Inputs!$B$44-IF(Inputs!$B$39="breakthrough",IF(Inputs!$B$4="Breakthrough",20,IF(Inputs!$B$4="Hero Dungeon",30,0)),Inputs!$B$44))=0,0,MAX(0,Inputs!$B$44-MAX(MAX(0,Inputs!$B$44-30),IF(Inputs!$B$39="breakthrough",IF(Inputs!$B$4="Breakthrough",20,IF(Inputs!$B$4="Hero Dungeon",30,0)),Inputs!$B$44)))/(Inputs!$B$44-IF(Inputs!$B$39="breakthrough",IF(Inputs!$B$4="Breakthrough",20,IF(Inputs!$B$4="Hero Dungeon",30,0)),Inputs!$B$44)))),0)
A69: The Contract of Darkness — Crit Rate (boss branch only) | B69: =IF(AND(ArtifactsInput!$M$8,Inputs!$B$39<>"pvp"),CHOOSE(ArtifactsInput!$N$8+1,8,9.6,11.2,12.8,14.4,16),0)
A70: Shamaness Marble — Buff Duration Increase % (reference only) | B70: =IF(ArtifactsInput!$M$7,CHOOSE(ArtifactsInput!$N$7+1,6,7.2,8.4,9.6,10.8,12),0)
A71: Charm of the Undead — Attack % (periodic uptime) | B71: =IF(ArtifactsInput!$M$5,CHOOSE(ArtifactsInput!$N$5+1,10,12,14,16,18,20)*(IF(AND(Inputs!$B$39<>"pvp",Inputs!$B$44=0),0.5,(5*INT(MAX(0,IF(Inputs!$B$39="pvp",15,Inputs!$B$44)-10)/10)+MIN((MAX(0,IF(Inputs!$B$39="pvp",15,Inputs!$B$44)-10)-10*INT(MAX(0,IF(Inputs!$B$39="pvp",15,Inputs!$B$44)-10)/10)),5))/IF(Inputs!$B$39="pvp",15,Inputs!$B$44))),0)
A72: Ancient Text Piece — always 0 (Guild Conquest not modeled) | B72: 0
A73: Lunar Dew — always 0 (no attacking effect) | B73: 0
A74: Pink Bean's Giant Rib — always 0 (raid content not modeled) | B74: 0
A75: Horntail's Scale — always 0 (raid content not modeled) | B75: 0
A76: Zakum's Stone Piece — always 0 (raid content not modeled) | B76: 0
A77: Mushmom's Cap — always 0 (Accuracy-vs-Evasion not modeled) | B77: 0
A78: Arwen's Glass Shoes — always 0 (companions not modeled) | B78: 0
A79: Pig's Ribbon — always 0 (no attacking effect) | B79: 0
A80: TOTAL — Artifact Normal Monster Damage Bonus | B80: =B59
A81: TOTAL — Artifact Final Damage Bonus, BOSS BRANCH ONLY (Fire Flower/Chalice) | B81: =B63+B66

Sheet Calc
A1: Key | B1: Name | C1: Unlocked | D1: InputLevel | E1: Factor | F1: CoefficientPercent | G1: EffectiveHits | H1: ProcProbability | I1: MapleHeroMultiplier | J1: BaseDamage | K1: BaseHitDamage | L1: NonCritAvg | M1: CritAvg | N1: ExpectedDamage(perHit) | O1: DPS | P1: % of Total | Q1: InvCooldown | R1: CastsInFight | S1: HitRate(perSec) | T1: BossOnlyDPS | U1: Maple Hero (Shadower) helper — unused (see MAPLE_HERO_SHADOWER row's own Note) | V1: NormalOnlyDPS
A2: =Skills!A2 | B2: =Skills!B2 | C2: =Inputs!$B$3>=100 | F2: =Summary!$B$10+Skills!O2 | G2: =Skills!G2*IF(Skills!H2>0,IF(Inputs!$B$39="pvp",MIN(Skills!I2,15),Skills!I2)/Skills!H2,1) | H2: =1-(1-Skills!J2/100)^Skills!K2 | I2: 1 | J2: =Summary!$B$6*(F2/100) | K2: =J2*(1+Summary!$B$7/100)*(1+Inputs!$B$15/100)*(1+Inputs!$B$16/100)*(5000/(6000+Inputs!$B$43*(1-Inputs!$B$19/100)))*(1+Inputs!$B$24/100)*(1+Artifacts!$B$34/100)*(1+(IF(Skills!A2="CRUEL_STAB",Inputs!$B$17+Artifacts!$B$40,Inputs!$B$18+Artifacts!$B$39))/100)*(Summary!$B$13*Summary!$B$16*(1+Artifacts!$B$38/100)*I2) | L2: =K2*(MIN(Inputs!$B$22,Inputs!$B$23)/100+Inputs!$B$23/100)/2 | M2: =L2*(1+(Inputs!$B$10+Summary!$B$21+Artifacts!$B$33)/100) | N2: =L2*(1-MIN((Inputs!$B$9+Summary!$B$14+Artifacts!$B$32),100)/100)+M2*(MIN((Inputs!$B$9+Summary!$B$14+Artifacts!$B$32),100)/100) | O2: =(1-Summary!$B$11)*T2+Summary!$B$11*V2 | P2: =IF(Summary!$B$3=0,0,O2/Summary!$B$3) | Q2: 0 | R2: 0 | S2: =IFERROR(O2/N2,0) | T2: =IF(C2,(Skills!G2*N2*Summary!$B$20)*IF(Inputs!$B$39="pvp",1,1+(Inputs!$B$20+Skills!P2+Summary!$B$15+Artifacts!$B$35)/100)*((((5000/(6000+Inputs!$B$43*(1-(100*(1-(1-Inputs!$B$19/100)*(1-Artifacts!$B$51/100)^IF(Inputs!$B$39="pvp",1,2)))/100)))/(5000/(6000+Inputs!$B$43*(1-Inputs!$B$19/100))))*((L2*(1-MIN(100,(Inputs!$B$9+Summary!$B$14+Artifacts!$B$32)+Artifacts!$B$69)/100)+M2*(MIN(100,(Inputs!$B$9+Summary!$B$14+Artifacts!$B$32)+Artifacts!$B$69)/100))/(L2*(1-MIN(100,(Inputs!$B$9+Summary!$B$14+Artifacts!$B$32))/100)+M2*(MIN(100,(Inputs!$B$9+Summary!$B$14+Artifacts!$B$32))/100)))*(1+Artifacts!$B$81/100))),0) | V2: =IF(C2,(Skills!G2*N2*Summary!$B$20)*IF(Inputs!$B$39="pvp",1,(1+(Inputs!$B$21+Skills!Q2+Summary!$B$15+Artifacts!$B$80)/100)*(MIN(Skills!W2,Inputs!$B$37)))*((1+Artifacts!$B$53/100)),0)
A3: =Skills!A3 | B3: =Skills!B3 | C3: =Inputs!$B$3>=35 | D3: =IF(Skills!C3=1,60+Inputs!$B$25+Inputs!$B$29,IF(Skills!C3=2,90+Inputs!$B$26+Inputs!$B$29,IF(Skills!C3=3,120+Inputs!$B$27+Inputs!$B$29,MAX(0,(Inputs!$B$3-100)*3)+Inputs!$B$28+Inputs!$B$29))) | E3: =INDEX(FactorTable!$B$2:$Y$301, MATCH(ROUND(MIN(300,MAX(1,D3)),0), FactorTable!$A$2:$A$301,0), Skills!M3+1) | F3: =IF(Skills!N3=TRUE,(Skills!L3/10)*(E3/1000),Skills!L3/10)+Skills!O3 | G3: =Skills!G3*IF(Skills!H3>0,IF(Inputs!$B$39="pvp",MIN(Skills!I3,15),Skills!I3)/Skills!H3,1) | H3: =1-(1-Skills!J3/100)^Skills!K3 | I3: 1 | O3: =(1-Summary!$B$11)*T3+Summary!$B$11*V3 | P3: =IF(Summary!$B$3=0,0,O3/Summary!$B$3) | Q3: 0 | R3: 0 | S3: =IFERROR(O3/N3,0) | T3: 0 | V3: 0
A4: =Skills!A4 | B4: =Skills!B4 | C4: =Inputs!$B$3>=66 | D4: =IF(Skills!C4=1,60+Inputs!$B$25+Inputs!$B$29,IF(Skills!C4=2,90+Inputs!$B$26+Inputs!$B$29,IF(Skills!C4=3,120+Inputs!$B$27+Inputs!$B$29,MAX(0,(Inputs!$B$3-100)*3)+Inputs!$B$28+Inputs!$B$29))) | E4: =INDEX(FactorTable!$B$2:$Y$301, MATCH(ROUND(MIN(300,MAX(1,D4)),0), FactorTable!$A$2:$A$301,0), Skills!M4+1) | F4: =IF(Skills!N4=TRUE,(Skills!L4/10)*(E4/1000),Skills!L4/10)+Skills!O4 | G4: =Skills!G4*IF(Skills!H4>0,IF(Inputs!$B$39="pvp",MIN(Skills!I4,15),Skills!I4)/Skills!H4,1) | H4: =1-(1-Skills!J4/100)^Skills!K4 | I4: 1 | J4: =Summary!$B$6*(F4/100) | K4: =J4*(1+Summary!$B$7/100)*(1+Inputs!$B$15/100)*(1+Inputs!$B$16/100)*(5000/(6000+Inputs!$B$43*(1-Inputs!$B$19/100)))*(1+Inputs!$B$24/100)*(1+Artifacts!$B$34/100)*(1+(IF(Skills!A4="CRUEL_STAB",Inputs!$B$17+Artifacts!$B$40,Inputs!$B$18+Artifacts!$B$39))/100)*(Summary!$B$13*Summary!$B$16*(1+Artifacts!$B$38/100)*I4) | L4: =K4*(MIN(Inputs!$B$22,Inputs!$B$23)/100+Inputs!$B$23/100)/2 | M4: =L4*(1+(Inputs!$B$10+Summary!$B$21+Artifacts!$B$33)/100) | N4: =L4*(1-MIN((Inputs!$B$9+Summary!$B$14+Artifacts!$B$32),100)/100)+M4*(MIN((Inputs!$B$9+Summary!$B$14+Artifacts!$B$32),100)/100) | O4: =(1-Summary!$B$11)*T4+Summary!$B$11*V4 | P4: =IF(Summary!$B$3=0,0,O4/Summary!$B$3) | Q4: =IFERROR(1/IF(Inputs!$B$39="pvp",15,MAX(0.1,Skills!D4-IF(TRUE=TRUE,Inputs!$B$32,0))),0) | R4: =IF(AND(Inputs!$B$39<>"pvp",Inputs!$B$44>0),IF(MAX(0,Inputs!$B$44-Summary!$B$26)<=0,0,(INT(MAX(0,Inputs!$B$44-Summary!$B$26)/IF(Inputs!$B$39="pvp",15,MAX(0.1,Skills!D4-IF(TRUE=TRUE,Inputs!$B$32,0))))+1)),0) | S4: =IFERROR(O4/N4,0) | T4: =IF(C4,(H4*N4*IF(AND(Inputs!$B$39<>"pvp",Inputs!$B$44>0),((Skills!G4*((R4-1)*IF(Skills!H4>0,Skills!I4/Skills!H4,1)+IF(Skills!H4>0,MIN(Skills!I4,MAX(0,MAX(0,Inputs!$B$44-Summary!$B$26)-((R4-1)*IF(Inputs!$B$39="pvp",15,MAX(0.1,Skills!D4-IF(TRUE=TRUE,Inputs!$B$32,0))))))/Skills!H4,1)))/Inputs!$B$44),G4*Q4))*IF(Inputs!$B$39="pvp",1,1+(Inputs!$B$20+Skills!P4+Summary!$B$15+Artifacts!$B$35)/100)*((((5000/(6000+Inputs!$B$43*(1-(100*(1-(1-Inputs!$B$19/100)*(1-Artifacts!$B$51/100)^IF(Inputs!$B$39="pvp",1,2)))/100)))/(5000/(6000+Inputs!$B$43*(1-Inputs!$B$19/100))))*((L4*(1-MIN(100,(Inputs!$B$9+Summary!$B$14+Artifacts!$B$32)+Artifacts!$B$69)/100)+M4*(MIN(100,(Inputs!$B$9+Summary!$B$14+Artifacts!$B$32)+Artifacts!$B$69)/100))/(L4*(1-MIN(100,(Inputs!$B$9+Summary!$B$14+Artifacts!$B$32))/100)+M4*(MIN(100,(Inputs!$B$9+Summary!$B$14+Artifacts!$B$32))/100)))*(1+Artifacts!$B$81/100))),0) | V4: =IF(C4,(H4*N4*IF(AND(Inputs!$B$39<>"pvp",Inputs!$B$44>0),((Skills!G4*((R4-1)*IF(Skills!H4>0,Skills!I4/Skills!H4,1)+IF(Skills!H4>0,MIN(Skills!I4,MAX(0,MAX(0,Inputs!$B$44-Summary!$B$26)-((R4-1)*IF(Inputs!$B$39="pvp",15,MAX(0.1,Skills!D4-IF(TRUE=TRUE,Inputs!$B$32,0))))))/Skills!H4,1)))/Inputs!$B$44),G4*Q4))*IF(Inputs!$B$39="pvp",1,(1+(Inputs!$B$21+Skills!Q4+Summary!$B$15+Artifacts!$B$80)/100)*(MIN(MIN(10,IF(Inputs!$B$3>=75,0.75,0.5)*Summary!$B$18*(1/Calc!Q4)),Inputs!$B$37)))*((1+Artifacts!$B$53/100)),0)
A5: =Skills!A5 | B5: =Skills!B5 | C5: =Inputs!$B$3>=75 | D5: =IF(Skills!C5=1,60+Inputs!$B$25+Inputs!$B$29,IF(Skills!C5=2,90+Inputs!$B$26+Inputs!$B$29,IF(Skills!C5=3,120+Inputs!$B$27+Inputs!$B$29,MAX(0,(Inputs!$B$3-100)*3)+Inputs!$B$28+Inputs!$B$29))) | E5: =INDEX(FactorTable!$B$2:$Y$301, MATCH(ROUND(MIN(300,MAX(1,D5)),0), FactorTable!$A$2:$A$301,0), Skills!M5+1) | F5: =IF(Skills!N5=TRUE,(Skills!L5/10)*(E5/1000),Skills!L5/10)+Skills!O5 | G5: =Skills!G5*IF(Skills!H5>0,IF(Inputs!$B$39="pvp",MIN(Skills!I5,15),Skills!I5)/Skills!H5,1) | H5: =1-(1-Skills!J5/100)^Skills!K5 | I5: 1 | O5: =(1-Summary!$B$11)*T5+Summary!$B$11*V5 | P5: =IF(Summary!$B$3=0,0,O5/Summary!$B$3) | Q5: 0 | R5: 0 | S5: =IFERROR(O5/N5,0) | T5: 0 | V5: 0
A6: =Skills!A6 | B6: =Skills!B6 | C6: =Inputs!$B$3>=63 | D6: =IF(Skills!C6=1,60+Inputs!$B$25+Inputs!$B$29,IF(Skills!C6=2,90+Inputs!$B$26+Inputs!$B$29,IF(Skills!C6=3,120+Inputs!$B$27+Inputs!$B$29,MAX(0,(Inputs!$B$3-100)*3)+Inputs!$B$28+Inputs!$B$29))) | E6: =INDEX(FactorTable!$B$2:$Y$301, MATCH(ROUND(MIN(300,MAX(1,D6)),0), FactorTable!$A$2:$A$301,0), Skills!M6+1) | F6: =IF(Skills!N6=TRUE,(Skills!L6/10)*(E6/1000),Skills!L6/10)+Skills!O6 | G6: =Skills!G6*IF(Skills!H6>0,IF(Inputs!$B$39="pvp",MIN(Skills!I6,15),Skills!I6)/Skills!H6,1) | H6: =1-(1-Skills!J6/100)^Skills!K6 | I6: 1 | J6: =Summary!$B$6*(F6/100) | K6: =J6*(1+Summary!$B$7/100)*(1+Inputs!$B$15/100)*(1+Inputs!$B$16/100)*(5000/(6000+Inputs!$B$43*(1-Inputs!$B$19/100)))*(1+Inputs!$B$24/100)*(1+Artifacts!$B$34/100)*(1+2.6666666666666665*IF(C19=TRUE,F19,0)/100)*(1+(IF(Skills!A6="CRUEL_STAB",Inputs!$B$17+Artifacts!$B$40,Inputs!$B$18+Artifacts!$B$39))/100)*(Summary!$B$13*Summary!$B$16*(1+Artifacts!$B$38/100)*I6) | L6: =K6*(MIN(Inputs!$B$22,Inputs!$B$23)/100+Inputs!$B$23/100)/2 | M6: =L6*(1+(Inputs!$B$10+Summary!$B$21+Artifacts!$B$33)/100) | N6: =L6*(1-MIN((Inputs!$B$9+Summary!$B$14+Artifacts!$B$32),100)/100)+M6*(MIN((Inputs!$B$9+Summary!$B$14+Artifacts!$B$32),100)/100) | O6: =(1-Summary!$B$11)*T6+Summary!$B$11*V6 | P6: =IF(Summary!$B$3=0,0,O6/Summary!$B$3) | Q6: =IFERROR(1/IF(Inputs!$B$39="pvp",15,MAX(0.1,Skills!D6-IF(TRUE=TRUE,Inputs!$B$32,0))),0) | R6: =IF(AND(Inputs!$B$39<>"pvp",Inputs!$B$44>0),IF(MAX(0,Inputs!$B$44-Summary!$B$26)<=0,0,(INT(MAX(0,Inputs!$B$44-Summary!$B$26)/IF(Inputs!$B$39="pvp",15,MAX(0.1,Skills!D6-IF(TRUE=TRUE,Inputs!$B$32,0))))+1)),0) | S6: =IFERROR(O6/N6,0) | T6: =IF(C6,(H6*N6*IF(AND(Inputs!$B$39<>"pvp",Inputs!$B$44>0),((Skills!G6*((R6-1)*IF(Skills!H6>0,Skills!I6/Skills!H6,1)+IF(Skills!H6>0,MIN(Skills!I6,MAX(0,MAX(0,Inputs!$B$44-Summary!$B$26)-((R6-1)*IF(Inputs!$B$39="pvp",15,MAX(0.1,Skills!D6-IF(TRUE=TRUE,Inputs!$B$32,0))))))/Skills!H6,1)))/Inputs!$B$44),G6*Q6))*IF(Inputs!$B$39="pvp",1,1+(Inputs!$B$20+Skills!P6+Summary!$B$15+Artifacts!$B$35)/100)*((((5000/(6000+Inputs!$B$43*(1-(100*(1-(1-Inputs!$B$19/100)*(1-Artifacts!$B$51/100)^IF(Inputs!$B$39="pvp",1,2)))/100)))/(5000/(6000+Inputs!$B$43*(1-Inputs!$B$19/100))))*((L6*(1-MIN(100,(Inputs!$B$9+Summary!$B$14+Artifacts!$B$32)+Artifacts!$B$69)/100)+M6*(MIN(100,(Inputs!$B$9+Summary!$B$14+Artifacts!$B$32)+Artifacts!$B$69)/100))/(L6*(1-MIN(100,(Inputs!$B$9+Summary!$B$14+Artifacts!$B$32))/100)+M6*(MIN(100,(Inputs!$B$9+Summary!$B$14+Artifacts!$B$32))/100)))*(1+Artifacts!$B$81/100))),0) | V6: =IF(C6,(H6*N6*IF(AND(Inputs!$B$39<>"pvp",Inputs!$B$44>0),((Skills!G6*((R6-1)*IF(Skills!H6>0,Skills!I6/Skills!H6,1)+IF(Skills!H6>0,MIN(Skills!I6,MAX(0,MAX(0,Inputs!$B$44-Summary!$B$26)-((R6-1)*IF(Inputs!$B$39="pvp",15,MAX(0.1,Skills!D6-IF(TRUE=TRUE,Inputs!$B$32,0))))))/Skills!H6,1)))/Inputs!$B$44),G6*Q6))*IF(Inputs!$B$39="pvp",1,(1+(Inputs!$B$21+Skills!Q6+Summary!$B$15+Artifacts!$B$80)/100)*(MIN(Skills!W6,Inputs!$B$37)))*((1+Artifacts!$B$53/100)),0)
A7: =Skills!A7 | B7: =Skills!B7 | C7: =Inputs!$B$3>=69 | D7: =IF(Skills!C7=1,60+Inputs!$B$25+Inputs!$B$29,IF(Skills!C7=2,90+Inputs!$B$26+Inputs!$B$29,IF(Skills!C7=3,120+Inputs!$B$27+Inputs!$B$29,MAX(0,(Inputs!$B$3-100)*3)+Inputs!$B$28+Inputs!$B$29))) | E7: =INDEX(FactorTable!$B$2:$Y$301, MATCH(ROUND(MIN(300,MAX(1,D7)),0), FactorTable!$A$2:$A$301,0), Skills!M7+1) | F7: =IF(Skills!N7=TRUE,(Skills!L7/10)*(E7/1000),Skills!L7/10)+Skills!O7 | G7: =Skills!G7*IF(Skills!H7>0,IF(Inputs!$B$39="pvp",MIN(Skills!I7,15),Skills!I7)/Skills!H7,1) | H7: =1-(1-Skills!J7/100)^Skills!K7 | I7: 1 | J7: =Summary!$B$6*(F7/100) | K7: =J7*(1+Summary!$B$7/100)*(1+Inputs!$B$15/100)*(1+Inputs!$B$16/100)*(5000/(6000+Inputs!$B$43*(1-Inputs!$B$19/100)))*(1+Inputs!$B$24/100)*(1+Artifacts!$B$34/100)*(1+1.0*IF(C19=TRUE,F19,0)/100)*(1+(IF(Skills!A7="CRUEL_STAB",Inputs!$B$17+Artifacts!$B$40,Inputs!$B$18+Artifacts!$B$39))/100)*(Summary!$B$13*Summary!$B$16*(1+Artifacts!$B$38/100)*I7) | L7: =K7*(MIN(Inputs!$B$22,Inputs!$B$23)/100+Inputs!$B$23/100)/2 | M7: =L7*(1+(Inputs!$B$10+Summary!$B$21+Artifacts!$B$33)/100) | N7: =L7*(1-MIN((Inputs!$B$9+Summary!$B$14+Artifacts!$B$32),100)/100)+M7*(MIN((Inputs!$B$9+Summary!$B$14+Artifacts!$B$32),100)/100) | O7: =(1-Summary!$B$11)*T7+Summary!$B$11*V7 | P7: =IF(Summary!$B$3=0,0,O7/Summary!$B$3) | Q7: =IFERROR(1/IF(Inputs!$B$39="pvp",15,MAX(0.1,Skills!D7-IF(TRUE=TRUE,Inputs!$B$32,0))),0) | R7: =IF(AND(Inputs!$B$39<>"pvp",Inputs!$B$44>0),IF(MAX(0,Inputs!$B$44-Summary!$B$26)<=0,0,(INT(MAX(0,Inputs!$B$44-Summary!$B$26)/IF(Inputs!$B$39="pvp",15,MAX(0.1,Skills!D7-IF(TRUE=TRUE,Inputs!$B$32,0))))+1)),0) | S7: =IFERROR(O7/N7,0) | T7: =IF(C7,(H7*N7*IF(AND(Inputs!$B$39<>"pvp",Inputs!$B$44>0),((Skills!G7*((R7-1)*IF(Skills!H7>0,Skills!I7/Skills!H7,1)+IF(Skills!H7>0,MIN(Skills!I7,MAX(0,MAX(0,Inputs!$B$44-Summary!$B$26)-((R7-1)*IF(Inputs!$B$39="pvp",15,MAX(0.1,Skills!D7-IF(TRUE=TRUE,Inputs!$B$32,0))))))/Skills!H7,1)))/Inputs!$B$44),G7*Q7))*IF(Inputs!$B$39="pvp",1,1+(Inputs!$B$20+Skills!P7+Summary!$B$15+Artifacts!$B$35)/100)*((((5000/(6000+Inputs!$B$43*(1-(100*(1-(1-Inputs!$B$19/100)*(1-Artifacts!$B$51/100)^IF(Inputs!$B$39="pvp",1,2)))/100)))/(5000/(6000+Inputs!$B$43*(1-Inputs!$B$19/100))))*((L7*(1-MIN(100,(Inputs!$B$9+Summary!$B$14+Artifacts!$B$32)+Artifacts!$B$69)/100)+M7*(MIN(100,(Inputs!$B$9+Summary!$B$14+Artifacts!$B$32)+Artifacts!$B$69)/100))/(L7*(1-MIN(100,(Inputs!$B$9+Summary!$B$14+Artifacts!$B$32))/100)+M7*(MIN(100,(Inputs!$B$9+Summary!$B$14+Artifacts!$B$32))/100)))*(1+Artifacts!$B$81/100))),0) | V7: =IF(C7,(H7*N7*IF(AND(Inputs!$B$39<>"pvp",Inputs!$B$44>0),((Skills!G7*((R7-1)*IF(Skills!H7>0,Skills!I7/Skills!H7,1)+IF(Skills!H7>0,MIN(Skills!I7,MAX(0,MAX(0,Inputs!$B$44-Summary!$B$26)-((R7-1)*IF(Inputs!$B$39="pvp",15,MAX(0.1,Skills!D7-IF(TRUE=TRUE,Inputs!$B$32,0))))))/Skills!H7,1)))/Inputs!$B$44),G7*Q7))*IF(Inputs!$B$39="pvp",1,(1+(Inputs!$B$21+Skills!Q7+Summary!$B$15+Artifacts!$B$80)/100)*(MIN(Skills!W7,Inputs!$B$37)))*((1+Artifacts!$B$53/100)),0)
A8: =Skills!A8 | B8: =Skills!B8 | C8: =Inputs!$B$3>=60 | D8: =IF(Skills!C8=1,60+Inputs!$B$25+Inputs!$B$29,IF(Skills!C8=2,90+Inputs!$B$26+Inputs!$B$29,IF(Skills!C8=3,120+Inputs!$B$27+Inputs!$B$29,MAX(0,(Inputs!$B$3-100)*3)+Inputs!$B$28+Inputs!$B$29))) | E8: =INDEX(FactorTable!$B$2:$Y$301, MATCH(ROUND(MIN(300,MAX(1,D8)),0), FactorTable!$A$2:$A$301,0), Skills!M8+1) | F8: =IF(Skills!N8=TRUE,(Skills!L8/10)*(E8/1000),Skills!L8/10)+Skills!O8 | G8: =Skills!G8*IF(Skills!H8>0,IF(Inputs!$B$39="pvp",MIN(Skills!I8,15),Skills!I8)/Skills!H8,1) | H8: =1-(1-Skills!J8/100)^Skills!K8 | I8: 1 | O8: =(1-Summary!$B$11)*T8+Summary!$B$11*V8 | P8: =IF(Summary!$B$3=0,0,O8/Summary!$B$3) | Q8: 0 | R8: 0 | S8: =IFERROR(O8/N8,0) | T8: 0 | V8: 0
A9: =Skills!A9 | B9: =Skills!B9 | C9: =Inputs!$B$3>=72 | D9: =IF(Skills!C9=1,60+Inputs!$B$25+Inputs!$B$29,IF(Skills!C9=2,90+Inputs!$B$26+Inputs!$B$29,IF(Skills!C9=3,120+Inputs!$B$27+Inputs!$B$29,MAX(0,(Inputs!$B$3-100)*3)+Inputs!$B$28+Inputs!$B$29))) | E9: =INDEX(FactorTable!$B$2:$Y$301, MATCH(ROUND(MIN(300,MAX(1,D9)),0), FactorTable!$A$2:$A$301,0), Skills!M9+1) | F9: =IF(Skills!N9=TRUE,(Skills!L9/10)*(E9/1000),Skills!L9/10)+Skills!O9 | G9: =Skills!G9*IF(Skills!H9>0,IF(Inputs!$B$39="pvp",MIN(Skills!I9,15),Skills!I9)/Skills!H9,1) | H9: =1-(1-Skills!J9/100)^Skills!K9 | I9: 1 | J9: =Summary!$B$6*(F9/100) | K9: =J9*(1+Summary!$B$7/100)*(1+Inputs!$B$15/100)*(1+Inputs!$B$16/100)*(5000/(6000+Inputs!$B$43*(1-Inputs!$B$19/100)))*(1+Inputs!$B$24/100)*(1+Artifacts!$B$34/100)*(1+3.3333333333333335*IF(C19=TRUE,F19,0)/100)*(1+(IF(Skills!A9="CRUEL_STAB",Inputs!$B$17+Artifacts!$B$40,Inputs!$B$18+Artifacts!$B$39))/100)*(Summary!$B$13*Summary!$B$16*(1+Artifacts!$B$38/100)*I9) | L9: =K9*(MIN(Inputs!$B$22,Inputs!$B$23)/100+Inputs!$B$23/100)/2 | M9: =L9*(1+(Inputs!$B$10+Summary!$B$21+Artifacts!$B$33)/100) | N9: =L9*(1-MIN((Inputs!$B$9+Summary!$B$14+Artifacts!$B$32),100)/100)+M9*(MIN((Inputs!$B$9+Summary!$B$14+Artifacts!$B$32),100)/100) | O9: =(1-Summary!$B$11)*T9+Summary!$B$11*V9 | P9: =IF(Summary!$B$3=0,0,O9/Summary!$B$3) | Q9: =IFERROR(1/IF(Inputs!$B$39="pvp",15,MAX(0.1,Skills!D9-IF(FALSE=TRUE,Inputs!$B$32,0))),0) | R9: =IF(AND(Inputs!$B$39<>"pvp",Inputs!$B$44>0),IF(MAX(0,Inputs!$B$44-Summary!$B$26)<=0,0,(INT(MAX(0,Inputs!$B$44-Summary!$B$26)/IF(Inputs!$B$39="pvp",15,MAX(0.1,Skills!D9-IF(FALSE=TRUE,Inputs!$B$32,0))))+1)),0) | S9: =IFERROR(O9/N9,0) | T9: =IF(C9,(H9*N9*IF(AND(Inputs!$B$39<>"pvp",Inputs!$B$44>0),((Skills!G9*((R9-1)*IF(Skills!H9>0,Skills!I9/Skills!H9,1)+IF(Skills!H9>0,MIN(Skills!I9,MAX(0,MAX(0,Inputs!$B$44-Summary!$B$26)-((R9-1)*IF(Inputs!$B$39="pvp",15,MAX(0.1,Skills!D9-IF(FALSE=TRUE,Inputs!$B$32,0))))))/Skills!H9,1)))/Inputs!$B$44),G9*Q9))*IF(Inputs!$B$39="pvp",1,1+(Inputs!$B$20+Skills!P9+Summary!$B$15+Artifacts!$B$35)/100)*((((5000/(6000+Inputs!$B$43*(1-(100*(1-(1-Inputs!$B$19/100)*(1-Artifacts!$B$51/100)^IF(Inputs!$B$39="pvp",1,2)))/100)))/(5000/(6000+Inputs!$B$43*(1-Inputs!$B$19/100))))*((L9*(1-MIN(100,(Inputs!$B$9+Summary!$B$14+Artifacts!$B$32)+Artifacts!$B$69)/100)+M9*(MIN(100,(Inputs!$B$9+Summary!$B$14+Artifacts!$B$32)+Artifacts!$B$69)/100))/(L9*(1-MIN(100,(Inputs!$B$9+Summary!$B$14+Artifacts!$B$32))/100)+M9*(MIN(100,(Inputs!$B$9+Summary!$B$14+Artifacts!$B$32))/100)))*(1+Artifacts!$B$81/100))),0) | V9: =IF(C9,(H9*N9*IF(AND(Inputs!$B$39<>"pvp",Inputs!$B$44>0),((Skills!G9*((R9-1)*IF(Skills!H9>0,Skills!I9/Skills!H9,1)+IF(Skills!H9>0,MIN(Skills!I9,MAX(0,MAX(0,Inputs!$B$44-Summary!$B$26)-((R9-1)*IF(Inputs!$B$39="pvp",15,MAX(0.1,Skills!D9-IF(FALSE=TRUE,Inputs!$B$32,0))))))/Skills!H9,1)))/Inputs!$B$44),G9*Q9))*IF(Inputs!$B$39="pvp",1,(1+(Inputs!$B$21+Skills!Q9+Summary!$B$15+Artifacts!$B$80)/100)*(MIN(Skills!W9,Inputs!$B$37)))*((1+Artifacts!$B$53/100)),0)
A10: =Skills!A10 | B10: =Skills!B10 | C10: =Inputs!$B$3>=117 | D10: =IF(Skills!C10=1,60+Inputs!$B$25+Inputs!$B$29,IF(Skills!C10=2,90+Inputs!$B$26+Inputs!$B$29,IF(Skills!C10=3,120+Inputs!$B$27+Inputs!$B$29,MAX(0,(Inputs!$B$3-100)*3)+Inputs!$B$28+Inputs!$B$29))) | E10: =INDEX(FactorTable!$B$2:$Y$301, MATCH(ROUND(MIN(300,MAX(1,D10)),0), FactorTable!$A$2:$A$301,0), Skills!M10+1) | F10: =IF(Skills!N10=TRUE,(Skills!L10/10)*(E10/1000),Skills!L10/10)+Skills!O10 | G10: =Skills!G10*IF(Skills!H10>0,IF(Inputs!$B$39="pvp",MIN(Skills!I10,15),Skills!I10)/Skills!H10,1) | H10: =1-(1-Skills!J10/100)^Skills!K10 | I10: 1 | J10: =Summary!$B$6*(F10/100) | K10: =J10*(1+Summary!$B$7/100)*(1+Inputs!$B$15/100)*(1+Inputs!$B$16/100)*(5000/(6000+Inputs!$B$43*(1-Inputs!$B$19/100)))*(1+Inputs!$B$24/100)*(1+Artifacts!$B$34/100)*(1+(IF(Skills!A10="CRUEL_STAB",Inputs!$B$17+Artifacts!$B$40,Inputs!$B$18+Artifacts!$B$39))/100)*(Summary!$B$13*Summary!$B$16*(1+Artifacts!$B$38/100)*I10) | L10: =K10*(MIN(Inputs!$B$22,Inputs!$B$23)/100+Inputs!$B$23/100)/2 | M10: =L10*(1+(Inputs!$B$10+Summary!$B$21+Artifacts!$B$33)/100) | N10: =L10*(1-MIN((Inputs!$B$9+Summary!$B$14+Artifacts!$B$32),100)/100)+M10*(MIN((Inputs!$B$9+Summary!$B$14+Artifacts!$B$32),100)/100) | O10: =(1-Summary!$B$11)*T10+Summary!$B$11*V10 | P10: =IF(Summary!$B$3=0,0,O10/Summary!$B$3) | Q10: 0 | R10: 0 | S10: 0 | T10: =IF(C10,(0.2*SUMPRODUCT((Skills!Z2:Z31=TRUE)*(C2:C31=TRUE)*S2:S31)*N10)*IF(Inputs!$B$39="pvp",1,1+(Inputs!$B$20+Skills!P10+Summary!$B$15+Artifacts!$B$35)/100)*((((5000/(6000+Inputs!$B$43*(1-(100*(1-(1-Inputs!$B$19/100)*(1-Artifacts!$B$51/100)^IF(Inputs!$B$39="pvp",1,2)))/100)))/(5000/(6000+Inputs!$B$43*(1-Inputs!$B$19/100))))*((L10*(1-MIN(100,(Inputs!$B$9+Summary!$B$14+Artifacts!$B$32)+Artifacts!$B$69)/100)+M10*(MIN(100,(Inputs!$B$9+Summary!$B$14+Artifacts!$B$32)+Artifacts!$B$69)/100))/(L10*(1-MIN(100,(Inputs!$B$9+Summary!$B$14+Artifacts!$B$32))/100)+M10*(MIN(100,(Inputs!$B$9+Summary!$B$14+Artifacts!$B$32))/100)))*(1+Artifacts!$B$81/100))),0) | V10: =IF(C10,(0.2*SUMPRODUCT((Skills!Z2:Z31=TRUE)*(C2:C31=TRUE)*S2:S31)*N10)*IF(Inputs!$B$39="pvp",1,(1+(Inputs!$B$21+Skills!Q10+Summary!$B$15+Artifacts!$B$80)/100)*(MIN(Skills!W10,Inputs!$B$37)))*((1+Artifacts!$B$53/100)),0)
A11: =Skills!A11 | B11: =Skills!B11 | C11: =Inputs!$B$3>=74 | D11: =IF(Skills!C11=1,60+Inputs!$B$25+Inputs!$B$29,IF(Skills!C11=2,90+Inputs!$B$26+Inputs!$B$29,IF(Skills!C11=3,120+Inputs!$B$27+Inputs!$B$29,MAX(0,(Inputs!$B$3-100)*3)+Inputs!$B$28+Inputs!$B$29))) | E11: =INDEX(FactorTable!$B$2:$Y$301, MATCH(ROUND(MIN(300,MAX(1,D11)),0), FactorTable!$A$2:$A$301,0), Skills!M11+1) | F11: =IF(Skills!N11=TRUE,(Skills!L11/10)*(E11/1000),Skills!L11/10)+Skills!O11 | G11: =Skills!G11*IF(Skills!H11>0,IF(Inputs!$B$39="pvp",MIN(Skills!I11,15),Skills!I11)/Skills!H11,1) | H11: =1-(1-Skills!J11/100)^Skills!K11 | I11: 1 | O11: =(1-Summary!$B$11)*T11+Summary!$B$11*V11 | P11: =IF(Summary!$B$3=0,0,O11/Summary!$B$3) | Q11: =IFERROR(1/IF(Inputs!$B$39="pvp",15,MAX(0.1,Skills!D11-IF(TRUE=TRUE,Inputs!$B$32,0))),0) | R11: =IF(AND(Inputs!$B$39<>"pvp",Inputs!$B$44>0),IF(Inputs!$B$44<=0,0,(INT(Inputs!$B$44/IF(Inputs!$B$39="pvp",15,MAX(0.1,Skills!D11-IF(TRUE=TRUE,Inputs!$B$32,0))))+1)),0) | S11: =IFERROR(O11/N11,0) | T11: 0 | V11: 0
A12: =Skills!A12 | B12: =Skills!B12 | C12: =Inputs!$B$3>=103 | D12: =IF(Skills!C12=1,60+Inputs!$B$25+Inputs!$B$29,IF(Skills!C12=2,90+Inputs!$B$26+Inputs!$B$29,IF(Skills!C12=3,120+Inputs!$B$27+Inputs!$B$29,MAX(0,(Inputs!$B$3-100)*3)+Inputs!$B$28+Inputs!$B$29))) | E12: =INDEX(FactorTable!$B$2:$Y$301, MATCH(ROUND(MIN(300,MAX(1,D12)),0), FactorTable!$A$2:$A$301,0), Skills!M12+1) | F12: =(Skills!L12/10)*(E12/1000)+IF(Inputs!$B$3>=134,50,0)+0.5*(30000/10)*(INDEX(FactorTable!$B$2:$Y$301, MATCH(ROUND(MIN(300,MAX(1,D12)),0), FactorTable!$A$2:$A$301,0), 13)/1000)*Summary!$B$24 | G12: =Skills!G12*IF(Skills!H12>0,IF(Inputs!$B$39="pvp",MIN(Skills!I12,15),Skills!I12)/Skills!H12,1) | H12: =1-(1-Skills!J12/100)^Skills!K12 | I12: 1 | J12: =Summary!$B$6*(F12/100) | K12: =J12*(1+Summary!$B$7/100)*(1+Inputs!$B$15/100)*(1+Inputs!$B$16/100)*(5000/(6000+Inputs!$B$43*(1-Inputs!$B$19/100)))*(1+Inputs!$B$24/100)*(1+Artifacts!$B$34/100)*(1+(IF(Skills!A12="CRUEL_STAB",Inputs!$B$17+Artifacts!$B$40,Inputs!$B$18+Artifacts!$B$39))/100)*(Summary!$B$13*Summary!$B$16*(1+Artifacts!$B$38/100)*I12) | L12: =K12*(MIN(Inputs!$B$22,Inputs!$B$23)/100+Inputs!$B$23/100)/2 | M12: =L12*(1+(Inputs!$B$10+Summary!$B$21+Artifacts!$B$33)/100) | N12: =L12*(1-MIN((Inputs!$B$9+Summary!$B$14+Artifacts!$B$32),100)/100)+M12*(MIN((Inputs!$B$9+Summary!$B$14+Artifacts!$B$32),100)/100) | O12: =(1-Summary!$B$11)*T12+Summary!$B$11*V12 | P12: =IF(Summary!$B$3=0,0,O12/Summary!$B$3) | Q12: =IFERROR(1/IF(Inputs!$B$39="pvp",15,MAX(0.1,Skills!D12-IF(TRUE=TRUE,Inputs!$B$32,0))),0) | R12: =IF(AND(Inputs!$B$39<>"pvp",Inputs!$B$44>0),IF(MAX(0,Inputs!$B$44-Summary!$B$26)<=0,0,(INT(MAX(0,Inputs!$B$44-Summary!$B$26)/IF(Inputs!$B$39="pvp",15,MAX(0.1,Skills!D12-IF(TRUE=TRUE,Inputs!$B$32,0))))+1)),0) | S12: =IFERROR(O12/N12,0) | T12: =IF(C12,(H12*N12*IF(AND(Inputs!$B$39<>"pvp",Inputs!$B$44>0),((Skills!G12*((R12-1)*IF(Skills!H12>0,Skills!I12/Skills!H12,1)+IF(Skills!H12>0,MIN(Skills!I12,MAX(0,MAX(0,Inputs!$B$44-Summary!$B$26)-((R12-1)*IF(Inputs!$B$39="pvp",15,MAX(0.1,Skills!D12-IF(TRUE=TRUE,Inputs!$B$32,0))))))/Skills!H12,1)))/Inputs!$B$44),G12*Q12))*IF(Inputs!$B$39="pvp",1,1+(Inputs!$B$20+Skills!P12+Summary!$B$15+Artifacts!$B$35)/100)*((((5000/(6000+Inputs!$B$43*(1-(100*(1-(1-Inputs!$B$19/100)*(1-Artifacts!$B$51/100)^IF(Inputs!$B$39="pvp",1,2)))/100)))/(5000/(6000+Inputs!$B$43*(1-Inputs!$B$19/100))))*((L12*(1-MIN(100,(Inputs!$B$9+Summary!$B$14+Artifacts!$B$32)+Artifacts!$B$69)/100)+M12*(MIN(100,(Inputs!$B$9+Summary!$B$14+Artifacts!$B$32)+Artifacts!$B$69)/100))/(L12*(1-MIN(100,(Inputs!$B$9+Summary!$B$14+Artifacts!$B$32))/100)+M12*(MIN(100,(Inputs!$B$9+Summary!$B$14+Artifacts!$B$32))/100)))*(1+Artifacts!$B$81/100))),0) | V12: =IF(C12,(H12*N12*IF(AND(Inputs!$B$39<>"pvp",Inputs!$B$44>0),((Skills!G12*((R12-1)*IF(Skills!H12>0,Skills!I12/Skills!H12,1)+IF(Skills!H12>0,MIN(Skills!I12,MAX(0,MAX(0,Inputs!$B$44-Summary!$B$26)-((R12-1)*IF(Inputs!$B$39="pvp",15,MAX(0.1,Skills!D12-IF(TRUE=TRUE,Inputs!$B$32,0))))))/Skills!H12,1)))/Inputs!$B$44),G12*Q12))*IF(Inputs!$B$39="pvp",1,(1+(Inputs!$B$21+Skills!Q12+Summary!$B$15+Artifacts!$B$80)/100)*(MIN(Skills!W12,Inputs!$B$37)))*((1+Artifacts!$B$53/100)),0)
A13: =Skills!A13 | B13: =Skills!B13 | C13: =Inputs!$B$3>=105 | D13: =IF(Skills!C13=1,60+Inputs!$B$25+Inputs!$B$29,IF(Skills!C13=2,90+Inputs!$B$26+Inputs!$B$29,IF(Skills!C13=3,120+Inputs!$B$27+Inputs!$B$29,MAX(0,(Inputs!$B$3-100)*3)+Inputs!$B$28+Inputs!$B$29))) | E13: =INDEX(FactorTable!$B$2:$Y$301, MATCH(ROUND(MIN(300,MAX(1,D13)),0), FactorTable!$A$2:$A$301,0), Skills!M13+1) | F13: =IF(Skills!N13=TRUE,(Skills!L13/10)*(E13/1000),Skills!L13/10)+Skills!O13 | G13: =Skills!G13*IF(Skills!H13>0,IF(Inputs!$B$39="pvp",MIN(Skills!I13,15),Skills!I13)/Skills!H13,1) | H13: =1-(1-Skills!J13/100)^Skills!K13 | I13: 1 | J13: =Summary!$B$6*(F13/100) | K13: =J13*(1+Summary!$B$7/100)*(1+Inputs!$B$15/100)*(1+Inputs!$B$16/100)*(5000/(6000+Inputs!$B$43*(1-Inputs!$B$19/100)))*(1+Inputs!$B$24/100)*(1+Artifacts!$B$34/100)*(1+(IF(Skills!A13="CRUEL_STAB",Inputs!$B$17+Artifacts!$B$40,Inputs!$B$18+Artifacts!$B$39))/100)*(Summary!$B$13*Summary!$B$16*(1+Artifacts!$B$38/100)*I13) | L13: =K13*(MIN(Inputs!$B$22,Inputs!$B$23)/100+Inputs!$B$23/100)/2 | M13: =L13*(1+(Inputs!$B$10+Summary!$B$21+Artifacts!$B$33)/100) | N13: =L13*(1-MIN((Inputs!$B$9+Summary!$B$14+Artifacts!$B$32),100)/100)+M13*(MIN((Inputs!$B$9+Summary!$B$14+Artifacts!$B$32),100)/100) | O13: =(1-Summary!$B$11)*T13+Summary!$B$11*V13 | P13: =IF(Summary!$B$3=0,0,O13/Summary!$B$3) | Q13: =IFERROR(1/IF(Inputs!$B$39="pvp",15,MAX(0.1,Skills!D13-IF(TRUE=TRUE,Inputs!$B$32,0))),0) | R13: =IF(AND(Inputs!$B$39<>"pvp",Inputs!$B$44>0),IF(MAX(0,Inputs!$B$44-Summary!$B$26)<=0,0,(INT(MAX(0,Inputs!$B$44-Summary!$B$26)/IF(Inputs!$B$39="pvp",15,MAX(0.1,Skills!D13-IF(TRUE=TRUE,Inputs!$B$32,0))))+1)),0) | S13: =IFERROR(O13/N13,0) | T13: =IF(C13,(H13*N13*IF(AND(Inputs!$B$39<>"pvp",Inputs!$B$44>0),((Skills!G13*((R13-1)*IF(Skills!H13>0,Skills!I13/Skills!H13,1)+IF(Skills!H13>0,MIN(Skills!I13,MAX(0,MAX(0,Inputs!$B$44-Summary!$B$26)-((R13-1)*IF(Inputs!$B$39="pvp",15,MAX(0.1,Skills!D13-IF(TRUE=TRUE,Inputs!$B$32,0))))))/Skills!H13,1)))/Inputs!$B$44),G13*Q13))*IF(Inputs!$B$39="pvp",1,1+(Inputs!$B$20+Skills!P13+Summary!$B$15+Artifacts!$B$35)/100)*((((5000/(6000+Inputs!$B$43*(1-(100*(1-(1-Inputs!$B$19/100)*(1-Artifacts!$B$51/100)^IF(Inputs!$B$39="pvp",1,2)))/100)))/(5000/(6000+Inputs!$B$43*(1-Inputs!$B$19/100))))*((L13*(1-MIN(100,(Inputs!$B$9+Summary!$B$14+Artifacts!$B$32)+Artifacts!$B$69)/100)+M13*(MIN(100,(Inputs!$B$9+Summary!$B$14+Artifacts!$B$32)+Artifacts!$B$69)/100))/(L13*(1-MIN(100,(Inputs!$B$9+Summary!$B$14+Artifacts!$B$32))/100)+M13*(MIN(100,(Inputs!$B$9+Summary!$B$14+Artifacts!$B$32))/100)))*(1+Artifacts!$B$81/100))),0) | V13: =IF(C13,(H13*N13*IF(AND(Inputs!$B$39<>"pvp",Inputs!$B$44>0),((Skills!G13*((R13-1)*IF(Skills!H13>0,Skills!I13/Skills!H13,1)+IF(Skills!H13>0,MIN(Skills!I13,MAX(0,MAX(0,Inputs!$B$44-Summary!$B$26)-((R13-1)*IF(Inputs!$B$39="pvp",15,MAX(0.1,Skills!D13-IF(TRUE=TRUE,Inputs!$B$32,0))))))/Skills!H13,1)))/Inputs!$B$44),G13*Q13))*IF(Inputs!$B$39="pvp",1,(1+(Inputs!$B$21+Skills!Q13+Summary!$B$15+Artifacts!$B$80)/100)*(MIN(Skills!W13,Inputs!$B$37)))*((1+Artifacts!$B$53/100)),0)
A14: =Skills!A14 | B14: =Skills!B14 | C14: =Inputs!$B$3>=105 | D14: =IF(Skills!C14=1,60+Inputs!$B$25+Inputs!$B$29,IF(Skills!C14=2,90+Inputs!$B$26+Inputs!$B$29,IF(Skills!C14=3,120+Inputs!$B$27+Inputs!$B$29,MAX(0,(Inputs!$B$3-100)*3)+Inputs!$B$28+Inputs!$B$29))) | E14: =INDEX(FactorTable!$B$2:$Y$301, MATCH(ROUND(MIN(300,MAX(1,D14)),0), FactorTable!$A$2:$A$301,0), Skills!M14+1) | F14: =IF(Skills!N14=TRUE,(Skills!L14/10)*(E14/1000),Skills!L14/10)+Skills!O14 | G14: =Skills!G14*IF(Skills!H14>0,IF(Inputs!$B$39="pvp",MIN(Skills!I14,15),Skills!I14)/Skills!H14,1) | H14: =1-(1-Skills!J14/100)^Skills!K14 | I14: 1 | J14: =Summary!$B$6*(F14/100) | K14: =J14*(1+Summary!$B$7/100)*(1+Inputs!$B$15/100)*(1+Inputs!$B$16/100)*(5000/(6000+Inputs!$B$43*(1-Inputs!$B$19/100)))*(1+Inputs!$B$24/100)*(1+Artifacts!$B$34/100)*(1+(IF(Skills!A14="CRUEL_STAB",Inputs!$B$17+Artifacts!$B$40,Inputs!$B$18+Artifacts!$B$39))/100)*(Summary!$B$13*Summary!$B$16*(1+Artifacts!$B$38/100)*I14) | L14: =K14*(MIN(Inputs!$B$22,Inputs!$B$23)/100+Inputs!$B$23/100)/2 | M14: =L14*(1+(Inputs!$B$10+Summary!$B$21+Artifacts!$B$33)/100) | N14: =L14*(1-MIN((Inputs!$B$9+Summary!$B$14+Artifacts!$B$32),100)/100)+M14*(MIN((Inputs!$B$9+Summary!$B$14+Artifacts!$B$32),100)/100) | O14: =(1-Summary!$B$11)*T14+Summary!$B$11*V14 | P14: =IF(Summary!$B$3=0,0,O14/Summary!$B$3) | Q14: =IFERROR(1/IF(Inputs!$B$39="pvp",15,MAX(0.1,Skills!D14-IF(TRUE=TRUE,Inputs!$B$32,0))),0) | R14: =IF(AND(Inputs!$B$39<>"pvp",Inputs!$B$44>0),IF(MAX(0,Inputs!$B$44-Summary!$B$26)<=0,0,(INT(MAX(0,Inputs!$B$44-Summary!$B$26)/IF(Inputs!$B$39="pvp",15,MAX(0.1,Skills!D14-IF(TRUE=TRUE,Inputs!$B$32,0))))+1)),0) | S14: =IFERROR(O14/N14,0) | T14: =IF(C14,(H14*N14*IF(AND(Inputs!$B$39<>"pvp",Inputs!$B$44>0),((Skills!G14*((R14-1)*IF(Skills!H14>0,Skills!I14/Skills!H14,1)+IF(Skills!H14>0,MIN(Skills!I14,MAX(0,MAX(0,Inputs!$B$44-Summary!$B$26)-((R14-1)*IF(Inputs!$B$39="pvp",15,MAX(0.1,Skills!D14-IF(TRUE=TRUE,Inputs!$B$32,0))))))/Skills!H14,1)))/Inputs!$B$44),G14*Q14))*IF(Inputs!$B$39="pvp",1,1+(Inputs!$B$20+Skills!P14+Summary!$B$15+Artifacts!$B$35)/100)*((((5000/(6000+Inputs!$B$43*(1-(100*(1-(1-Inputs!$B$19/100)*(1-Artifacts!$B$51/100)^IF(Inputs!$B$39="pvp",1,2)))/100)))/(5000/(6000+Inputs!$B$43*(1-Inputs!$B$19/100))))*((L14*(1-MIN(100,(Inputs!$B$9+Summary!$B$14+Artifacts!$B$32)+Artifacts!$B$69)/100)+M14*(MIN(100,(Inputs!$B$9+Summary!$B$14+Artifacts!$B$32)+Artifacts!$B$69)/100))/(L14*(1-MIN(100,(Inputs!$B$9+Summary!$B$14+Artifacts!$B$32))/100)+M14*(MIN(100,(Inputs!$B$9+Summary!$B$14+Artifacts!$B$32))/100)))*(1+Artifacts!$B$81/100))),0) | V14: =IF(C14,(H14*N14*IF(AND(Inputs!$B$39<>"pvp",Inputs!$B$44>0),((Skills!G14*((R14-1)*IF(Skills!H14>0,Skills!I14/Skills!H14,1)+IF(Skills!H14>0,MIN(Skills!I14,MAX(0,MAX(0,Inputs!$B$44-Summary!$B$26)-((R14-1)*IF(Inputs!$B$39="pvp",15,MAX(0.1,Skills!D14-IF(TRUE=TRUE,Inputs!$B$32,0))))))/Skills!H14,1)))/Inputs!$B$44),G14*Q14))*IF(Inputs!$B$39="pvp",1,(1+(Inputs!$B$21+Skills!Q14+Summary!$B$15+Artifacts!$B$80)/100)*(MIN(Skills!W14,Inputs!$B$37)))*((1+Artifacts!$B$53/100)),0)
A15: =Skills!A15 | B15: =Skills!B15 | C15: =Inputs!$B$3>=107 | D15: =IF(Skills!C15=1,60+Inputs!$B$25+Inputs!$B$29,IF(Skills!C15=2,90+Inputs!$B$26+Inputs!$B$29,IF(Skills!C15=3,120+Inputs!$B$27+Inputs!$B$29,MAX(0,(Inputs!$B$3-100)*3)+Inputs!$B$28+Inputs!$B$29))) | E15: =INDEX(FactorTable!$B$2:$Y$301, MATCH(ROUND(MIN(300,MAX(1,D15)),0), FactorTable!$A$2:$A$301,0), Skills!M15+1) | F15: =IF(Skills!N15=TRUE,(Skills!L15/10)*(E15/1000),Skills!L15/10)+Skills!O15 | G15: =Skills!G15*IF(Skills!H15>0,IF(Inputs!$B$39="pvp",MIN(Skills!I15,15),Skills!I15)/Skills!H15,1) | H15: =1-(1-Skills!J15/100)^Skills!K15 | I15: 1 | J15: =Summary!$B$6*(F15/100) | K15: =J15*(1+Summary!$B$7/100)*(1+Inputs!$B$15/100)*(1+Inputs!$B$16/100)*(5000/(6000+Inputs!$B$43*(1-Inputs!$B$19/100)))*(1+Inputs!$B$24/100)*(1+Artifacts!$B$34/100)*(1+(IF(Skills!A15="CRUEL_STAB",Inputs!$B$17+Artifacts!$B$40,Inputs!$B$18+Artifacts!$B$39))/100)*(Summary!$B$13*Summary!$B$16*(1+Artifacts!$B$38/100)*I15) | L15: =K15*(MIN(Inputs!$B$22,Inputs!$B$23)/100+Inputs!$B$23/100)/2 | M15: =L15*(1+(Inputs!$B$10+Summary!$B$21+Artifacts!$B$33)/100) | N15: =L15*(1-MIN((Inputs!$B$9+Summary!$B$14+Artifacts!$B$32),100)/100)+M15*(MIN((Inputs!$B$9+Summary!$B$14+Artifacts!$B$32),100)/100) | O15: =(1-Summary!$B$11)*T15+Summary!$B$11*V15 | P15: =IF(Summary!$B$3=0,0,O15/Summary!$B$3) | Q15: =IFERROR(1/IF(Inputs!$B$39="pvp",15,MAX(0.1,Skills!D15-IF(TRUE=TRUE,Inputs!$B$32,0))),0) | R15: =IF(AND(Inputs!$B$39<>"pvp",Inputs!$B$44>0),IF(MAX(0,Inputs!$B$44-Summary!$B$26)<=0,0,(INT(MAX(0,Inputs!$B$44-Summary!$B$26)/IF(Inputs!$B$39="pvp",15,MAX(0.1,Skills!D15-IF(TRUE=TRUE,Inputs!$B$32,0))))+1)),0) | S15: =IFERROR(O15/N15,0) | T15: =IF(C15,(H15*N15*IF(AND(Inputs!$B$39<>"pvp",Inputs!$B$44>0),((Skills!G15*((R15-1)*IF(Skills!H15>0,Skills!I15/Skills!H15,1)+IF(Skills!H15>0,MIN(Skills!I15,MAX(0,MAX(0,Inputs!$B$44-Summary!$B$26)-((R15-1)*IF(Inputs!$B$39="pvp",15,MAX(0.1,Skills!D15-IF(TRUE=TRUE,Inputs!$B$32,0))))))/Skills!H15,1)))/Inputs!$B$44),G15*Q15))*IF(Inputs!$B$39="pvp",1,1+(Inputs!$B$20+Skills!P15+Summary!$B$15+Artifacts!$B$35)/100)*((((5000/(6000+Inputs!$B$43*(1-(100*(1-(1-Inputs!$B$19/100)*(1-Artifacts!$B$51/100)^IF(Inputs!$B$39="pvp",1,2)))/100)))/(5000/(6000+Inputs!$B$43*(1-Inputs!$B$19/100))))*((L15*(1-MIN(100,(Inputs!$B$9+Summary!$B$14+Artifacts!$B$32)+Artifacts!$B$69)/100)+M15*(MIN(100,(Inputs!$B$9+Summary!$B$14+Artifacts!$B$32)+Artifacts!$B$69)/100))/(L15*(1-MIN(100,(Inputs!$B$9+Summary!$B$14+Artifacts!$B$32))/100)+M15*(MIN(100,(Inputs!$B$9+Summary!$B$14+Artifacts!$B$32))/100)))*(1+Artifacts!$B$81/100))),0) | V15: =IF(C15,(H15*N15*IF(AND(Inputs!$B$39<>"pvp",Inputs!$B$44>0),((Skills!G15*((R15-1)*IF(Skills!H15>0,Skills!I15/Skills!H15,1)+IF(Skills!H15>0,MIN(Skills!I15,MAX(0,MAX(0,Inputs!$B$44-Summary!$B$26)-((R15-1)*IF(Inputs!$B$39="pvp",15,MAX(0.1,Skills!D15-IF(TRUE=TRUE,Inputs!$B$32,0))))))/Skills!H15,1)))/Inputs!$B$44),G15*Q15))*IF(Inputs!$B$39="pvp",1,(1+(Inputs!$B$21+Skills!Q15+Summary!$B$15+Artifacts!$B$80)/100)*(MIN(MIN(5,0.5*IF(Inputs!$B$3>=75,0.75,0.5)*Summary!$B$18*(1/Calc!Q4))*Skills!V15,Inputs!$B$37)))*((1+Artifacts!$B$53/100)),0)
A16: =Skills!A16 | B16: =Skills!B16 | C16: =Inputs!$B$3>=110 | D16: =IF(Skills!C16=1,60+Inputs!$B$25+Inputs!$B$29,IF(Skills!C16=2,90+Inputs!$B$26+Inputs!$B$29,IF(Skills!C16=3,120+Inputs!$B$27+Inputs!$B$29,MAX(0,(Inputs!$B$3-100)*3)+Inputs!$B$28+Inputs!$B$29))) | E16: =INDEX(FactorTable!$B$2:$Y$301, MATCH(ROUND(MIN(300,MAX(1,D16)),0), FactorTable!$A$2:$A$301,0), Skills!M16+1) | F16: =IF(Skills!N16=TRUE,(Skills!L16/10)*(E16/1000),Skills!L16/10)+Skills!O16 | G16: =Skills!G16*IF(Skills!H16>0,IF(Inputs!$B$39="pvp",MIN(Skills!I16,15),Skills!I16)/Skills!H16,1) | H16: =1-(1-Skills!J16/100)^Skills!K16 | I16: 1 | O16: =(1-Summary!$B$11)*T16+Summary!$B$11*V16 | P16: =IF(Summary!$B$3=0,0,O16/Summary!$B$3) | Q16: =IFERROR(1/IF(Inputs!$B$39="pvp",15,MAX(0.1,Skills!D16-IF(TRUE=TRUE,Inputs!$B$32,0))),0) | R16: =IF(AND(Inputs!$B$39<>"pvp",Inputs!$B$44>0),IF(Inputs!$B$44<=0,0,(INT(Inputs!$B$44/IF(Inputs!$B$39="pvp",15,MAX(0.1,Skills!D16-IF(TRUE=TRUE,Inputs!$B$32,0))))+1)),0) | S16: =IFERROR(O16/N16,0) | T16: 0 | V16: 0
A17: =Skills!A17 | B17: =Skills!B17 | C17: =Inputs!$B$3>=115 | D17: =IF(Skills!C17=1,60+Inputs!$B$25+Inputs!$B$29,IF(Skills!C17=2,90+Inputs!$B$26+Inputs!$B$29,IF(Skills!C17=3,120+Inputs!$B$27+Inputs!$B$29,MAX(0,(Inputs!$B$3-100)*3)+Inputs!$B$28+Inputs!$B$29))) | E17: =INDEX(FactorTable!$B$2:$Y$301, MATCH(ROUND(MIN(300,MAX(1,D17)),0), FactorTable!$A$2:$A$301,0), Skills!M17+1) | F17: =IF(Skills!N17=TRUE,(Skills!L17/10)*(E17/1000),Skills!L17/10)+Skills!O17 | G17: =Skills!G17*IF(Skills!H17>0,IF(Inputs!$B$39="pvp",MIN(Skills!I17,15),Skills!I17)/Skills!H17,1) | H17: =1-(1-Skills!J17/100)^Skills!K17 | I17: 1 | J17: =Summary!$B$6*(F17/100) | K17: =J17*(1+Summary!$B$7/100)*(1+Inputs!$B$15/100)*(1+Inputs!$B$16/100)*(5000/(6000+Inputs!$B$43*(1-Inputs!$B$19/100)))*(1+Inputs!$B$24/100)*(1+Artifacts!$B$34/100)*(1+(IF(Skills!A17="CRUEL_STAB",Inputs!$B$17+Artifacts!$B$40,Inputs!$B$18+Artifacts!$B$39))/100)*(Summary!$B$13*Summary!$B$16*(1+Artifacts!$B$38/100)*I17) | L17: =K17*(MIN(Inputs!$B$22,Inputs!$B$23)/100+Inputs!$B$23/100)/2 | M17: =L17*(1+(Inputs!$B$10+Summary!$B$21+Artifacts!$B$33)/100) | N17: =L17*(1-MIN((Inputs!$B$9+Summary!$B$14+Artifacts!$B$32),100)/100)+M17*(MIN((Inputs!$B$9+Summary!$B$14+Artifacts!$B$32),100)/100) | O17: =(1-Summary!$B$11)*T17+Summary!$B$11*V17 | P17: =IF(Summary!$B$3=0,0,O17/Summary!$B$3) | Q17: 0 | R17: 0 | S17: =IFERROR(O17/N17,0) | T17: =IF(C17,(Inputs!$B$38*0.2*N17)*IF(Inputs!$B$39="pvp",1,1+(Inputs!$B$20+Skills!P17+Summary!$B$15+Artifacts!$B$35)/100)*((((5000/(6000+Inputs!$B$43*(1-(100*(1-(1-Inputs!$B$19/100)*(1-Artifacts!$B$51/100)^IF(Inputs!$B$39="pvp",1,2)))/100)))/(5000/(6000+Inputs!$B$43*(1-Inputs!$B$19/100))))*((L17*(1-MIN(100,(Inputs!$B$9+Summary!$B$14+Artifacts!$B$32)+Artifacts!$B$69)/100)+M17*(MIN(100,(Inputs!$B$9+Summary!$B$14+Artifacts!$B$32)+Artifacts!$B$69)/100))/(L17*(1-MIN(100,(Inputs!$B$9+Summary!$B$14+Artifacts!$B$32))/100)+M17*(MIN(100,(Inputs!$B$9+Summary!$B$14+Artifacts!$B$32))/100)))*(1+Artifacts!$B$81/100))),0) | V17: =IF(C17,(Inputs!$B$38*0.2*N17)*IF(Inputs!$B$39="pvp",1,(1+(Inputs!$B$21+Skills!Q17+Summary!$B$15+Artifacts!$B$80)/100)*(MIN(Skills!W17,Inputs!$B$37)))*((1+Artifacts!$B$53/100)),0)
A18: =Skills!A18 | B18: =Skills!B18 | C18: =Inputs!$B$3>=115 | D18: =IF(Skills!C18=1,60+Inputs!$B$25+Inputs!$B$29,IF(Skills!C18=2,90+Inputs!$B$26+Inputs!$B$29,IF(Skills!C18=3,120+Inputs!$B$27+Inputs!$B$29,MAX(0,(Inputs!$B$3-100)*3)+Inputs!$B$28+Inputs!$B$29))) | E18: =INDEX(FactorTable!$B$2:$Y$301, MATCH(ROUND(MIN(300,MAX(1,D18)),0), FactorTable!$A$2:$A$301,0), Skills!M18+1) | F18: =IF(Skills!N18=TRUE,(Skills!L18/10)*(E18/1000),Skills!L18/10)+Skills!O18 | G18: =Skills!G18*IF(Skills!H18>0,IF(Inputs!$B$39="pvp",MIN(Skills!I18,15),Skills!I18)/Skills!H18,1) | H18: =1-(1-Skills!J18/100)^Skills!K18 | I18: 1 | O18: =(1-Summary!$B$11)*T18+Summary!$B$11*V18 | P18: =IF(Summary!$B$3=0,0,O18/Summary!$B$3) | Q18: 0 | R18: 0 | S18: =IFERROR(O18/N18,0) | T18: 0 | V18: 0
A19: =Skills!A19 | B19: =Skills!B19 | C19: =Inputs!$B$3>=100 | D19: =IF(Skills!C19=1,60+Inputs!$B$25+Inputs!$B$29,IF(Skills!C19=2,90+Inputs!$B$26+Inputs!$B$29,IF(Skills!C19=3,120+Inputs!$B$27+Inputs!$B$29,MAX(0,(Inputs!$B$3-100)*3)+Inputs!$B$28+Inputs!$B$29))) | E19: =INDEX(FactorTable!$B$2:$Y$301, MATCH(ROUND(MIN(300,MAX(1,D19)),0), FactorTable!$A$2:$A$301,0), Skills!M19+1) | F19: =IF(Skills!N19=TRUE,(Skills!L19/10)*(E19/1000),Skills!L19/10)+Skills!O19 | G19: =Skills!G19*IF(Skills!H19>0,IF(Inputs!$B$39="pvp",MIN(Skills!I19,15),Skills!I19)/Skills!H19,1) | H19: =1-(1-Skills!J19/100)^Skills!K19 | I19: 1 | O19: =(1-Summary!$B$11)*T19+Summary!$B$11*V19 | P19: =IF(Summary!$B$3=0,0,O19/Summary!$B$3) | Q19: 0 | R19: 0 | S19: =IFERROR(O19/N19,0) | T19: 0 | V19: 0
A20: =Skills!A20 | B20: =Skills!B20 | C20: =TRUE | D20: =IF(Skills!C20=1,60+Inputs!$B$25+Inputs!$B$29,IF(Skills!C20=2,90+Inputs!$B$26+Inputs!$B$29,IF(Skills!C20=3,120+Inputs!$B$27+Inputs!$B$29,MAX(0,(Inputs!$B$3-100)*3)+Inputs!$B$28+Inputs!$B$29))) | E20: =INDEX(FactorTable!$B$2:$Y$301, MATCH(ROUND(MIN(300,MAX(1,D20)),0), FactorTable!$A$2:$A$301,0), Skills!M20+1) | F20: =IF(Skills!N20=TRUE,(Skills!L20/10)*(E20/1000),Skills!L20/10)+Skills!O20 | G20: =Skills!G20*IF(Skills!H20>0,IF(Inputs!$B$39="pvp",MIN(Skills!I20,15),Skills!I20)/Skills!H20,1) | H20: =1-(1-Skills!J20/100)^Skills!K20 | I20: 1 | O20: =(1-Summary!$B$11)*T20+Summary!$B$11*V20 | P20: =IF(Summary!$B$3=0,0,O20/Summary!$B$3) | Q20: =IFERROR(1/IF(Inputs!$B$39="pvp",15,MAX(0.1,Skills!D20-IF(TRUE=TRUE,Inputs!$B$32,0))),0) | R20: =IF(AND(Inputs!$B$39<>"pvp",Inputs!$B$44>0),IF(Inputs!$B$44<=0,0,(INT(Inputs!$B$44/IF(Inputs!$B$39="pvp",15,MAX(0.1,Skills!D20-IF(TRUE=TRUE,Inputs!$B$32,0))))+1)),0) | S20: =IFERROR(O20/N20,0) | T20: 0 | V20: 0
A21: =Skills!A21 | B21: =Skills!B21 | C21: =Inputs!$B$3>=15 | D21: =IF(Skills!C21=1,60+Inputs!$B$25+Inputs!$B$29,IF(Skills!C21=2,90+Inputs!$B$26+Inputs!$B$29,IF(Skills!C21=3,120+Inputs!$B$27+Inputs!$B$29,MAX(0,(Inputs!$B$3-100)*3)+Inputs!$B$28+Inputs!$B$29))) | E21: =INDEX(FactorTable!$B$2:$Y$301, MATCH(ROUND(MIN(300,MAX(1,D21)),0), FactorTable!$A$2:$A$301,0), Skills!M21+1) | F21: =IF(Skills!N21=TRUE,(Skills!L21/10)*(E21/1000),Skills!L21/10)+Skills!O21 | G21: =Skills!G21*IF(Skills!H21>0,IF(Inputs!$B$39="pvp",MIN(Skills!I21,15),Skills!I21)/Skills!H21,1) | H21: =1-(1-Skills!J21/100)^Skills!K21 | I21: 1 | O21: =(1-Summary!$B$11)*T21+Summary!$B$11*V21 | P21: =IF(Summary!$B$3=0,0,O21/Summary!$B$3) | Q21: =IFERROR(1/IF(Inputs!$B$39="pvp",15,MAX(0.1,Skills!D21-IF(TRUE=TRUE,Inputs!$B$32,0))),0) | R21: =IF(AND(Inputs!$B$39<>"pvp",Inputs!$B$44>0),IF(Inputs!$B$44<=0,0,(INT(Inputs!$B$44/IF(Inputs!$B$39="pvp",15,MAX(0.1,Skills!D21-IF(TRUE=TRUE,Inputs!$B$32,0))))+1)),0) | S21: =IFERROR(O21/N21,0) | T21: 0 | V21: 0
A22: =Skills!A22 | B22: =Skills!B22 | C22: =Inputs!$B$3>=15 | D22: =IF(Skills!C22=1,60+Inputs!$B$25+Inputs!$B$29,IF(Skills!C22=2,90+Inputs!$B$26+Inputs!$B$29,IF(Skills!C22=3,120+Inputs!$B$27+Inputs!$B$29,MAX(0,(Inputs!$B$3-100)*3)+Inputs!$B$28+Inputs!$B$29))) | E22: =INDEX(FactorTable!$B$2:$Y$301, MATCH(ROUND(MIN(300,MAX(1,D22)),0), FactorTable!$A$2:$A$301,0), Skills!M22+1) | F22: =IF(Skills!N22=TRUE,(Skills!L22/10)*(E22/1000),Skills!L22/10)+Skills!O22 | G22: =Skills!G22*IF(Skills!H22>0,IF(Inputs!$B$39="pvp",MIN(Skills!I22,15),Skills!I22)/Skills!H22,1) | H22: =1-(1-Skills!J22/100)^Skills!K22 | I22: 1 | O22: =(1-Summary!$B$11)*T22+Summary!$B$11*V22 | P22: =IF(Summary!$B$3=0,0,O22/Summary!$B$3) | Q22: =IFERROR(1/IF(Inputs!$B$39="pvp",15,MAX(0.1,Skills!D22-IF(TRUE=TRUE,Inputs!$B$32,0))),0) | R22: =IF(AND(Inputs!$B$39<>"pvp",Inputs!$B$44>0),IF(Inputs!$B$44<=0,0,(INT(Inputs!$B$44/IF(Inputs!$B$39="pvp",15,MAX(0.1,Skills!D22-IF(TRUE=TRUE,Inputs!$B$32,0))))+1)),0) | S22: =IFERROR(O22/N22,0) | T22: 0 | V22: 0
A23: =Skills!A23 | B23: =Skills!B23 | C23: =Inputs!$B$3>=33 | D23: =IF(Skills!C23=1,60+Inputs!$B$25+Inputs!$B$29,IF(Skills!C23=2,90+Inputs!$B$26+Inputs!$B$29,IF(Skills!C23=3,120+Inputs!$B$27+Inputs!$B$29,MAX(0,(Inputs!$B$3-100)*3)+Inputs!$B$28+Inputs!$B$29))) | E23: =INDEX(FactorTable!$B$2:$Y$301, MATCH(ROUND(MIN(300,MAX(1,D23)),0), FactorTable!$A$2:$A$301,0), Skills!M23+1) | F23: =IF(Skills!N23=TRUE,(Skills!L23/10)*(E23/1000),Skills!L23/10)+Skills!O23 | G23: =Skills!G23*IF(Skills!H23>0,IF(Inputs!$B$39="pvp",MIN(Skills!I23,15),Skills!I23)/Skills!H23,1) | H23: =1-(1-Skills!J23/100)^Skills!K23 | I23: 1 | O23: =(1-Summary!$B$11)*T23+Summary!$B$11*V23 | P23: =IF(Summary!$B$3=0,0,O23/Summary!$B$3) | Q23: 0 | R23: 0 | S23: =IFERROR(O23/N23,0) | T23: 0 | V23: 0
A24: =Skills!A24 | B24: =Skills!B24 | C24: =Inputs!$B$3>=40 | D24: =IF(Skills!C24=1,60+Inputs!$B$25+Inputs!$B$29,IF(Skills!C24=2,90+Inputs!$B$26+Inputs!$B$29,IF(Skills!C24=3,120+Inputs!$B$27+Inputs!$B$29,MAX(0,(Inputs!$B$3-100)*3)+Inputs!$B$28+Inputs!$B$29))) | E24: =INDEX(FactorTable!$B$2:$Y$301, MATCH(ROUND(MIN(300,MAX(1,D24)),0), FactorTable!$A$2:$A$301,0), Skills!M24+1) | F24: =IF(Skills!N24=TRUE,(Skills!L24/10)*(E24/1000),Skills!L24/10)+Skills!O24 | G24: =Skills!G24*IF(Skills!H24>0,IF(Inputs!$B$39="pvp",MIN(Skills!I24,15),Skills!I24)/Skills!H24,1) | H24: =1-(1-Skills!J24/100)^Skills!K24 | I24: 1 | O24: =(1-Summary!$B$11)*T24+Summary!$B$11*V24 | P24: =IF(Summary!$B$3=0,0,O24/Summary!$B$3) | Q24: 0 | R24: 0 | S24: =IFERROR(O24/N24,0) | T24: 0 | V24: 0
A25: =Skills!A25 | B25: =Skills!B25 | C25: =Inputs!$B$3>=43 | D25: =IF(Skills!C25=1,60+Inputs!$B$25+Inputs!$B$29,IF(Skills!C25=2,90+Inputs!$B$26+Inputs!$B$29,IF(Skills!C25=3,120+Inputs!$B$27+Inputs!$B$29,MAX(0,(Inputs!$B$3-100)*3)+Inputs!$B$28+Inputs!$B$29))) | E25: =INDEX(FactorTable!$B$2:$Y$301, MATCH(ROUND(MIN(300,MAX(1,D25)),0), FactorTable!$A$2:$A$301,0), Skills!M25+1) | F25: =IF(Skills!N25=TRUE,(Skills!L25/10)*(E25/1000),Skills!L25/10)+Skills!O25 | G25: =Skills!G25*IF(Skills!H25>0,IF(Inputs!$B$39="pvp",MIN(Skills!I25,15),Skills!I25)/Skills!H25,1) | H25: =1-(1-Skills!J25/100)^Skills!K25 | I25: 1 | O25: =(1-Summary!$B$11)*T25+Summary!$B$11*V25 | P25: =IF(Summary!$B$3=0,0,O25/Summary!$B$3) | Q25: 0 | R25: 0 | S25: =IFERROR(O25/N25,0) | T25: 0 | V25: 0
A26: =Skills!A26 | B26: =Skills!B26 | C26: =Inputs!$B$3>=50 | D26: =IF(Skills!C26=1,60+Inputs!$B$25+Inputs!$B$29,IF(Skills!C26=2,90+Inputs!$B$26+Inputs!$B$29,IF(Skills!C26=3,120+Inputs!$B$27+Inputs!$B$29,MAX(0,(Inputs!$B$3-100)*3)+Inputs!$B$28+Inputs!$B$29))) | E26: =INDEX(FactorTable!$B$2:$Y$301, MATCH(ROUND(MIN(300,MAX(1,D26)),0), FactorTable!$A$2:$A$301,0), Skills!M26+1) | F26: =IF(Skills!N26=TRUE,(Skills!L26/10)*(E26/1000),Skills!L26/10)+Skills!O26 | G26: =Skills!G26*IF(Skills!H26>0,IF(Inputs!$B$39="pvp",MIN(Skills!I26,15),Skills!I26)/Skills!H26,1) | H26: =1-(1-Skills!J26/100)^Skills!K26 | I26: 1 | O26: =(1-Summary!$B$11)*T26+Summary!$B$11*V26 | P26: =IF(Summary!$B$3=0,0,O26/Summary!$B$3) | Q26: 0 | R26: 0 | S26: =IFERROR(O26/N26,0) | T26: 0 | V26: 0
A27: =Skills!A27 | B27: =Skills!B27 | C27: =Inputs!$B$3>=50 | D27: =IF(Skills!C27=1,60+Inputs!$B$25+Inputs!$B$29,IF(Skills!C27=2,90+Inputs!$B$26+Inputs!$B$29,IF(Skills!C27=3,120+Inputs!$B$27+Inputs!$B$29,MAX(0,(Inputs!$B$3-100)*3)+Inputs!$B$28+Inputs!$B$29))) | E27: =INDEX(FactorTable!$B$2:$Y$301, MATCH(ROUND(MIN(300,MAX(1,D27)),0), FactorTable!$A$2:$A$301,0), Skills!M27+1) | F27: =IF(Skills!N27=TRUE,(Skills!L27/10)*(E27/1000),Skills!L27/10)+Skills!O27 | G27: =Skills!G27*IF(Skills!H27>0,IF(Inputs!$B$39="pvp",MIN(Skills!I27,15),Skills!I27)/Skills!H27,1) | H27: =1-(1-Skills!J27/100)^Skills!K27 | I27: 1 | O27: =(1-Summary!$B$11)*T27+Summary!$B$11*V27 | P27: =IF(Summary!$B$3=0,0,O27/Summary!$B$3) | Q27: 0 | R27: 0 | S27: =IFERROR(O27/N27,0) | T27: 0 | V27: 0
A28: =Skills!A28 | B28: =Skills!B28 | C28: =Inputs!$B$3>=38 | D28: =IF(Skills!C28=1,60+Inputs!$B$25+Inputs!$B$29,IF(Skills!C28=2,90+Inputs!$B$26+Inputs!$B$29,IF(Skills!C28=3,120+Inputs!$B$27+Inputs!$B$29,MAX(0,(Inputs!$B$3-100)*3)+Inputs!$B$28+Inputs!$B$29))) | E28: =INDEX(FactorTable!$B$2:$Y$301, MATCH(ROUND(MIN(300,MAX(1,D28)),0), FactorTable!$A$2:$A$301,0), Skills!M28+1) | F28: =IF(Skills!N28=TRUE,(Skills!L28/10)*(E28/1000),Skills!L28/10)+Skills!O28 | G28: =Skills!G28*IF(Skills!H28>0,IF(Inputs!$B$39="pvp",MIN(Skills!I28,15),Skills!I28)/Skills!H28,1) | H28: =1-(1-Skills!J28/100)^Skills!K28 | I28: 1 | O28: =(1-Summary!$B$11)*T28+Summary!$B$11*V28 | P28: =IF(Summary!$B$3=0,0,O28/Summary!$B$3) | Q28: 0 | R28: 0 | S28: =IFERROR(O28/N28,0) | T28: 0 | V28: 0
A29: =Skills!A29 | B29: =Skills!B29 | C29: =Inputs!$B$3>=120 | D29: =IF(Skills!C29=1,60+Inputs!$B$25+Inputs!$B$29,IF(Skills!C29=2,90+Inputs!$B$26+Inputs!$B$29,IF(Skills!C29=3,120+Inputs!$B$27+Inputs!$B$29,MAX(0,(Inputs!$B$3-100)*3)+Inputs!$B$28+Inputs!$B$29))) | E29: =INDEX(FactorTable!$B$2:$Y$301, MATCH(ROUND(MIN(300,MAX(1,D29)),0), FactorTable!$A$2:$A$301,0), Skills!M29+1) | F29: =IF(Skills!N29=TRUE,(Skills!L29/10)*(E29/1000),Skills!L29/10)+Skills!O29 | G29: =Skills!G29*IF(Skills!H29>0,IF(Inputs!$B$39="pvp",MIN(Skills!I29,15),Skills!I29)/Skills!H29,1) | H29: =1-(1-Skills!J29/100)^Skills!K29 | I29: 1 | O29: =(1-Summary!$B$11)*T29+Summary!$B$11*V29 | P29: =IF(Summary!$B$3=0,0,O29/Summary!$B$3) | Q29: 0 | R29: 0 | S29: =IFERROR(O29/N29,0) | T29: 0 | V29: 0
A30: =Skills!A30 | B30: =Skills!B30 | C30: =Inputs!$B$3>=120 | D30: =IF(Skills!C30=1,60+Inputs!$B$25+Inputs!$B$29,IF(Skills!C30=2,90+Inputs!$B$26+Inputs!$B$29,IF(Skills!C30=3,120+Inputs!$B$27+Inputs!$B$29,MAX(0,(Inputs!$B$3-100)*3)+Inputs!$B$28+Inputs!$B$29))) | E30: =INDEX(FactorTable!$B$2:$Y$301, MATCH(ROUND(MIN(300,MAX(1,D30)),0), FactorTable!$A$2:$A$301,0), Skills!M30+1) | F30: =IF(Skills!N30=TRUE,(Skills!L30/10)*(E30/1000),Skills!L30/10)+Skills!O30 | G30: =Skills!G30*IF(Skills!H30>0,IF(Inputs!$B$39="pvp",MIN(Skills!I30,15),Skills!I30)/Skills!H30,1) | H30: =1-(1-Skills!J30/100)^Skills!K30 | I30: 1 | O30: =(1-Summary!$B$11)*T30+Summary!$B$11*V30 | P30: =IF(Summary!$B$3=0,0,O30/Summary!$B$3) | Q30: 0 | R30: 0 | S30: =IFERROR(O30/N30,0) | T30: 0 | V30: 0
A31: =Skills!A31 | B31: =Skills!B31 | C31: =Inputs!$B$3>=125 | D31: =IF(Skills!C31=1,60+Inputs!$B$25+Inputs!$B$29,IF(Skills!C31=2,90+Inputs!$B$26+Inputs!$B$29,IF(Skills!C31=3,120+Inputs!$B$27+Inputs!$B$29,MAX(0,(Inputs!$B$3-100)*3)+Inputs!$B$28+Inputs!$B$29))) | E31: =INDEX(FactorTable!$B$2:$Y$301, MATCH(ROUND(MIN(300,MAX(1,D31)),0), FactorTable!$A$2:$A$301,0), Skills!M31+1) | F31: =IF(Skills!N31=TRUE,(Skills!L31/10)*(E31/1000),Skills!L31/10)+Skills!O31 | G31: =Skills!G31*IF(Skills!H31>0,IF(Inputs!$B$39="pvp",MIN(Skills!I31,15),Skills!I31)/Skills!H31,1) | H31: =1-(1-Skills!J31/100)^Skills!K31 | I31: 1 | O31: =(1-Summary!$B$11)*T31+Summary!$B$11*V31 | P31: =IF(Summary!$B$3=0,0,O31/Summary!$B$3) | Q31: 0 | R31: 0 | S31: =IFERROR(O31/N31,0) | T31: 0 | V31: 0

Sheet Summary
A1: Shadower — DPS Summary
A3: TOTAL DPS | B3: =SUM(Calc!O2:O31)
A5: Derived Values (read-only, computed from Inputs)
A6: ATTACK (= Flat ATTACK x (1+ATTACK%/100)) | B6: =Inputs!$B$6*(1+Inputs!$B$7/100)
A7: STAT_DAMAGE % (= 1% of total LUK + 0.25% of DEX) | B7: =(Inputs!$B$12*(1+Inputs!$B$13/100))*0.01+Inputs!$B$14*0.0025
A8: Basic Attack (Cruel Stab) Input Level (4th job formula) | B8: =MAX(0,(Inputs!$B$3-100)*3)+Inputs!$B$28+Inputs!$B$29
A9: Basic Attack Factor (factorIndex 21, from Cruel Stab == Showdown/Chain Lightning/Big Bang reuse) | B9: =INDEX(FactorTable!$B$2:$Y$301, MATCH(ROUND(MIN(300,MAX(1,Summary!$B$8)),0), FactorTable!$A$2:$A$301,0), 22)
A10: SKILL_COEFFICIENT — Cruel Stab base coefficient % (before Skill Mastery) | B10: =290*Summary!$B$9/1000
A11: Normal-Monster Weight (= 0 for boss, 1 for normal, Breakthrough Normal Weight % for breakthrough, 0 for pvp) | B11: =IF(Inputs!$B$39="normal",1,IF(Inputs!$B$39="breakthrough",Inputs!$B$45/100,0))
A13: Average Buff Multiplier (Dark Sight Attack + Steal + Meso Mastery + Artifact Attack% summed additively, x Into Darkness FD x Smokescreen FD) | B13: =(1+(((Calc!C22=TRUE)*Calc!F22*IF(AND(Inputs!$B$39<>"pvp",Inputs!$B$44>0),(((Calc!R22-1)*MIN((Skills!Y22*(1+Inputs!$B$34/100)),(1/Calc!Q22))+MIN((Skills!Y22*(1+Inputs!$B$34/100)),MAX(0,Inputs!$B$44-((Calc!R22-1)*(1/Calc!Q22)))))/Inputs!$B$44),IF(Inputs!$B$39="pvp",MIN((Skills!Y22*(1+Inputs!$B$34/100)),15)/15,MIN(1,(Skills!Y22*(1+Inputs!$B$34/100))/(1/Calc!Q22)))))+((Calc!C3=TRUE)*Calc!F3*3)+((Calc!C5=TRUE)*Calc!F5*(1-EXP(-0.75*Summary!$B$18*5)))+Artifacts!$B$52)/100)*(1+((Calc!C11=TRUE)*Calc!F11*IF(AND(Inputs!$B$39<>"pvp",Inputs!$B$44>0),(((Calc!R11-1)*MIN((Skills!Y11*(1+Inputs!$B$34/100)),(1/Calc!Q11))+MIN((Skills!Y11*(1+Inputs!$B$34/100)),MAX(0,Inputs!$B$44-((Calc!R11-1)*(1/Calc!Q11)))))/Inputs!$B$44),IF(Inputs!$B$39="pvp",MIN((Skills!Y11*(1+Inputs!$B$34/100)),15)/15,MIN(1,(Skills!Y11*(1+Inputs!$B$34/100))/(1/Calc!Q11)))))/100)*(1+((Calc!C16=TRUE)*Calc!F16*IF(AND(Inputs!$B$39<>"pvp",Inputs!$B$44>0),(((Calc!R16-1)*MIN((Skills!Y16*(1+Inputs!$B$34/100)),(1/Calc!Q16))+MIN((Skills!Y16*(1+Inputs!$B$34/100)),MAX(0,Inputs!$B$44-((Calc!R16-1)*(1/Calc!Q16)))))/Inputs!$B$44),IF(Inputs!$B$39="pvp",MIN((Skills!Y16*(1+Inputs!$B$34/100)),15)/15,MIN(1,(Skills!Y16*(1+Inputs!$B$34/100))/(1/Calc!Q16)))))/100)
A14: Global Crit Rate Bonus % (Dark Sight Crit Rate, duty-cycle averaged) | B14: =((Calc!C21=TRUE)*Calc!F21*IF(AND(Inputs!$B$39<>"pvp",Inputs!$B$44>0),(((Calc!R21-1)*MIN((Skills!Y21*(1+Inputs!$B$34/100)),(1/Calc!Q21))+MIN((Skills!Y21*(1+Inputs!$B$34/100)),MAX(0,Inputs!$B$44-((Calc!R21-1)*(1/Calc!Q21)))))/Inputs!$B$44),IF(Inputs!$B$39="pvp",MIN((Skills!Y21*(1+Inputs!$B$34/100)),15)/15,MIN(1,(Skills!Y21*(1+Inputs!$B$34/100))/(1/Calc!Q21)))))
A15: Global Monster Damage-Taken Bonus % (Venom Lv.82 Weaken, patched 12%->15%, + Artifacts) | B15: =IF(Inputs!$B$3>=82,15,0)+Artifacts!$B$36
A16: Shadow Partner Average Multiplier | B16: =1+((Calc!C8=TRUE)*Calc!F8*(1+3.3333333333333335*IF(Calc!C19=TRUE,Calc!F19,0)/100)*Calc!I8*Skills!J8/100)/100
A17: Attack Speed Buff Bonus % (Nimble Feet, averaged) | B17: =((Calc!C20=TRUE)*Calc!F20*IF(AND(Inputs!$B$39<>"pvp",Inputs!$B$44>0),(((Calc!R20-1)*MIN((Skills!Y20*(1+Inputs!$B$34/100)),(1/Calc!Q20))+MIN((Skills!Y20*(1+Inputs!$B$34/100)),MAX(0,Inputs!$B$44-((Calc!R20-1)*(1/Calc!Q20)))))/Inputs!$B$44),IF(Inputs!$B$39="pvp",MIN((Skills!Y20*(1+Inputs!$B$34/100)),15)/15,MIN(1,(Skills!Y20*(1+Inputs!$B$34/100))/(1/Calc!Q20)))))
A18: Actions Per Second | B18: =1+MIN(150,150*(1-(1-Inputs!$B$11/150)*(1-B17/150)))/100
A19: Skill + Buff Cast Rate (subtracted from Cruel Stab, 1/s) | B19: =IF(AND(Inputs!$B$39<>"pvp",Inputs!$B$44>0),SUMPRODUCT((Skills!E2:E31=TRUE)*(Calc!C2:C31=TRUE)*Calc!R2:R31*Skills!F2:F31)/Inputs!$B$44,SUMPRODUCT((Skills!E2:E31=TRUE)*(Calc!C2:C31=TRUE)*Calc!Q2:Q31*Skills!F2:F31))
A20: Cruel Stab (Basic Attack) Casts Per Second | B20: =MAX(0,B18-B19)
A21: Global Critical Damage Bonus % (Smokescreen Mastery Lv.113, duty-cycle-averaged) | B21: =IF(Inputs!$B$3>=113,30,0)*IF(AND(Inputs!$B$39<>"pvp",Inputs!$B$44>0),(((Calc!R16-1)*MIN((Skills!Y16*(1+Inputs!$B$34/100)),(1/Calc!Q16))+MIN((Skills!Y16*(1+Inputs!$B$34/100)),MAX(0,Inputs!$B$44-((Calc!R16-1)*(1/Calc!Q16)))))/Inputs!$B$44),IF(Inputs!$B$39="pvp",MIN((Skills!Y16*(1+Inputs!$B$34/100)),15)/15,MIN(1,(Skills!Y16*(1+Inputs!$B$34/100))/(1/Calc!Q16))))
A22: Meso Explosion — average stack count at cast time (steady-state) | B22: =MIN(10,IF(Inputs!$B$3>=75,0.75,0.5)*B18*(1/Calc!Q4))
A23: Blood Money — average stack count at cast time (steady-state) | B23: =MIN(5,0.5*IF(Inputs!$B$3>=75,0.75,0.5)*B18*(1/Calc!Q4))
A24: Assassinate Murderous Intent Multiplier (Mastery Lv.108, steady-state average) | B24: =1+IFERROR(MIN(1,(Calc!C15=TRUE)*Calc!Q15*2/Calc!Q12),0)
A25: Cruel Stab (Basic Attack) DPS | B25: =Calc!O2
A26: Buff-Casting Startup Delay (s, before first damage-skill cast; fixed-duration only) | B26: =IF(AND(Inputs!$B$39<>"pvp",Inputs!$B$44>0),SUMPRODUCT((Skills!Y2:Y31>0)*(Skills!E2:E31=TRUE)*(Calc!C2:C31=TRUE))/B18,0)
A27: Boss-Only Total DPS (Sensitivity baseline) | B27: =SUM(Calc!T2:T31)
A28: Normal-Only Total DPS (Sensitivity baseline) | B28: =SUM(Calc!V2:V31)
A30: Per-Skill DPS Breakdown
A31: Skill | B31: DPS | C31: % of Total
A32: =Calc!B2 | B32: =Calc!O2 | C32: =Calc!P2*100
A33: =Calc!B4 | B33: =Calc!O4 | C33: =Calc!P4*100
A34: =Calc!B6 | B34: =Calc!O6 | C34: =Calc!P6*100
A35: =Calc!B7 | B35: =Calc!O7 | C35: =Calc!P7*100
A36: =Calc!B9 | B36: =Calc!O9 | C36: =Calc!P9*100
A37: =Calc!B10 | B37: =Calc!O10 | C37: =Calc!P10*100
A38: =Calc!B12 | B38: =Calc!O12 | C38: =Calc!P12*100
A39: =Calc!B13 | B39: =Calc!O13 | C39: =Calc!P13*100
A40: =Calc!B14 | B40: =Calc!O14 | C40: =Calc!P14*100
A41: =Calc!B15 | B41: =Calc!O15 | C41: =Calc!P15*100
A42: =Calc!B17 | B42: =Calc!O17 | C42: =Calc!P17*100
A43: Marginal DPS & Stat Value (see Sensitivity for full detail)
A45: Stat | B45: DPS per +1 | C45: Units per +1% DPS
A46: =Sensitivity!A5 | B46: =Sensitivity!H5 | C46: =Sensitivity!B5
A47: =Sensitivity!A6 | B47: =Sensitivity!H6 | C47: =Sensitivity!B6
A48: =Sensitivity!A7 | B48: =Sensitivity!H7 | C48: =Sensitivity!B7
A49: =Sensitivity!A8 | B49: =Sensitivity!H8 | C49: =Sensitivity!B8
A50: =Sensitivity!A9 | B50: =Sensitivity!H9 | C50: =Sensitivity!B9
A51: =Sensitivity!A10 | B51: =Sensitivity!H10 | C51: =Sensitivity!B10
A52: =Sensitivity!A11 | B52: =Sensitivity!H11 | C52: =Sensitivity!B11
A53: =Sensitivity!A12 | B53: =Sensitivity!H12 | C53: =Sensitivity!B12
A54: =Sensitivity!A13 | B54: =Sensitivity!H13 | C54: =Sensitivity!B13
A55: =Sensitivity!A14 | B55: =Sensitivity!H14 | C55: =Sensitivity!B14
A56: =Sensitivity!A15 | B56: =Sensitivity!H15 | C56: =Sensitivity!B15
A57: =Sensitivity!A16 | B57: =Sensitivity!H16 | C57: =Sensitivity!B16
... A72: =Sensitivity!A31 | B72: =Sensitivity!H31 | C72: =Sensitivity!B31
A73: Artifact Equip-Toggle DPS Gain, best to worst (see Sensitivity for full detail)
A75: Artifact | B75: DPS Gain | C75: % Gain
A76: =Sensitivity!A34 | B76: =Sensitivity!B34 | C76: =Sensitivity!C34
A77: =Sensitivity!A35 | B77: =Sensitivity!B35 | C77: =Sensitivity!C35
A78: =Sensitivity!A36 | B78: =Sensitivity!B36 | C78: =Sensitivity!C36
A79: =Sensitivity!A37 | B79: =Sensitivity!B37 | C79: =Sensitivity!C37
A80: =Sensitivity!A38 | B80: =Sensitivity!B38 | C80: =Sensitivity!C38
A81: =Sensitivity!A39 | B81: =Sensitivity!B39 | C81: =Sensitivity!C39
A82: =Sensitivity!A40 | B82: =Sensitivity!B40 | C82: =Sensitivity!C40
A83: =Sensitivity!A41 | B83: =Sensitivity!B41 | C83: =Sensitivity!C41
A84: =Sensitivity!A42 | B84: =Sensitivity!B42 | C84: =Sensitivity!C42
A85: =Sensitivity!A43 | B85: =Sensitivity!B43 | C85: =Sensitivity!C43
A86: =Sensitivity!A44 | B86: =Sensitivity!B44 | C86: =Sensitivity!C44
A87: =Sensitivity!A45 | B87: =Sensitivity!B45 | C87: =Sensitivity!C45
... A111: =Sensitivity!A69 | B111: =Sensitivity!B69 | C111: =Sensitivity!C69

Sheet Sensitivity
A1: Marginal DPS per +1 (percentage point / skill level / flat point)
A2: Attack Speed and Def Pen combine their +1 via the diminishing-returns formula (new = (1-(1-old/factor)*(1-1/factor))*factor), not a flat add.
A4: Stat | B4: Units per +1% DPS | C4: Type | D4: Current Value | E4: New Value | F4: Baseline Total DPS | G4: New Total DPS | H4: DPS Gain | I4: % Gain
A5: Flat LUK | B5: =IFERROR(1/(I5-100),"n/a") | C5: flat | D5: =Inputs!$B$12 | E5: =(Inputs!$B$12+1) | F5: =Summary!$B$3 | G5: =B116 | H5: =Summary!$B$3*(((1-Summary!$B$11)*IFERROR(B117/Summary!$B$27,1)+Summary!$B$11*IFERROR(B118/Summary!$B$28,1))-1) | I5: =((1-Summary!$B$11)*IFERROR(B117/Summary!$B$27,1)+Summary!$B$11*IFERROR(B118/Summary!$B$28,1))*100
A6: LUK % | B6: =IFERROR(1/(I6-100),"n/a") | C6: pct | D6: =Inputs!$B$13 | E6: =(Inputs!$B$13+1) | F6: =Summary!$B$3 | G6: =B167 | H6: =Summary!$B$3*(((1-Summary!$B$11)*IFERROR(B168/Summary!$B$27,1)+Summary!$B$11*IFERROR(B169/Summary!$B$28,1))-1) | I6: =((1-Summary!$B$11)*IFERROR(B168/Summary!$B$27,1)+Summary!$B$11*IFERROR(B169/Summary!$B$28,1))*100
A7: DEX | B7: =IFERROR(1/(I7-100),"n/a") | C7: flat | D7: =Inputs!$B$14 | E7: =(Inputs!$B$14+1) | F7: =Summary!$B$3 | G7: =B218 | H7: =Summary!$B$3*(((1-Summary!$B$11)*IFERROR(B219/Summary!$B$27,1)+Summary!$B$11*IFERROR(B220/Summary!$B$28,1))-1) | I7: =((1-Summary!$B$11)*IFERROR(B219/Summary!$B$27,1)+Summary!$B$11*IFERROR(B220/Summary!$B$28,1))*100
A8: DAMAGE % | B8: =IFERROR(1/(I8-100),"n/a") | C8: pct | D8: =Inputs!$B$15 | E8: =(Inputs!$B$15+1) | F8: =Summary!$B$3 | G8: =B269 | H8: =Summary!$B$3*(((1-Summary!$B$11)*IFERROR(B270/Summary!$B$27,1)+Summary!$B$11*IFERROR(B271/Summary!$B$28,1))-1) | I8: =((1-Summary!$B$11)*IFERROR(B270/Summary!$B$27,1)+Summary!$B$11*IFERROR(B271/Summary!$B$28,1))*100
A9: DAMAGE_AMP % | B9: =IFERROR(1/(I9-100),"n/a") | C9: pct | D9: =Inputs!$B$16 | E9: =(Inputs!$B$16+1) | F9: =Summary!$B$3 | G9: =B320 | H9: =Summary!$B$3*(((1-Summary!$B$11)*IFERROR(B321/Summary!$B$27,1)+Summary!$B$11*IFERROR(B322/Summary!$B$28,1))-1) | I9: =((1-Summary!$B$11)*IFERROR(B321/Summary!$B$27,1)+Summary!$B$11*IFERROR(B322/Summary!$B$28,1))*100
A10: BOSS_DAMAGE % | B10: =IFERROR(1/(I10-100),"n/a") | C10: pct | D10: =Inputs!$B$20 | E10: =(Inputs!$B$20+1) | F10: =Summary!$B$3 | G10: =B371 | H10: =Summary!$B$3*(((1-Summary!$B$11)*IFERROR(B372/Summary!$B$27,1)+Summary!$B$11*IFERROR(B373/Summary!$B$28,1))-1) | I10: =((1-Summary!$B$11)*IFERROR(B372/Summary!$B$27,1)+Summary!$B$11*IFERROR(B373/Summary!$B$28,1))*100
A11: NORMAL_DAMAGE % | B11: =IFERROR(1/(I11-100),"n/a") | C11: pct | D11: =Inputs!$B$21 | E11: =(Inputs!$B$21+1) | F11: =Summary!$B$3 | G11: =B422 | H11: =Summary!$B$3*(((1-Summary!$B$11)*IFERROR(B423/Summary!$B$27,1)+Summary!$B$11*IFERROR(B424/Summary!$B$28,1))-1) | I11: =((1-Summary!$B$11)*IFERROR(B423/Summary!$B$27,1)+Summary!$B$11*IFERROR(B424/Summary!$B$28,1))*100
A12: FINAL_DAMAGE % (multiplicative source) | B12: =IFERROR(1/(I12-100),"n/a") | C12: mult | D12: =Inputs!$B$24 | E12: =((((1+Inputs!$B$24/100)*(1.01))-1)*100) | F12: =Summary!$B$3 | G12: =B473 | H12: =Summary!$B$3*(((1-Summary!$B$11)*IFERROR(B474/Summary!$B$27,1)+Summary!$B$11*IFERROR(B475/Summary!$B$28,1))-1) | I12: =((1-Summary!$B$11)*IFERROR(B474/Summary!$B$27,1)+Summary!$B$11*IFERROR(B475/Summary!$B$28,1))*100
A13: MIN_DAMAGE % | B13: =IFERROR(1/(I13-100),"n/a") | C13: pct | D13: =Inputs!$B$22 | E13: =(Inputs!$B$22+1) | F13: =Summary!$B$3 | G13: =B524 | H13: =Summary!$B$3*(((1-Summary!$B$11)*IFERROR(B525/Summary!$B$27,1)+Summary!$B$11*IFERROR(B526/Summary!$B$28,1))-1) | I13: =((1-Summary!$B$11)*IFERROR(B525/Summary!$B$27,1)+Summary!$B$11*IFERROR(B526/Summary!$B$28,1))*100
A14: MAX_DAMAGE % | B14: =IFERROR(1/(I14-100),"n/a") | C14: pct | D14: =Inputs!$B$23 | E14: =(Inputs!$B$23+1) | F14: =Summary!$B$3 | G14: =B575 | H14: =Summary!$B$3*(((1-Summary!$B$11)*IFERROR(B576/Summary!$B$27,1)+Summary!$B$11*IFERROR(B577/Summary!$B$28,1))-1) | I14: =((1-Summary!$B$11)*IFERROR(B576/Summary!$B$27,1)+Summary!$B$11*IFERROR(B577/Summary!$B$28,1))*100
A15: CRIT_RATE % | B15: =IFERROR(1/(I15-100),"n/a") | C15: pct | D15: =Inputs!$B$9 | E15: =(Inputs!$B$9+1) | F15: =Summary!$B$3 | G15: =B626 | H15: =Summary!$B$3*(((1-Summary!$B$11)*IFERROR(B627/Summary!$B$27,1)+Summary!$B$11*IFERROR(B628/Summary!$B$28,1))-1) | I15: =((1-Summary!$B$11)*IFERROR(B627/Summary!$B$27,1)+Summary!$B$11*IFERROR(B628/Summary!$B$28,1))*100
A16: CRIT_DAMAGE % | B16: =IFERROR(1/(I16-100),"n/a") | C16: pct | D16: =Inputs!$B$10 | E16: =(Inputs!$B$10+1) | F16: =Summary!$B$3 | G16: =B677 | H16: =Summary!$B$3*(((1-Summary!$B$11)*IFERROR(B678/Summary!$B$27,1)+Summary!$B$11*IFERROR(B679/Summary!$B$28,1))-1) | I16: =((1-Summary!$B$11)*IFERROR(B678/Summary!$B$27,1)+Summary!$B$11*IFERROR(B679/Summary!$B$28,1))*100
A17: ATTACK_SPEED % (diminishing returns, factor 150) | B17: =IFERROR(1/(I17-100),"n/a") | C17: dr150 | D17: =Inputs!$B$11 | E17: =((1-(1-Inputs!$B$11/150)*(1-1/150))*150) | F17: =Summary!$B$3 | G17: =B728 | H17: =Summary!$B$3*(((1-Summary!$B$11)*IFERROR(B729/Summary!$B$27,1)+Summary!$B$11*IFERROR(B730/Summary!$B$28,1))-1) | I17: =((1-Summary!$B$11)*IFERROR(B729/Summary!$B$27,1)+Summary!$B$11*IFERROR(B730/Summary!$B$28,1))*100
A18: DEF_PEN % (diminishing returns, factor 100) | B18: =IFERROR(1/(I18-100),"n/a") | C18: dr100 | D18: =Inputs!$B$19 | E18: =((1-(1-Inputs!$B$19/100)*(1-1/100))*100) | F18: =Summary!$B$3 | G18: =B779 | H18: =Summary!$B$3*(((1-Summary!$B$11)*IFERROR(B780/Summary!$B$27,1)+Summary!$B$11*IFERROR(B781/Summary!$B$28,1))-1) | I18: =((1-Summary!$B$11)*IFERROR(B780/Summary!$B$27,1)+Summary!$B$11*IFERROR(B781/Summary!$B$28,1))*100
A19: BASIC_ATTACK_DAMAGE % | B19: =IFERROR(1/(I19-100),"n/a") | C19: pct | D19: =Inputs!$B$17 | E19: =(Inputs!$B$17+1) | F19: =Summary!$B$3 | G19: =B830 | H19: =Summary!$B$3*(((1-Summary!$B$11)*IFERROR(B831/Summary!$B$27,1)+Summary!$B$11*IFERROR(B832/Summary!$B$28,1))-1) | I19: =((1-Summary!$B$11)*IFERROR(B831/Summary!$B$27,1)+Summary!$B$11*IFERROR(B832/Summary!$B$28,1))*100
A20: SKILL_DAMAGE % | B20: =IFERROR(1/(I20-100),"n/a") | C20: pct | D20: =Inputs!$B$18 | E20: =(Inputs!$B$18+1) | F20: =Summary!$B$3 | G20: =B881 | H20: =Summary!$B$3*(((1-Summary!$B$11)*IFERROR(B882/Summary!$B$27,1)+Summary!$B$11*IFERROR(B883/Summary!$B$28,1))-1) | I20: =((1-Summary!$B$11)*IFERROR(B882/Summary!$B$27,1)+Summary!$B$11*IFERROR(B883/Summary!$B$28,1))*100
A21: Skill Level Bonus — 1st Job | B21: =IFERROR(1/(I21-100),"n/a") | C21: level | D21: =Inputs!$B$25 | E21: =(Inputs!$B$25+1) | F21: =Summary!$B$3 | G21: =B932 | H21: =Summary!$B$3*(((1-Summary!$B$11)*IFERROR(B933/Summary!$B$27,1)+Summary!$B$11*IFERROR(B934/Summary!$B$28,1))-1) | I21: =((1-Summary!$B$11)*IFERROR(B933/Summary!$B$27,1)+Summary!$B$11*IFERROR(B934/Summary!$B$28,1))*100
A22: Skill Level Bonus — 2nd Job | B22: =IFERROR(1/(I22-100),"n/a") | C22: level | D22: =Inputs!$B$26 | E22: =(Inputs!$B$26+1) | F22: =Summary!$B$3 | G22: =B983 | H22: =Summary!$B$3*(((1-Summary!$B$11)*IFERROR(B984/Summary!$B$27,1)+Summary!$B$11*IFERROR(B985/Summary!$B$28,1))-1) | I22: =((1-Summary!$B$11)*IFERROR(B984/Summary!$B$27,1)+Summary!$B$11*IFERROR(B985/Summary!$B$28,1))*100
A23: Skill Level Bonus — 3rd Job | B23: =IFERROR(1/(I23-100),"n/a") | C23: level | D23: =Inputs!$B$27 | E23: =(Inputs!$B$27+1) | F23: =Summary!$B$3 | G23: =B1034 | H23: =Summary!$B$3*(((1-Summary!$B$11)*IFERROR(B1035/Summary!$B$27,1)+Summary!$B$11*IFERROR(B1036/Summary!$B$28,1))-1) | I23: =((1-Summary!$B$11)*IFERROR(B1035/Summary!$B$27,1)+Summary!$B$11*IFERROR(B1036/Summary!$B$28,1))*100
A24: Skill Level Bonus — 4th Job | B24: =IFERROR(1/(I24-100),"n/a") | C24: level | D24: =Inputs!$B$28 | E24: =(Inputs!$B$28+1) | F24: =Summary!$B$3 | G24: =B1085 | H24: =Summary!$B$3*(((1-Summary!$B$11)*IFERROR(B1086/Summary!$B$27,1)+Summary!$B$11*IFERROR(B1087/Summary!$B$28,1))-1) | I24: =((1-Summary!$B$11)*IFERROR(B1086/Summary!$B$27,1)+Summary!$B$11*IFERROR(B1087/Summary!$B$28,1))*100
A25: Skill Level Bonus — All Skills | B25: =IFERROR(1/(I25-100),"n/a") | C25: level | D25: =Inputs!$B$29 | E25: =(Inputs!$B$29+1) | F25: =Summary!$B$3 | G25: =B1136 | H25: =Summary!$B$3*(((1-Summary!$B$11)*IFERROR(B1137/Summary!$B$27,1)+Summary!$B$11*IFERROR(B1138/Summary!$B$28,1))-1) | I25: =((1-Summary!$B$11)*IFERROR(B1137/Summary!$B$27,1)+Summary!$B$11*IFERROR(B1138/Summary!$B$28,1))*100
A26: Flat ATTACK | B26: =IFERROR(1/(I26-100),"n/a") | C26: flat | D26: =Inputs!$B$6 | E26: =(Inputs!$B$6+1) | F26: =Summary!$B$3 | G26: =B1187 | H26: =Summary!$B$3*(((1-Summary!$B$11)*IFERROR(B1188/Summary!$B$27,1)+Summary!$B$11*IFERROR(B1189/Summary!$B$28,1))-1) | I26: =((1-Summary!$B$11)*IFERROR(B1188/Summary!$B$27,1)+Summary!$B$11*IFERROR(B1189/Summary!$B$28,1))*100
A27: ATTACK % | B27: =IFERROR(1/(I27-100),"n/a") | C27: pct | D27: =Inputs!$B$7 | E27: =(Inputs!$B$7+1) | F27: =Summary!$B$3 | G27: =B1238 | H27: =Summary!$B$3*(((1-Summary!$B$11)*IFERROR(B1239/Summary!$B$27,1)+Summary!$B$11*IFERROR(B1240/Summary!$B$28,1))-1) | I27: =((1-Summary!$B$11)*IFERROR(B1239/Summary!$B$27,1)+Summary!$B$11*IFERROR(B1240/Summary!$B$28,1))*100
A28: Skill Cooldown Decrease (seconds) | B28: =IFERROR(1/(I28-100),"n/a") | C28: flat | D28: =Inputs!$B$32 | E28: =(Inputs!$B$32+1) | F28: =Summary!$B$3 | G28: =B1289 | H28: =Summary!$B$3*(((1-Summary!$B$11)*IFERROR(B1290/Summary!$B$27,1)+Summary!$B$11*IFERROR(B1291/Summary!$B$28,1))-1) | I28: =((1-Summary!$B$11)*IFERROR(B1290/Summary!$B$27,1)+Summary!$B$11*IFERROR(B1291/Summary!$B$28,1))*100
A29: Basic Attack Target Increase (flat) | B29: =IFERROR(1/(I29-100),"n/a") | C29: flat | D29: =Inputs!$B$33 | E29: =(Inputs!$B$33+1) | F29: =Summary!$B$3 | G29: =B1340 | H29: =Summary!$B$3*(((1-Summary!$B$11)*IFERROR(B1341/Summary!$B$27,1)+Summary!$B$11*IFERROR(B1342/Summary!$B$28,1))-1) | I29: =((1-Summary!$B$11)*IFERROR(B1341/Summary!$B$27,1)+Summary!$B$11*IFERROR(B1342/Summary!$B$28,1))*100
A30: Buff Duration Increase % | B30: =IFERROR(1/(I30-100),"n/a") | C30: pct | D30: =Inputs!$B$34 | E30: =(Inputs!$B$34+1) | F30: =Summary!$B$3 | G30: =B1391 | H30: =Summary!$B$3*(((1-Summary!$B$11)*IFERROR(B1392/Summary!$B$27,1)+Summary!$B$11*IFERROR(B1393/Summary!$B$28,1))-1) | I30: =((1-Summary!$B$11)*IFERROR(B1392/Summary!$B$27,1)+Summary!$B$11*IFERROR(B1393/Summary!$B$28,1))*100
A31: Incoming Hit Rate (hits/sec, Shadow Shifter only) | B31: =IFERROR(1/(I31-100),"n/a") | C31: flat | D31: =Inputs!$B$38 | E31: =(Inputs!$B$38+1) | F31: =Summary!$B$3 | G31: =B1442 | H31: =Summary!$B$3*(((1-Summary!$B$11)*IFERROR(B1443/Summary!$B$27,1)+Summary!$B$11*IFERROR(B1444/Summary!$B$28,1))-1) | I31: =((1-Summary!$B$11)*IFERROR(B1443/Summary!$B$27,1)+Summary!$B$11*IFERROR(B1444/Summary!$B$28,1))*100
A32: Artifact Equip-Toggle DPS Gain
A33: Artifact | B33: DPS Gain | C33: % Gain
A34: =IF(1>COUNTIF($AD$34:$AD$69,TRUE),"",INDEX($AA$34:$AA$69,MATCH(1,$AE$34:$AE$69,0))) | B34: =IF(1>COUNTIF($AD$34:$AD$69,TRUE),"",INDEX($AB$34:$AB$69,MATCH(1,$AE$34:$AE$69,0))) | C34: =IF(1>COUNTIF($AD$34:$AD$69,TRUE),"",INDEX($AC$34:$AC$69,MATCH(1,$AE$34:$AE$69,0))) | AA34: Charm of the Undead (Equip) | AB34: =(IF(ArtifactsInput!$M$5,-1,1)*Summary!$B$3*(((1-Summary!$B$11)*IFERROR(B1494/Summary!$B$27,1)+Summary!$B$11*IFERROR(B1495/Summary!$B$28,1))-1)+ArtifactsInput!$L$5) | AC34: =IF(ArtifactsInput!$M$5,Summary!$B$3/(Summary!$B$3-(IF(ArtifactsInput!$M$5,-1,1)*Summary!$B$3*(((1-Summary!$B$11)*IFERROR(B1494/Summary!$B$27,1)+Summary!$B$11*IFERROR(B1495/Summary!$B$28,1))-1)+ArtifactsInput!$L$5))*100,(Summary!$B$3+(IF(ArtifactsInput!$M$5,-1,1)*Summary!$B$3*(((1-Summary!$B$11)*IFERROR(B1494/Summary!$B$27,1)+Summary!$B$11*IFERROR(B1495/Summary!$B$28,1))-1)+ArtifactsInput!$L$5))/Summary!$B$3*100) | AD34: =ArtifactsInput!$B$5<>"Not Unlocked" | AE34: =IF(AD34,SUMPRODUCT(($AD$34:$AD$69)*($AC$34:$AC$69>AC34))+COUNTIFS($AD$34:AD34,TRUE,$AC$34:AC34,AC34),"")
A35: =IF(2>COUNTIF($AD$34:$AD$69,TRUE),"",INDEX($AA$34:$AA$69,MATCH(2,$AE$34:$AE$69,0))) | B35: =IF(2>COUNTIF($AD$34:$AD$69,TRUE),"",INDEX($AB$34:$AB$69,MATCH(2,$AE$34:$AE$69,0))) | C35: =IF(2>COUNTIF($AD$34:$AD$69,TRUE),"",INDEX($AC$34:$AC$69,MATCH(2,$AE$34:$AE$69,0))) | AA35: Pig's Ribbon (Equip) | AB35: =(IF(ArtifactsInput!$M$6,-1,1)*Summary!$B$3*(((1-Summary!$B$11)*IFERROR(B1545/Summary!$B$27,1)+Summary!$B$11*IFERROR(B1546/Summary!$B$28,1))-1)+ArtifactsInput!$L$6) | AC35: =IF(ArtifactsInput!$M$6,Summary!$B$3/(Summary!$B$3-(IF(ArtifactsInput!$M$6,-1,1)*Summary!$B$3*(((1-Summary!$B$11)*IFERROR(B1545/Summary!$B$27,1)+Summary!$B$11*IFERROR(B1546/Summary!$B$28,1))-1)+ArtifactsInput!$L$6))*100,(Summary!$B$3+(IF(ArtifactsInput!$M$6,-1,1)*Summary!$B$3*(((1-Summary!$B$11)*IFERROR(B1545/Summary!$B$27,1)+Summary!$B$11*IFERROR(B1546/Summary!$B$28,1))-1)+ArtifactsInput!$L$6))/Summary!$B$3*100) | AD35: =ArtifactsInput!$B$6<>"Not Unlocked" | AE35: =IF(AD35,SUMPRODUCT(($AD$34:$AD$69)*($AC$34:$AC$69>AC35))+COUNTIFS($AD$34:AD35,TRUE,$AC$34:AC35,AC35),"")
A36: =IF(3>COUNTIF($AD$34:$AD$69,TRUE),"",INDEX($AA$34:$AA$69,MATCH(3,$AE$34:$AE$69,0))) | B36: =IF(3>COUNTIF($AD$34:$AD$69,TRUE),"",INDEX($AB$34:$AB$69,MATCH(3,$AE$34:$AE$69,0))) | C36: =IF(3>COUNTIF($AD$34:$AD$69,TRUE),"",INDEX($AC$34:$AC$69,MATCH(3,$AE$34:$AE$69,0))) | AA36: Shamaness Marble (Equip) | AB36: =(IF(ArtifactsInput!$M$7,-1,1)*Summary!$B$3*(((1-Summary!$B$11)*IFERROR(B1596/Summary!$B$27,1)+Summary!$B$11*IFERROR(B1597/Summary!$B$28,1))-1)+ArtifactsInput!$L$7) | AC36: =IF(ArtifactsInput!$M$7,Summary!$B$3/(Summary!$B$3-(IF(ArtifactsInput!$M$7,-1,1)*Summary!$B$3*(((1-Summary!$B$11)*IFERROR(B1596/Summary!$B$27,1)+Summary!$B$11*IFERROR(B1597/Summary!$B$28,1))-1)+ArtifactsInput!$L$7))*100,(Summary!$B$3+(IF(ArtifactsInput!$M$7,-1,1)*Summary!$B$3*(((1-Summary!$B$11)*IFERROR(B1596/Summary!$B$27,1)+Summary!$B$11*IFERROR(B1597/Summary!$B$28,1))-1)+ArtifactsInput!$L$7))/Summary!$B$3*100) | AD36: =ArtifactsInput!$B$7<>"Not Unlocked" | AE36: =IF(AD36,SUMPRODUCT(($AD$34:$AD$69)*($AC$34:$AC$69>AC36))+COUNTIFS($AD$34:AD36,TRUE,$AC$34:AC36,AC36),"")
A37: =IF(4>COUNTIF($AD$34:$AD$69,TRUE),"",INDEX($AA$34:$AA$69,MATCH(4,$AE$34:$AE$69,0))) | B37: =IF(4>COUNTIF($AD$34:$AD$69,TRUE),"",INDEX($AB$34:$AB$69,MATCH(4,$AE$34:$AE$69,0))) | C37: =IF(4>COUNTIF($AD$34:$AD$69,TRUE),"",INDEX($AC$34:$AC$69,MATCH(4,$AE$34:$AE$69,0))) | AA37: The Contract of Darkness (Equip) | AB37: =(IF(ArtifactsInput!$M$8,-1,1)*Summary!$B$3*(((1-Summary!$B$11)*IFERROR(B1647/Summary!$B$27,1)+Summary!$B$11*IFERROR(B1648/Summary!$B$28,1))-1)+ArtifactsInput!$L$8) | AC37: =IF(ArtifactsInput!$M$8,Summary!$B$3/(Summary!$B$3-(IF(ArtifactsInput!$M$8,-1,1)*Summary!$B$3*(((1-Summary!$B$11)*IFERROR(B1647/Summary!$B$27,1)+Summary!$B$11*IFERROR(B1648/Summary!$B$28,1))-1)+ArtifactsInput!$L$8))*100,(Summary!$B$3+(IF(ArtifactsInput!$M$8,-1,1)*Summary!$B$3*(((1-Summary!$B$11)*IFERROR(B1647/Summary!$B$27,1)+Summary!$B$11*IFERROR(B1648/Summary!$B$28,1))-1)+ArtifactsInput!$L$8))/Summary!$B$3*100) | AD37: =ArtifactsInput!$B$8<>"Not Unlocked" | AE37: =IF(AD37,SUMPRODUCT(($AD$34:$AD$69)*($AC$34:$AC$69>AC37))+COUNTIFS($AD$34:AD37,TRUE,$AC$34:AC37,AC37),"")
A38: =IF(5>COUNTIF($AD$34:$AD$69,TRUE),"",INDEX($AA$34:$AA$69,MATCH(5,$AE$34:$AE$69,0))) | B38: =IF(5>COUNTIF($AD$34:$AD$69,TRUE),"",INDEX($AB$34:$AB$69,MATCH(5,$AE$34:$AE$69,0))) | C38: =IF(5>COUNTIF($AD$34:$AD$69,TRUE),"",INDEX($AC$34:$AC$69,MATCH(5,$AE$34:$AE$69,0))) | AA38: Rainbow-colored Snail Shell (Equip) | AB38: =(IF(ArtifactsInput!$M$10,-1,1)*Summary!$B$3*(((1-Summary!$B$11)*IFERROR(B1698/Summary!$B$27,1)+Summary!$B$11*IFERROR(B1699/Summary!$B$28,1))-1)+ArtifactsInput!$L$10) | AC38: =IF(ArtifactsInput!$M$10,Summary!$B$3/(Summary!$B$3-(IF(ArtifactsInput!$M$10,-1,1)*Summary!$B$3*(((1-Summary!$B$11)*IFERROR(B1698/Summary!$B$27,1)+Summary!$B$11*IFERROR(B1699/Summary!$B$28,1))-1)+ArtifactsInput!$L$10))*100,(Summary!$B$3+(IF(ArtifactsInput!$M$10,-1,1)*Summary!$B$3*(((1-Summary!$B$11)*IFERROR(B1698/Summary!$B$27,1)+Summary!$B$11*IFERROR(B1699/Summary!$B$28,1))-1)+ArtifactsInput!$L$10))/Summary!$B$3*100) | AD38: =ArtifactsInput!$B$10<>"Not Unlocked" | AE38: =IF(AD38,SUMPRODUCT(($AD$34:$AD$69)*($AC$34:$AC$69>AC38))+COUNTIFS($AD$34:AD38,TRUE,$AC$34:AC38,AC38),"")
A39: =IF(6>COUNTIF($AD$34:$AD$69,TRUE),"",INDEX($AA$34:$AA$69,MATCH(6,$AE$34:$AE$69,0))) | B39: =IF(6>COUNTIF($AD$34:$AD$69,TRUE),"",INDEX($AB$34:$AB$69,MATCH(6,$AE$34:$AE$69,0))) | C39: =IF(6>COUNTIF($AD$34:$AD$69,TRUE),"",INDEX($AC$34:$AC$69,MATCH(6,$AE$34:$AE$69,0))) | AA39: Hexagon Necklace (Equip) | AB39: =(IF(ArtifactsInput!$M$11,-1,1)*Summary!$B$3*(((1-Summary!$B$11)*IFERROR(B1749/Summary!$B$27,1)+Summary!$B$11*IFERROR(B1750/Summary!$B$28,1))-1)+ArtifactsInput!$L$11) | AC39: =IF(ArtifactsInput!$M$11,Summary!$B$3/(Summary!$B$3-(IF(ArtifactsInput!$M$11,-1,1)*Summary!$B$3*(((1-Summary!$B$11)*IFERROR(B1749/Summary!$B$27,1)+Summary!$B$11*IFERROR(B1750/Summary!$B$28,1))-1)+ArtifactsInput!$L$11))*100,(Summary!$B$3+(IF(ArtifactsInput!$M$11,-1,1)*Summary!$B$3*(((1-Summary!$B$11)*IFERROR(B1749/Summary!$B$27,1)+Summary!$B$11*IFERROR(B1750/Summary!$B$28,1))-1)+ArtifactsInput!$L$11))/Summary!$B$3*100) | AD39: =ArtifactsInput!$B$11<>"Not Unlocked" | AE39: =IF(AD39,SUMPRODUCT(($AD$34:$AD$69)*($AC$34:$AC$69>AC39))+COUNTIFS($AD$34:AD39,TRUE,$AC$34:AC39,AC39),"")
A40: =IF(7>COUNTIF($AD$34:$AD$69,TRUE),"",INDEX($AA$34:$AA$69,MATCH(7,$AE$34:$AE$69,0))) | B40: =IF(7>COUNTIF($AD$34:$AD$69,TRUE),"",INDEX($AB$34:$AB$69,MATCH(7,$AE$34:$AE$69,0))) | C40: =IF(7>COUNTIF($AD$34:$AD$69,TRUE),"",INDEX($AC$34:$AC$69,MATCH(7,$AE$34:$AE$69,0))) | AA40: Arwen's Glass Shoes (Equip) | AB40: =(IF(ArtifactsInput!$M$12,-1,1)*Summary!$B$3*(((1-Summary!$B$11)*IFERROR(B1800/Summary!$B$27,1)+Summary!$B$11*IFERROR(B1801/Summary!$B$28,1))-1)+ArtifactsInput!$L$12) | AC40: =IF(ArtifactsInput!$M$12,Summary!$B$3/(Summary!$B$3-(IF(ArtifactsInput!$M$12,-1,1)*Summary!$B$3*(((1-Summary!$B$11)*IFERROR(B1800/Summary!$B$27,1)+Summary!$B$11*IFERROR(B1801/Summary!$B$28,1))-1)+ArtifactsInput!$L$12))*100,(Summary!$B$3+(IF(ArtifactsInput!$M$12,-1,1)*Summary!$B$3*(((1-Summary!$B$11)*IFERROR(B1800/Summary!$B$27,1)+Summary!$B$11*IFERROR(B1801/Summary!$B$28,1))-1)+ArtifactsInput!$L$12))/Summary!$B$3*100) | AD40: =ArtifactsInput!$B$12<>"Not Unlocked" | AE40: =IF(AD40,SUMPRODUCT(($AD$34:$AD$69)*($AC$34:$AC$69>AC40))+COUNTIFS($AD$34:AD40,TRUE,$AC$34:AC40,AC40),"")
A41: =IF(8>COUNTIF($AD$34:$AD$69,TRUE),"",INDEX($AA$34:$AA$69,MATCH(8,$AE$34:$AE$69,0))) | B41: =IF(8>COUNTIF($AD$34:$AD$69,TRUE),"",INDEX($AB$34:$AB$69,MATCH(8,$AE$34:$AE$69,0))) | C41: =IF(8>COUNTIF($AD$34:$AD$69,TRUE),"",INDEX($AC$34:$AC$69,MATCH(8,$AE$34:$AE$69,0))) | AA41: Mushmom's Cap (Equip) | AB41: =(IF(ArtifactsInput!$M$13,-1,1)*Summary!$B$3*(((1-Summary!$B$11)*IFERROR(B1851/Summary!$B$27,1)+Summary!$B$11*IFERROR(B1852/Summary!$B$28,1))-1)+ArtifactsInput!$L$13) | AC41: =IF(ArtifactsInput!$M$13,Summary!$B$3/(Summary!$B$3-(IF(ArtifactsInput!$M$13,-1,1)*Summary!$B$3*(((1-Summary!$B$11)*IFERROR(B1851/Summary!$B$27,1)+Summary!$B$11*IFERROR(B1852/Summary!$B$28,1))-1)+ArtifactsInput!$L$13))*100,(Summary!$B$3+(IF(ArtifactsInput!$M$13,-1,1)*Summary!$B$3*(((1-Summary!$B$11)*IFERROR(B1851/Summary!$B$27,1)+Summary!$B$11*IFERROR(B1852/Summary!$B$28,1))-1)+ArtifactsInput!$L$13))/Summary!$B$3*100) | AD41: =ArtifactsInput!$B$13<>"Not Unlocked" | AE41: =IF(AD41,SUMPRODUCT(($AD$34:$AD$69)*($AC$34:$AC$69>AC41))+COUNTIFS($AD$34:AD41,TRUE,$AC$34:AC41,AC41),"")
A42: =IF(9>COUNTIF($AD$34:$AD$69,TRUE),"",INDEX($AA$34:$AA$69,MATCH(9,$AE$34:$AE$69,0))) | B42: =IF(9>COUNTIF($AD$34:$AD$69,TRUE),"",INDEX($AB$34:$AB$69,MATCH(9,$AE$34:$AE$69,0))) | C42: =IF(9>COUNTIF($AD$34:$AD$69,TRUE),"",INDEX($AC$34:$AC$69,MATCH(9,$AE$34:$AE$69,0))) | AA42: Clear Spring Water (Equip) | AB42: =(IF(ArtifactsInput!$M$14,-1,1)*Summary!$B$3*(((1-Summary!$B$11)*IFERROR(B1902/Summary!$B$27,1)+Summary!$B$11*IFERROR(B1903/Summary!$B$28,1))-1)+ArtifactsInput!$L$14) | AC42: =IF(ArtifactsInput!$M$14,Summary!$B$3/(Summary!$B$3-(IF(ArtifactsInput!$M$14,-1,1)*Summary!$B$3*(((1-Summary!$B$11)*IFERROR(B1902/Summary!$B$27,1)+Summary!$B$11*IFERROR(B1903/Summary!$B$28,1))-1)+ArtifactsInput!$L$14))*100,(Summary!$B$3+(IF(ArtifactsInput!$M$14,-1,1)*Summary!$B$3*(((1-Summary!$B$11)*IFERROR(B1902/Summary!$B$27,1)+Summary!$B$11*IFERROR(B1903/Summary!$B$28,1))-1)+ArtifactsInput!$L$14))/Summary!$B$3*100) | AD42: =ArtifactsInput!$B$14<>"Not Unlocked" | AE42: =IF(AD42,SUMPRODUCT(($AD$34:$AD$69)*($AC$34:$AC$69>AC42))+COUNTIFS($AD$34:AD42,TRUE,$AC$34:AC42,AC42),"")
A43: =IF(10>COUNTIF($AD$34:$AD$69,TRUE),"",INDEX($AA$34:$AA$69,MATCH(10,$AE$34:$AE$69,0))) | B43: =IF(10>COUNTIF($AD$34:$AD$69,TRUE),"",INDEX($AB$34:$AB$69,MATCH(10,$AE$34:$AE$69,0))) | C43: =IF(10>COUNTIF($AD$34:$AD$69,TRUE),"",INDEX($AC$34:$AC$69,MATCH(10,$AE$34:$AE$69,0))) | AA43: Athena Pierce's Old Gloves (Equip) | AB43: =(IF(ArtifactsInput!$M$15,-1,1)*Summary!$B$3*(((1-Summary!$B$11)*IFERROR(B1953/Summary!$B$27,1)+Summary!$B$11*IFERROR(B1954/Summary!$B$28,1))-1)+ArtifactsInput!$L$15) | AC43: =IF(ArtifactsInput!$M$15,Summary!$B$3/(Summary!$B$3-(IF(ArtifactsInput!$M$15,-1,1)*Summary!$B$3*(((1-Summary!$B$11)*IFERROR(B1953/Summary!$B$27,1)+Summary!$B$11*IFERROR(B1954/Summary!$B$28,1))-1)+ArtifactsInput!$L$15))*100,(Summary!$B$3+(IF(ArtifactsInput!$M$15,-1,1)*Summary!$B$3*(((1-Summary!$B$11)*IFERROR(B1953/Summary!$B$27,1)+Summary!$B$11*IFERROR(B1954/Summary!$B$28,1))-1)+ArtifactsInput!$L$15))/Summary!$B$3*100) | AD43: =ArtifactsInput!$B$15<>"Not Unlocked" | AE43: =IF(AD43,SUMPRODUCT(($AD$34:$AD$69)*($AC$34:$AC$69>AC43))+COUNTIFS($AD$34:AD43,TRUE,$AC$34:AC43,AC43),"")
A44: =IF(11>COUNTIF($AD$34:$AD$69,TRUE),"",INDEX($AA$34:$AA$69,MATCH(11,$AE$34:$AE$69,0))) | B44: =IF(11>COUNTIF($AD$34:$AD$69,TRUE),"",INDEX($AB$34:$AB$69,MATCH(11,$AE$34:$AE$69,0))) | C44: =IF(11>COUNTIF($AD$34:$AD$69,TRUE),"",INDEX($AC$34:$AC$69,MATCH(11,$AE$34:$AE$69,0))) | AA44: Zakum's Stone Piece (Equip) | AB44: =(IF(ArtifactsInput!$M$16,-1,1)*Summary!$B$3*(((1-Summary!$B$11)*IFERROR(B2004/Summary!$B$27,1)+Summary!$B$11*IFERROR(B2005/Summary!$B$28,1))-1)+ArtifactsInput!$L$16) | AC44: =IF(ArtifactsInput!$M$16,Summary!$B$3/(Summary!$B$3-(IF(ArtifactsInput!$M$16,-1,1)*Summary!$B$3*(((1-Summary!$B$11)*IFERROR(B2004/Summary!$B$27,1)+Summary!$B$11*IFERROR(B2005/Summary!$B$28,1))-1)+ArtifactsInput!$L$16))*100,(Summary!$B$3+(IF(ArtifactsInput!$M$16,-1,1)*Summary!$B$3*(((1-Summary!$B$11)*IFERROR(B2004/Summary!$B$27,1)+Summary!$B$11*IFERROR(B2005/Summary!$B$28,1))-1)+ArtifactsInput!$L$16))/Summary!$B$3*100) | AD44: =ArtifactsInput!$B$16<>"Not Unlocked" | AE44: =IF(AD44,SUMPRODUCT(($AD$34:$AD$69)*($AC$34:$AC$69>AC44))+COUNTIFS($AD$34:AD44,TRUE,$AC$34:AC44,AC44),"")
A45: =IF(12>COUNTIF($AD$34:$AD$69,TRUE),"",INDEX($AA$34:$AA$69,MATCH(12,$AE$34:$AE$69,0))) | B45: =IF(12>COUNTIF($AD$34:$AD$69,TRUE),"",INDEX($AB$34:$AB$69,MATCH(12,$AE$34:$AE$69,0))) | C45: =IF(12>COUNTIF($AD$34:$AD$69,TRUE),"",INDEX($AC$34:$AC$69,MATCH(12,$AE$34:$AE$69,0))) | AA45: Horntail's Scale (Equip) | AB45: =(IF(ArtifactsInput!$M$17,-1,1)*Summary!$B$3*(((1-Summary!$B$11)*IFERROR(B2055/Summary!$B$27,1)+Summary!$B$11*IFERROR(B2056/Summary!$B$28,1))-1)+ArtifactsInput!$L$17) | AC45: =IF(ArtifactsInput!$M$17,Summary!$B$3/(Summary!$B$3-(IF(ArtifactsInput!$M$17,-1,1)*Summary!$B$3*(((1-Summary!$B$11)*IFERROR(B2055/Summary!$B$27,1)+Summary!$B$11*IFERROR(B2056/Summary!$B$28,1))-1)+ArtifactsInput!$L$17))*100,(Summary!$B$3+(IF(ArtifactsInput!$M$17,-1,1)*Summary!$B$3*(((1-Summary!$B$11)*IFERROR(B2055/Summary!$B$27,1)+Summary!$B$11*IFERROR(B2056/Summary!$B$28,1))-1)+ArtifactsInput!$L$17))/Summary!$B$3*100) | AD45: =ArtifactsInput!$B$17<>"Not Unlocked" | AE45: =IF(AD45,SUMPRODUCT(($AD$34:$AD$69)*($AC$34:$AC$69>AC45))+COUNTIFS($AD$34:AD45,TRUE,$AC$34:AC45,AC45),"")
A46: =IF(13>COUNTIF($AD$34:$AD$69,TRUE),"",INDEX($AA$34:$AA$69,MATCH(13,$AE$34:$AE$69,0))) | B46: =IF(13>COUNTIF($AD$34:$AD$69,TRUE),"",INDEX($AB$34:$AB$69,MATCH(13,$AE$34:$AE$69,0))) | C46: =IF(13>COUNTIF($AD$34:$AD$69,TRUE),"",INDEX($AC$34:$AC$69,MATCH(13,$AE$34:$AE$69,0))) | AA46: Pink Bean's Giant Rib (Equip) | AB46: =(IF(ArtifactsInput!$M$18,-1,1)*Summary!$B$3*(((1-Summary!$B$11)*IFERROR(B2106/Summary!$B$27,1)+Summary!$B$11*IFERROR(B2107/Summary!$B$28,1))-1)+ArtifactsInput!$L$18) | AC46: =IF(ArtifactsInput!$M$18,Summary!$B$3/(Summary!$B$3-(IF(ArtifactsInput!$M$18,-1,1)*Summary!$B$3*(((1-Summary!$B$11)*IFERROR(B2106/Summary!$B$27,1)+Summary!$B$11*IFERROR(B2107/Summary!$B$28,1))-1)+ArtifactsInput!$L$18))*100,(Summary!$B$3+(IF(ArtifactsInput!$M$18,-1,1)*Summary!$B$3*(((1-Summary!$B$11)*IFERROR(B2106/Summary!$B$27,1)+Summary!$B$11*IFERROR(B2107/Summary!$B$28,1))-1)+ArtifactsInput!$L$18))/Summary!$B$3*100) | AD46: =ArtifactsInput!$B$18<>"Not Unlocked" | AE46: =IF(AD46,SUMPRODUCT(($AD$34:$AD$69)*($AC$34:$AC$69>AC46))+COUNTIFS($AD$34:AD46,TRUE,$AC$34:AC46,AC46),"")
A47: =IF(14>COUNTIF($AD$34:$AD$69,TRUE),"",INDEX($AA$34:$AA$69,MATCH(14,$AE$34:$AE$69,0))) | B47: =IF(14>COUNTIF($AD$34:$AD$69,TRUE),"",INDEX($AB$34:$AB$69,MATCH(14,$AE$34:$AE$69,0))) | C47: =IF(14>COUNTIF($AD$34:$AD$69,TRUE),"",INDEX($AC$34:$AC$69,MATCH(14,$AE$34:$AE$69,0))) | AA47: Chalice (Equip) | AB47: =(IF(ArtifactsInput!$M$20,-1,1)*Summary!$B$3*(((1-Summary!$B$11)*IFERROR(B2157/Summary!$B$27,1)+Summary!$B$11*IFERROR(B2158/Summary!$B$28,1))-1)+ArtifactsInput!$L$20) | AC47: =IF(ArtifactsInput!$M$20,Summary!$B$3/(Summary!$B$3-(IF(ArtifactsInput!$M$20,-1,1)*Summary!$B$3*(((1-Summary!$B$11)*IFERROR(B2157/Summary!$B$27,1)+Summary!$B$11*IFERROR(B2158/Summary!$B$28,1))-1)+ArtifactsInput!$L$20))*100,(Summary!$B$3+(IF(ArtifactsInput!$M$20,-1,1)*Summary!$B$3*(((1-Summary!$B$11)*IFERROR(B2157/Summary!$B$27,1)+Summary!$B$11*IFERROR(B2158/Summary!$B$28,1))-1)+ArtifactsInput!$L$20))/Summary!$B$3*100) | AD47: =ArtifactsInput!$B$20<>"Not Unlocked" | AE47: =IF(AD47,SUMPRODUCT(($AD$34:$AD$69)*($AC$34:$AC$69>AC47))+COUNTIFS($AD$34:AD47,TRUE,$AC$34:AC47,AC47),"")
A48: =IF(15>COUNTIF($AD$34:$AD$69,TRUE),"",INDEX($AA$34:$AA$69,MATCH(15,$AE$34:$AE$69,0))) | B48: =IF(15>COUNTIF($AD$34:$AD$69,TRUE),"",INDEX($AB$34:$AB$69,MATCH(15,$AE$34:$AE$69,0))) | C48: =IF(15>COUNTIF($AD$34:$AD$69,TRUE),"",INDEX($AC$34:$AC$69,MATCH(15,$AE$34:$AE$69,0))) | AA48: Old Music Box (Equip) | AB48: =(IF(ArtifactsInput!$M$21,-1,1)*Summary!$B$3*(((1-Summary!$B$11)*IFERROR(B2208/Summary!$B$27,1)+Summary!$B$11*IFERROR(B2209/Summary!$B$28,1))-1)+ArtifactsInput!$L$21) | AC48: =IF(ArtifactsInput!$M$21,Summary!$B$3/(Summary!$B$3-(IF(ArtifactsInput!$M$21,-1,1)*Summary!$B$3*(((1-Summary!$B$11)*IFERROR(B2208/Summary!$B$27,1)+Summary!$B$11*IFERROR(B2209/Summary!$B$28,1))-1)+ArtifactsInput!$L$21))*100,(Summary!$B$3+(IF(ArtifactsInput!$M$21,-1,1)*Summary!$B$3*(((1-Summary!$B$11)*IFERROR(B2208/Summary!$B$27,1)+Summary!$B$11*IFERROR(B2209/Summary!$B$28,1))-1)+ArtifactsInput!$L$21))/Summary!$B$3*100) | AD48: =ArtifactsInput!$B$21<>"Not Unlocked" | AE48: =IF(AD48,SUMPRODUCT(($AD$34:$AD$69)*($AC$34:$AC$69>AC48))+COUNTIFS($AD$34:AD48,TRUE,$AC$34:AC48,AC48),"")
A49: =IF(16>COUNTIF($AD$34:$AD$69,TRUE),"",INDEX($AA$34:$AA$69,MATCH(16,$AE$34:$AE$69,0))) | B49: =IF(16>COUNTIF($AD$34:$AD$69,TRUE),"",INDEX($AB$34:$AB$69,MATCH(16,$AE$34:$AE$69,0))) | C49: =IF(16>COUNTIF($AD$34:$AD$69,TRUE),"",INDEX($AC$34:$AC$69,MATCH(16,$AE$34:$AE$69,0))) | AA49: Silver Pendant (Equip) | AB49: =(IF(ArtifactsInput!$M$22,-1,1)*Summary!$B$3*(((1-Summary!$B$11)*IFERROR(B2259/Summary!$B$27,1)+Summary!$B$11*IFERROR(B2260/Summary!$B$28,1))-1)+ArtifactsInput!$L$22) | AC49: =IF(ArtifactsInput!$M$22,Summary!$B$3/(Summary!$B$3-(IF(ArtifactsInput!$M$22,-1,1)*Summary!$B$3*(((1-Summary!$B$11)*IFERROR(B2259/Summary!$B$27,1)+Summary!$B$11*IFERROR(B2260/Summary!$B$28,1))-1)+ArtifactsInput!$L$22))*100,(Summary!$B$3+(IF(ArtifactsInput!$M$22,-1,1)*Summary!$B$3*(((1-Summary!$B$11)*IFERROR(B2259/Summary!$B$27,1)+Summary!$B$11*IFERROR(B2260/Summary!$B$28,1))-1)+ArtifactsInput!$L$22))/Summary!$B$3*100) | AD49: =ArtifactsInput!$B$22<>"Not Unlocked" | AE49: =IF(AD49,SUMPRODUCT(($AD$34:$AD$69)*($AC$34:$AC$69>AC49))+COUNTIFS($AD$34:AD49,TRUE,$AC$34:AC49,AC49),"")
A50: =IF(17>COUNTIF($AD$34:$AD$69,TRUE),"",INDEX($AA$34:$AA$69,MATCH(17,$AE$34:$AE$69,0))) | B50: =IF(17>COUNTIF($AD$34:$AD$69,TRUE),"",INDEX($AB$34:$AB$69,MATCH(17,$AE$34:$AE$69,0))) | C50: =IF(17>COUNTIF($AD$34:$AD$69,TRUE),"",INDEX($AC$34:$AC$69,MATCH(17,$AE$34:$AE$69,0))) | AA50: Star Rock (Equip) | AB50: =(IF(ArtifactsInput!$M$23,-1,1)*Summary!$B$3*(((1-Summary!$B$11)*IFERROR(B2310/Summary!$B$27,1)+Summary!$B$11*IFERROR(B2311/Summary!$B$28,1))-1)+ArtifactsInput!$L$23) | AC50: =IF(ArtifactsInput!$M$23,Summary!$B$3/(Summary!$B$3-(IF(ArtifactsInput!$M$23,-1,1)*Summary!$B$3*(((1-Summary!$B$11)*IFERROR(B2310/Summary!$B$27,1)+Summary!$B$11*IFERROR(B2311/Summary!$B$28,1))-1)+ArtifactsInput!$L$23))*100,(Summary!$B$3+(IF(ArtifactsInput!$M$23,-1,1)*Summary!$B$3*(((1-Summary!$B$11)*IFERROR(B2310/Summary!$B$27,1)+Summary!$B$11*IFERROR(B2311/Summary!$B$28,1))-1)+ArtifactsInput!$L$23))/Summary!$B$3*100) | AD50: =ArtifactsInput!$B$23<>"Not Unlocked" | AE50: =IF(AD50,SUMPRODUCT(($AD$34:$AD$69)*($AC$34:$AC$69>AC50))+COUNTIFS($AD$34:AD50,TRUE,$AC$34:AC50,AC50),"")
A51: =IF(18>COUNTIF($AD$34:$AD$69,TRUE),"",INDEX($AA$34:$AA$69,MATCH(18,$AE$34:$AE$69,0))) | B51: =IF(18>COUNTIF($AD$34:$AD$69,TRUE),"",INDEX($AB$34:$AB$69,MATCH(18,$AE$34:$AE$69,0))) | C51: =IF(18>COUNTIF($AD$34:$AD$69,TRUE),"",INDEX($AC$34:$AC$69,MATCH(18,$AE$34:$AE$69,0))) | AA51: Book of Ancient (Equip) | AB51: =(IF(ArtifactsInput!$M$24,-1,1)*Summary!$B$3*(((1-Summary!$B$11)*IFERROR(B2361/Summary!$B$27,1)+Summary!$B$11*IFERROR(B2362/Summary!$B$28,1))-1)+ArtifactsInput!$L$24) | AC51: =IF(ArtifactsInput!$M$24,Summary!$B$3/(Summary!$B$3-(IF(ArtifactsInput!$M$24,-1,1)*Summary!$B$3*(((1-Summary!$B$11)*IFERROR(B2361/Summary!$B$27,1)+Summary!$B$11*IFERROR(B2362/Summary!$B$28,1))-1)+ArtifactsInput!$L$24))*100,(Summary!$B$3+(IF(ArtifactsInput!$M$24,-1,1)*Summary!$B$3*(((1-Summary!$B$11)*IFERROR(B2361/Summary!$B$27,1)+Summary!$B$11*IFERROR(B2362/Summary!$B$28,1))-1)+ArtifactsInput!$L$24))/Summary!$B$3*100) | AD51: =ArtifactsInput!$B$24<>"Not Unlocked" | AE51: =IF(AD51,SUMPRODUCT(($AD$34:$AD$69)*($AC$34:$AC$69>AC51))+COUNTIFS($AD$34:AD51,TRUE,$AC$34:AC51,AC51),"")
A52: =IF(19>COUNTIF($AD$34:$AD$69,TRUE),"",INDEX($AA$34:$AA$69,MATCH(19,$AE$34:$AE$69,0))) | B52: =IF(19>COUNTIF($AD$34:$AD$69,TRUE),"",INDEX($AB$34:$AB$69,MATCH(19,$AE$34:$AE$69,0))) | C52: =IF(19>COUNTIF($AD$34:$AD$69,TRUE),"",INDEX($AC$34:$AC$69,MATCH(19,$AE$34:$AE$69,0))) | AA52: Lunar Dew (Equip) | AB52: =(IF(ArtifactsInput!$M$25,-1,1)*Summary!$B$3*(((1-Summary!$B$11)*IFERROR(B2412/Summary!$B$27,1)+Summary!$B$11*IFERROR(B2413/Summary!$B$28,1))-1)+ArtifactsInput!$L$25) | AC52: =IF(ArtifactsInput!$M$25,Summary!$B$3/(Summary!$B$3-(IF(ArtifactsInput!$M$25,-1,1)*Summary!$B$3*(((1-Summary!$B$11)*IFERROR(B2412/Summary!$B$27,1)+Summary!$B$11*IFERROR(B2413/Summary!$B$28,1))-1)+ArtifactsInput!$L$25))*100,(Summary!$B$3+(IF(ArtifactsInput!$M$25,-1,1)*Summary!$B$3*(((1-Summary!$B$11)*IFERROR(B2412/Summary!$B$27,1)+Summary!$B$11*IFERROR(B2413/Summary!$B$28,1))-1)+ArtifactsInput!$L$25))/Summary!$B$3*100) | AD52: =ArtifactsInput!$B$25<>"Not Unlocked" | AE52: =IF(AD52,SUMPRODUCT(($AD$34:$AD$69)*($AC$34:$AC$69>AC52))+COUNTIFS($AD$34:AD52,TRUE,$AC$34:AC52,AC52),"")
A53: =IF(20>COUNTIF($AD$34:$AD$69,TRUE),"",INDEX($AA$34:$AA$69,MATCH(20,$AE$34:$AE$69,0))) | B53: =IF(20>COUNTIF($AD$34:$AD$69,TRUE),"",INDEX($AB$34:$AB$69,MATCH(20,$AE$34:$AE$69,0))) | C53: =IF(20>COUNTIF($AD$34:$AD$69,TRUE),"",INDEX($AC$34:$AC$69,MATCH(20,$AE$34:$AE$69,0))) | AA53: Fire Flower (Equip) | AB53: =(IF(ArtifactsInput!$M$26,-1,1)*Summary!$B$3*(((1-Summary!$B$11)*IFERROR(B2463/Summary!$B$27,1)+Summary!$B$11*IFERROR(B2464/Summary!$B$28,1))-1)+ArtifactsInput!$L$26) | AC53: =IF(ArtifactsInput!$M$26,Summary!$B$3/(Summary!$B$3-(IF(ArtifactsInput!$M$26,-1,1)*Summary!$B$3*(((1-Summary!$B$11)*IFERROR(B2463/Summary!$B$27,1)+Summary!$B$11*IFERROR(B2464/Summary!$B$28,1))-1)+ArtifactsInput!$L$26))*100,(Summary!$B$3+(IF(ArtifactsInput!$M$26,-1,1)*Summary!$B$3*(((1-Summary!$B$11)*IFERROR(B2463/Summary!$B$27,1)+Summary!$B$11*IFERROR(B2464/Summary!$B$28,1))-1)+ArtifactsInput!$L$26))/Summary!$B$3*100) | AD53: =ArtifactsInput!$B$26<>"Not Unlocked" | AE53: =IF(AD53,SUMPRODUCT(($AD$34:$AD$69)*($AC$34:$AC$69>AC53))+COUNTIFS($AD$34:AD53,TRUE,$AC$34:AC53,AC53),"")
A54: =IF(21>COUNTIF($AD$34:$AD$69,TRUE),"",INDEX($AA$34:$AA$69,MATCH(21,$AE$34:$AE$69,0))) | B54: =IF(21>COUNTIF($AD$34:$AD$69,TRUE),"",INDEX($AB$34:$AB$69,MATCH(21,$AE$34:$AE$69,0))) | C54: =IF(21>COUNTIF($AD$34:$AD$69,TRUE),"",INDEX($AC$34:$AC$69,MATCH(21,$AE$34:$AE$69,0))) | AA54: Soul Contract (Equip) | AB54: =(IF(ArtifactsInput!$M$27,-1,1)*Summary!$B$3*(((1-Summary!$B$11)*IFERROR(B2514/Summary!$B$27,1)+Summary!$B$11*IFERROR(B2515/Summary!$B$28,1))-1)+ArtifactsInput!$L$27) | AC54: =IF(ArtifactsInput!$M$27,Summary!$B$3/(Summary!$B$3-(IF(ArtifactsInput!$M$27,-1,1)*Summary!$B$3*(((1-Summary!$B$11)*IFERROR(B2514/Summary!$B$27,1)+Summary!$B$11*IFERROR(B2515/Summary!$B$28,1))-1)+ArtifactsInput!$L$27))*100,(Summary!$B$3+(IF(ArtifactsInput!$M$27,-1,1)*Summary!$B$3*(((1-Summary!$B$11)*IFERROR(B2514/Summary!$B$27,1)+Summary!$B$11*IFERROR(B2515/Summary!$B$28,1))-1)+ArtifactsInput!$L$27))/Summary!$B$3*100) | AD54: =ArtifactsInput!$B$27<>"Not Unlocked" | AE54: =IF(AD54,SUMPRODUCT(($AD$34:$AD$69)*($AC$34:$AC$69>AC54))+COUNTIFS($AD$34:AD54,TRUE,$AC$34:AC54,AC54),"")
A55: =IF(22>COUNTIF($AD$34:$AD$69,TRUE),"",INDEX($AA$34:$AA$69,MATCH(22,$AE$34:$AE$69,0))) | B55: =IF(22>COUNTIF($AD$34:$AD$69,TRUE),"",INDEX($AB$34:$AB$69,MATCH(22,$AE$34:$AE$69,0))) | C55: =IF(22>COUNTIF($AD$34:$AD$69,TRUE),"",INDEX($AC$34:$AC$69,MATCH(22,$AE$34:$AE$69,0))) | AA55: Lit Lamp (Equip) | AB55: =(IF(ArtifactsInput!$M$28,-1,1)*Summary!$B$3*(((1-Summary!$B$11)*IFERROR(B2565/Summary!$B$27,1)+Summary!$B$11*IFERROR(B2566/Summary!$B$28,1))-1)+ArtifactsInput!$L$28) | AC55: =IF(ArtifactsInput!$M$28,Summary!$B$3/(Summary!$B$3-(IF(ArtifactsInput!$M$28,-1,1)*Summary!$B$3*(((1-Summary!$B$11)*IFERROR(B2565/Summary!$B$27,1)+Summary!$B$11*IFERROR(B2566/Summary!$B$28,1))-1)+ArtifactsInput!$L$28))*100,(Summary!$B$3+(IF(ArtifactsInput!$M$28,-1,1)*Summary!$B$3*(((1-Summary!$B$11)*IFERROR(B2565/Summary!$B$27,1)+Summary!$B$11*IFERROR(B2566/Summary!$B$28,1))-1)+ArtifactsInput!$L$28))/Summary!$B$3*100) | AD55: =ArtifactsInput!$B$28<>"Not Unlocked" | AE55: =IF(AD55,SUMPRODUCT(($AD$34:$AD$69)*($AC$34:$AC$69>AC55))+COUNTIFS($AD$34:AD55,TRUE,$AC$34:AC55,AC55),"")
A56: =IF(23>COUNTIF($AD$34:$AD$69,TRUE),"",INDEX($AA$34:$AA$69,MATCH(23,$AE$34:$AE$69,0))) | B56: =IF(23>COUNTIF($AD$34:$AD$69,TRUE),"",INDEX($AB$34:$AB$69,MATCH(23,$AE$34:$AE$69,0))) | C56: =IF(23>COUNTIF($AD$34:$AD$69,TRUE),"",INDEX($AC$34:$AC$69,MATCH(23,$AE$34:$AE$69,0))) | AA56: Soul Pouch (Equip) | AB56: =(IF(ArtifactsInput!$M$29,-1,1)*Summary!$B$3*(((1-Summary!$B$11)*IFERROR(B2616/Summary!$B$27,1)+Summary!$B$11*IFERROR(B2617/Summary!$B$28,1))-1)+ArtifactsInput!$L$29) | AC56: =IF(ArtifactsInput!$M$29,Summary!$B$3/(Summary!$B$3-(IF(ArtifactsInput!$M$29,-1,1)*Summary!$B$3*(((1-Summary!$B$11)*IFERROR(B2616/Summary!$B$27,1)+Summary!$B$11*IFERROR(B2617/Summary!$B$28,1))-1)+ArtifactsInput!$L$29))*100,(Summary!$B$3+(IF(ArtifactsInput!$M$29,-1,1)*Summary!$B$3*(((1-Summary!$B$11)*IFERROR(B2616/Summary!$B$27,1)+Summary!$B$11*IFERROR(B2617/Summary!$B$28,1))-1)+ArtifactsInput!$L$29))/Summary!$B$3*100) | AD56: =ArtifactsInput!$B$29<>"Not Unlocked" | AE56: =IF(AD56,SUMPRODUCT(($AD$34:$AD$69)*($AC$34:$AC$69>AC56))+COUNTIFS($AD$34:AD56,TRUE,$AC$34:AC56,AC56),"")
A57: =IF(24>COUNTIF($AD$34:$AD$69,TRUE),"",INDEX($AA$34:$AA$69,MATCH(24,$AE$34:$AE$69,0))) | B57: =IF(24>COUNTIF($AD$34:$AD$69,TRUE),"",INDEX($AB$34:$AB$69,MATCH(24,$AE$34:$AE$69,0))) | C57: =IF(24>COUNTIF($AD$34:$AD$69,TRUE),"",INDEX($AC$34:$AC$69,MATCH(24,$AE$34:$AE$69,0))) | AA57: Ancient Text Piece (Equip) | AB57: =(IF(ArtifactsInput!$M$30,-1,1)*Summary!$B$3*(((1-Summary!$B$11)*IFERROR(B2667/Summary!$B$27,1)+Summary!$B$11*IFERROR(B2668/Summary!$B$28,1))-1)+ArtifactsInput!$L$30) | AC57: =IF(ArtifactsInput!$M$30,Summary!$B$3/(Summary!$B$3-(IF(ArtifactsInput!$M$30,-1,1)*Summary!$B$3*(((1-Summary!$B$11)*IFERROR(B2667/Summary!$B$27,1)+Summary!$B$11*IFERROR(B2668/Summary!$B$28,1))-1)+ArtifactsInput!$L$30))*100,(Summary!$B$3+(IF(ArtifactsInput!$M$30,-1,1)*Summary!$B$3*(((1-Summary!$B$11)*IFERROR(B2667/Summary!$B$27,1)+Summary!$B$11*IFERROR(B2668/Summary!$B$28,1))-1)+ArtifactsInput!$L$30))/Summary!$B$3*100) | AD57: =ArtifactsInput!$B$30<>"Not Unlocked" | AE57: =IF(AD57,SUMPRODUCT(($AD$34:$AD$69)*($AC$34:$AC$69>AC57))+COUNTIFS($AD$34:AD57,TRUE,$AC$34:AC57,AC57),"")
A58: =IF(25>COUNTIF($AD$34:$AD$69,TRUE),"",INDEX($AA$34:$AA$69,MATCH(25,$AE$34:$AE$69,0))) | B58: =IF(25>COUNTIF($AD$34:$AD$69,TRUE),"",INDEX($AB$34:$AB$69,MATCH(25,$AE$34:$AE$69,0))) | C58: =IF(25>COUNTIF($AD$34:$AD$69,TRUE),"",INDEX($AC$34:$AC$69,MATCH(25,$AE$34:$AE$69,0))) | AA58: Icy Soul Rock (Equip) | AB58: =(IF(ArtifactsInput!$M$31,-1,1)*Summary!$B$3*(((1-Summary!$B$11)*IFERROR(B2718/Summary!$B$27,1)+Summary!$B$11*IFERROR(B2719/Summary!$B$28,1))-1)+ArtifactsInput!$L$31) | AC58: =IF(ArtifactsInput!$M$31,Summary!$B$3/(Summary!$B$3-(IF(ArtifactsInput!$M$31,-1,1)*Summary!$B$3*(((1-Summary!$B$11)*IFERROR(B2718/Summary!$B$27,1)+Summary!$B$11*IFERROR(B2719/Summary!$B$28,1))-1)+ArtifactsInput!$L$31))*100,(Summary!$B$3+(IF(ArtifactsInput!$M$31,-1,1)*Summary!$B$3*(((1-Summary!$B$11)*IFERROR(B2718/Summary!$B$27,1)+Summary!$B$11*IFERROR(B2719/Summary!$B$28,1))-1)+ArtifactsInput!$L$31))/Summary!$B$3*100) | AD58: =ArtifactsInput!$B$31<>"Not Unlocked" | AE58: =IF(AD58,SUMPRODUCT(($AD$34:$AD$69)*($AC$34:$AC$69>AC58))+COUNTIFS($AD$34:AD58,TRUE,$AC$34:AC58,AC58),"")
A59: =IF(26>COUNTIF($AD$34:$AD$69,TRUE),"",INDEX($AA$34:$AA$69,MATCH(26,$AE$34:$AE$69,0))) | B59: =IF(26>COUNTIF($AD$34:$AD$69,TRUE),"",INDEX($AB$34:$AB$69,MATCH(26,$AE$34:$AE$69,0))) | C59: =IF(26>COUNTIF($AD$34:$AD$69,TRUE),"",INDEX($AC$34:$AC$69,MATCH(26,$AE$34:$AE$69,0))) | AA59: Flaming Lava (Equip) | AB59: =(IF(ArtifactsInput!$M$32,-1,1)*Summary!$B$3*(((1-Summary!$B$11)*IFERROR(B2769/Summary!$B$27,1)+Summary!$B$11*IFERROR(B2770/Summary!$B$28,1))-1)+ArtifactsInput!$L$32) | AC59: =IF(ArtifactsInput!$M$32,Summary!$B$3/(Summary!$B$3-(IF(ArtifactsInput!$M$32,-1,1)*Summary!$B$3*(((1-Summary!$B$11)*IFERROR(B2769/Summary!$B$27,1)+Summary!$B$11*IFERROR(B2770/Summary!$B$28,1))-1)+ArtifactsInput!$L$32))*100,(Summary!$B$3+(IF(ArtifactsInput!$M$32,-1,1)*Summary!$B$3*(((1-Summary!$B$11)*IFERROR(B2769/Summary!$B$27,1)+Summary!$B$11*IFERROR(B2770/Summary!$B$28,1))-1)+ArtifactsInput!$L$32))/Summary!$B$3*100) | AD59: =ArtifactsInput!$B$32<>"Not Unlocked" | AE59: =IF(AD59,SUMPRODUCT(($AD$34:$AD$69)*($AC$34:$AC$69>AC59))+COUNTIFS($AD$34:AD59,TRUE,$AC$34:AC59,AC59),"")
A60: =IF(27>COUNTIF($AD$34:$AD$69,TRUE),"",INDEX($AA$34:$AA$69,MATCH(27,$AE$34:$AE$69,0))) | B60: =IF(27>COUNTIF($AD$34:$AD$69,TRUE),"",INDEX($AB$34:$AB$69,MATCH(27,$AE$34:$AE$69,0))) | C60: =IF(27>COUNTIF($AD$34:$AD$69,TRUE),"",INDEX($AC$34:$AC$69,MATCH(27,$AE$34:$AE$69,0))) | AA60: Sayram's Necklace (Equip) | AB60: =(IF(ArtifactsInput!$M$33,-1,1)*Summary!$B$3*(((1-Summary!$B$11)*IFERROR(B2820/Summary!$B$27,1)+Summary!$B$11*IFERROR(B2821/Summary!$B$28,1))-1)+ArtifactsInput!$L$33) | AC60: =IF(ArtifactsInput!$M$33,Summary!$B$3/(Summary!$B$3-(IF(ArtifactsInput!$M$33,-1,1)*Summary!$B$3*(((1-Summary!$B$11)*IFERROR(B2820/Summary!$B$27,1)+Summary!$B$11*IFERROR(B2821/Summary!$B$28,1))-1)+ArtifactsInput!$L$33))*100,(Summary!$B$3+(IF(ArtifactsInput!$M$33,-1,1)*Summary!$B$3*(((1-Summary!$B$11)*IFERROR(B2820/Summary!$B$27,1)+Summary!$B$11*IFERROR(B2821/Summary!$B$28,1))-1)+ArtifactsInput!$L$33))/Summary!$B$3*100) | AD60: =ArtifactsInput!$B$33<>"Not Unlocked" | AE60: =IF(AD60,SUMPRODUCT(($AD$34:$AD$69)*($AC$34:$AC$69>AC60))+COUNTIFS($AD$34:AD60,TRUE,$AC$34:AC60,AC60),"")
A61: =IF(28>COUNTIF($AD$34:$AD$69,TRUE),"",INDEX($AA$34:$AA$69,MATCH(28,$AE$34:$AE$69,0))) | B61: =IF(28>COUNTIF($AD$34:$AD$69,TRUE),"",INDEX($AB$34:$AB$69,MATCH(28,$AE$34:$AE$69,0))) | C61: =IF(28>COUNTIF($AD$34:$AD$69,TRUE),"",INDEX($AC$34:$AC$69,MATCH(28,$AE$34:$AE$69,0))) | AA61: Bottle of Emotion (Equip) | AB61: =(IF(ArtifactsInput!$M$34,-1,1)*Summary!$B$3*(((1-Summary!$B$11)*IFERROR(B2871/Summary!$B$27,1)+Summary!$B$11*IFERROR(B2872/Summary!$B$28,1))-1)+ArtifactsInput!$L$34) | AC61: =IF(ArtifactsInput!$M$34,Summary!$B$3/(Summary!$B$3-(IF(ArtifactsInput!$M$34,-1,1)*Summary!$B$3*(((1-Summary!$B$11)*IFERROR(B2871/Summary!$B$27,1)+Summary!$B$11*IFERROR(B2872/Summary!$B$28,1))-1)+ArtifactsInput!$L$34))*100,(Summary!$B$3+(IF(ArtifactsInput!$M$34,-1,1)*Summary!$B$3*(((1-Summary!$B$11)*IFERROR(B2871/Summary!$B$27,1)+Summary!$B$11*IFERROR(B2872/Summary!$B$28,1))-1)+ArtifactsInput!$L$34))/Summary!$B$3*100) | AD61: =ArtifactsInput!$B$34<>"Not Unlocked" | AE61: =IF(AD61,SUMPRODUCT(($AD$34:$AD$69)*($AC$34:$AC$69>AC61))+COUNTIFS($AD$34:AD61,TRUE,$AC$34:AC61,AC61),"")
A62: =IF(29>COUNTIF($AD$34:$AD$69,TRUE),"",INDEX($AA$34:$AA$69,MATCH(29,$AE$34:$AE$69,0))) | B62: =IF(29>COUNTIF($AD$34:$AD$69,TRUE),"",INDEX($AB$34:$AB$69,MATCH(29,$AE$34:$AE$69,0))) | C62: =IF(29>COUNTIF($AD$34:$AD$69,TRUE),"",INDEX($AC$34:$AC$69,MATCH(29,$AE$34:$AE$69,0))) | AA62: Peach Tree Herb Pouch (Equip) | AB62: =(IF(ArtifactsInput!$M$35,-1,1)*Summary!$B$3*(((1-Summary!$B$11)*IFERROR(B2922/Summary!$B$27,1)+Summary!$B$11*IFERROR(B2923/Summary!$B$28,1))-1)+ArtifactsInput!$L$35) | AC62: =IF(ArtifactsInput!$M$35,Summary!$B$3/(Summary!$B$3-(IF(ArtifactsInput!$M$35,-1,1)*Summary!$B$3*(((1-Summary!$B$11)*IFERROR(B2922/Summary!$B$27,1)+Summary!$B$11*IFERROR(B2923/Summary!$B$28,1))-1)+ArtifactsInput!$L$35))*100,(Summary!$B$3+(IF(ArtifactsInput!$M$35,-1,1)*Summary!$B$3*(((1-Summary!$B$11)*IFERROR(B2922/Summary!$B$27,1)+Summary!$B$11*IFERROR(B2923/Summary!$B$28,1))-1)+ArtifactsInput!$L$35))/Summary!$B$3*100) | AD62: =ArtifactsInput!$B$35<>"Not Unlocked" | AE62: =IF(AD62,SUMPRODUCT(($AD$34:$AD$69)*($AC$34:$AC$69>AC62))+COUNTIFS($AD$34:AD62,TRUE,$AC$34:AC62,AC62),"")
A63: =IF(30>COUNTIF($AD$34:$AD$69,TRUE),"",INDEX($AA$34:$AA$69,MATCH(30,$AE$34:$AE$69,0))) | B63: =IF(30>COUNTIF($AD$34:$AD$69,TRUE),"",INDEX($AB$34:$AB$69,MATCH(30,$AE$34:$AE$69,0))) | C63: =IF(30>COUNTIF($AD$34:$AD$69,TRUE),"",INDEX($AC$34:$AC$69,MATCH(30,$AE$34:$AE$69,0))) | AA63: Candle (Equip) | AB63: =(IF(ArtifactsInput!$M$36,-1,1)*Summary!$B$3*(((1-Summary!$B$11)*IFERROR(B2973/Summary!$B$27,1)+Summary!$B$11*IFERROR(B2974/Summary!$B$28,1))-1)+ArtifactsInput!$L$36) | AC63: =IF(ArtifactsInput!$M$36,Summary!$B$3/(Summary!$B$3-(IF(ArtifactsInput!$M$36,-1,1)*Summary!$B$3*(((1-Summary!$B$11)*IFERROR(B2973/Summary!$B$27,1)+Summary!$B$11*IFERROR(B2974/Summary!$B$28,1))-1)+ArtifactsInput!$L$36))*100,(Summary!$B$3+(IF(ArtifactsInput!$M$36,-1,1)*Summary!$B$3*(((1-Summary!$B$11)*IFERROR(B2973/Summary!$B$27,1)+Summary!$B$11*IFERROR(B2974/Summary!$B$28,1))-1)+ArtifactsInput!$L$36))/Summary!$B$3*100) | AD63: =ArtifactsInput!$B$36<>"Not Unlocked" | AE63: =IF(AD63,SUMPRODUCT(($AD$34:$AD$69)*($AC$34:$AC$69>AC63))+COUNTIFS($AD$34:AD63,TRUE,$AC$34:AC63,AC63),"")
A64: =IF(31>COUNTIF($AD$34:$AD$69,TRUE),"",INDEX($AA$34:$AA$69,MATCH(31,$AE$34:$AE$69,0))) | B64: =IF(31>COUNTIF($AD$34:$AD$69,TRUE),"",INDEX($AB$34:$AB$69,MATCH(31,$AE$34:$AE$69,0))) | C64: =IF(31>COUNTIF($AD$34:$AD$69,TRUE),"",INDEX($AC$34:$AC$69,MATCH(31,$AE$34:$AE$69,0))) | AA64: Alliance Badge (Equip) | AB64: =(IF(ArtifactsInput!$M$37,-1,1)*Summary!$B$3*(((1-Summary!$B$11)*IFERROR(B3024/Summary!$B$27,1)+Summary!$B$11*IFERROR(B3025/Summary!$B$28,1))-1)+ArtifactsInput!$L$37) | AC64: =IF(ArtifactsInput!$M$37,Summary!$B$3/(Summary!$B$3-(IF(ArtifactsInput!$M$37,-1,1)*Summary!$B$3*(((1-Summary!$B$11)*IFERROR(B3024/Summary!$B$27,1)+Summary!$B$11*IFERROR(B3025/Summary!$B$28,1))-1)+ArtifactsInput!$L$37))*100,(Summary!$B$3+(IF(ArtifactsInput!$M$37,-1,1)*Summary!$B$3*(((1-Summary!$B$11)*IFERROR(B3024/Summary!$B$27,1)+Summary!$B$11*IFERROR(B3025/Summary!$B$28,1))-1)+ArtifactsInput!$L$37))/Summary!$B$3*100) | AD64: =ArtifactsInput!$B$37<>"Not Unlocked" | AE64: =IF(AD64,SUMPRODUCT(($AD$34:$AD$69)*($AC$34:$AC$69>AC64))+COUNTIFS($AD$34:AD64,TRUE,$AC$34:AC64,AC64),"")
A65: =IF(32>COUNTIF($AD$34:$AD$69,TRUE),"",INDEX($AA$34:$AA$69,MATCH(32,$AE$34:$AE$69,0))) | B65: =IF(32>COUNTIF($AD$34:$AD$69,TRUE),"",INDEX($AB$34:$AB$69,MATCH(32,$AE$34:$AE$69,0))) | C65: =IF(32>COUNTIF($AD$34:$AD$69,TRUE),"",INDEX($AC$34:$AC$69,MATCH(32,$AE$34:$AE$69,0))) | AA65: Horn Flute (Equip) | AB65: =(IF(ArtifactsInput!$M$38,-1,1)*Summary!$B$3*(((1-Summary!$B$11)*IFERROR(B3075/Summary!$B$27,1)+Summary!$B$11*IFERROR(B3076/Summary!$B$28,1))-1)+ArtifactsInput!$L$38) | AC65: =IF(ArtifactsInput!$M$38,Summary!$B$3/(Summary!$B$3-(IF(ArtifactsInput!$M$38,-1,1)*Summary!$B$3*(((1-Summary!$B$11)*IFERROR(B3075/Summary!$B$27,1)+Summary!$B$11*IFERROR(B3076/Summary!$B$28,1))-1)+ArtifactsInput!$L$38))*100,(Summary!$B$3+(IF(ArtifactsInput!$M$38,-1,1)*Summary!$B$3*(((1-Summary!$B$11)*IFERROR(B3075/Summary!$B$27,1)+Summary!$B$11*IFERROR(B3076/Summary!$B$28,1))-1)+ArtifactsInput!$L$38))/Summary!$B$3*100) | AD65: =ArtifactsInput!$B$38<>"Not Unlocked" | AE65: =IF(AD65,SUMPRODUCT(($AD$34:$AD$69)*($AC$34:$AC$69>AC65))+COUNTIFS($AD$34:AD65,TRUE,$AC$34:AC65,AC65),"")
A66: =IF(33>COUNTIF($AD$34:$AD$69,TRUE),"",INDEX($AA$34:$AA$69,MATCH(33,$AE$34:$AE$69,0))) | B66: =IF(33>COUNTIF($AD$34:$AD$69,TRUE),"",INDEX($AB$34:$AB$69,MATCH(33,$AE$34:$AE$69,0))) | C66: =IF(33>COUNTIF($AD$34:$AD$69,TRUE),"",INDEX($AC$34:$AC$69,MATCH(33,$AE$34:$AE$69,0))) | AA66: Cursed Doll (Equip) | AB66: =(IF(ArtifactsInput!$M$39,-1,1)*Summary!$B$3*(((1-Summary!$B$11)*IFERROR(B3126/Summary!$B$27,1)+Summary!$B$11*IFERROR(B3127/Summary!$B$28,1))-1)+ArtifactsInput!$L$39) | AC66: =IF(ArtifactsInput!$M$39,Summary!$B$3/(Summary!$B$3-(IF(ArtifactsInput!$M$39,-1,1)*Summary!$B$3*(((1-Summary!$B$11)*IFERROR(B3126/Summary!$B$27,1)+Summary!$B$11*IFERROR(B3127/Summary!$B$28,1))-1)+ArtifactsInput!$L$39))*100,(Summary!$B$3+(IF(ArtifactsInput!$M$39,-1,1)*Summary!$B$3*(((1-Summary!$B$11)*IFERROR(B3126/Summary!$B$27,1)+Summary!$B$11*IFERROR(B3127/Summary!$B$28,1))-1)+ArtifactsInput!$L$39))/Summary!$B$3*100) | AD66: =ArtifactsInput!$B$39<>"Not Unlocked" | AE66: =IF(AD66,SUMPRODUCT(($AD$34:$AD$69)*($AC$34:$AC$69>AC66))+COUNTIFS($AD$34:AD66,TRUE,$AC$34:AC66,AC66),"")
A67: =IF(34>COUNTIF($AD$34:$AD$69,TRUE),"",INDEX($AA$34:$AA$69,MATCH(34,$AE$34:$AE$69,0))) | B67: =IF(34>COUNTIF($AD$34:$AD$69,TRUE),"",INDEX($AB$34:$AB$69,MATCH(34,$AE$34:$AE$69,0))) | C67: =IF(34>COUNTIF($AD$34:$AD$69,TRUE),"",INDEX($AC$34:$AC$69,MATCH(34,$AE$34:$AE$69,0))) | AA67: Reindeer's Spear (Equip) | AB67: =(IF(ArtifactsInput!$M$40,-1,1)*Summary!$B$3*(((1-Summary!$B$11)*IFERROR(B3177/Summary!$B$27,1)+Summary!$B$11*IFERROR(B3178/Summary!$B$28,1))-1)+ArtifactsInput!$L$40) | AC67: =IF(ArtifactsInput!$M$40,Summary!$B$3/(Summary!$B$3-(IF(ArtifactsInput!$M$40,-1,1)*Summary!$B$3*(((1-Summary!$B$11)*IFERROR(B3177/Summary!$B$27,1)+Summary!$B$11*IFERROR(B3178/Summary!$B$28,1))-1)+ArtifactsInput!$L$40))*100,(Summary!$B$3+(IF(ArtifactsInput!$M$40,-1,1)*Summary!$B$3*(((1-Summary!$B$11)*IFERROR(B3177/Summary!$B$27,1)+Summary!$B$11*IFERROR(B3178/Summary!$B$28,1))-1)+ArtifactsInput!$L$40))/Summary!$B$3*100) | AD67: =ArtifactsInput!$B$40<>"Not Unlocked" | AE67: =IF(AD67,SUMPRODUCT(($AD$34:$AD$69)*($AC$34:$AC$69>AC67))+COUNTIFS($AD$34:AD67,TRUE,$AC$34:AC67,AC67),"")
A68: =IF(35>COUNTIF($AD$34:$AD$69,TRUE),"",INDEX($AA$34:$AA$69,MATCH(35,$AE$34:$AE$69,0))) | B68: =IF(35>COUNTIF($AD$34:$AD$69,TRUE),"",INDEX($AB$34:$AB$69,MATCH(35,$AE$34:$AE$69,0))) | C68: =IF(35>COUNTIF($AD$34:$AD$69,TRUE),"",INDEX($AC$34:$AC$69,MATCH(35,$AE$34:$AE$69,0))) | AA68: Secret Map (Equip) | AB68: =(IF(ArtifactsInput!$M$41,-1,1)*Summary!$B$3*(((1-Summary!$B$11)*IFERROR(B3228/Summary!$B$27,1)+Summary!$B$11*IFERROR(B3229/Summary!$B$28,1))-1)+ArtifactsInput!$L$41) | AC68: =IF(ArtifactsInput!$M$41,Summary!$B$3/(Summary!$B$3-(IF(ArtifactsInput!$M$41,-1,1)*Summary!$B$3*(((1-Summary!$B$11)*IFERROR(B3228/Summary!$B$27,1)+Summary!$B$11*IFERROR(B3229/Summary!$B$28,1))-1)+ArtifactsInput!$L$41))*100,(Summary!$B$3+(IF(ArtifactsInput!$M$41,-1,1)*Summary!$B$3*(((1-Summary!$B$11)*IFERROR(B3228/Summary!$B$27,1)+Summary!$B$11*IFERROR(B3229/Summary!$B$28,1))-1)+ArtifactsInput!$L$41))/Summary!$B$3*100) | AD68: =ArtifactsInput!$B$41<>"Not Unlocked" | AE68: =IF(AD68,SUMPRODUCT(($AD$34:$AD$69)*($AC$34:$AC$69>AC68))+COUNTIFS($AD$34:AD68,TRUE,$AC$34:AC68,AC68),"")
A69: =IF(36>COUNTIF($AD$34:$AD$69,TRUE),"",INDEX($AA$34:$AA$69,MATCH(36,$AE$34:$AE$69,0))) | B69: =IF(36>COUNTIF($AD$34:$AD$69,TRUE),"",INDEX($AB$34:$AB$69,MATCH(36,$AE$34:$AE$69,0))) | C69: =IF(36>COUNTIF($AD$34:$AD$69,TRUE),"",INDEX($AC$34:$AC$69,MATCH(36,$AE$34:$AE$69,0))) | AA69: Ring of Cycles (Equip) | AB69: =(IF(ArtifactsInput!$M$42,-1,1)*Summary!$B$3*(((1-Summary!$B$11)*IFERROR(B3279/Summary!$B$27,1)+Summary!$B$11*IFERROR(B3280/Summary!$B$28,1))-1)+ArtifactsInput!$L$42) | AC69: =IF(ArtifactsInput!$M$42,Summary!$B$3/(Summary!$B$3-(IF(ArtifactsInput!$M$42,-1,1)*Summary!$B$3*(((1-Summary!$B$11)*IFERROR(B3279/Summary!$B$27,1)+Summary!$B$11*IFERROR(B3280/Summary!$B$28,1))-1)+ArtifactsInput!$L$42))*100,(Summary!$B$3+(IF(ArtifactsInput!$M$42,-1,1)*Summary!$B$3*(((1-Summary!$B$11)*IFERROR(B3279/Summary!$B$27,1)+Summary!$B$11*IFERROR(B3280/Summary!$B$28,1))-1)+ArtifactsInput!$L$42))/Summary!$B$3*100) | AD69: =ArtifactsInput!$B$42<>"Not Unlocked" | AE69: =IF(AD69,SUMPRODUCT(($AD$34:$AD$69)*($AC$34:$AC$69>AC69))+COUNTIFS($AD$34:AD69,TRUE,$AC$34:AC69,AC69),"")
A70: Stat: Flat LUK
A71: Key | B71: Name | C71: Unlocked | D71: InputLevel | E71: Factor | F71: CoefficientPercent | G71: EffectiveHits | H71: ProcProbability | I71: MapleHeroMultiplier | J71: BaseDamage | K71: BaseHitDamage | L71: NonCritAvg | M71: CritAvg | N71: ExpectedDamage(perHit) | O71: DPS | P71: % of Total | Q71: InvCooldown | R71: CastsInFight | S71: HitRate(perSec) | U71: helpers
A72: =Skills!A2 | B72: =Skills!B2 | C72: =Inputs!$B$3>=100 | F72: =U74+Skills!O2 | G72: =Skills!G2*IF(Skills!H2>0,IF(Inputs!$B$39="pvp",MIN(Skills!I2,15),Skills!I2)/Skills!H2,1) | H72: =1-(1-Skills!J2/100)^Skills!K2 | I72: 1 | J72: =((Inputs!$B$6*(1+Inputs!$B$7/100))+((((Inputs!$B$12+1)*(1+Inputs!$B$13/100))-(Inputs!$B$12*(1+Inputs!$B$13/100)))+0.25*(Inputs!$B$14-Inputs!$B$14))*(1+Inputs!$B$7/100))*(F72/100) | K72: =J72*(1+(((Inputs!$B$12+1)*(1+Inputs!$B$13/100))*0.01+Inputs!$B$14*0.0025)/100)*(1+Inputs!$B$15/100)*(1+Inputs!$B$16/100)*(5000/(6000+Inputs!$B$43*(1-(100*(1-(1-Inputs!$B$19/100)*(1-CHOOSE(ArtifactsInput!$N$40+1,5,6,7,8,9,10)/100)^(ArtifactsInput!$M$40-ArtifactsInput!$M$40)))/100)))*(1+(Inputs!$B$24+((C101=TRUE)*(F101-Calc!F31))+((C88=TRUE)*(F88-Calc!F18)))/100)*(1+(((1+IF(AND(ArtifactsInput!$M$36,IF(Inputs!$B$39="pvp",TRUE,AND(Inputs!$B$39<>"pvp",Inputs!$B$44>0))),CHOOSE(ArtifactsInput!$N$36+1,8,9.6,11.2,12.8,14.4,16),0)/100)*(1+IF(AND(ArtifactsInput!$M$32,Inputs!$B$4<>"Chapter Hunt"),CHOOSE(ArtifactsInput!$N$32+1,8,9.6,11.2,12.8,14.4,16),0)/100)*(1+IF(AND(ArtifactsInput!$M$38,Inputs!$B$39<>"pvp",Inputs!$B$44>0),CHOOSE(ArtifactsInput!$N$38+1,10,12,14,16,18,20)*(MIN(30,MAX(0,Inputs!$B$44-7))/Inputs!$B$44)*IF(Inputs!$B$4="Chapter Boss",2,1),0)/100)-1)*100+(ArtifactsInput!$M$14-ArtifactsInput!$M$14)*IF(OR(Inputs!$B$4="Weapon Dungeon",Inputs!$B$4="Equipment Dungeon",Inputs!$B$4="Enhancement Dungeon",Inputs!$B$4="EXP Dungeon",Inputs!$B$4="Hero Dungeon"),CHOOSE(ArtifactsInput!$N$14+1,10,12,14,16,18,20),0)+(ArtifactsInput!$M$29-ArtifactsInput!$M$29)*IF(Inputs!$B$39="pvp",CHOOSE(ArtifactsInput!$N$29+1,20,24,28,32,36,40),0)+(ArtifactsInput!$M$39-ArtifactsInput!$M$39)*CHOOSE(ArtifactsInput!$N$39+1,7,8.4,9.8,11.2,12.6,14)+(ArtifactsInput!$M$28-ArtifactsInput!$M$28)*IF(Inputs!$B$4="World Boss",CHOOSE(ArtifactsInput!$N$28+1,20,24,28,32,36,40),0)+(IF(ArtifactsInput!$M$34,MIN(CHOOSE(ArtifactsInput!$N$34+1,10,12,14,16,18,20),MAX(0,(CHOOSE(ArtifactsInput!$N$34+1,0.5,0.6,0.7,0.8,0.9,1)/3)*(Inputs!$B$11-60))),0)-IF(ArtifactsInput!$M$34,MIN(CHOOSE(ArtifactsInput!$N$34+1,10,12,14,16,18,20),MAX(0,(CHOOSE(ArtifactsInput!$N$34+1,0.5,0.6,0.7,0.8,0.9,1)/3)*(Inputs!$B$11-60))),0)))/100)*(1+(IF(Skills!A2="CRUEL_STAB",Inputs!$B$17+((C98=TRUE)*(F98-Calc!F28))+((IF(AND(Inputs!$B$39<>"pvp",Inputs!$B$44=0),1,IF(IF(Inputs!$B$39="pvp",15,Inputs!$B$44)-(B115)<=0,1,MAX(0,IF(Inputs!$B$39="pvp",15,Inputs!$B$44)-MAX(5,B115))/(IF(Inputs!$B$39="pvp",15,Inputs!$B$44)-(B115))))*(IF(AND(ArtifactsInput!$M$42,((Inputs!$B$9+((C96=TRUE)*(F96-Calc!F26))+B104+(ArtifactsInput!$M$24-ArtifactsInput!$M$24)*CHOOSE(ArtifactsInput!$N$24+1,10,12,14,16,18,20)+IF(ArtifactsInput!$M$10,CHOOSE(ArtifactsInput!$N$10+1,15,18,21,24,27,30)*(IF(Inputs!$B$39="pvp",MIN(15,15)/15,IF(AND(Inputs!$B$39<>"pvp",Inputs!$B$44>0),MIN(15,Inputs!$B$44)/(Inputs!$B$44),0))),0)))>=100),MIN(100,((Inputs!$B$9+((C96=TRUE)*(F96-Calc!F26))+B104+(ArtifactsInput!$M$24-ArtifactsInput!$M$24)*CHOOSE(ArtifactsInput!$N$24+1,10,12,14,16,18,20)+IF(ArtifactsInput!$M$10,CHOOSE(ArtifactsInput!$N$10+1,15,18,21,24,27,30)*(IF(Inputs!$B$39="pvp",MIN(15,15)/15,IF(AND(Inputs!$B$39<>"pvp",Inputs!$B$44>0),MIN(15,Inputs!$B$44)/(Inputs!$B$44),0))),0)))-100),0))*CHOOSE(ArtifactsInput!$N$42+1,0.6,0.72,0.84,0.96,1.08,1.2))),Inputs!$B$18+((C99=TRUE)*(F99-Calc!F29))+(IF(AND(Inputs!$B$39<>"pvp",Inputs!$B$44=0),1,IF(IF(Inputs!$B$39="pvp",15,Inputs!$B$44)-(B115)<=0,1,MAX(0,IF(Inputs!$B$39="pvp",15,Inputs!$B$44)-MAX(5,B115))/(IF(Inputs!$B$39="pvp",15,Inputs!$B$44)-(B115))))*IF(AND(ArtifactsInput!$M$42,((Inputs!$B$9+((C96=TRUE)*(F96-Calc!F26))+B104+(ArtifactsInput!$M$24-ArtifactsInput!$M$24)*CHOOSE(ArtifactsInput!$N$24+1,10,12,14,16,18,20)+IF(ArtifactsInput!$M$10,CHOOSE(ArtifactsInput!$N$10+1,15,18,21,24,27,30)*(IF(Inputs!$B$39="pvp",MIN(15,15)/15,IF(AND(Inputs!$B$39<>"pvp",Inputs!$B$44>0),MIN(15,Inputs!$B$44)/(Inputs!$B$44),0))),0)))>=100),CHOOSE(ArtifactsInput!$N$42+1,40,48,56,64,72,80),0))))/100)*(((1+(((C92=TRUE)*F92*IF(AND(Inputs!$B$39<>"pvp",Inputs!$B$44>0),(((R92-1)*MIN((Skills!Y22*(1+Inputs!$B$34/100)),(1/Q92))+MIN((Skills!Y22*(1+Inputs!$B$34/100)),MAX(0,Inputs!$B$44-((R92-1)*(1/Q92)))))/Inputs!$B$44),IF(Inputs!$B$39="pvp",MIN((Skills!Y22*(1+Inputs!$B$34/100)),15)/15,MIN(1,(Skills!Y22*(1+Inputs!$B$34/100))/(1/Q92)))))+((C73=TRUE)*F73*3)+((C75=TRUE)*F75*(1-EXP(-0.75*B108*5)))+((C94=TRUE)*(F94-Calc!F24))+(IF(ArtifactsInput!$M$21,CHOOSE(ArtifactsInput!$N$21+1,25,30,35,40,45,50)*(IF(OR(Inputs!$B$4="Chapter Hunt",Inputs!$B$4="Breakthrough",Inputs!$B$4="Weapon Dungeon",Inputs!$B$4="Equipment Dungeon",Inputs!$B$4="Enhancement Dungeon",Inputs!$B$4="EXP Dungeon",Inputs!$B$4="Hero Dungeon"),0,IF(OR(Inputs!$B$4="World Boss",Inputs!$B$4="PvP"),1,IF(Inputs!$B$4="Chapter Boss",60/70,0)))),0)+IF(ArtifactsInput!$M$41,CHOOSE(ArtifactsInput!$N$41+1,5,6,7,8,9,10),0)+IF(ArtifactsInput!$M$40,CHOOSE(ArtifactsInput!$N$40+1,5,6,7,8,9,10),0)+IF(ArtifactsInput!$M$37,CHOOSE(ArtifactsInput!$N$37+1,10,12,14,16,18,20),0)+IF(ArtifactsInput!$M$34,CHOOSE(ArtifactsInput!$N$34+1,15,18,21,24,27,30),0)+IF(ArtifactsInput!$M$5,CHOOSE(ArtifactsInput!$N$5+1,10,12,14,16,18,20)*(IF(AND(Inputs!$B$39<>"pvp",Inputs!$B$44=0),0.5,(5*INT(MAX(0,IF(Inputs!$B$39="pvp",15,Inputs!$B$44)-10)/10)+MIN((MAX(0,IF(Inputs!$B$39="pvp",15,Inputs!$B$44)-10)-10*INT(MAX(0,IF(Inputs!$B$39="pvp",15,Inputs!$B$44)-10)/10)),5))/IF(Inputs!$B$39="pvp",15,Inputs!$B$44))),0)))/100)*(1+((C81=TRUE)*F81*IF(AND(Inputs!$B$39<>"pvp",Inputs!$B$44>0),(((R81-1)*MIN((Skills!Y11*(1+Inputs!$B$34/100)),(1/Q81))+MIN((Skills!Y11*(1+Inputs!$B$34/100)),MAX(0,Inputs!$B$44-((R81-1)*(1/Q81)))))/Inputs!$B$44),IF(Inputs!$B$39="pvp",MIN((Skills!Y11*(1+Inputs!$B$34/100)),15)/15,MIN(1,(Skills!Y11*(1+Inputs!$B$34/100))/(1/Q81)))))/100)*(1+((C86=TRUE)*F86*IF(AND(Inputs!$B$39<>"pvp",Inputs!$B$44>0),(((R86-1)*MIN((Skills!Y16*(1+Inputs!$B$34/100)),(1/Q86))+MIN((Skills!Y16*(1+Inputs!$B$34/100)),MAX(0,Inputs!$B$44-((R86-1)*(1/Q86)))))/Inputs!$B$44),IF(Inputs!$B$39="pvp",MIN((Skills!Y16*(1+Inputs!$B$34/100)),15)/15,MIN(1,(Skills!Y16*(1+Inputs!$B$34/100))/(1/Q86)))))/100))*(1+(IF(ArtifactsInput!$M$11,CHOOSE(ArtifactsInput!$N$11+1,15,18,21,24,27,30)*(IF(AND(Inputs!$B$39<>"pvp",Inputs!$B$44=0),3,IF(IF(Inputs!$B$39="pvp",15,Inputs!$B$44)<=20,0,IF(IF(Inputs!$B$39="pvp",15,Inputs!$B$44)<=40,(IF(Inputs!$B$39="pvp",15,Inputs!$B$44)-20)/(IF(Inputs!$B$39="pvp",15,Inputs!$B$44)),IF(IF(Inputs!$B$39="pvp",15,Inputs!$B$44)<=60,(2*IF(Inputs!$B$39="pvp",15,Inputs!$B$44)-60)/(IF(Inputs!$B$39="pvp",15,Inputs!$B$44)),(3*IF(Inputs!$B$39="pvp",15,Inputs!$B$44)-120)/(IF(Inputs!$B$39="pvp",15,Inputs!$B$44))))))),0))/100)*B106*I72) | L72: =K72*(MIN(Inputs!$B$22+((C95=TRUE)*(F95-Calc!F25)),(Inputs!$B$23+((C100=TRUE)*(F100-Calc!F30))+IF(ArtifactsInput!$M$15,CHOOSE(ArtifactsInput!$N$15+1,25,30,35,40,45,50)/100*(Inputs!$B$11-Inputs!$B$11),0)))/100+(Inputs!$B$23+((C100=TRUE)*(F100-Calc!F30))+IF(ArtifactsInput!$M$15,CHOOSE(ArtifactsInput!$N$15+1,25,30,35,40,45,50)/100*(Inputs!$B$11-Inputs!$B$11),0))/100)/2 | M72: =L72*(1+(Inputs!$B$10+((C97=TRUE)*(F97-Calc!F27))+B111+(IF(ArtifactsInput!$M$24,CHOOSE(ArtifactsInput!$N$24+1,30,36,42,48,54,60)/100*(Inputs!$B$9-Inputs!$B$9),0)+IF(ArtifactsInput!$M$10,CHOOSE(ArtifactsInput!$N$10+1,20,24,28,32,36,40)*(IF(Inputs!$B$39="pvp",MIN(15,15)/15,IF(AND(Inputs!$B$39<>"pvp",Inputs!$B$44>0),MIN(15,Inputs!$B$44)/(Inputs!$B$44),0))),0)+IF(ArtifactsInput!$M$31,1.5*CHOOSE(ArtifactsInput!$N$31+1,20,24,28,32,36,40),0)))/100) | N72: =L72*(1-MIN((Inputs!$B$9+((C96=TRUE)*(F96-Calc!F26))+B104+(ArtifactsInput!$M$24-ArtifactsInput!$M$24)*CHOOSE(ArtifactsInput!$N$24+1,10,12,14,16,18,20)+(IF(AND(Inputs!$B$39<>"pvp",Inputs!$B$44=0),1,IF(IF(Inputs!$B$39="pvp",15,Inputs!$B$44)-(B115)<=0,1,MAX(0,IF(Inputs!$B$39="pvp",15,Inputs!$B$44)-MAX(5,B115))/(IF(Inputs!$B$39="pvp",15,Inputs!$B$44)-(B115))))*IF(AND(ArtifactsInput!$M$42,((Inputs!$B$9+((C96=TRUE)*(F96-Calc!F26))+B104+(ArtifactsInput!$M$24-ArtifactsInput!$M$24)*CHOOSE(ArtifactsInput!$N$24+1,10,12,14,16,18,20)+IF(ArtifactsInput!$M$10,CHOOSE(ArtifactsInput!$N$10+1,15,18,21,24,27,30)*(IF(Inputs!$B$39="pvp",MIN(15,15)/15,IF(AND(Inputs!$B$39<>"pvp",Inputs!$B$44>0),MIN(15,Inputs!$B$44)/(Inputs!$B$44),0))),0)))<100),CHOOSE(ArtifactsInput!$N$42+1,30,36,42,48,54,60),0)+IF(ArtifactsInput!$M$10,CHOOSE(ArtifactsInput!$N$10+1,15,18,21,24,27,30)*(IF(Inputs!$B$39="pvp",MIN(15,15)/15,IF(AND(Inputs!$B$39<>"pvp",Inputs!$B$44>0),MIN(15,Inputs!$B$44)/(Inputs!$B$44),0))),0))),100)/100)+M72*(MIN((Inputs!$B$9+((C96=TRUE)*(F96-Calc!F26))+B104+(ArtifactsInput!$M$24-ArtifactsInput!$M$24)*CHOOSE(ArtifactsInput!$N$24+1,10,12,14,16,18,20)+(IF(AND(Inputs!$B$39<>"pvp",Inputs!$B$44=0),1,IF(IF(Inputs!$B$39="pvp",15,Inputs!$B$44)-(B115)<=0,1,MAX(0,IF(Inputs!$B$39="pvp",15,Inputs!$B$44)-MAX(5,B115))/(IF(Inputs!$B$39="pvp",15,Inputs!$B$44)-(B115))))*IF(AND(ArtifactsInput!$M$42,((Inputs!$B$9+((C96=TRUE)*(F96-Calc!F26))+B104+(ArtifactsInput!$M$24-ArtifactsInput!$M$24)*CHOOSE(ArtifactsInput!$N$24+1,10,12,14,16,18,20)+IF(ArtifactsInput!$M$10,CHOOSE(ArtifactsInput!$N$10+1,15,18,21,24,27,30)*(IF(Inputs!$B$39="pvp",MIN(15,15)/15,IF(AND(Inputs!$B$39<>"pvp",Inputs!$B$44>0),MIN(15,Inputs!$B$44)/(Inputs!$B$44),0))),0)))<100),CHOOSE(ArtifactsInput!$N$42+1,30,36,42,48,54,60),0)+IF(ArtifactsInput!$M$10,CHOOSE(ArtifactsInput!$N$10+1,15,18,21,24,27,30)*(IF(Inputs!$B$39="pvp",MIN(15,15)/15,IF(AND(Inputs!$B$39<>"pvp",Inputs!$B$44>0),MIN(15,Inputs!$B$44)/(Inputs!$B$44),0))),0))),100)/100) | O72: =(1-Summary!$B$11)*T72+Summary!$B$11*V72 | P72: =IF(B116=0,0,O72/B116) | Q72: 0 | R72: 0 | S72: =IFERROR(O72/N72,0) | T72: =IF(C72,(Skills!G2*N72*B110)*IF(Inputs!$B$39="pvp",1,1+(Inputs!$B$20+0+Skills!P2+B105+(IF(AND(ArtifactsInput!$M$36,IF(Inputs!$B$39="pvp",TRUE,AND(Inputs!$B$39<>"pvp",Inputs!$B$44>0))),MAX(0,MIN(40,IF(Inputs!$B$39="pvp",15,Inputs!$B$44))-MAX(20,IF(Inputs!$B$4="Breakthrough",20,IF(Inputs!$B$4="Hero Dungeon",30,0))))/(IF(Inputs!$B$39="pvp",15,Inputs!$B$44)-IF(Inputs!$B$4="Breakthrough",20,IF(Inputs!$B$4="Hero Dungeon",30,0)))*CHOOSE(ArtifactsInput!$N$36+1,30,36,42,48,54,60),0)+IF(ArtifactsInput!$M$33,CHOOSE(ArtifactsInput!$N$33+1,10,12,14,16,18,20),0)+(ArtifactsInput!$M$23-ArtifactsInput!$M$23)*CHOOSE(ArtifactsInput!$N$23+1,50,60,70,80,90,100))+(IF(AND(ArtifactsInput!$M$35,Inputs!$B$4<>"Chapter Hunt"),CHOOSE(ArtifactsInput!$N$35+1,15,18,21,24,27,30)*(1-EXP(-(0.2*B108)*5)),0)+IF(AND(ArtifactsInput!$M$22,Inputs!$B$4<>"Chapter Hunt"),CHOOSE(ArtifactsInput!$N$22+1,10,12,14,16,18,20)*((0*(((0.15*B108*5))^0/1)+1*(((0.15*B108*5))^1/1)+2*(((0.15*B108*5))^2/2)+3*(((0.15*B108*5))^3/6)+4*(((0.15*B108*5))^4/24)+5*(((0.15*B108*5))^5/120))/((((0.15*B108*5))^0/1)+(((0.15*B108*5))^1/1)+(((0.15*B108*5))^2/2)+(((0.15*B108*5))^3/6)+(((0.15*B108*5))^4/24)+(((0.15*B108*5))^5/120))),0)))/100)*((((5000/(6000+Inputs!$B$43*(1-(100*(1-(1-(100*(1-(1-Inputs!$B$19/100)*(1-CHOOSE(ArtifactsInput!$N$40+1,5,6,7,8,9,10)/100)^(ArtifactsInput!$M$40-ArtifactsInput!$M$40)))/100)*(1-IF(ArtifactsInput!$M$40,CHOOSE(ArtifactsInput!$N$40+1,5,6,7,8,9,10),0)/100)^IF(Inputs!$B$39="pvp",1,2)))/100)))/(5000/(6000+Inputs!$B$43*(1-(100*(1-(1-Inputs!$B$19/100)*(1-CHOOSE(ArtifactsInput!$N$40+1,5,6,7,8,9,10)/100)^(ArtifactsInput!$M$40-ArtifactsInput!$M$40)))/100))))*((L72*(1-MIN(100,(Inputs!$B$9+((C96=TRUE)*(F96-Calc!F26))+B104+(ArtifactsInput!$M$24-ArtifactsInput!$M$24)*CHOOSE(ArtifactsInput!$N$24+1,10,12,14,16,18,20)+(IF(AND(Inputs!$B$39<>"pvp",Inputs!$B$44=0),1,IF(IF(Inputs!$B$39="pvp",15,Inputs!$B$44)-(B115)<=0,1,MAX(0,IF(Inputs!$B$39="pvp",15,Inputs!$B$44)-MAX(5,B115))/(IF(Inputs!$B$39="pvp",15,Inputs!$B$44)-(B115))))*IF(AND(ArtifactsInput!$M$42,((Inputs!$B$9+((C96=TRUE)*(F96-Calc!F26))+B104+(ArtifactsInput!$M$24-ArtifactsInput!$M$24)*CHOOSE(ArtifactsInput!$N$24+1,10,12,14,16,18,20)+IF(ArtifactsInput!$M$10,CHOOSE(ArtifactsInput!$N$10+1,15,18,21,24,27,30)*(IF(Inputs!$B$39="pvp",MIN(15,15)/15,IF(AND(Inputs!$B$39<>"pvp",Inputs!$B$44>0),MIN(15,Inputs!$B$44)/(Inputs!$B$44),0))),0)))<100),CHOOSE(ArtifactsInput!$N$42+1,30,36,42,48,54,60),0)+IF(ArtifactsInput!$M$10,CHOOSE(ArtifactsInput!$N$10+1,15,18,21,24,27,30)*(IF(Inputs!$B$39="pvp",MIN(15,15)/15,IF(AND(Inputs!$B$39<>"pvp",Inputs!$B$44>0),MIN(15,Inputs!$B$44)/(Inputs!$B$44),0))),0)))+IF(AND(ArtifactsInput!$M$8,Inputs!$B$39<>"pvp"),CHOOSE(ArtifactsInput!$N$8+1,8,9.6,11.2,12.8,14.4,16),0))/100)+M72*(MIN(100,(Inputs!$B$9+((C96=TRUE)*(F96-Calc!F26))+B104+(ArtifactsInput!$M$24-ArtifactsInput!$M$24)*CHOOSE(ArtifactsInput!$N$24+1,10,12,14,16,18,20)+(IF(AND(Inputs!$B$39<>"pvp",Inputs!$B$44=0),1,IF(IF(Inputs!$B$39="pvp",15,Inputs!$B$44)-(B115)<=0,1,MAX(0,IF(Inputs!$B$39="pvp",15,Inputs!$B$44)-MAX(5,B115))/(IF(Inputs!$B$39="pvp",15,Inputs!$B$44)-(B115))))*IF(AND(ArtifactsInput!$M$42,((Inputs!$B$9+((C96=TRUE)*(F96-Calc!F26))+B104+(ArtifactsInput!$M$24-ArtifactsInput!$M$24)*CHOOSE(ArtifactsInput!$N$24+1,10,12,14,16,18,20)+IF(ArtifactsInput!$M$10,CHOOSE(ArtifactsInput!$N$10+1,15,18,21,24,27,30)*(IF(Inputs!$B$39="pvp",MIN(15,15)/15,IF(AND(Inputs!$B$39<>"pvp",Inputs!$B$44>0),MIN(15,Inputs!$B$44)/(Inputs!$B$44),0))),0)))<100),CHOOSE(ArtifactsInput!$N$42+1,30,36,42,48,54,60),0)+IF(ArtifactsInput!$M$10,CHOOSE(ArtifactsInput!$N$10+1,15,18,21,24,27,30)*(IF(Inputs!$B$39="pvp",MIN(15,15)/15,IF(AND(Inputs!$B$39<>"pvp",Inputs!$B$44>0),MIN(15,Inputs!$B$44)/(Inputs!$B$44),0))),0)))+IF(AND(ArtifactsInput!$M$8,Inputs!$B$39<>"pvp"),CHOOSE(ArtifactsInput!$N$8+1,8,9.6,11.2,12.8,14.4,16),0))/100))/(L72*(1-MIN(100,(Inputs!$B$9+((C96=TRUE)*(F96-Calc!F26))+B104+(ArtifactsInput!$M$24-ArtifactsInput!$M$24)*CHOOSE(ArtifactsInput!$N$24+1,10,12,14,16,18,20)+(IF(AND(Inputs!$B$39<>"pvp",Inputs!$B$44=0),1,IF(IF(Inputs!$B$39="pvp",15,Inputs!$B$44)-(B115)<=0,1,MAX(0,IF(Inputs!$B$39="pvp",15,Inputs!$B$44)-MAX(5,B115))/(IF(Inputs!$B$39="pvp",15,Inputs!$B$44)-(B115))))*IF(AND(ArtifactsInput!$M$42,((Inputs!$B$9+((C96=TRUE)*(F96-Calc!F26))+B104+(ArtifactsInput!$M$24-ArtifactsInput!$M$24)*CHOOSE(ArtifactsInput!$N$24+1,10,12,14,16,18,20)+IF(ArtifactsInput!$M$10,CHOOSE(ArtifactsInput!$N$10+1,15,18,21,24,27,30)*(IF(Inputs!$B$39="pvp",MIN(15,15)/15,IF(AND(Inputs!$B$39<>"pvp",Inputs!$B$44>0),MIN(15,Inputs!$B$44)/(Inputs!$B$44),0))),0)))<100),CHOOSE(ArtifactsInput!$N$42+1,30,36,42,48,54,60),0)+IF(ArtifactsInput!$M$10,CHOOSE(ArtifactsInput!$N$10+1,15,18,21,24,27,30)*(IF(Inputs!$B$39="pvp",MIN(15,15)/15,IF(AND(Inputs!$B$39<>"pvp",Inputs!$B$44>0),MIN(15,Inputs!$B$44)/(Inputs!$B$44),0))),0))))/100)+M72*(MIN(100,(Inputs!$B$9+((C96=TRUE)*(F96-Calc!F26))+B104+(ArtifactsInput!$M$24-ArtifactsInput!$M$24)*CHOOSE(ArtifactsInput!$N$24+1,10,12,14,16,18,20)+(IF(AND(Inputs!$B$39<>"pvp",Inputs!$B$44=0),1,IF(IF(Inputs!$B$39="pvp",15,Inputs!$B$44)-(B115)<=0,1,MAX(0,IF(Inputs!$B$39="pvp",15,Inputs!$B$44)-MAX(5,B115))/(IF(Inputs!$B$39="pvp",15,Inputs!$B$44)-(B115))))*IF(AND(ArtifactsInput!$M$42,((Inputs!$B$9+((C96=TRUE)*(F96-Calc!F26))+B104+(ArtifactsInput!$M$24-ArtifactsInput!$M$24)*CHOOSE(ArtifactsInput!$N$24+1,10,12,14,16,18,20)+IF(ArtifactsInput!$M$10,CHOOSE(ArtifactsInput!$N$10+1,15,18,21,24,27,30)*(IF(Inputs!$B$39="pvp",MIN(15,15)/15,IF(AND(Inputs!$B$39<>"pvp",Inputs!$B$44>0),MIN(15,Inputs!$B$44)/(Inputs!$B$44),0))),0)))<100),CHOOSE(ArtifactsInput!$N$42+1,30,36,42,48,54,60),0)+IF(ArtifactsInput!$M$10,CHOOSE(ArtifactsInput!$N$10+1,15,18,21,24,27,30)*(IF(Inputs!$B$39="pvp",MIN(15,15)/15,IF(AND(Inputs!$B$39<>"pvp",Inputs!$B$44>0),MIN(15,Inputs!$B$44)/(Inputs!$B$44),0))),0))))/100)))*(1+(IF(ArtifactsInput!$M$26,1*CHOOSE(ArtifactsInput!$N$26+1,1,1.2,1.4,1.6,1.8,2),0)+IF(AND(ArtifactsInput!$M$20,OR(Inputs!$B$39="normal",Inputs!$B$39="breakthrough")),CHOOSE(ArtifactsInput!$N$20+1,15,18,21,24,27,30)*(IF((Inputs!$B$44-IF(Inputs!$B$39="breakthrough",IF(Inputs!$B$4="Breakthrough",20,IF(Inputs!$B$4="Hero Dungeon",30,0)),Inputs!$B$44))=0,0,MAX(0,Inputs!$B$44-MAX(MAX(0,Inputs!$B$44-30),IF(Inputs!$B$39="breakthrough",IF(Inputs!$B$4="Breakthrough",20,IF(Inputs!$B$4="Hero Dungeon",30,0)),Inputs!$B$44)))/(Inputs!$B$44-IF(Inputs!$B$39="breakthrough",IF(Inputs!$B$4="Breakthrough",20,IF(Inputs!$B$4="Hero Dungeon",30,0)),Inputs!$B$44)))),0))/100))),0) | U72: =MAX(0,(Inputs!$B$3-100)*3)+Inputs!$B$28+Inputs!$B$29 | V72: =IF(C72,(Skills!G2*N72*B110)*IF(Inputs!$B$39="pvp",1,(1+(Inputs!$B$21+Skills!Q2+B105+(IF(ArtifactsInput!$M$33,CHOOSE(ArtifactsInput!$N$33+1,30,36,42,48,54,60),0))+(IF(AND(ArtifactsInput!$M$35,Inputs!$B$4<>"Chapter Hunt"),CHOOSE(ArtifactsInput!$N$35+1,15,18,21,24,27,30)*(1-EXP(-(0.2*B108)*5)),0)+IF(AND(ArtifactsInput!$M$22,Inputs!$B$4<>"Chapter Hunt"),CHOOSE(ArtifactsInput!$N$22+1,10,12,14,16,18,20)*((0*(((0.15*B108*5))^0/1)+1*(((0.15*B108*5))^1/1)+2*(((0.15*B108*5))^2/2)+3*(((0.15*B108*5))^3/6)+4*(((0.15*B108*5))^4/24)+5*(((0.15*B108*5))^5/120))/((((0.15*B108*5))^0/1)+(((0.15*B108*5))^1/1)+(((0.15*B108*5))^2/2)+(((0.15*B108*5))^3/6)+(((0.15*B108*5))^4/24)+(((0.15*B108*5))^5/120))),0)))/100)*(MIN((6+Inputs!$B$33),Inputs!$B$37)))*((1+(IF(AND(ArtifactsInput!$M$41,Inputs!$B$39<>"pvp"),CHOOSE(ArtifactsInput!$N$41+1,5,6,7,8,9,10)*IF(OR(Inputs!$B$4="Weapon Dungeon",Inputs!$B$4="Equipment Dungeon",Inputs!$B$4="Enhancement Dungeon",Inputs!$B$4="EXP Dungeon",Inputs!$B$4="Hero Dungeon"),3,1),0)+IF(ArtifactsInput!$M$26,10*CHOOSE(ArtifactsInput!$N$26+1,1,1.2,1.4,1.6,1.8,2),0)+IF(AND(ArtifactsInput!$M$20,OR(Inputs!$B$39="normal",Inputs!$B$39="breakthrough")),CHOOSE(ArtifactsInput!$N$20+1,15,18,21,24,27,30)*(IF(OR(Inputs!$B$44=0,IF(Inputs!$B$39="breakthrough",IF(Inputs!$B$4="Breakthrough",20,IF(Inputs!$B$4="Hero Dungeon",30,0)),Inputs!$B$44)=0),0,MAX(0,IF(Inputs!$B$39="breakthrough",IF(Inputs!$B$4="Breakthrough",20,IF(Inputs!$B$4="Hero Dungeon",30,0)),Inputs!$B$44)-MAX(0,Inputs!$B$44-30))/IF(Inputs!$B$39="breakthrough",IF(Inputs!$B$4="Breakthrough",20,IF(Inputs!$B$4="Hero Dungeon",30,0)),Inputs!$B$44))),0))/100)),0)
A73: =Skills!A3 | B73: =Skills!B3 | C73: =Inputs!$B$3>=35 | D73: =IF(Skills!C3=1,60+Inputs!$B$25+Inputs!$B$29,IF(Skills!C3=2,90+Inputs!$B$26+Inputs!$B$29,IF(Skills!C3=3,120+Inputs!$B$27+Inputs!$B$29,MAX(0,(Inputs!$B$3-100)*3)+Inputs!$B$28+Inputs!$B$29))) | E73: =INDEX(FactorTable!$B$2:$Y$301, MATCH(ROUND(MIN(300,MAX(1,D73)),0), FactorTable!$A$2:$A$301,0), Skills!M3+1) | F73: =IF(Skills!N3=TRUE,(Skills!L3/10)*(E73/1000),Skills!L3/10)+Skills!O3 | G73: =Skills!G3*IF(Skills!H3>0,IF(Inputs!$B$39="pvp",MIN(Skills!I3,15),Skills!I3)/Skills!H3,1) | H73: =1-(1-Skills!J3/100)^Skills!K3 | I73: 1 | O73: =(1-Summary!$B$11)*T73+Summary!$B$11*V73 | P73: =IF(B116=0,0,O73/B116) | Q73: 0 | R73: 0 | S73: =IFERROR(O73/N73,0) | T73: 0 | U73: =INDEX(FactorTable!$B$2:$Y$301, MATCH(ROUND(MIN(300,MAX(1,U72)),0), FactorTable!$A$2:$A$301,0), 22) | V73: 0
A74: =Skills!A4 | B74: =Skills!B4 | C74: =Inputs!$B$3>=66 | D74: =IF(Skills!C4=1,60+Inputs!$B$25+Inputs!$B$29,IF(Skills!C4=2,90+Inputs!$B$26+Inputs!$B$29,IF(Skills!C4=3,120+Inputs!$B$27+Inputs!$B$29,MAX(0,(Inputs!$B$3-100)*3)+Inputs!$B$28+Inputs!$B$29))) | E74: =INDEX(FactorTable!$B$2:$Y$301, MATCH(ROUND(MIN(300,MAX(1,D74)),0), FactorTable!$A$2:$A$301,0), Skills!M4+1) | F74: =IF(Skills!N4=TRUE,(Skills!L4/10)*(E74/1000),Skills!L4/10)+Skills!O4 | G74: =Skills!G4*IF(Skills!H4>0,IF(Inputs!$B$39="pvp",MIN(Skills!I4,15),Skills!I4)/Skills!H4,1) | H74: =1-(1-Skills!J4/100)^Skills!K4 | I74: 1 | J74: =((Inputs!$B$6*(1+Inputs!$B$7/100))+((((Inputs!$B$12+1)*(1+Inputs!$B$13/100))-(Inputs!$B$12*(1+Inputs!$B$13/100)))+0.25*(Inputs!$B$14-Inputs!$B$14))*(1+Inputs!$B$7/100))*(F74/100) | K74: =J74*(1+(((Inputs!$B$12+1)*(1+Inputs!$B$13/100))*0.01+Inputs!$B$14*0.0025)/100)*(1+Inputs!$B$15/100)*(1+Inputs!$B$16/100)*(5000/(6000+Inputs!$B$43*(1-(100*(1-(1-Inputs!$B$19/100)*(1-CHOOSE(ArtifactsInput!$N$40+1,5,6,7,8,9,10)/100)^(ArtifactsInput!$M$40-ArtifactsInput!$M$40)))/100)))*(1+(Inputs!$B$24+((C101=TRUE)*(F101-Calc!F31))+((C88=TRUE)*(F88-Calc!F18)))/100)*(1+(((1+IF(AND(ArtifactsInput!$M$36,IF(Inputs!$B$39="pvp",TRUE,AND(Inputs!$B$39<>"pvp",Inputs!$B$44>0))),CHOOSE(ArtifactsInput!$N$36+1,8,9.6,11.2,12.8,14.4,16),0)/100)*(1+IF(AND(ArtifactsInput!$M$32,Inputs!$B$4<>"Chapter Hunt"),CHOOSE(ArtifactsInput!$N$32+1,8,9.6,11.2,12.8,14.4,16),0)/100)*(1+IF(AND(ArtifactsInput!$M$38,Inputs!$B$39<>"pvp",Inputs!$B$44>0),CHOOSE(ArtifactsInput!$N$38+1,10,12,14,16,18,20)*(MIN(30,MAX(0,Inputs!$B$44-7))/Inputs!$B$44)*IF(Inputs!$B$4="Chapter Boss",2,1),0)/100)-1)*100+(ArtifactsInput!$M$14-ArtifactsInput!$M$14)*IF(OR(Inputs!$B$4="Weapon Dungeon",Inputs!$B$4="Equipment Dungeon",Inputs!$B$4="Enhancement Dungeon",Inputs!$B$4="EXP Dungeon",Inputs!$B$4="Hero Dungeon"),CHOOSE(ArtifactsInput!$N$14+1,10,12,14,16,18,20),0)+(ArtifactsInput!$M$29-ArtifactsInput!$M$29)*IF(Inputs!$B$39="pvp",CHOOSE(ArtifactsInput!$N$29+1,20,24,28,32,36,40),0)+(ArtifactsInput!$M$39-ArtifactsInput!$M$39)*CHOOSE(ArtifactsInput!$N$39+1,7,8.4,9.8,11.2,12.6,14)+(ArtifactsInput!$M$28-ArtifactsInput!$M$28)*IF(Inputs!$B$4="World Boss",CHOOSE(ArtifactsInput!$N$28+1,20,24,28,32,36,40),0)+(IF(ArtifactsInput!$M$34,MIN(CHOOSE(ArtifactsInput!$N$34+1,10,12,14,16,18,20),MAX(0,(CHOOSE(ArtifactsInput!$N$34+1,0.5,0.6,0.7,0.8,0.9,1)/3)*(Inputs!$B$11-60))),0)-IF(ArtifactsInput!$M$34,MIN(CHOOSE(ArtifactsInput!$N$34+1,10,12,14,16,18,20),MAX(0,(CHOOSE(ArtifactsInput!$N$34+1,0.5,0.6,0.7,0.8,0.9,1)/3)*(Inputs!$B$11-60))),0)))/100)*(1+(IF(Skills!A4="CRUEL_STAB",Inputs!$B$17+((C98=TRUE)*(F98-Calc!F28))+((IF(AND(Inputs!$B$39<>"pvp",Inputs!$B$44=0),1,IF(IF(Inputs!$B$39="pvp",15,Inputs!$B$44)-(B115)<=0,1,MAX(0,IF(Inputs!$B$39="pvp",15,Inputs!$B$44)-MAX(5,B115))/(IF(Inputs!$B$39="pvp",15,Inputs!$B$44)-(B115))))*(IF(AND(ArtifactsInput!$M$42,((Inputs!$B$9+((C96=TRUE)*(F96-Calc!F26))+B104+(ArtifactsInput!$M$24-ArtifactsInput!$M$24)*CHOOSE(ArtifactsInput!$N$24+1,10,12,14,16,18,20)+IF(ArtifactsInput!$M$10,CHOOSE(ArtifactsInput!$N$10+1,15,18,21,24,27,30)*(IF(Inputs!$B$39="pvp",MIN(15,15)/15,IF(AND(Inputs!$B$39<>"pvp",Inputs!$B$44>0),MIN(15,Inputs!$B$44)/(Inputs!$B$44),0))),0)))>=100),MIN(100,((Inputs!$B$9+((C96=TRUE)*(F96-Calc!F26))+B104+(ArtifactsInput!$M$24-ArtifactsInput!$M$24)*CHOOSE(ArtifactsInput!$N$24+1,10,12,14,16,18,20)+IF(ArtifactsInput!$M$10,CHOOSE(ArtifactsInput!$N$10+1,15,18,21,24,27,30)*(IF(Inputs!$B$39="pvp",MIN(15,15)/15,IF(AND(Inputs!$B$39<>"pvp",Inputs!$B$44>0),MIN(15,Inputs!$B$44)/(Inputs!$B$44),0))),0)))-100),0))*CHOOSE(ArtifactsInput!$N$42+1,0.6,0.72,0.84,0.96,1.08,1.2))),Inputs!$B$18+((C99=TRUE)*(F99-Calc!F29))+(IF(AND(Inputs!$B$39<>"pvp",Inputs!$B$44=0),1,IF(IF(Inputs!$B$39="pvp",15,Inputs!$B$44)-(B115)<=0,1,MAX(0,IF(Inputs!$B$39="pvp",15,Inputs!$B$44)-MAX(5,B115))/(IF(Inputs!$B$39="pvp",15,Inputs!$B$44)-(B115))))*IF(AND(ArtifactsInput!$M$42,((Inputs!$B$9+((C96=TRUE)*(F96-Calc!F26))+B104+(ArtifactsInput!$M$24-ArtifactsInput!$M$24)*CHOOSE(ArtifactsInput!$N$24+1,10,12,14,16,18,20)+IF(ArtifactsInput!$M$10,CHOOSE(ArtifactsInput!$N$10+1,15,18,21,24,27,30)*(IF(Inputs!$B$39="pvp",MIN(15,15)/15,IF(AND(Inputs!$B$39<>"pvp",Inputs!$B$44>0),MIN(15,Inputs!$B$44)/(Inputs!$B$44),0))),0)))>=100),CHOOSE(ArtifactsInput!$N$42+1,40,48,56,64,72,80),0))))/100)*(((1+(((C92=TRUE)*F92*IF(AND(Inputs!$B$39<>"pvp",Inputs!$B$44>0),(((R92-1)*MIN((Skills!Y22*(1+Inputs!$B$34/100)),(1/Q92))+MIN((Skills!Y22*(1+Inputs!$B$34/100)),MAX(0,Inputs!$B$44-((R92-1)*(1/Q92)))))/Inputs!$B$44),IF(Inputs!$B$39="pvp",MIN((Skills!Y22*(1+Inputs!$B$34/100)),15)/15,MIN(1,(Skills!Y22*(1+Inputs!$B$34/100))/(1/Q92)))))+((C73=TRUE)*F73*3)+((C75=TRUE)*F75*(1-EXP(-0.75*B108*5)))+((C94=TRUE)*(F94-Calc!F24))+(IF(ArtifactsInput!$M$21,CHOOSE(ArtifactsInput!$N$21+1,25,30,35,40,45,50)*(IF(OR(Inputs!$B$4="Chapter Hunt",Inputs!$B$4="Breakthrough",Inputs!$B$4="Weapon Dungeon",Inputs!$B$4="Equipment Dungeon",Inputs!$B$4="Enhancement Dungeon",Inputs!$B$4="EXP Dungeon",Inputs!$B$4="Hero Dungeon"),0,IF(OR(Inputs!$B$4="World Boss",Inputs!$B$4="PvP"),1,IF(Inputs!$B$4="Chapter Boss",60/70,0)))),0)+IF(ArtifactsInput!$M$41,CHOOSE(ArtifactsInput!$N$41+1,5,6,7,8,9,10),0)+IF(ArtifactsInput!$M$40,CHOOSE(ArtifactsInput!$N$40+1,5,6,7,8,9,10),0)+IF(ArtifactsInput!$M$37,CHOOSE(ArtifactsInput!$N$37+1,10,12,14,16,18,20),0)+IF(ArtifactsInput!$M$34,CHOOSE(ArtifactsInput!$N$34+1,15,18,21,24,27,30),0)+IF(ArtifactsInput!$M$5,CHOOSE(ArtifactsInput!$N$5+1,10,12,14,16,18,20)*(IF(AND(Inputs!$B$39<>"pvp",Inputs!$B$44=0),0.5,(5*INT(MAX(0,IF(Inputs!$B$39="pvp",15,Inputs!$B$44)-10)/10)+MIN((MAX(0,IF(Inputs!$B$39="pvp",15,Inputs!$B$44)-10)-10*INT(MAX(0,IF(Inputs!$B$39="pvp",15,Inputs!$B$44)-10)/10)),5))/IF(Inputs!$B$39="pvp",15,Inputs!$B$44))),0)))/100)*(1+((C81=TRUE)*F81*IF(AND(Inputs!$B$39<>"pvp",Inputs!$B$44>0),(((R81-1)*MIN((Skills!Y11*(1+Inputs!$B$34/100)),(1/Q81))+MIN((Skills!Y11*(1+Inputs!$B$34/100)),MAX(0,Inputs!$B$44-((R81-1)*(1/Q81)))))/Inputs!$B$44),IF(Inputs!$B$39="pvp",MIN((Skills!Y11*(1+Inputs!$B$34/100)),15)/15,MIN(1,(Skills!Y11*(1+Inputs!$B$34/100))/(1/Q81)))))/100)*(1+((C86=TRUE)*F86*IF(AND(Inputs!$B$39<>"pvp",Inputs!$B$44>0),(((R86-1)*MIN((Skills!Y16*(1+Inputs!$B$34/100)),(1/Q86))+MIN((Skills!Y16*(1+Inputs!$B$34/100)),MAX(0,Inputs!$B$44-((R86-1)*(1/Q86)))))/Inputs!$B$44),IF(Inputs!$B$39="pvp",MIN((Skills!Y16*(1+Inputs!$B$34/100)),15)/15,MIN(1,(Skills!Y16*(1+Inputs!$B$34/100))/(1/Q86)))))/100))*(1+(IF(ArtifactsInput!$M$11,CHOOSE(ArtifactsInput!$N$11+1,15,18,21,24,27,30)*(IF(AND(Inputs!$B$39<>"pvp",Inputs!$B$44=0),3,IF(IF(Inputs!$B$39="pvp",15,Inputs!$B$44)<=20,0,IF(IF(Inputs!$B$39="pvp",15,Inputs!$B$44)<=40,(IF(Inputs!$B$39="pvp",15,Inputs!$B$44)-20)/(IF(Inputs!$B$39="pvp",15,Inputs!$B$44)),IF(IF(Inputs!$B$39="pvp",15,Inputs!$B$44)<=60,(2*IF(Inputs!$B$39="pvp",15,Inputs!$B$44)-60)/(IF(Inputs!$B$39="pvp",15,Inputs!$B$44)),(3*IF(Inputs!$B$39="pvp",15,Inputs!$B$44)-120)/(IF(Inputs!$B$39="pvp",15,Inputs!$B$44))))))),0))/100)*B106*I74) | L74: =K74*(MIN(Inputs!$B$22+((C95=TRUE)*(F95-Calc!F25)),(Inputs!$B$23+((C100=TRUE)*(F100-Calc!F30))+IF(ArtifactsInput!$M$15,CHOOSE(ArtifactsInput!$N$15+1,25,30,35,40,45,50)/100*(Inputs!$B$11-Inputs!$B$11),0)))/100+(Inputs!$B$23+((C100=TRUE)*(F100-Calc!F30))+IF(ArtifactsInput!$M$15,CHOOSE(ArtifactsInput!$N$15+1,25,30,35,40,45,50)/100*(Inputs!$B$11-Inputs!$B$11),0))/100)/2 | M74: =L74*(1+(Inputs!$B$10+((C97=TRUE)*(F97-Calc!F27))+B111+(IF(ArtifactsInput!$M$24,CHOOSE(ArtifactsInput!$N$24+1,30,36,42,48,54,60)/100*(Inputs!$B$9-Inputs!$B$9),0)+IF(ArtifactsInput!$M$10,CHOOSE(ArtifactsInput!$N$10+1,20,24,28,32,36,40)*(IF(Inputs!$B$39="pvp",MIN(15,15)/15,IF(AND(Inputs!$B$39<>"pvp",Inputs!$B$44>0),MIN(15,Inputs!$B$44)/(Inputs!$B$44),0))),0)+IF(ArtifactsInput!$M$31,1.5*CHOOSE(ArtifactsInput!$N$31+1,20,24,28,32,36,40),0)))/100) | N74: =L74*(1-MIN((Inputs!$B$9+((C96=TRUE)*(F96-Calc!F26))+B104+(ArtifactsInput!$M$24-ArtifactsInput!$M$24)*CHOOSE(ArtifactsInput!$N$24+1,10,12,14,16,18,20)+(IF(AND(Inputs!$B$39<>"pvp",Inputs!$B$44=0),1,IF(IF(Inputs!$B$39="pvp",15,Inputs!$B$44)-(B115)<=0,1,MAX(0,IF(Inputs!$B$39="pvp",15,Inputs!$B$44)-MAX(5,B115))/(IF(Inputs!$B$39="pvp",15,Inputs!$B$44)-(B115))))*IF(AND(ArtifactsInput!$M$42,((Inputs!$B$9+((C96=TRUE)*(F96-Calc!F26))+B104+(ArtifactsInput!$M$24-ArtifactsInput!$M$24)*CHOOSE(ArtifactsInput!$N$24+1,10,12,14,16,18,20)+IF(ArtifactsInput!$M$10,CHOOSE(ArtifactsInput!$N$10+1,15,18,21,24,27,30)*(IF(Inputs!$B$39="pvp",MIN(15,15)/15,IF(AND(Inputs!$B$39<>"pvp",Inputs!$B$44>0),MIN(15,Inputs!$B$44)/(Inputs!$B$44),0))),0)))<100),CHOOSE(ArtifactsInput!$N$42+1,30,36,42,48,54,60),0)+IF(ArtifactsInput!$M$10,CHOOSE(ArtifactsInput!$N$10+1,15,18,21,24,27,30)*(IF(Inputs!$B$39="pvp",MIN(15,15)/15,IF(AND(Inputs!$B$39<>"pvp",Inputs!$B$44>0),MIN(15,Inputs!$B$44)/(Inputs!$B$44),0))),0))),100)/100)+M74*(MIN((Inputs!$B$9+((C96=TRUE)*(F96-Calc!F26))+B104+(ArtifactsInput!$M$24-ArtifactsInput!$M$24)*CHOOSE(ArtifactsInput!$N$24+1,10,12,14,16,18,20)+(IF(AND(Inputs!$B$39<>"pvp",Inputs!$B$44=0),1,IF(IF(Inputs!$B$39="pvp",15,Inputs!$B$44)-(B115)<=0,1,MAX(0,IF(Inputs!$B$39="pvp",15,Inputs!$B$44)-MAX(5,B115))/(IF(Inputs!$B$39="pvp",15,Inputs!$B$44)-(B115))))*IF(AND(ArtifactsInput!$M$42,((Inputs!$B$9+((C96=TRUE)*(F96-Calc!F26))+B104+(ArtifactsInput!$M$24-ArtifactsInput!$M$24)*CHOOSE(ArtifactsInput!$N$24+1,10,12,14,16,18,20)+IF(ArtifactsInput!$M$10,CHOOSE(ArtifactsInput!$N$10+1,15,18,21,24,27,30)*(IF(Inputs!$B$39="pvp",MIN(15,15)/15,IF(AND(Inputs!$B$39<>"pvp",Inputs!$B$44>0),MIN(15,Inputs!$B$44)/(Inputs!$B$44),0))),0)))<100),CHOOSE(ArtifactsInput!$N$42+1,30,36,42,48,54,60),0)+IF(ArtifactsInput!$M$10,CHOOSE(ArtifactsInput!$N$10+1,15,18,21,24,27,30)*(IF(Inputs!$B$39="pvp",MIN(15,15)/15,IF(AND(Inputs!$B$39<>"pvp",Inputs!$B$44>0),MIN(15,Inputs!$B$44)/(Inputs!$B$44),0))),0))),100)/100) | O74: =(1-Summary!$B$11)*T74+Summary!$B$11*V74 | P74: =IF(B116=0,0,O74/B116) | Q74: =IFERROR(1/IF(Inputs!$B$39="pvp",15,MAX(0.1,Skills!D4-IF(TRUE=TRUE,Inputs!$B$32,0))),0) | R74: =IF(AND(Inputs!$B$39<>"pvp",Inputs!$B$44>0),IF(MAX(0,Inputs!$B$44-B115)<=0,0,(INT(MAX(0,Inputs!$B$44-B115)/IF(Inputs!$B$39="pvp",15,MAX(0.1,Skills!D4-IF(TRUE=TRUE,Inputs!$B$32,0))))+1)),0) | S74: =IFERROR(O74/N74,0) | T74: =IF(C74,(H74*N74*IF(AND(Inputs!$B$39<>"pvp",Inputs!$B$44>0),((Skills!G4*((R74-1)*IF(Skills!H4>0,Skills!I4/Skills!H4,1)+IF(Skills!H4>0,MIN(Skills!I4,MAX(0,MAX(0,Inputs!$B$44-B115)-((R74-1)*IF(Inputs!$B$39="pvp",15,MAX(0.1,Skills!D4-IF(TRUE=TRUE,Inputs!$B$32,0))))))/Skills!H4,1)))/Inputs!$B$44),G74*Q74))*IF(Inputs!$B$39="pvp",1,1+(Inputs!$B$20+0+Skills!P4+B105+(IF(AND(ArtifactsInput!$M$36,IF(Inputs!$B$39="pvp",TRUE,AND(Inputs!$B$39<>"pvp",Inputs!$B$44>0))),MAX(0,MIN(40,IF(Inputs!$B$39="pvp",15,Inputs!$B$44))-MAX(20,IF(Inputs!$B$4="Breakthrough",20,IF(Inputs!$B$4="Hero Dungeon",30,0))))/(IF(Inputs!$B$39="pvp",15,Inputs!$B$44)-IF(Inputs!$B$4="Breakthrough",20,IF(Inputs!$B$4="Hero Dungeon",30,0)))*CHOOSE(ArtifactsInput!$N$36+1,30,36,42,48,54,60),0)+IF(ArtifactsInput!$M$33,CHOOSE(ArtifactsInput!$N$33+1,10,12,14,16,18,20),0)+(ArtifactsInput!$M$23-ArtifactsInput!$M$23)*CHOOSE(ArtifactsInput!$N$23+1,50,60,70,80,90,100))+(IF(AND(ArtifactsInput!$M$35,Inputs!$B$4<>"Chapter Hunt"),CHOOSE(ArtifactsInput!$N$35+1,15,18,21,24,27,30)*(1-EXP(-(0.2*B108)*5)),0)+IF(AND(ArtifactsInput!$M$22,Inputs!$B$4<>"Chapter Hunt"),CHOOSE(ArtifactsInput!$N$22+1,10,12,14,16,18,20)*((0*(((0.15*B108*5))^0/1)+1*(((0.15*B108*5))^1/1)+2*(((0.15*B108*5))^2/2)+3*(((0.15*B108*5))^3/6)+4*(((0.15*B108*5))^4/24)+5*(((0.15*B108*5))^5/120))/((((0.15*B108*5))^0/1)+(((0.15*B108*5))^1/1)+(((0.15*B108*5))^2/2)+(((0.15*B108*5))^3/6)+(((0.15*B108*5))^4/24)+(((0.15*B108*5))^5/120))),0)))/100)*((((5000/(6000+Inputs!$B$43*(1-(100*(1-(1-(100*(1-(1-Inputs!$B$19/100)*(1-CHOOSE(ArtifactsInput!$N$40+1,5,6,7,8,9,10)/100)^(ArtifactsInput!$M$40-ArtifactsInput!$M$40)))/100)*(1-IF(ArtifactsInput!$M$40,CHOOSE(ArtifactsInput!$N$40+1,5,6,7,8,9,10),0)/100)^IF(Inputs!$B$39="pvp",1,2)))/100)))/(5000/(6000+Inputs!$B$43*(1-(100*(1-(1-Inputs!$B$19/100)*(1-CHOOSE(ArtifactsInput!$N$40+1,5,6,7,8,9,10)/100)^(ArtifactsInput!$M$40-ArtifactsInput!$M$40)))/100))))*((L74*(1-MIN(100,(Inputs!$B$9+((C96=TRUE)*(F96-Calc!F26))+B104+(ArtifactsInput!$M$24-ArtifactsInput!$M$24)*CHOOSE(ArtifactsInput!$N$24+1,10,12,14,16,18,20)+(IF(AND(Inputs!$B$39<>"pvp",Inputs!$B$44=0),1,IF(IF(Inputs!$B$39="pvp",15,Inputs!$B$44)-(B115)<=0,1,MAX(0,IF(Inputs!$B$39="pvp",15,Inputs!$B$44)-MAX(5,B115))/(IF(Inputs!$B$39="pvp",15,Inputs!$B$44)-(B115))))*IF(AND(ArtifactsInput!$M$42,((Inputs!$B$9+((C96=TRUE)*(F96-Calc!F26))+B104+(ArtifactsInput!$M$24-ArtifactsInput!$M$24)*CHOOSE(ArtifactsInput!$N$24+1,10,12,14,16,18,20)+IF(ArtifactsInput!$M$10,CHOOSE(ArtifactsInput!$N$10+1,15,18,21,24,27,30)*(IF(Inputs!$B$39="pvp",MIN(15,15)/15,IF(AND(Inputs!$B$39<>"pvp",Inputs!$B$44>0),MIN(15,Inputs!$B$44)/(Inputs!$B$44),0))),0)))<100),CHOOSE(ArtifactsInput!$N$42+1,30,36,42,48,54,60),0)+IF(ArtifactsInput!$M$10,CHOOSE(ArtifactsInput!$N$10+1,15,18,21,24,27,30)*(IF(Inputs!$B$39="pvp",MIN(15,15)/15,IF(AND(Inputs!$B$39<>"pvp",Inputs!$B$44>0),MIN(15,Inputs!$B$44)/(Inputs!$B$44),0))),0)))+IF(AND(ArtifactsInput!$M$8,Inputs!$B$39<>"pvp"),CHOOSE(ArtifactsInput!$N$8+1,8,9.6,11.2,12.8,14.4,16),0))/100)+M74*(MIN(100,(Inputs!$B$9+((C96=TRUE)*(F96-Calc!F26))+B104+(ArtifactsInput!$M$24-ArtifactsInput!$M$24)*CHOOSE(ArtifactsInput!$N$24+1,10,12,14,16,18,20)+(IF(AND(Inputs!$B$39<>"pvp",Inputs!$B$44=0),1,IF(IF(Inputs!$B$39="pvp",15,Inputs!$B$44)-(B115)<=0,1,MAX(0,IF(Inputs!$B$39="pvp",15,Inputs!$B$44)-MAX(5,B115))/(IF(Inputs!$B$39="pvp",15,Inputs!$B$44)-(B115))))*IF(AND(ArtifactsInput!$M$42,((Inputs!$B$9+((C96=TRUE)*(F96-Calc!F26))+B104+(ArtifactsInput!$M$24-ArtifactsInput!$M$24)*CHOOSE(ArtifactsInput!$N$24+1,10,12,14,16,18,20)+IF(ArtifactsInput!$M$10,CHOOSE(ArtifactsInput!$N$10+1,15,18,21,24,27,30)*(IF(Inputs!$B$39="pvp",MIN(15,15)/15,IF(AND(Inputs!$B$39<>"pvp",Inputs!$B$44>0),MIN(15,Inputs!$B$44)/(Inputs!$B$44),0))),0)))<100),CHOOSE(ArtifactsInput!$N$42+1,30,36,42,48,54,60),0)+IF(ArtifactsInput!$M$10,CHOOSE(ArtifactsInput!$N$10+1,15,18,21,24,27,30)*(IF(Inputs!$B$39="pvp",MIN(15,15)/15,IF(AND(Inputs!$B$39<>"pvp",Inputs!$B$44>0),MIN(15,Inputs!$B$44)/(Inputs!$B$44),0))),0)))+IF(AND(ArtifactsInput!$M$8,Inputs!$B$39<>"pvp"),CHOOSE(ArtifactsInput!$N$8+1,8,9.6,11.2,12.8,14.4,16),0))/100))/(L74*(1-MIN(100,(Inputs!$B$9+((C96=TRUE)*(F96-Calc!F26))+B104+(ArtifactsInput!$M$24-ArtifactsInput!$M$24)*CHOOSE(ArtifactsInput!$N$24+1,10,12,14,16,18,20)+(IF(AND(Inputs!$B$39<>"pvp",Inputs!$B$44=0),1,IF(IF(Inputs!$B$39="pvp",15,Inputs!$B$44)-(B115)<=0,1,MAX(0,IF(Inputs!$B$39="pvp",15,Inputs!$B$44)-MAX(5,B115))/(IF(Inputs!$B$39="pvp",15,Inputs!$B$44)-(B115))))*IF(AND(ArtifactsInput!$M$42,((Inputs!$B$9+((C96=TRUE)*(F96-Calc!F26))+B104+(ArtifactsInput!$M$24-ArtifactsInput!$M$24)*CHOOSE(ArtifactsInput!$N$24+1,10,12,14,16,18,20)+IF(ArtifactsInput!$M$10,CHOOSE(ArtifactsInput!$N$10+1,15,18,21,24,27,30)*(IF(Inputs!$B$39="pvp",MIN(15,15)/15,IF(AND(Inputs!$B$39<>"pvp",Inputs!$B$44>0),MIN(15,Inputs!$B$44)/(Inputs!$B$44),0))),0)))<100),CHOOSE(ArtifactsInput!$N$42+1,30,36,42,48,54,60),0)+IF(ArtifactsInput!$M$10,CHOOSE(ArtifactsInput!$N$10+1,15,18,21,24,27,30)*(IF(Inputs!$B$39="pvp",MIN(15,15)/15,IF(AND(Inputs!$B$39<>"pvp",Inputs!$B$44>0),MIN(15,Inputs!$B$44)/(Inputs!$B$44),0))),0))))/100)+M74*(MIN(100,(Inputs!$B$9+((C96=TRUE)*(F96-Calc!F26))+B104+(ArtifactsInput!$M$24-ArtifactsInput!$M$24)*CHOOSE(ArtifactsInput!$N$24+1,10,12,14,16,18,20)+(IF(AND(Inputs!$B$39<>"pvp",Inputs!$B$44=0),1,IF(IF(Inputs!$B$39="pvp",15,Inputs!$B$44)-(B115)<=0,1,MAX(0,IF(Inputs!$B$39="pvp",15,Inputs!$B$44)-MAX(5,B115))/(IF(Inputs!$B$39="pvp",15,Inputs!$B$44)-(B115))))*IF(AND(ArtifactsInput!$M$42,((Inputs!$B$9+((C96=TRUE)*(F96-Calc!F26))+B104+(ArtifactsInput!$M$24-ArtifactsInput!$M$24)*CHOOSE(ArtifactsInput!$N$24+1,10,12,14,16,18,20)+IF(ArtifactsInput!$M$10,CHOOSE(ArtifactsInput!$N$10+1,15,18,21,24,27,30)*(IF(Inputs!$B$39="pvp",MIN(15,15)/15,IF(AND(Inputs!$B$39<>"pvp",Inputs!$B$44>0),MIN(15,Inputs!$B$44)/(Inputs!$B$44),0))),0)))<100),CHOOSE(ArtifactsInput!$N$42+1,30,36,42,48,54,60),0)+IF(ArtifactsInput!$M$10,CHOOSE(ArtifactsInput!$N$10+1,15,18,21,24,27,30)*(IF(Inputs!$B$39="pvp",MIN(15,15)/15,IF(AND(Inputs!$B$39<>"pvp",Inputs!$B$44>0),MIN(15,Inputs!$B$44)/(Inputs!$B$44),0))),0))))/100)))*(1+(IF(ArtifactsInput!$M$26,1*CHOOSE(ArtifactsInput!$N$26+1,1,1.2,1.4,1.6,1.8,2),0)+IF(AND(ArtifactsInput!$M$20,OR(Inputs!$B$39="normal",Inputs!$B$39="breakthrough")),CHOOSE(ArtifactsInput!$N$20+1,15,18,21,24,27,30)*(IF((Inputs!$B$44-IF(Inputs!$B$39="breakthrough",IF(Inputs!$B$4="Breakthrough",20,IF(Inputs!$B$4="Hero Dungeon",30,0)),Inputs!$B$44))=0,0,MAX(0,Inputs!$B$44-MAX(MAX(0,Inputs!$B$44-30),IF(Inputs!$B$39="breakthrough",IF(Inputs!$B$4="Breakthrough",20,IF(Inputs!$B$4="Hero Dungeon",30,0)),Inputs!$B$44)))/(Inputs!$B$44-IF(Inputs!$B$39="breakthrough",IF(Inputs!$B$4="Breakthrough",20,IF(Inputs!$B$4="Hero Dungeon",30,0)),Inputs!$B$44)))),0))/100))),0) | U74: =290*U73/1000 | V74: =IF(C74,(H74*N74*IF(AND(Inputs!$B$39<>"pvp",Inputs!$B$44>0),((Skills!G4*((R74-1)*IF(Skills!H4>0,Skills!I4/Skills!H4,1)+IF(Skills!H4>0,MIN(Skills!I4,MAX(0,MAX(0,Inputs!$B$44-B115)-((R74-1)*IF(Inputs!$B$39="pvp",15,MAX(0.1,Skills!D4-IF(TRUE=TRUE,Inputs!$B$32,0))))))/Skills!H4,1)))/Inputs!$B$44),G74*Q74))*IF(Inputs!$B$39="pvp",1,(1+(Inputs!$B$21+Skills!Q4+B105+(IF(ArtifactsInput!$M$33,CHOOSE(ArtifactsInput!$N$33+1,30,36,42,48,54,60),0))+(IF(AND(ArtifactsInput!$M$35,Inputs!$B$4<>"Chapter Hunt"),CHOOSE(ArtifactsInput!$N$35+1,15,18,21,24,27,30)*(1-EXP(-(0.2*B108)*5)),0)+IF(AND(ArtifactsInput!$M$22,Inputs!$B$4<>"Chapter Hunt"),CHOOSE(ArtifactsInput!$N$22+1,10,12,14,16,18,20)*((0*(((0.15*B108*5))^0/1)+1*(((0.15*B108*5))^1/1)+2*(((0.15*B108*5))^2/2)+3*(((0.15*B108*5))^3/6)+4*(((0.15*B108*5))^4/24)+5*(((0.15*B108*5))^5/120))/((((0.15*B108*5))^0/1)+(((0.15*B108*5))^1/1)+(((0.15*B108*5))^2/2)+(((0.15*B108*5))^3/6)+(((0.15*B108*5))^4/24)+(((0.15*B108*5))^5/120))),0)))/100)*(MIN(MIN(10,IF(Inputs!$B$3>=75,0.75,0.5)*B108*(1/Q74)),Inputs!$B$37)))*((1+(IF(AND(ArtifactsInput!$M$41,Inputs!$B$39<>"pvp"),CHOOSE(ArtifactsInput!$N$41+1,5,6,7,8,9,10)*IF(OR(Inputs!$B$4="Weapon Dungeon",Inputs!$B$4="Equipment Dungeon",Inputs!$B$4="Enhancement Dungeon",Inputs!$B$4="EXP Dungeon",Inputs!$B$4="Hero Dungeon"),3,1),0)+IF(ArtifactsInput!$M$26,10*CHOOSE(ArtifactsInput!$N$26+1,1,1.2,1.4,1.6,1.8,2),0)+IF(AND(ArtifactsInput!$M$20,OR(Inputs!$B$39="normal",Inputs!$B$39="breakthrough")),CHOOSE(ArtifactsInput!$N$20+1,15,18,21,24,27,30)*(IF(OR(Inputs!$B$44=0,IF(Inputs!$B$39="breakthrough",IF(Inputs!$B$4="Breakthrough",20,IF(Inputs!$B$4="Hero Dungeon",30,0)),Inputs!$B$44)=0),0,MAX(0,IF(Inputs!$B$39="breakthrough",IF(Inputs!$B$4="Breakthrough",20,IF(Inputs!$B$4="Hero Dungeon",30,0)),Inputs!$B$44)-MAX(0,Inputs!$B$44-30))/IF(Inputs!$B$39="breakthrough",IF(Inputs!$B$4="Breakthrough",20,IF(Inputs!$B$4="Hero Dungeon",30,0)),Inputs!$B$44))),0))/100)),0)
A75: =Skills!A5 | B75: =Skills!B5 | C75: =Inputs!$B$3>=75 | D75: =IF(Skills!C5=1,60+Inputs!$B$25+Inputs!$B$29,IF(Skills!C5=2,90+Inputs!$B$26+Inputs!$B$29,IF(Skills!C5=3,120+Inputs!$B$27+Inputs!$B$29,MAX(0,(Inputs!$B$3-100)*3)+Inputs!$B$28+Inputs!$B$29))) | E75: =INDEX(FactorTable!$B$2:$Y$301, MATCH(ROUND(MIN(300,MAX(1,D75)),0), FactorTable!$A$2:$A$301,0), Skills!M5+1) | F75: =IF(Skills!N5=TRUE,(Skills!L5/10)*(E75/1000),Skills!L5/10)+Skills!O5 | G75: =Skills!G5*IF(Skills!H5>0,IF(Inputs!$B$39="pvp",MIN(Skills!I5,15),Skills!I5)/Skills!H5,1) | H75: =1-(1-Skills!J5/100)^Skills!K5 | I75: 1 | O75: =(1-Summary!$B$11)*T75+Summary!$B$11*V75 | P75: =IF(B116=0,0,O75/B116) | Q75: 0 | R75: 0 | S75: =IFERROR(O75/N75,0) | T75: 0 | V75: 0
