Workbook

Sheet README
A1: Paladin — DPS Calculator: How to Use This Workbook
A3: How to use this workbook
A4: Only edit the yellow-highlighted cells on the Inputs sheet — every other sheet is computed from those values and will be overwritten if you rebuild the workbook.
A5: Summary shows Total DPS, a Per-Skill DPS Breakdown (damage-dealing skills only — buffs/passives that never deal their own damage are omitted), and a Marginal DPS & Stat Value table showing the DPS gained per +1 of each stat.
A6: Sensitivity has the full detail behind that marginal-value table — one self-contained block per stat, showing exactly how bumping that stat by +1 changes every downstream number.
A7: CubeData/PotentialCubes model your current gear's Potential Cube lines and drive cube-reroll expected-value decisions. For the full standalone Potential Cube EV calculator (exact optimal-stopping math, works from this workbook alone), see tools/potential_cubes_ev.py in the project repo.
A9: Design decisions & assumptions
A10: Iron Body's flat +30 STR, Warrior Mastery, Paladin's own 2nd-job Power Stance (Attack%), Weapon Acceleration, Physical Training, Weapon Mastery, and Paladin Expert are always-on passives assumed to already be reflected in your own Inputs stat entries — only their Sensitivity marginal delta is modeled live. Iron Body's flat STR and Power Stance's own damage-reduction component have NO Sensitivity delta row at all (no percentage-bucket exists for a flat sub-stat bonus, and no damage-taken mechanic exists in this template).
A11: DATA-QUALITY CAVEAT: Close Combat, Noble Demand, Heaven's Hammer, Divine Mark, Divine Judgment, and Maple Hero (Paladin) all have NO individual wiki page (confirmed genuine 404s) — same root-cause gap as Bishop. Each row's (baseDamage, factorIndex) is a FLAGGED ASSUMPTION derived from the single known level-1 value + a per-skill-type factorIndex convention, not a verified curve. The Mastery table's own discrete level-gated deltas layered on top of those assumed curves ARE separately confirmed real data.
A12: Divine Mark is split into two rows (main hit + detonation), same pattern as Hero's own Puncture / FP-Mage's Poison Mist Burst-DoT split. Divine Judgment is modeled as its own detonation only — the proc fires 'every 10 basic attacks,' approximated via a live Cooldown(s) formula referencing the Basic Attack Casts Per Second cell directly (10 / rate); its own +30% Basic Attack Damage buff component is FLAGGED, not modeled.
A13: Vessel of Light is a proc (15% chance per basic attack) with no stated internal cooldown — its uptime is approximated as MIN(1, Duration x ProcChance% x Basic Attack Rate) rather than the standard cooldown-driven duty-cycle helper used everywhere else in this project. Greater Vessel of Light (+18% FD 'for the duration of Vessel of Light') reuses that same computed uptime fraction directly rather than having its own duty cycle.
A14: Divine Shield fires on its own fixed interval (not a player-cast cooldown) — modeled the same way as Hero's own Enrage, treating the interval as the row's own Cooldown(s). Its new Aug-13-patch 'activates at combat start' behavior is not modeled (no start-of-combat mechanic exists anywhere in this project). Its own barrier-blocking component (defensive) is also not modeled.
... A18: Not modeled (out of scope): all forms of crowd control, Accuracy, Evasion, Defense, HP/MP recovery, movement speed, Companion Summoning Time, and pure support/defensive skills with no DPS-relevant mechanic (Combat Orders, Achilles, Parashock Guard).

Sheet Inputs
A1: Paladin — DPS Calculator Inputs | N1: (none)
C2: Chapter Boss | D2: Breakthrough | E2: PvP | F2: EXP Dungeon | G2: Equipment Dungeon | H2: Weapon Dungeon | I2: Enhancement Dungeon | J2: Hero Dungeon | K2: World Boss | L2: Chapter Hunt | N2: Charm of the Undead
A3: Character Level | B3: 200 | N3: Pig's Ribbon
A4: Content Type | B4: Chapter Boss | N4: Shamaness Marble
A5: Chapter-Stage — 'chapter-substage' (e.g. '28-9') for Breakthrough/Chapter Hunt, just the chapter number for Chapter Boss, or just the stage number for Weapon/Equipment/Enhancement/EXP/Hero Dungeon. Not applicable to World Boss/PvP. | B5: =INDEX($C$5:$L$5,MATCH($B$4,$C$2:$L$2,0)) | C5: 28 | D5: 28-9 | F5: 80 | G5: 80 | H5: 80 | I5: 80 | J5: 80 | L5: 28-9 | N5: The Contract of Darkness
A6: Flat ATTACK | B6: =INDEX($C$6:$L$6,MATCH($B$4,$C$2:$L$2,0)) | C6: 10000 | D6: 10000 | E6: 10000 | F6: 10000 | G6: 10000 | H6: 10000 | I6: 10000 | J6: 10000 | K6: 10000 | L6: 10000 | N6: Rainbow-colored Snail Shell
A7: ATTACK % | B7: =INDEX($C$7:$L$7,MATCH($B$4,$C$2:$L$2,0)) | C7: 0 | D7: 0 | E7: 0 | F7: 0 | G7: 0 | H7: 0 | I7: 0 | J7: 0 | K7: 0 | L7: 0 | N7: Hexagon Necklace
A8: Defense (your own DEF stat; PvP assumes the opponent has the same Defense as you) | B8: =INDEX($C$8:$L$8,MATCH($B$4,$C$2:$L$2,0)) | C8: 0 | D8: 0 | E8: 0 | F8: 0 | G8: 0 | H8: 0 | I8: 0 | J8: 0 | K8: 0 | L8: 0 | N8: Arwen's Glass Shoes
A9: CRIT_RATE % | B9: =INDEX($C$9:$L$9,MATCH($B$4,$C$2:$L$2,0)) | C9: 0 | D9: 0 | E9: 0 | F9: 0 | G9: 0 | H9: 0 | I9: 0 | J9: 0 | K9: 0 | L9: 0 | N9: Mushmom's Cap
A10: CRIT_DAMAGE % | B10: =INDEX($C$10:$L$10,MATCH($B$4,$C$2:$L$2,0)) | C10: 0 | D10: 0 | E10: 0 | F10: 0 | G10: 0 | H10: 0 | I10: 0 | J10: 0 | K10: 0 | L10: 0 | N10: Clear Spring Water
A11: ATTACK_SPEED % (base, excludes Weapon Acceleration) | B11: =INDEX($C$11:$L$11,MATCH($B$4,$C$2:$L$2,0)) | C11: 0 | D11: 0 | E11: 0 | F11: 0 | G11: 0 | H11: 0 | I11: 0 | J11: 0 | K11: 0 | L11: 0 | N11: Athena Pierce's Old Gloves
A12: Flat STR (include Iron Body's own +30 if unlocked) | B12: =INDEX($C$12:$L$12,MATCH($B$4,$C$2:$L$2,0)) | C12: 0 | D12: 0 | E12: 0 | F12: 0 | G12: 0 | H12: 0 | I12: 0 | J12: 0 | K12: 0 | L12: 0 | N12: Zakum's Stone Piece
A13: STR % | B13: =INDEX($C$13:$L$13,MATCH($B$4,$C$2:$L$2,0)) | C13: 0 | D13: 0 | E13: 0 | F13: 0 | G13: 0 | H13: 0 | I13: 0 | J13: 0 | K13: 0 | L13: 0 | N13: Horntail's Scale
A14: DEX | B14: =INDEX($C$14:$L$14,MATCH($B$4,$C$2:$L$2,0)) | C14: 0 | D14: 0 | E14: 0 | F14: 0 | G14: 0 | H14: 0 | I14: 0 | J14: 0 | K14: 0 | L14: 0 | N14: Pink Bean's Giant Rib
A15: DAMAGE % | B15: =INDEX($C$15:$L$15,MATCH($B$4,$C$2:$L$2,0)) | C15: 0 | D15: 0 | E15: 0 | F15: 0 | G15: 0 | H15: 0 | I15: 0 | J15: 0 | K15: 0 | L15: 0 | N15: Chalice
A16: DAMAGE_AMP % | B16: =INDEX($C$16:$L$16,MATCH($B$4,$C$2:$L$2,0)) | C16: 0 | D16: 0 | E16: 0 | F16: 0 | G16: 0 | H16: 0 | I16: 0 | J16: 0 | K16: 0 | L16: 0 | N16: Old Music Box
A17: BASIC_ATTACK_DAMAGE % | B17: =INDEX($C$17:$L$17,MATCH($B$4,$C$2:$L$2,0)) | C17: 0 | D17: 0 | E17: 0 | F17: 0 | G17: 0 | H17: 0 | I17: 0 | J17: 0 | K17: 0 | L17: 0 | N17: Silver Pendant
A18: SKILL_DAMAGE % | B18: =INDEX($C$18:$L$18,MATCH($B$4,$C$2:$L$2,0)) | C18: 0 | D18: 0 | E18: 0 | F18: 0 | G18: 0 | H18: 0 | I18: 0 | J18: 0 | K18: 0 | L18: 0 | N18: Star Rock
A19: DEF_PEN % | B19: =INDEX($C$19:$L$19,MATCH($B$4,$C$2:$L$2,0)) | C19: 0 | D19: 0 | E19: 0 | F19: 0 | G19: 0 | H19: 0 | I19: 0 | J19: 0 | K19: 0 | L19: 0 | N19: Book of Ancient
A20: BOSS_DAMAGE % | B20: =INDEX($C$20:$L$20,MATCH($B$4,$C$2:$L$2,0)) | C20: 0 | D20: 0 | E20: 0 | F20: 0 | G20: 0 | H20: 0 | I20: 0 | J20: 0 | K20: 0 | L20: 0 | N20: Lunar Dew
A21: NORMAL_DAMAGE % | B21: =INDEX($C$21:$L$21,MATCH($B$4,$C$2:$L$2,0)) | C21: 0 | D21: 0 | E21: 0 | F21: 0 | G21: 0 | H21: 0 | I21: 0 | J21: 0 | K21: 0 | L21: 0 | N21: Fire Flower
A22: MIN_DAMAGE % | B22: =INDEX($C$22:$L$22,MATCH($B$4,$C$2:$L$2,0)) | C22: 100 | D22: 100 | E22: 100 | F22: 100 | G22: 100 | H22: 100 | I22: 100 | J22: 100 | K22: 100 | L22: 100 | N22: Soul Contract
A23: MAX_DAMAGE % | B23: =INDEX($C$23:$L$23,MATCH($B$4,$C$2:$L$2,0)) | C23: 100 | D23: 100 | E23: 100 | F23: 100 | G23: 100 | H23: 100 | I23: 100 | J23: 100 | K23: 100 | L23: 100 | N23: Lit Lamp
A24: FINAL_DAMAGE % (base) | B24: =INDEX($C$24:$L$24,MATCH($B$4,$C$2:$L$2,0)) | C24: 0 | D24: 0 | E24: 0 | F24: 0 | G24: 0 | H24: 0 | I24: 0 | J24: 0 | K24: 0 | L24: 0 | N24: Soul Pouch
A25: Skill Level Bonus — 1st Job | B25: =INDEX($C$25:$L$25,MATCH($B$4,$C$2:$L$2,0)) | C25: 0 | D25: 0 | E25: 0 | F25: 0 | G25: 0 | H25: 0 | I25: 0 | J25: 0 | K25: 0 | L25: 0 | N25: Ancient Text Piece
A26: Skill Level Bonus — 2nd Job | B26: =INDEX($C$26:$L$26,MATCH($B$4,$C$2:$L$2,0)) | C26: 0 | D26: 0 | E26: 0 | F26: 0 | G26: 0 | H26: 0 | I26: 0 | J26: 0 | K26: 0 | L26: 0 | N26: Icy Soul Rock
A27: Skill Level Bonus — 3rd Job | B27: =INDEX($C$27:$L$27,MATCH($B$4,$C$2:$L$2,0)) | C27: 0 | D27: 0 | E27: 0 | F27: 0 | G27: 0 | H27: 0 | I27: 0 | J27: 0 | K27: 0 | L27: 0 | N27: Flaming Lava
A28: Skill Level Bonus — 4th Job | B28: =INDEX($C$28:$L$28,MATCH($B$4,$C$2:$L$2,0)) | C28: 0 | D28: 0 | E28: 0 | F28: 0 | G28: 0 | H28: 0 | I28: 0 | J28: 0 | K28: 0 | L28: 0 | N28: Sayram's Necklace
A29: Skill Level Bonus — All Skills | B29: =INDEX($C$29:$L$29,MATCH($B$4,$C$2:$L$2,0)) | C29: 0 | D29: 0 | E29: 0 | F29: 0 | G29: 0 | H29: 0 | I29: 0 | J29: 0 | K29: 0 | L29: 0 | N29: Bottle of Emotion
N30: Peach Tree Herb Pouch
A31: Additional Bonuses | N31: Candle
A32: Skill Cooldown Decrease (seconds, only skills/buffs the character actively casts) | B32: =INDEX($C$32:$L$32,MATCH($B$4,$C$2:$L$2,0)) | C32: 0 | D32: 0 | E32: 0 | F32: 0 | G32: 0 | H32: 0 | I32: 0 | J32: 0 | K32: 0 | L32: 0 | N32: Alliance Badge
A33: Basic Attack Target Increase (flat, adds to the 6-target normal-monster base) | B33: =INDEX($C$33:$L$33,MATCH($B$4,$C$2:$L$2,0)) | C33: 1 | D33: 1 | E33: 1 | F33: 1 | G33: 1 | H33: 1 | I33: 1 | J33: 1 | K33: 1 | L33: 1 | N33: Horn Flute
A34: Buff Duration Increase % | B34: =INDEX($C$34:$L$34,MATCH($B$4,$C$2:$L$2,0)) | C34: 0 | D34: 0 | E34: 0 | F34: 0 | G34: 0 | H34: 0 | I34: 0 | J34: 0 | K34: 0 | L34: 0 | N34: Cursed Doll
A35: Companion Summoning Time Increase % (companions not modeled — always 0 DPS impact) | B35: =INDEX($C$35:$L$35,MATCH($B$4,$C$2:$L$2,0)) | C35: 0 | D35: 0 | E35: 0 | F35: 0 | G35: 0 | H35: 0 | I35: 0 | J35: 0 | K35: 0 | L35: 0 | N35: Reindeer's Spear
A36: Boss/Normal Emphasis (Breakthrough/Hero Dungeon only) | B36: =INDEX($C$36:$L$36,MATCH($B$4,$C$2:$L$2,0)) | D36: A Little More Normal | J36: A Little More Normal | N36: Secret Map
A37: Max Enemies Actually In Range (normal-monster content only; default 999 = uncapped) | B37: =INDEX($C$37:$L$37,MATCH($B$4,$C$2:$L$2,0)) | D37: 999 | F37: 999 | G37: 999 | J37: 999 | L37: 999 | N37: Ring of Cycles
A38: Monster Type (auto-computed from Content Type) — computed, do not edit | B38: =IF(Inputs!$B$4="PvP","pvp",IF(OR(Inputs!$B$4="Breakthrough",Inputs!$B$4="Hero Dungeon"),"breakthrough",IF(OR(Inputs!$B$4="EXP Dungeon",Inputs!$B$4="Equipment Dungeon",Inputs!$B$4="Chapter Hunt"),"normal","boss")))
A39: Chapter (parsed from Chapter-Stage) — computed, do not edit | B39: =IFERROR(IF(ISNUMBER(FIND("-",Inputs!$B$5)),VALUE(LEFT(Inputs!$B$5,FIND("-",Inputs!$B$5)-1)),VALUE(Inputs!$B$5)),28)
A40: Stage (parsed from Chapter-Stage) — computed, do not edit | B40: =IFERROR(IF(ISNUMBER(FIND("-",Inputs!$B$5)),VALUE(MID(Inputs!$B$5,FIND("-",Inputs!$B$5)+1,50)),VALUE(Inputs!$B$5)),9)
A41: Breakthrough Global Stage Index (helper) — computed, do not edit | B41: =IF(Inputs!$B$39=28,Inputs!$B$40-9,Inputs!$B$40+14*MAX(0,MIN(Inputs!$B$39-1,38)-28)+19*MAX(0,Inputs!$B$39-39))
A42: Monster Defense (auto-computed from Content Type) — computed, do not edit | B42: =IF(Inputs!$B$4="Chapter Boss",3200+50*(Inputs!$B$39-28),IF(Inputs!$B$4="World Boss",62100,IF(Inputs!$B$4="Weapon Dungeon",Inputs!$B$40*50,IF(Inputs!$B$4="Enhancement Dungeon",950+Inputs!$B$40*50,IF(OR(Inputs!$B$4="EXP Dungeon",Inputs!$B$4="Equipment Dungeon"),250+Inputs!$B$40*50,IF(Inputs!$B$4="Hero Dungeon",650+Inputs!$B$40*50,IF(OR(Inputs!$B$4="Breakthrough",Inputs!$B$4="Chapter Hunt"),4860+20*Inputs!$B$41,Inputs!$B$8)))))))
A43: Fixed Fight Duration (auto-computed from Content Type; 0 = steady-state) — computed, do not edit | B43: =IF(Inputs!$B$4="Chapter Hunt",0,IF(Inputs!$B$4="Weapon Dungeon",22,IF(Inputs!$B$4="Equipment Dungeon",40,IF(Inputs!$B$4="Enhancement Dungeon",25,IF(Inputs!$B$4="Hero Dungeon",50,IF(Inputs!$B$4="EXP Dungeon",40,IF(Inputs!$B$4="World Boss",75,IF(Inputs!$B$4="Chapter Boss",70,IF(Inputs!$B$4="Breakthrough",40,0)))))))))
A44: Boss/Normal Weight % (parsed from Boss/Normal Emphasis) — computed, do not edit | B44: =IF(Inputs!$B$36="More Normal",70,IF(Inputs!$B$36="A Little More Normal",60,IF(Inputs!$B$36="Equal",50,IF(Inputs!$B$36="A Little More Boss",40,IF(Inputs!$B$36="More Boss",30,60)))))
A46: Equipped Artifacts (up to 4)
A47: Slot 1 | B47: =INDEX($C$47:$L$47,MATCH($B$4,$C$2:$L$2,0)) | C47: (none) | D47: (none) | E47: (none) | F47: (none) | G47: (none) | H47: (none) | I47: (none) | J47: (none) | K47: (none) | L47: (none)
A48: Slot 2 | B48: =INDEX($C$48:$L$48,MATCH($B$4,$C$2:$L$2,0)) | C48: (none) | D48: (none) | E48: (none) | F48: (none) | G48: (none) | H48: (none) | I48: (none) | J48: (none) | K48: (none) | L48: (none)
A49: Slot 3 | B49: =INDEX($C$49:$L$49,MATCH($B$4,$C$2:$L$2,0)) | C49: (none) | D49: (none) | E49: (none) | F49: (none) | G49: (none) | H49: (none) | I49: (none) | J49: (none) | K49: (none) | L49: (none)
A50: Slot 4 | B50: =INDEX($C$50:$L$50,MATCH($B$4,$C$2:$L$2,0)) | C50: (none) | D50: (none) | E50: (none) | F50: (none) | G50: (none) | H50: (none) | I50: (none) | J50: (none) | K50: (none) | L50: (none)

Sheet FactorTable
A1: Level | B1: F0 | C1: F1 | D1: F2 | E1: F3 | F1: F4 | G1: F5 | H1: F6 | I1: F7 | J1: F8 | K1: F9 | L1: F10 | M1: F11 | N1: F12 | O1: F13 | P1: F14 | Q1: F15 | R1: F16 | S1: F17 | T1: F18 | U1: F19 | V1: F20 | W1: F21 | X1: F22 | Y1: F23
A2: 1 | B2: 0 | C2: 1000 | D2: 1000 | E2: 1000 | F2: 1000 | G2: 1000 | H2: 1000 | I2: 1000 | J2: 1000 | K2: 1000 | L2: 1000 | M2: 1000 | N2: 1000 | O2: 1000 | P2: 1000 | Q2: 1000 | R2: 1000 | S2: 1000 | T2: 1000 | U2: 1000 | V2: 1000 | W2: 1000 | X2: 1000 | Y2: 1000
A3: 2 | B3: 0 | C3: 1015 | D3: 1020 | E3: 1030 | F3: 1040 | G3: 1050 | H3: 1060 | I3: 1070 | J3: 1020 | K3: 1020 | L3: 1020 | M3: 1000 | N3: 1010 | O3: 1020 | P3: 1030 | Q3: 1040 | R3: 1050 | S3: 1060 | T3: 1070 | U3: 1080 | V3: 1010 | W3: 1008 | X3: 1006 | Y3: 1100
A4: 3 | B4: 0 | C4: 1031 | D4: 1041 | E4: 1061 | F4: 1082 | G4: 1103 | H4: 1124 | I4: 1145 | J4: 1030 | K4: 1041 | L4: 1030 | M4: 1000 | N4: 1015 | O4: 1030 | P4: 1045 | Q4: 1060 | R4: 1075 | S4: 1090 | T4: 1105 | U4: 1120 | V4: 1020 | W4: 1012 | X4: 1009 | Y4: 1150
A5: 4 | B5: 0 | C5: 1047 | D5: 1062 | E5: 1093 | F5: 1126 | G5: 1159 | H5: 1192 | I5: 1226 | J5: 1040 | K5: 1062 | L5: 1040 | M5: 1000 | N5: 1020 | O5: 1040 | P5: 1060 | Q5: 1080 | R5: 1100 | S5: 1120 | T5: 1140 | U5: 1160 | V5: 1030 | W5: 1016 | X5: 1012 | Y5: 1200
A6: 5 | B6: 0 | C6: 1063 | D6: 1084 | E6: 1126 | F6: 1172 | G6: 1217 | H6: 1264 | I6: 1312 | J6: 1050 | K6: 1084 | L6: 1050 | M6: 1000 | N6: 1025 | O6: 1050 | P6: 1075 | Q6: 1100 | R6: 1125 | S6: 1150 | T6: 1175 | U6: 1200 | V6: 1040 | W6: 1020 | X6: 1015 | Y6: 1250
A7: 6 | B7: 0 | C7: 1079 | D7: 1106 | E7: 1160 | F7: 1219 | G7: 1278 | H7: 1340 | I7: 1404 | J7: 1060 | K7: 1106 | L7: 1060 | M7: 1000 | N7: 1030 | O7: 1060 | P7: 1090 | Q7: 1120 | R7: 1150 | S7: 1180 | T7: 1210 | U7: 1240 | V7: 1050 | W7: 1024 | X7: 1018 | Y7: 1300
A8: 7 | B8: 0 | C8: 1096 | D8: 1129 | E8: 1195 | F8: 1268 | G8: 1342 | H8: 1421 | I8: 1503 | J8: 1070 | K8: 1129 | L8: 1070 | M8: 1000 | N8: 1035 | O8: 1070 | P8: 1105 | Q8: 1140 | R8: 1175 | S8: 1210 | T8: 1245 | U8: 1280 | V8: 1060 | W8: 1028 | X8: 1021 | Y8: 1350
A9: 8 | B9: 0 | C9: 1113 | D9: 1152 | E9: 1231 | F9: 1319 | G9: 1410 | H9: 1507 | I9: 1609 | J9: 1080 | K9: 1152 | L9: 1080 | M9: 1000 | N9: 1040 | O9: 1080 | P9: 1120 | Q9: 1160 | R9: 1200 | S9: 1240 | T9: 1280 | U9: 1320 | V9: 1070 | W9: 1032 | X9: 1024 | Y9: 1400
A10: 9 | B10: 0 | C10: 1130 | D10: 1176 | E10: 1268 | F10: 1372 | G10: 1481 | H10: 1598 | I10: 1722 | J10: 1090 | K10: 1176 | L10: 1090 | M10: 1000 | N10: 1045 | O10: 1090 | P10: 1135 | Q10: 1180 | R10: 1225 | S10: 1270 | T10: 1315 | U10: 1360 | V10: 1080 | W10: 1036 | X10: 1027 | Y10: 1450
A11: 10 | B11: 0 | C11: 1147 | D11: 1200 | E11: 1307 | F11: 1427 | G11: 1556 | H11: 1694 | I11: 1843 | J11: 1100 | K11: 1200 | L11: 1100 | M11: 1000 | N11: 1050 | O11: 1100 | P11: 1150 | Q11: 1200 | R11: 1250 | S11: 1300 | T11: 1350 | U11: 1400 | V11: 1090 | W11: 1040 | X11: 1030 | Y11: 1500
A12: 11 | B12: 0 | C12: 1165 | D12: 1224 | E12: 1347 | F12: 1485 | G12: 1634 | H12: 1796 | I12: 1973 | J12: 1110 | K12: 1224 | L12: 1110 | M12: 1000 | N12: 1055 | O12: 1110 | P12: 1165 | Q12: 1220 | R12: 1275 | S12: 1330 | T12: 1385 | U12: 1440 | V12: 1100 | W12: 1044 | X12: 1033 | Y12: 1550
A13: 12 | B13: 0 | C13: 1183 | D13: 1249 | E13: 1388 | F13: 1545 | G13: 1716 | H13: 1904 | I13: 2112 | J13: 1120 | K13: 1249 | L13: 1120 | M13: 1000 | N13: 1060 | O13: 1120 | P13: 1180 | Q13: 1240 | R13: 1300 | S13: 1360 | T13: 1420 | U13: 1480 | V13: 1110 | W13: 1048 | X13: 1036 | Y13: 1600
... A301: 300 | B301: 0 | C301: 88573 | D301: 381637 | E301: 6991522 | F301: 125363453 | G301: 2185120762 | H301: 37157073039 | I301: 614631863830 | J301: 2000 | K301: 53326 | L301: 2500 | M301: 1100 | N301: 2500 | O301: 4000 | P301: 5500 | Q301: 7000 | R301: 8500 | S301: 10000 | T301: 11500 | U301: 13000 | V301: 7558 | W301: 2200 | X301: 1900 | Y301: 8800

Sheet Skills
A1: Key | B1: Name | C1: JobStep | D1: Cooldown(s) | E1: CostsActionSlot | F1: ActionsPerCast | G1: HitsPerCast | H1: ICD(s) | I1: ActiveWindow(s) | J1: ProcChance% | K1: RollsPerCast | L1: BaseDamage(tenths%) | M1: FactorIndex | N1: ScalesWithLevel | O1: SkillMasteryBonus% | P1: MasteryBossDamage% | Q1: MasteryNormalDamage% | R1: NormalMonsterTargets | S1: BuffTargetStat | T1: BuffDuration(s) | U1: MapleHeroBase(tenths%) | V1: MapleHeroFactorIndex | W1: Note
A2: BLAST | B2: Blast | C2: 4 | E2: FALSE | F2: 1 | G2: =IF(Inputs!$B$3>=136,6,5) | H2: 0 | I2: 0 | J2: 100 | K2: 1 | L2: 2900 | M2: 21 | N2: TRUE | O2: =Calc!F3*IF(Calc!C3=TRUE,1,0)/100*25*(1+7.5*IF(Calc!C12=TRUE,Calc!F12,0)/100)+SUMPRODUCT((Inputs!$B$3>={102,106,116,120,128,132})*{10,1,1,1,1,1}) | P2: =SUMPRODUCT((Inputs!$B$3>={111,124})*{10,10}) | Q2: 0 | R2: =6+Inputs!$B$33 | T2: 0 | W2: 4th-job basic-attack effect (supersedes Divine Swing/Divine Charge, confirmed identical wiki wording — 290% damage to 6 target(s) in front 5 time(s) — to every other class's own 4th-job basic attack). factorIndex 21, baseDamage 2900 tenths%. HitsPerCast=5, bumping to 6 once Mastery Lv.136 'Blast - Strike' unlocks (identical level to Hero's own Raging Blow - Strike). SkillMasteryBonus% is Final Attack's own steady-state contribution (ProcChance x AdditionalDamage% x 25, single-stage since Paladin has no Advanced Final Attack), further multiplied by Maple Hero's own +150% FD share targeting Final Attack specifically (a bespoke fold — Final Attack is a HELPER row, not a normal Maple Hero target), PLUS the real Blast - Damage mastery chain (102/106/116/120/128/132, summed as DELTAS). MasteryBossDamage% is the real 2-tier Blast - Boss Monster Damage chain (111/124, +10% each, +20% total).
A3: FINAL_ATTACK_HELPER | B3: Final Attack (helper) | C3: 2 | E3: FALSE | F3: 1 | G3: 1 | H3: 0 | I3: 0 | J3: 100 | K3: 1 | L3: 350 | M3: 21 | N3: TRUE | O3: =SUMPRODUCT((Inputs!$B$3>={54})*{50}) | P3: 0 | Q3: 0 | R3: 0 | T3: 0 | W3: Helper row only — feeds Blast's own coefficient. 25% chance, 35%->49% additional damage (levels 1-100), factorIndex 21/baseDamage 350 tenths% — resolves to the IDENTICAL tuple Hero/Bowmaster's own Final Attack helper uses, confirming this is genuinely the same cross-tree shared skill. Mastery Lv.54 'Final Attack - Damage' +50% (real SkillMasteryBonus%, same level as Hero's own chain). Paladin has NO Advanced Final Attack at all (confirmed absent from its skill list) — no second-stage helper needed.
A4: CLOSE_COMBAT | B4: Close Combat | C4: 2 | D4: 18 | E4: TRUE | F4: 1 | G4: 1 | H4: 0 | I4: 0 | J4: 100 | K4: 1 | L4: 4600 | M4: 12 | N4: TRUE | O4: =SUMPRODUCT((Inputs!$B$3>={39})*{50}) | P4: 0 | Q4: 0 | R4: 7 | T4: 0 | W4: FLAGGED ASSUMPTION (no individual wiki page exists — confirmed genuine 404, same root-cause gap as Bishop): factorIndex 12 (burst convention), baseDamage 4600 tenths% (460% level-1). 'Deals 460% damage to 7 nearby target(s)', 18s cooldown. Mastery Lv.39 'Close Combat - Damage' +50% (real SkillMasteryBonus%). Mastery Lv.44 'Close Combat - Weaken' (+10% target damage taken for 10 sec, confirmed via maplestoryidle.info cross-reference — the wiki alone never gave a duration) is now modeled as a duty-cycle-averaged addition to Global Monster Damage-Taken Bonus % (Summary!R_MONSTER_DMG_BONUS), not this row's own Mastery columns — same pattern as Ice-Lightning-Mage's own Freezing Breath - Weaken. Maple Hero target (4x share, the biggest) — see MAPLE_HERO_RATIOS.
A5: NOBLE_DEMAND | B5: Noble Demand | C5: 3 | D5: 30 | E5: TRUE | F5: 1 | G5: 1 | H5: 0 | I5: 0 | J5: 100 | K5: 1 | L5: 16000 | M5: 12 | N5: TRUE | O5: =SUMPRODUCT((Inputs!$B$3>={73})*{50}) | P5: 0 | Q5: 0 | R5: 8 | T5: 0 | W5: FLAGGED ASSUMPTION (no individual wiki page exists): factorIndex 12, baseDamage 16000 tenths% (1600% level-1). 'Deals 1600% damage to 8 nearby target(s) and increases their damage taken by 12% for 10 sec' — the damage-taken-increase component (confirmed 10s duration via maplestoryidle.info cross-reference — the wiki alone never gave one) is now modeled as a duty-cycle-averaged addition to Global Monster Damage-Taken Bonus % (Summary!R_MONSTER_DMG_BONUS), innate (no mastery gate — this is the skill's own base effect, unlike Close Combat/Divine Mark's own mastery-gated Weaken). 30s cooldown. Mastery Lv.73 'Noble Demand - Damage' +50% (real SkillMasteryBonus%). Mastery Lv.94 'Noble Demand - Reuse' (-30% cooldown) not separately modeled, same treatment as Hero's own Rush cooldown masteries. Maple Hero target (1x share, the smallest) — see MAPLE_HERO_RATIOS.
A6: HEAVENS_HAMMER | B6: Heaven's Hammer | C6: 4 | D6: 18 | E6: TRUE | F6: 1 | G6: 5 | H6: 0 | I6: 0 | J6: 100 | K6: 1 | L6: 7800 | M6: 12 | N6: TRUE | O6: =SUMPRODUCT((Inputs!$B$3>={108})*{50}) | P6: =100+IF(Inputs!$B$3>=134,100,0) | Q6: 0 | R6: 7 | T6: 0 | W6: FLAGGED ASSUMPTION (no individual wiki page exists): factorIndex 12, baseDamage 7800 tenths% (780% level-1). 'Slams a large hammer to deal 780% damage to 7 target(s) in front 5 time(s). Deals additional 100% Boss Monster Damage' — the +100% Boss Monster Damage is the skill's own innate effect (baked into MasteryBossDamage%'s base 100), with Mastery Lv.134 'Heaven's Hammer - Boss Monster Damage' adding another +100% tier on top (total 200% once both are active). 18s cooldown. Mastery Lv.108 'Heaven's Hammer - Damage' +50% (real SkillMasteryBonus%). Not patched (absent from the Aug 13 patch notes PDF's 2-skill Paladin section).
A7: DIVINE_MARK_MAIN | B7: Divine Mark (main hit) | C7: 4 | D7: 16 | E7: TRUE | F7: 1 | G7: 6 | H7: 0 | I7: 0 | J7: 100 | K7: 1 | L7: 4600 | M7: 12 | N7: TRUE | O7: =SUMPRODUCT((Inputs!$B$3>={122})*{50}) | P7: 0 | Q7: 0 | R7: 8 | T7: 0 | W7: FLAGGED ASSUMPTION (no individual wiki page exists): factorIndex 12, baseDamage 4600 tenths% (460% level-1). 'Deals 460% damage to 8 target(s) in front 6 time(s), then detonates stigmata of light' (see DIVINE_MARK_DETONATION for the second half — same cast, same cooldown/targets). 16s cooldown. Mastery Lv.122 'Divine Mark - Damage' +50% (real SkillMasteryBonus%, applies to the main hit only — the wiki doesn't specify it applying to the detonation too). Mastery Lv.138 'Divine Mark - Weaken' (+20% target damage taken for 10s, confirmed via maplestoryidle.info cross-reference) is now modeled as a duty-cycle-averaged addition to Global Monster Damage-Taken Bonus % (Summary!R_MONSTER_DMG_BONUS), same pattern as Close Combat's own Weaken above.
A8: DIVINE_MARK_DETONATION | B8: Divine Mark (detonation) | C8: 4 | D8: 16 | E8: FALSE | F8: 1 | G8: 4 | H8: 0 | I8: 0 | J8: 100 | K8: 1 | L8: 4000 | M8: 12 | N8: TRUE | O8: 0 | P8: 0 | Q8: 0 | R8: 8 | T8: 0 | W8: Detonation half of the same Divine Mark cast — 'dealing 400% damage to 8 nearby target(s) 4 time(s)'. Shares Divine Mark's own cooldown/cast (CostsActionSlot=False here since DIVINE_MARK_MAIN already costs the action slot for this cast). factorIndex 12, baseDamage 4000 tenths% (400% level-1). FLAGGED ASSUMPTION, same root-cause gap as its main-hit sibling. No own Skill/Boss Mastery (Lv.122's own mastery only mentions 'Divine Mark - Damage' without specifying the detonation, so it's not applied here to avoid double-counting an ambiguous mastery scope).
A9: DIVINE_JUDGMENT | B9: Divine Judgment (detonation) | C9: 4 | D9: =10/Summary!$B$17 | E9: FALSE | F9: 1 | G9: 4 | H9: 0 | I9: 0 | J9: 100 | K9: 1 | L9: 8500 | M9: 12 | N9: TRUE | O9: 0 | P9: 0 | Q9: 0 | R9: 4 | T9: 0 | W9: FLAGGED ASSUMPTION (no individual wiki page exists), AND a bespoke trigger-rate approximation: 'Every 10 basic attacks, increases Basic Attack Damage by 30% for 5 sec and creates a Divine Brand that explodes after 1 sec dealing 850% damage to 4 nearby target(s) 4 time(s)'. Modeled as detonation-only — Cooldown(s) is a LIVE formula (10/Summary!Actions Per Second, NOT Basic-Attack-specific Casts Per Second — referencing that cell instead would create a genuine circular reference, since R_BAPS is downstream of the same cast-rate SUMPRODUCT this row's own Q-column formula feeds into, regardless of CostsActionSlot=False) approximating the 'every 10 basic attacks' trigger as a steady-state period, the same self-referencing-a-Summary-constant pattern already established for Marksman's own Quiver Cartridge AS-scaled cooldown. The +30% Basic Attack Damage buff component is FLAGGED, not modeled — stacking another duty-cycle layer on an already-dynamic proc rate was judged out of scope for this pass. factorIndex 12, baseDamage 8500 tenths% (850% level-1). CostsActionSlot=False (the detonation itself doesn't consume the action queue — it's a delayed proc off basic attacks, which already have their own slot).
A10: MAGIC_CRASH | B10: Magic Crash | C10: 4 | D10: 28 | E10: TRUE | F10: 1 | G10: 1 | H10: 0 | I10: 0 | J10: 100 | K10: 1 | L10: 48000 | M10: 12 | N10: TRUE | O10: 0 | P10: 0 | Q10: 0 | R10: =5+IF(Inputs!$B$3>=100,4,0) | T10: 0 | W10: Summons a rock at the target's location, removing 1 buff and dealing 4800%->9600% damage to 5 nearby target(s), 1 time. factorIndex 12, baseDamage 48000 tenths%. Shared verbatim with Hero and Dark Knight (single wiki page, /w/Magic_Crash) — reuses Hero's own already-resolved tuple directly, not re-derived. PATCHED: targets 5->9 (effect range +50% not modeled, no such mechanic exists in this project).
A11: RUSH | B11: Rush | C11: 3 | D11: 22 | E11: TRUE | F11: 1 | G11: 1 | H11: 0 | I11: 0 | J11: 100 | K11: 1 | L11: 6000 | M11: 12 | N11: TRUE | O11: 0 | P11: 0 | Q11: 0 | R11: 12 | T11: 0 | W11: Charges to the front to deal 600%->1200% damage to 12 target(s) (stun 2.5s not modeled). factorIndex 12, baseDamage 6000 tenths%, 22s cooldown. Shared verbatim with Hero and Dark Knight — reuses Hero's own already-resolved tuple directly. Not patched (Mastery Lv.68/90 own cooldown/damage tiers not separately modeled here, same treatment as Hero's own build). Maple Hero target (1.5x share) — see MAPLE_HERO_RATIOS.
A12: MAPLE_HERO_HELPER | B12: Maple Hero (helper) | C12: 4 | E12: FALSE | F12: 1 | G12: 1 | H12: 0 | I12: 0 | J12: 100 | K12: 1 | L12: 200 | M12: 23 | N12: TRUE | O12: 0 | P12: 0 | Q12: 0 | R12: 0 | T12: 0 | W12: FLAGGED ASSUMPTION — Maple_Hero_(Paladin) 404s, confirmed no wiki page exists at all (unlike Hero/Bowmaster/Dark Knight's own Maple Hero pages). Shared ratio-feeder row (see MAPLE_HERO_RATIOS) for Noble Demand/Rush/Close Combat's own Final Damage chains, PLUS a bespoke direct fold into Final Attack's own contribution inside BLAST's SkillMasteryBonus% (see that row's own Note). Using only the confirmed level-1 baseline values (factorIndex 23 convention, baseDamage 200 tenths% = Noble Demand's own 20% 1x share), assumed to follow the same '80%-growth-reduction after Lv.120' curve shape already confirmed on every other class's own Maple Hero. No independent DPS row of its own (Calc columns J-N blank/0, only D/E/F computed, read directly by each target row's own K-column formula).
A13: VESSEL_OF_LIGHT | B13: Vessel of Light | C13: 2 | E13: FALSE | F13: 1 | G13: 1 | H13: 0 | I13: 0 | J13: 15 | K13: 1 | L13: 150 | M13: 22 | N13: TRUE | O13: 0 | P13: 0 | Q13: 0 | R13: 0 | S13: ATTACK | T13: 10 | W13: 'When attacking with Basic Attack, increases Attack by 15%->22% for 10 sec with a 15% chance.' FLAGGED simplification: this is a proc with no stated internal cooldown, so its uptime can't use the standard cooldown-driven duty-cycle helper used everywhere else in this project — instead approximated in Summary as MIN(1, Duration x ProcChance%/100 x Basic Attack Casts Per Second). factorIndex 22, baseDamage 150 tenths% (15%->22%, levels 1-200). Not patched.
A14: GREATER_VESSEL_OF_LIGHT | B14: Greater Vessel of Light | C14: 4 | E14: FALSE | F14: 1 | G14: 1 | H14: 0 | I14: 0 | J14: 100 | K14: 1 | L14: 180 | M14: 22 | N14: TRUE | O14: 0 | P14: 0 | Q14: 0 | R14: 0 | S14: FINAL_DAMAGE | T14: 0 | W14: FLAGGED ASSUMPTION (no individual wiki page, single known value): 'Increases Final Damage by 18% for the duration of Vessel of Light.' No own Cooldown/BuffDuration — reuses Vessel of Light's own computed uptime fraction directly in the Summary-sheet formula rather than having an independent duty cycle. factorIndex 22, baseDamage 180 tenths% (18% level-1).
A15: DIVINE_SHIELD | B15: Divine Shield | C15: 3 | D15: 15 | E15: FALSE | F15: 1 | G15: 1 | H15: 0 | I15: 0 | J15: 100 | K15: 1 | L15: 150 | M15: 22 | N15: TRUE | O15: 0 | P15: 0 | Q15: 0 | R15: 0 | S15: FINAL_DAMAGE | T15: 10 | W15: 'Every 15 sec creates a barrier that lasts for 5 sec to block damage up to 6% of Max HP. Also increases Final Damage by 15% for 10 sec.' Fires on its own fixed interval (not a player-cast cooldown) — modeled the same way as Hero's own Enrage, treating the interval as this row's own Cooldown(s). Barrier-blocking component (defensive) not modeled. factorIndex 22, baseDamage 150 tenths% (15% level-1, no individual wiki page — FLAGGED ASSUMPTION). PATCHED: new 'activates at combat start' behavior not modeled (no such mechanic exists anywhere in this project).
A16: GUARDIAN | B16: Guardian | C16: 4 | D16: 24 | E16: TRUE | F16: 1 | G16: 1 | H16: 0 | I16: 0 | J16: 100 | K16: 1 | L16: 100 | M16: 22 | N16: TRUE | O16: 0 | P16: 0 | Q16: 0 | R16: 0 | S16: FINAL_DAMAGE | T16: 20 | W16: FLAGGED ASSUMPTION (no individual wiki page exists): factorIndex 22, baseDamage 100 tenths% (10% level-1). 'Increases your Final Damage by 10% for 20 sec and grants Continuous Recovery to 1 nearby ally for 20 sec, recovering 0.8% HP/sec' — the ally-HP-recovery component not modeled (no HP tracking anywhere in this project). 24s cooldown. Not patched.
A17: DIVINE_BLESSING | B17: Divine Blessing | C17: 4 | D17: 30 | E17: TRUE | F17: 1 | G17: 1 | H17: 0 | I17: 0 | J17: 100 | K17: 1 | L17: 120 | M17: 22 | N17: TRUE | O17: 0 | P17: 0 | Q17: 0 | R17: 0 | S17: FINAL_DAMAGE | T17: 22 | W17: FLAGGED ASSUMPTION (no individual wiki page exists): factorIndex 22, baseDamage 120 tenths% (12% level-1). Self-inclusive ally buff (matches Bishop's own 'allied players' precedent) — 'Increases your and 1 nearby ally's Final Damage by 12% for 22 sec', 30s cooldown. Not patched.
A18: HP_RECOVERY_ATK | B18: HP Recovery (Attack buff) | C18: 3 | D18: 25 | E18: TRUE | F18: 1 | G18: 1 | H18: 0 | I18: 0 | J18: 100 | K18: 1 | L18: 120 | M18: 22 | N18: TRUE | O18: 0 | P18: 0 | Q18: 0 | R18: 0 | S18: ATTACK | T18: 20 | W18: FLAGGED ASSUMPTION (no individual wiki page exists): factorIndex 22, baseDamage 120 tenths% (12% level-1). 'Immediately recovers HP by 9% and increases Attack by 12% for 20 sec' — the instant HP-restore component not modeled (no HP tracking anywhere in this project). 25s cooldown. Not patched.
A19: NIMBLE_FEET | B19: Nimble Feet | C19: 1 | D19: 60 | E19: TRUE | F19: 1 | G19: 1 | H19: 0 | I19: 0 | J19: 100 | K19: 1 | L19: 150 | M19: 0 | N19: FALSE | O19: 0 | P19: 0 | Q19: 0 | R19: 1 | S19: ATTACK_SPEED | T19: 15 | W19: Shared cross-tree verbatim w/ every class in this project (byte-identical wiki wording — '+15% Attack Speed, +10% Speed for 15 sec'). Flat +15% Attack Speed / +10% Speed for 15s, 60s cooldown, non-scaling. FactorIndex unused placeholder.
A20: WEAPON_ACCELERATION | B20: Weapon Acceleration | C20: 2 | E20: FALSE | F20: 1 | G20: 1 | H20: 0 | I20: 0 | J20: 100 | K20: 1 | L20: 50 | M20: 22 | N20: TRUE | O20: 0 | P20: 0 | Q20: 0 | R20: 0 | S20: ATTACK_SPEED | T20: 0 | W20: Magic Critical pattern — already baked into Inputs!ATTACK_SPEED%; feeds the 2nd-Job Skill Level Bonus delta. Reuses Hero's own Weapon Acceleration tuple directly (byte-identical wiki wording — '+5% Attack Speed'). factorIndex 22, baseDamage 50 tenths% (5%->6.5%, levels 1-100).
A21: PHYSICAL_TRAINING | B21: Physical Training | C21: 2 | E21: FALSE | F21: 1 | G21: 1 | H21: 0 | I21: 0 | J21: 100 | K21: 1 | L21: 100 | M21: 22 | N21: TRUE | O21: 0 | P21: 0 | Q21: 0 | R21: 0 | S21: BASIC_ATTACK_DAMAGE | T21: 0 | W21: Magic Critical pattern — already baked into Inputs!BASIC_ATTACK_DAMAGE%; feeds the 2nd-Job Skill Level Bonus delta. Reuses Hero's own Physical Training tuple directly (byte-identical wiki wording — '+10% Basic Attack Damage'). factorIndex 22, baseDamage 100 tenths% (10%->13%, levels 1-100).
A22: WEAPON_MASTERY | B22: Weapon Mastery | C22: 2 | E22: FALSE | F22: 1 | G22: 1 | H22: 0 | I22: 0 | J22: 100 | K22: 1 | L22: 150 | M22: 22 | N22: TRUE | O22: 0 | P22: 0 | Q22: 0 | R22: 0 | S22: MIN_DAMAGE | T22: 0 | W22: Magic Critical pattern — already baked into Inputs!MIN_DAMAGE%; feeds the 2nd-Job Skill Level Bonus delta. Reuses Hero's own Weapon Mastery tuple directly. factorIndex 22, baseDamage 150 tenths% (15%->19.5%, levels 1-100).
A23: PALADIN_EXPERT_SKILL | B23: Paladin Expert (Skill Damage) | C23: 4 | E23: FALSE | F23: 1 | G23: 1 | H23: 0 | I23: 0 | J23: 100 | K23: 1 | L23: 150 | M23: 22 | N23: TRUE | O23: 0 | P23: 0 | Q23: 0 | R23: 0 | S23: SKILL_DAMAGE | T23: 0 | W23: Magic Critical pattern — already baked into Inputs!SKILL_DAMAGE%; feeds the 4th-Job Skill Level Bonus delta (Skill Damage side). Matches Hero's own Combat Mastery pattern exactly. factorIndex 22, baseDamage 150 tenths% (15%->24%, levels 1-200).
A24: PALADIN_EXPERT_MAXDMG | B24: Paladin Expert (Max Damage Multiplier) | C24: 4 | E24: FALSE | F24: 1 | G24: 1 | H24: 0 | I24: 0 | J24: 100 | K24: 1 | L24: 200 | M24: 22 | N24: TRUE | O24: 0 | P24: 0 | Q24: 0 | R24: 0 | S24: MAX_DAMAGE | T24: 0 | W24: Same skill as Paladin Expert (Skill Damage) above, +20%->32% Max Damage Multiplier. Magic Critical pattern — already baked into Inputs!MAX_DAMAGE%; feeds the 4th-Job Skill Level Bonus delta (Max Damage Multiplier side). factorIndex 22, baseDamage 200 tenths%.

Sheet Artifacts
A1: Paladin — Artifacts (Equip Effect)
A3: Book of Ancient — Crit Damage (from Crit Rate, reference only) | B3: =IF(ArtifactsInput!$M$24,CHOOSE(ArtifactsInput!$N$24+1,30,36,42,48,54,60)/100*(Inputs!$B$9+B5+B29),0)
A4: Ring of Cycles — Threshold Crit Rate (excl. self) | B4: =Inputs!$B$9+B29
A5: Ring of Cycles — Crit Rate (if threshold < 100%) | B5: =IF(AND(Inputs!$B$38<>"pvp",Inputs!$B$43=0),1,IF(IF(Inputs!$B$38="pvp",15,Inputs!$B$43)-(Summary!$B$23)<=0,1,MAX(0,IF(Inputs!$B$38="pvp",15,Inputs!$B$43)-MAX(5,Summary!$B$23))/(IF(Inputs!$B$38="pvp",15,Inputs!$B$43)-(Summary!$B$23))))*IF(AND(ArtifactsInput!$M$42,B4<100),CHOOSE(ArtifactsInput!$N$42+1,30,36,42,48,54,60),0)
A6: Ring of Cycles — Skill Damage (if threshold >= 100%) | B6: =IF(AND(Inputs!$B$38<>"pvp",Inputs!$B$43=0),1,IF(IF(Inputs!$B$38="pvp",15,Inputs!$B$43)-(Summary!$B$23)<=0,1,MAX(0,IF(Inputs!$B$38="pvp",15,Inputs!$B$43)-MAX(5,Summary!$B$23))/(IF(Inputs!$B$38="pvp",15,Inputs!$B$43)-(Summary!$B$23))))*IF(AND(ArtifactsInput!$M$42,B4>=100),CHOOSE(ArtifactsInput!$N$42+1,40,48,56,64,72,80),0)
A7: Ring of Cycles — Excess-100% Points (capped at 100) | B7: =IF(AND(ArtifactsInput!$M$42,B4>=100),MIN(100,B4-100),0)
A8: Ring of Cycles — Basic Attack Damage (excess points x per-point) | B8: =IF(AND(Inputs!$B$38<>"pvp",Inputs!$B$43=0),1,IF(IF(Inputs!$B$38="pvp",15,Inputs!$B$43)-(Summary!$B$23)<=0,1,MAX(0,IF(Inputs!$B$38="pvp",15,Inputs!$B$43)-MAX(5,Summary!$B$23))/(IF(Inputs!$B$38="pvp",15,Inputs!$B$43)-(Summary!$B$23))))*B7*CHOOSE(ArtifactsInput!$N$42+1,0.6,0.72,0.84,0.96,1.08,1.2)
A9: Candle — Effective Fight Duration | B9: =IF(Inputs!$B$38="pvp",15,Inputs!$B$43)
A10: Candle — Effective Active (fixed-duration or PvP) | B10: =IF(Inputs!$B$38="pvp",TRUE,AND(Inputs!$B$38<>"pvp",Inputs!$B$43>0))
A11: Candle — Final Damage (100% uptime, patched) | B11: =IF(AND(ArtifactsInput!$M$36,B10),CHOOSE(ArtifactsInput!$N$36+1,8,9.6,11.2,12.8,14.4,16),0)
A12: Candle — Boss Monster Damage (20-40s window / boss-present-time uptime, patched) | B12: =IF(AND(ArtifactsInput!$M$36,B10),MAX(0,MIN(40,B9)-MAX(20,B41))/(B9-B41)*CHOOSE(ArtifactsInput!$N$36+1,30,36,42,48,54,60),0)
A13: Peach Tree Herb Pouch — Proc Rate (per second) | B13: =0.2*Summary!$B$17
A14: Peach Tree Herb Pouch — Uptime (refreshing 5s timer) | B14: =1-EXP(-B13*5)
A15: Peach Tree Herb Pouch — Enemy Damage Taken | B15: =IF(AND(ArtifactsInput!$M$35,Inputs!$B$4<>"Chapter Hunt"),CHOOSE(ArtifactsInput!$N$35+1,15,18,21,24,27,30)*B14,0)
A16: Silver Pendant — Offered Load (rho = lambda x duration) | B16: =0.15*Summary!$B$17*5
A17: Silver Pendant — Erlang Loss Weight (n=0) | B17: =B16^0/1
A18: Silver Pendant — Erlang Loss Weight (n=1) | B18: =B16^1/1
A19: Silver Pendant — Erlang Loss Weight (n=2) | B19: =B16^2/2
A20: Silver Pendant — Erlang Loss Weight (n=3) | B20: =B16^3/6
A21: Silver Pendant — Erlang Loss Weight (n=4) | B21: =B16^4/24
A22: Silver Pendant — Erlang Loss Weight (n=5) | B22: =B16^5/120
A23: Silver Pendant — Average Stacks (Erlang-loss mean) | B23: =(0*B17+1*B18+2*B19+3*B20+4*B21+5*B22)/(B17+B18+B19+B20+B21+B22)
A24: Silver Pendant — Enemy Damage Taken | B24: =IF(AND(ArtifactsInput!$M$22,Inputs!$B$4<>"Chapter Hunt"),CHOOSE(ArtifactsInput!$N$22+1,10,12,14,16,18,20)*B23,0)
A25: Athena Pierce's Old Gloves — Max Damage (from Attack Speed, reference only) | B25: =IF(ArtifactsInput!$M$15,CHOOSE(ArtifactsInput!$N$15+1,25,30,35,40,45,50)/100*Inputs!$B$11,0)
A26: Hexagon Necklace — Average Stacks | B26: =IF(AND(Inputs!$B$38<>"pvp",Inputs!$B$43=0),3,IF(IF(Inputs!$B$38="pvp",15,Inputs!$B$43)<=20,0,IF(IF(Inputs!$B$38="pvp",15,Inputs!$B$43)<=40,(IF(Inputs!$B$38="pvp",15,Inputs!$B$43)-20)/IF(Inputs!$B$38="pvp",15,Inputs!$B$43),IF(IF(Inputs!$B$38="pvp",15,Inputs!$B$43)<=60,(2*IF(Inputs!$B$38="pvp",15,Inputs!$B$43)-60)/IF(Inputs!$B$38="pvp",15,Inputs!$B$43),(3*IF(Inputs!$B$38="pvp",15,Inputs!$B$43)-120)/IF(Inputs!$B$38="pvp",15,Inputs!$B$43)))))
A27: Hexagon Necklace — Damage % | B27: =IF(ArtifactsInput!$M$11,CHOOSE(ArtifactsInput!$N$11+1,15,18,21,24,27,30)*B26,0)
A28: Rainbow-colored Snail Shell — Uptime (0-15s window) | B28: =IF(Inputs!$B$38="pvp",MIN(15,15)/15,IF(AND(Inputs!$B$38<>"pvp",Inputs!$B$43>0),MIN(15,Inputs!$B$43)/Inputs!$B$43,0))
A29: Rainbow-colored Snail Shell — Crit Rate | B29: =IF(ArtifactsInput!$M$10,CHOOSE(ArtifactsInput!$N$10+1,15,18,21,24,27,30)*B28,0)
A30: Rainbow-colored Snail Shell — Crit Damage | B30: =IF(ArtifactsInput!$M$10,CHOOSE(ArtifactsInput!$N$10+1,20,24,28,32,36,40)*B28,0)
A32: TOTAL — Artifact Crit Rate Bonus | B32: =B5+B29
A33: TOTAL — Artifact Crit Damage Bonus | B33: =B30+B47
A34: TOTAL — Artifact Final Damage Bonus (equivalent %, each real source combines MULTIPLICATIVELY — Candle x Flaming Lava x Horn Flute, not summed) | B34: =((1+B11/100)*(1+B46/100)*(1+B55/100)-1)*100
A35: TOTAL — Artifact Boss Monster Damage Bonus | B35: =B12+B60
A36: TOTAL — Artifact Enemy Damage Taken Bonus | B36: =B15+B24
A38: TOTAL — Artifact Damage Bonus (own separate final multiplier, like Magic Guard/Meditation's Average Buff Multiplier — not blended into Inputs!DAMAGE%) | B38: =B27
A39: TOTAL — Artifact Skill Damage Bonus | B39: =B6
A40: TOTAL — Artifact Basic Attack Damage Bonus | B40: =B8
A41: Candle — Boss Appear Time (Breakthrough/Hero Dungeon only) | B41: =IF(Inputs!$B$4="Breakthrough",20,IF(Inputs!$B$4="Hero Dungeon",30,0))
A42: Clear Spring Water — Final Damage (reference only, Growth Dungeon types) | B42: =IF(AND(ArtifactsInput!$M$14,OR(Inputs!$B$4="Weapon Dungeon",Inputs!$B$4="Equipment Dungeon",Inputs!$B$4="Enhancement Dungeon",Inputs!$B$4="EXP Dungeon",Inputs!$B$4="Hero Dungeon")),CHOOSE(ArtifactsInput!$N$14+1,10,12,14,16,18,20),0)
A43: Old Music Box — Attack % (content-type uptime assumption) | B43: =IF(ArtifactsInput!$M$21,CHOOSE(ArtifactsInput!$N$21+1,25,30,35,40,45,50)*(IF(OR(Inputs!$B$4="Chapter Hunt",Inputs!$B$4="Breakthrough",Inputs!$B$4="Weapon Dungeon",Inputs!$B$4="Equipment Dungeon",Inputs!$B$4="Enhancement Dungeon",Inputs!$B$4="EXP Dungeon",Inputs!$B$4="Hero Dungeon"),0,IF(OR(Inputs!$B$4="World Boss",Inputs!$B$4="PvP"),1,IF(Inputs!$B$4="Chapter Boss",60/70,0)))),0)
A44: Soul Contract — Skill Cooldown Decrease % (Chapter Hunt only) | B44: =IF(AND(ArtifactsInput!$M$27,Inputs!$B$4="Chapter Hunt"),CHOOSE(ArtifactsInput!$N$27+1,20,24,28,32,36,40),0)
A45: Soul Pouch — Final Damage (reference only, PvP/"Arena") | B45: =IF(AND(ArtifactsInput!$M$29,Inputs!$B$38="pvp"),CHOOSE(ArtifactsInput!$N$29+1,20,24,28,32,36,40),0)
A46: Flaming Lava — Final Damage (always assumes target is debuffed) | B46: =IF(AND(ArtifactsInput!$M$32,Inputs!$B$4<>"Chapter Hunt"),CHOOSE(ArtifactsInput!$N$32+1,8,9.6,11.2,12.8,14.4,16),0)
A47: Icy Soul Rock — Crit Damage (1.5x-averaged, MP not modeled) | B47: =IF(ArtifactsInput!$M$31,1.5*CHOOSE(ArtifactsInput!$N$31+1,20,24,28,32,36,40),0)
A48: Secret Map — Attack % | B48: =IF(ArtifactsInput!$M$41,CHOOSE(ArtifactsInput!$N$41+1,5,6,7,8,9,10),0)
A49: Secret Map — Final Damage (normal-monster branch only) | B49: =IF(AND(ArtifactsInput!$M$41,Inputs!$B$38<>"pvp"),CHOOSE(ArtifactsInput!$N$41+1,5,6,7,8,9,10)*IF(OR(Inputs!$B$4="Weapon Dungeon",Inputs!$B$4="Equipment Dungeon",Inputs!$B$4="Enhancement Dungeon",Inputs!$B$4="EXP Dungeon",Inputs!$B$4="Hero Dungeon"),3,1),0)
A50: Reindeer's Spear — Attack % | B50: =IF(ArtifactsInput!$M$40,CHOOSE(ArtifactsInput!$N$40+1,5,6,7,8,9,10),0)
A51: Reindeer's Spear — Base (1x) Defense Penetration (reference only) | B51: =IF(ArtifactsInput!$M$40,CHOOSE(ArtifactsInput!$N$40+1,5,6,7,8,9,10),0)
A52: TOTAL — Artifact Attack % Bonus (Old Music Box/Secret Map/Reindeer's Spear/Alliance Badge/Bottle of Emotion/Charm of the Undead — additive into the same bucket as Magic Guard/Meditation's Average Buff Multiplier) | B52: =B43+B48+B50+B58+B56+B71
A53: TOTAL — Artifact Final Damage Bonus, NORMAL-MONSTER BRANCH ONLY (Secret Map/Fire Flower/Chalice) | B53: =B49+B62+B65
A54: Cursed Doll — Final Damage (reference only) | B54: =IF(ArtifactsInput!$M$39,CHOOSE(ArtifactsInput!$N$39+1,7,8.4,9.8,11.2,12.6,14),0)
A55: Horn Flute — Final Damage (character's own portion only) | B55: =IF(AND(ArtifactsInput!$M$38,Inputs!$B$38<>"pvp",Inputs!$B$43>0),CHOOSE(ArtifactsInput!$N$38+1,10,12,14,16,18,20)*(MIN(30,MAX(0,Inputs!$B$43-7))/Inputs!$B$43)*IF(Inputs!$B$4="Chapter Boss",2,1),0)
A56: Bottle of Emotion — Attack % | B56: =IF(ArtifactsInput!$M$34,CHOOSE(ArtifactsInput!$N$34+1,15,18,21,24,27,30),0)
A57: Bottle of Emotion — Final Damage from Attack Speed (reference only) | B57: =IF(ArtifactsInput!$M$34,MIN(CHOOSE(ArtifactsInput!$N$34+1,10,12,14,16,18,20),MAX(0,(CHOOSE(ArtifactsInput!$N$34+1,0.5,0.6,0.7,0.8,0.9,1)/3)*(Inputs!$B$11-60))),0)
A58: Alliance Badge — Attack % | B58: =IF(ArtifactsInput!$M$37,CHOOSE(ArtifactsInput!$N$37+1,10,12,14,16,18,20),0)
A59: Sayram's Necklace — Normal Monster Damage | B59: =IF(ArtifactsInput!$M$33,CHOOSE(ArtifactsInput!$N$33+1,30,36,42,48,54,60),0)
A60: Sayram's Necklace — Boss Monster Damage | B60: =IF(ArtifactsInput!$M$33,CHOOSE(ArtifactsInput!$N$33+1,10,12,14,16,18,20),0)
A61: Lit Lamp — Final Damage (reference only, World Boss) | B61: =IF(AND(ArtifactsInput!$M$28,Inputs!$B$4="World Boss"),CHOOSE(ArtifactsInput!$N$28+1,20,24,28,32,36,40),0)
A62: Fire Flower — Final Damage (normal-monster branch, 10 targets assumed) | B62: =IF(ArtifactsInput!$M$26,10*CHOOSE(ArtifactsInput!$N$26+1,1,1.2,1.4,1.6,1.8,2),0)
A63: Fire Flower — Final Damage (boss/PvP branch, 1 target assumed) | B63: =IF(ArtifactsInput!$M$26,1*CHOOSE(ArtifactsInput!$N$26+1,1,1.2,1.4,1.6,1.8,2),0)
A64: Star Rock — Boss Monster Damage (reference only) | B64: =IF(ArtifactsInput!$M$23,CHOOSE(ArtifactsInput!$N$23+1,50,60,70,80,90,100),0)
A65: Chalice — Final Damage (normal-monster branch) | B65: =IF(AND(ArtifactsInput!$M$20,OR(Inputs!$B$38="normal",Inputs!$B$38="breakthrough")),CHOOSE(ArtifactsInput!$N$20+1,15,18,21,24,27,30)*(IF(OR(Inputs!$B$43=0,IF(Inputs!$B$38="breakthrough",IF(Inputs!$B$4="Breakthrough",20,IF(Inputs!$B$4="Hero Dungeon",30,0)),Inputs!$B$43)=0),0,MAX(0,IF(Inputs!$B$38="breakthrough",IF(Inputs!$B$4="Breakthrough",20,IF(Inputs!$B$4="Hero Dungeon",30,0)),Inputs!$B$43)-MAX(0,Inputs!$B$43-30))/IF(Inputs!$B$38="breakthrough",IF(Inputs!$B$4="Breakthrough",20,IF(Inputs!$B$4="Hero Dungeon",30,0)),Inputs!$B$43))),0)
A66: Chalice — Final Damage (boss branch) | B66: =IF(AND(ArtifactsInput!$M$20,OR(Inputs!$B$38="normal",Inputs!$B$38="breakthrough")),CHOOSE(ArtifactsInput!$N$20+1,15,18,21,24,27,30)*(IF((Inputs!$B$43-IF(Inputs!$B$38="breakthrough",IF(Inputs!$B$4="Breakthrough",20,IF(Inputs!$B$4="Hero Dungeon",30,0)),Inputs!$B$43))=0,0,MAX(0,Inputs!$B$43-MAX(MAX(0,Inputs!$B$43-30),IF(Inputs!$B$38="breakthrough",IF(Inputs!$B$4="Breakthrough",20,IF(Inputs!$B$4="Hero Dungeon",30,0)),Inputs!$B$43)))/(Inputs!$B$43-IF(Inputs!$B$38="breakthrough",IF(Inputs!$B$4="Breakthrough",20,IF(Inputs!$B$4="Hero Dungeon",30,0)),Inputs!$B$43)))),0)
A69: The Contract of Darkness — Crit Rate (boss branch only) | B69: =IF(AND(ArtifactsInput!$M$8,Inputs!$B$38<>"pvp"),CHOOSE(ArtifactsInput!$N$8+1,8,9.6,11.2,12.8,14.4,16),0)
A70: Shamaness Marble — Buff Duration Increase % (reference only) | B70: =IF(ArtifactsInput!$M$7,CHOOSE(ArtifactsInput!$N$7+1,6,7.2,8.4,9.6,10.8,12),0)
A71: Charm of the Undead — Attack % (periodic uptime) | B71: =IF(ArtifactsInput!$M$5,CHOOSE(ArtifactsInput!$N$5+1,10,12,14,16,18,20)*(IF(AND(Inputs!$B$38<>"pvp",Inputs!$B$43=0),0.5,(5*INT(MAX(0,IF(Inputs!$B$38="pvp",15,Inputs!$B$43)-10)/10)+MIN((MAX(0,IF(Inputs!$B$38="pvp",15,Inputs!$B$43)-10)-10*INT(MAX(0,IF(Inputs!$B$38="pvp",15,Inputs!$B$43)-10)/10)),5))/IF(Inputs!$B$38="pvp",15,Inputs!$B$43))),0)
A72: Ancient Text Piece — always 0 (Guild Conquest not modeled) | B72: 0
A73: Lunar Dew — always 0 (no attacking effect) | B73: 0
A74: Pink Bean's Giant Rib — always 0 (raid content not modeled) | B74: 0
A75: Horntail's Scale — always 0 (raid content not modeled) | B75: 0
A76: Zakum's Stone Piece — always 0 (raid content not modeled) | B76: 0
A77: Mushmom's Cap — always 0 (Accuracy-vs-Evasion not modeled) | B77: 0
A78: Arwen's Glass Shoes — always 0 (companions not modeled) | B78: 0
A79: Pig's Ribbon — always 0 (no attacking effect) | B79: 0
A80: TOTAL — Artifact Normal Monster Damage Bonus | B80: =B59
A81: TOTAL — Artifact Final Damage Bonus, BOSS BRANCH ONLY (Fire Flower/Chalice) | B81: =B63+B66

Sheet Calc
A1: Key | B1: Name | C1: Unlocked | D1: InputLevel | E1: Factor | F1: CoefficientPercent | G1: EffectiveHits | H1: ProcProbability | I1: MapleHeroMultiplier | J1: BaseDamage | K1: BaseHitDamage | L1: NonCritAvg | M1: CritAvg | N1: ExpectedDamage(perHit) | O1: DPS | P1: % of Total | Q1: InvCooldown | R1: CastsInFight | S1: HitRate(perSec) | T1: BossOnlyDPS | V1: NormalOnlyDPS
A2: =Skills!A2 | B2: =Skills!B2 | C2: =Inputs!$B$3>=100 | F2: =Summary!$B$10+Skills!O2 | G2: =Skills!G2*IF(Skills!H2>0,Skills!I2/Skills!H2,1) | H2: =1-(1-Skills!J2/100)^Skills!K2 | I2: 1 | J2: =Summary!$B$6*(F2/100) | K2: =J2*(1+Summary!$B$7/100)*(1+Inputs!$B$15/100)*(1+Inputs!$B$16/100)*(5000/(6000+Inputs!$B$42*(1-Inputs!$B$19/100)))*(1+(Inputs!$B$24+Summary!$B$21)/100)*(1+Artifacts!$B$34/100)*(1+(IF(Skills!A2="BLAST",Inputs!$B$17+Artifacts!$B$40,Inputs!$B$18+Artifacts!$B$39))/100)*(Summary!$B$13*(1+Artifacts!$B$38/100)*I2) | L2: =K2*(MIN(Inputs!$B$22,Inputs!$B$23)/100+Inputs!$B$23/100)/2 | M2: =L2*(1+(Inputs!$B$10+Summary!$B$20+Artifacts!$B$33)/100) | N2: =L2*(1-MIN((Inputs!$B$9+Summary!$B$14+Artifacts!$B$32),100)/100)+M2*(MIN((Inputs!$B$9+Summary!$B$14+Artifacts!$B$32),100)/100) | O2: =(1-Summary!$B$11)*T2+Summary!$B$11*V2 | P2: =IF(Summary!$B$3=0,0,O2/Summary!$B$3) | Q2: 0 | R2: 0 | S2: =IFERROR(O2/N2,0) | T2: =IF(C2,(Skills!G2*N2*Summary!$B$19)*IF(Inputs!$B$38="pvp",1,1+(Inputs!$B$20+Skills!P2+Summary!$B$15+Artifacts!$B$35)/100)*((((5000/(6000+Inputs!$B$42*(1-(100*(1-(1-Inputs!$B$19/100)*(1-Artifacts!$B$51/100)^IF(Inputs!$B$38="pvp",1,2)))/100)))/(5000/(6000+Inputs!$B$42*(1-Inputs!$B$19/100))))*((L2*(1-MIN(100,(Inputs!$B$9+Summary!$B$14+Artifacts!$B$32)+Artifacts!$B$69)/100)+M2*(MIN(100,(Inputs!$B$9+Summary!$B$14+Artifacts!$B$32)+Artifacts!$B$69)/100))/(L2*(1-MIN(100,(Inputs!$B$9+Summary!$B$14+Artifacts!$B$32))/100)+M2*(MIN(100,(Inputs!$B$9+Summary!$B$14+Artifacts!$B$32))/100)))*(1+Artifacts!$B$81/100))),0) | V2: =IF(C2,(Skills!G2*N2*Summary!$B$19)*IF(Inputs!$B$38="pvp",1,(1+(Inputs!$B$21+Skills!Q2+Summary!$B$15+Artifacts!$B$80)/100)*(MIN(Skills!R2,Inputs!$B$37)))*((1+Artifacts!$B$53/100)),0)
A3: =Skills!A3 | B3: =Skills!B3 | C3: =Inputs!$B$3>=50 | D3: =IF(Skills!C3=1,60+Inputs!$B$25+Inputs!$B$29,IF(Skills!C3=2,90+Inputs!$B$26+Inputs!$B$29,IF(Skills!C3=3,120+Inputs!$B$27+Inputs!$B$29,MAX(0,(Inputs!$B$3-100)*3)+Inputs!$B$28+Inputs!$B$29))) | E3: =INDEX(FactorTable!$B$2:$Y$301, MATCH(ROUND(MIN(300,MAX(1,D3)),0), FactorTable!$A$2:$A$301,0), Skills!M3+1) | F3: =IF(Skills!N3=TRUE,(Skills!L3/10)*(E3/1000),Skills!L3/10)+Skills!O3 | I3: 1
A4: =Skills!A4 | B4: =Skills!B4 | C4: =Inputs!$B$3>=35 | D4: =IF(Skills!C4=1,60+Inputs!$B$25+Inputs!$B$29,IF(Skills!C4=2,90+Inputs!$B$26+Inputs!$B$29,IF(Skills!C4=3,120+Inputs!$B$27+Inputs!$B$29,MAX(0,(Inputs!$B$3-100)*3)+Inputs!$B$28+Inputs!$B$29))) | E4: =INDEX(FactorTable!$B$2:$Y$301, MATCH(ROUND(MIN(300,MAX(1,D4)),0), FactorTable!$A$2:$A$301,0), Skills!M4+1) | F4: =IF(Skills!N4=TRUE,(Skills!L4/10)*(E4/1000),Skills!L4/10)+Skills!O4 | G4: =Skills!G4*IF(Skills!H4>0,Skills!I4/Skills!H4,1) | H4: =1-(1-Skills!J4/100)^Skills!K4 | I4: 1 | J4: =Summary!$B$6*(F4/100) | K4: =J4*(1+Summary!$B$7/100)*(1+Inputs!$B$15/100)*(1+Inputs!$B$16/100)*(5000/(6000+Inputs!$B$42*(1-Inputs!$B$19/100)))*(1+(Inputs!$B$24+Summary!$B$21)/100)*(1+Artifacts!$B$34/100)*(1+4.0*IF(C12=TRUE,F12,0)/100)*(1+(IF(Skills!A4="BLAST",Inputs!$B$17+Artifacts!$B$40,Inputs!$B$18+Artifacts!$B$39))/100)*(Summary!$B$13*(1+Artifacts!$B$38/100)*I4) | L4: =K4*(MIN(Inputs!$B$22,Inputs!$B$23)/100+Inputs!$B$23/100)/2 | M4: =L4*(1+(Inputs!$B$10+Summary!$B$20+Artifacts!$B$33)/100) | N4: =L4*(1-MIN((Inputs!$B$9+Summary!$B$14+Artifacts!$B$32),100)/100)+M4*(MIN((Inputs!$B$9+Summary!$B$14+Artifacts!$B$32),100)/100) | O4: =(1-Summary!$B$11)*T4+Summary!$B$11*V4 | P4: =IF(Summary!$B$3=0,0,O4/Summary!$B$3) | Q4: =IFERROR(1/(IF(Inputs!$B$38="pvp",15,MAX(0.1,Skills!D4-IF(Skills!E4=TRUE,Inputs!$B$32,0)))*(1-IF(AND(ArtifactsInput!$M$27,Inputs!$B$4="Chapter Hunt"),CHOOSE(ArtifactsInput!$N$27+1,20,24,28,32,36,40),0)/100)),0) | R4: =IF(AND(Inputs!$B$38<>"pvp",Inputs!$B$43>0),IF(MAX(0,Inputs!$B$43-Summary!$B$23)<=0,0,(INT(MAX(0,Inputs!$B$43-Summary!$B$23)/(IF(Inputs!$B$38="pvp",15,MAX(0.1,Skills!D4-IF(Skills!E4=TRUE,Inputs!$B$32,0)))*(1-IF(AND(ArtifactsInput!$M$27,Inputs!$B$4="Chapter Hunt"),CHOOSE(ArtifactsInput!$N$27+1,20,24,28,32,36,40),0)/100)))+1)),0) | S4: =IFERROR(O4/N4,0) | T4: =IF(C4,(H4*N4*IF(AND(Inputs!$B$38<>"pvp",Inputs!$B$43>0),((Skills!G4*((R4-1)*IF(Skills!H4>0,Skills!I4/Skills!H4,1)+IF(Skills!H4>0,MIN(Skills!I4,MAX(0,MAX(0,Inputs!$B$43-Summary!$B$23)-((R4-1)*(IF(Inputs!$B$38="pvp",15,MAX(0.1,Skills!D4-IF(Skills!E4=TRUE,Inputs!$B$32,0)))*(1-IF(AND(ArtifactsInput!$M$27,Inputs!$B$4="Chapter Hunt"),CHOOSE(ArtifactsInput!$N$27+1,20,24,28,32,36,40),0)/100)))))/Skills!H4,1)))/Inputs!$B$43),G4*Q4))*IF(Inputs!$B$38="pvp",1,1+(Inputs!$B$20+Skills!P4+Summary!$B$15+Artifacts!$B$35)/100)*((((5000/(6000+Inputs!$B$42*(1-(100*(1-(1-Inputs!$B$19/100)*(1-Artifacts!$B$51/100)^IF(Inputs!$B$38="pvp",1,2)))/100)))/(5000/(6000+Inputs!$B$42*(1-Inputs!$B$19/100))))*((L4*(1-MIN(100,(Inputs!$B$9+Summary!$B$14+Artifacts!$B$32)+Artifacts!$B$69)/100)+M4*(MIN(100,(Inputs!$B$9+Summary!$B$14+Artifacts!$B$32)+Artifacts!$B$69)/100))/(L4*(1-MIN(100,(Inputs!$B$9+Summary!$B$14+Artifacts!$B$32))/100)+M4*(MIN(100,(Inputs!$B$9+Summary!$B$14+Artifacts!$B$32))/100)))*(1+Artifacts!$B$81/100))),0) | V4: =IF(C4,(H4*N4*IF(AND(Inputs!$B$38<>"pvp",Inputs!$B$43>0),((Skills!G4*((R4-1)*IF(Skills!H4>0,Skills!I4/Skills!H4,1)+IF(Skills!H4>0,MIN(Skills!I4,MAX(0,MAX(0,Inputs!$B$43-Summary!$B$23)-((R4-1)*(IF(Inputs!$B$38="pvp",15,MAX(0.1,Skills!D4-IF(Skills!E4=TRUE,Inputs!$B$32,0)))*(1-IF(AND(ArtifactsInput!$M$27,Inputs!$B$4="Chapter Hunt"),CHOOSE(ArtifactsInput!$N$27+1,20,24,28,32,36,40),0)/100)))))/Skills!H4,1)))/Inputs!$B$43),G4*Q4))*IF(Inputs!$B$38="pvp",1,(1+(Inputs!$B$21+Skills!Q4+Summary!$B$15+Artifacts!$B$80)/100)*(MIN(Skills!R4,Inputs!$B$37)))*((1+Artifacts!$B$53/100)),0)
A5: =Skills!A5 | B5: =Skills!B5 | C5: =Inputs!$B$3>=66 | D5: =IF(Skills!C5=1,60+Inputs!$B$25+Inputs!$B$29,IF(Skills!C5=2,90+Inputs!$B$26+Inputs!$B$29,IF(Skills!C5=3,120+Inputs!$B$27+Inputs!$B$29,MAX(0,(Inputs!$B$3-100)*3)+Inputs!$B$28+Inputs!$B$29))) | E5: =INDEX(FactorTable!$B$2:$Y$301, MATCH(ROUND(MIN(300,MAX(1,D5)),0), FactorTable!$A$2:$A$301,0), Skills!M5+1) | F5: =IF(Skills!N5=TRUE,(Skills!L5/10)*(E5/1000),Skills!L5/10)+Skills!O5 | G5: =Skills!G5*IF(Skills!H5>0,Skills!I5/Skills!H5,1) | H5: =1-(1-Skills!J5/100)^Skills!K5 | I5: 1 | J5: =Summary!$B$6*(F5/100) | K5: =J5*(1+Summary!$B$7/100)*(1+Inputs!$B$15/100)*(1+Inputs!$B$16/100)*(5000/(6000+Inputs!$B$42*(1-Inputs!$B$19/100)))*(1+(Inputs!$B$24+Summary!$B$21)/100)*(1+Artifacts!$B$34/100)*(1+1.0*IF(C12=TRUE,F12,0)/100)*(1+(IF(Skills!A5="BLAST",Inputs!$B$17+Artifacts!$B$40,Inputs!$B$18+Artifacts!$B$39))/100)*(Summary!$B$13*(1+Artifacts!$B$38/100)*I5) | L5: =K5*(MIN(Inputs!$B$22,Inputs!$B$23)/100+Inputs!$B$23/100)/2 | M5: =L5*(1+(Inputs!$B$10+Summary!$B$20+Artifacts!$B$33)/100) | N5: =L5*(1-MIN((Inputs!$B$9+Summary!$B$14+Artifacts!$B$32),100)/100)+M5*(MIN((Inputs!$B$9+Summary!$B$14+Artifacts!$B$32),100)/100) | O5: =(1-Summary!$B$11)*T5+Summary!$B$11*V5 | P5: =IF(Summary!$B$3=0,0,O5/Summary!$B$3) | Q5: =IFERROR(1/(IF(Inputs!$B$38="pvp",15,MAX(0.1,Skills!D5-IF(Skills!E5=TRUE,Inputs!$B$32,0)))*(1-IF(AND(ArtifactsInput!$M$27,Inputs!$B$4="Chapter Hunt"),CHOOSE(ArtifactsInput!$N$27+1,20,24,28,32,36,40),0)/100)),0) | R5: =IF(AND(Inputs!$B$38<>"pvp",Inputs!$B$43>0),IF(MAX(0,Inputs!$B$43-Summary!$B$23)<=0,0,(INT(MAX(0,Inputs!$B$43-Summary!$B$23)/(IF(Inputs!$B$38="pvp",15,MAX(0.1,Skills!D5-IF(Skills!E5=TRUE,Inputs!$B$32,0)))*(1-IF(AND(ArtifactsInput!$M$27,Inputs!$B$4="Chapter Hunt"),CHOOSE(ArtifactsInput!$N$27+1,20,24,28,32,36,40),0)/100)))+1)),0) | S5: =IFERROR(O5/N5,0) | T5: =IF(C5,(H5*N5*IF(AND(Inputs!$B$38<>"pvp",Inputs!$B$43>0),((Skills!G5*((R5-1)*IF(Skills!H5>0,Skills!I5/Skills!H5,1)+IF(Skills!H5>0,MIN(Skills!I5,MAX(0,MAX(0,Inputs!$B$43-Summary!$B$23)-((R5-1)*(IF(Inputs!$B$38="pvp",15,MAX(0.1,Skills!D5-IF(Skills!E5=TRUE,Inputs!$B$32,0)))*(1-IF(AND(ArtifactsInput!$M$27,Inputs!$B$4="Chapter Hunt"),CHOOSE(ArtifactsInput!$N$27+1,20,24,28,32,36,40),0)/100)))))/Skills!H5,1)))/Inputs!$B$43),G5*Q5))*IF(Inputs!$B$38="pvp",1,1+(Inputs!$B$20+Skills!P5+Summary!$B$15+Artifacts!$B$35)/100)*((((5000/(6000+Inputs!$B$42*(1-(100*(1-(1-Inputs!$B$19/100)*(1-Artifacts!$B$51/100)^IF(Inputs!$B$38="pvp",1,2)))/100)))/(5000/(6000+Inputs!$B$42*(1-Inputs!$B$19/100))))*((L5*(1-MIN(100,(Inputs!$B$9+Summary!$B$14+Artifacts!$B$32)+Artifacts!$B$69)/100)+M5*(MIN(100,(Inputs!$B$9+Summary!$B$14+Artifacts!$B$32)+Artifacts!$B$69)/100))/(L5*(1-MIN(100,(Inputs!$B$9+Summary!$B$14+Artifacts!$B$32))/100)+M5*(MIN(100,(Inputs!$B$9+Summary!$B$14+Artifacts!$B$32))/100)))*(1+Artifacts!$B$81/100))),0) | V5: =IF(C5,(H5*N5*IF(AND(Inputs!$B$38<>"pvp",Inputs!$B$43>0),((Skills!G5*((R5-1)*IF(Skills!H5>0,Skills!I5/Skills!H5,1)+IF(Skills!H5>0,MIN(Skills!I5,MAX(0,MAX(0,Inputs!$B$43-Summary!$B$23)-((R5-1)*(IF(Inputs!$B$38="pvp",15,MAX(0.1,Skills!D5-IF(Skills!E5=TRUE,Inputs!$B$32,0)))*(1-IF(AND(ArtifactsInput!$M$27,Inputs!$B$4="Chapter Hunt"),CHOOSE(ArtifactsInput!$N$27+1,20,24,28,32,36,40),0)/100)))))/Skills!H5,1)))/Inputs!$B$43),G5*Q5))*IF(Inputs!$B$38="pvp",1,(1+(Inputs!$B$21+Skills!Q5+Summary!$B$15+Artifacts!$B$80)/100)*(MIN(Skills!R5,Inputs!$B$37)))*((1+Artifacts!$B$53/100)),0)
A6: =Skills!A6 | B6: =Skills!B6 | C6: =Inputs!$B$3>=103 | D6: =IF(Skills!C6=1,60+Inputs!$B$25+Inputs!$B$29,IF(Skills!C6=2,90+Inputs!$B$26+Inputs!$B$29,IF(Skills!C6=3,120+Inputs!$B$27+Inputs!$B$29,MAX(0,(Inputs!$B$3-100)*3)+Inputs!$B$28+Inputs!$B$29))) | E6: =INDEX(FactorTable!$B$2:$Y$301, MATCH(ROUND(MIN(300,MAX(1,D6)),0), FactorTable!$A$2:$A$301,0), Skills!M6+1) | F6: =IF(Skills!N6=TRUE,(Skills!L6/10)*(E6/1000),Skills!L6/10)+Skills!O6 | G6: =Skills!G6*IF(Skills!H6>0,Skills!I6/Skills!H6,1) | H6: =1-(1-Skills!J6/100)^Skills!K6 | I6: 1 | J6: =Summary!$B$6*(F6/100) | K6: =J6*(1+Summary!$B$7/100)*(1+Inputs!$B$15/100)*(1+Inputs!$B$16/100)*(5000/(6000+Inputs!$B$42*(1-Inputs!$B$19/100)))*(1+(Inputs!$B$24+Summary!$B$21)/100)*(1+Artifacts!$B$34/100)*(1+(IF(Skills!A6="BLAST",Inputs!$B$17+Artifacts!$B$40,Inputs!$B$18+Artifacts!$B$39))/100)*(Summary!$B$13*(1+Artifacts!$B$38/100)*I6) | L6: =K6*(MIN(Inputs!$B$22,Inputs!$B$23)/100+Inputs!$B$23/100)/2 | M6: =L6*(1+(Inputs!$B$10+Summary!$B$20+Artifacts!$B$33)/100) | N6: =L6*(1-MIN((Inputs!$B$9+Summary!$B$14+Artifacts!$B$32),100)/100)+M6*(MIN((Inputs!$B$9+Summary!$B$14+Artifacts!$B$32),100)/100) | O6: =(1-Summary!$B$11)*T6+Summary!$B$11*V6 | P6: =IF(Summary!$B$3=0,0,O6/Summary!$B$3) | Q6: =IFERROR(1/(IF(Inputs!$B$38="pvp",15,MAX(0.1,Skills!D6-IF(Skills!E6=TRUE,Inputs!$B$32,0)))*(1-IF(AND(ArtifactsInput!$M$27,Inputs!$B$4="Chapter Hunt"),CHOOSE(ArtifactsInput!$N$27+1,20,24,28,32,36,40),0)/100)),0) | R6: =IF(AND(Inputs!$B$38<>"pvp",Inputs!$B$43>0),IF(MAX(0,Inputs!$B$43-Summary!$B$23)<=0,0,(INT(MAX(0,Inputs!$B$43-Summary!$B$23)/(IF(Inputs!$B$38="pvp",15,MAX(0.1,Skills!D6-IF(Skills!E6=TRUE,Inputs!$B$32,0)))*(1-IF(AND(ArtifactsInput!$M$27,Inputs!$B$4="Chapter Hunt"),CHOOSE(ArtifactsInput!$N$27+1,20,24,28,32,36,40),0)/100)))+1)),0) | S6: =IFERROR(O6/N6,0) | T6: =IF(C6,(H6*N6*IF(AND(Inputs!$B$38<>"pvp",Inputs!$B$43>0),((Skills!G6*((R6-1)*IF(Skills!H6>0,Skills!I6/Skills!H6,1)+IF(Skills!H6>0,MIN(Skills!I6,MAX(0,MAX(0,Inputs!$B$43-Summary!$B$23)-((R6-1)*(IF(Inputs!$B$38="pvp",15,MAX(0.1,Skills!D6-IF(Skills!E6=TRUE,Inputs!$B$32,0)))*(1-IF(AND(ArtifactsInput!$M$27,Inputs!$B$4="Chapter Hunt"),CHOOSE(ArtifactsInput!$N$27+1,20,24,28,32,36,40),0)/100)))))/Skills!H6,1)))/Inputs!$B$43),G6*Q6))*IF(Inputs!$B$38="pvp",1,1+(Inputs!$B$20+Skills!P6+Summary!$B$15+Artifacts!$B$35)/100)*((((5000/(6000+Inputs!$B$42*(1-(100*(1-(1-Inputs!$B$19/100)*(1-Artifacts!$B$51/100)^IF(Inputs!$B$38="pvp",1,2)))/100)))/(5000/(6000+Inputs!$B$42*(1-Inputs!$B$19/100))))*((L6*(1-MIN(100,(Inputs!$B$9+Summary!$B$14+Artifacts!$B$32)+Artifacts!$B$69)/100)+M6*(MIN(100,(Inputs!$B$9+Summary!$B$14+Artifacts!$B$32)+Artifacts!$B$69)/100))/(L6*(1-MIN(100,(Inputs!$B$9+Summary!$B$14+Artifacts!$B$32))/100)+M6*(MIN(100,(Inputs!$B$9+Summary!$B$14+Artifacts!$B$32))/100)))*(1+Artifacts!$B$81/100))),0) | V6: =IF(C6,(H6*N6*IF(AND(Inputs!$B$38<>"pvp",Inputs!$B$43>0),((Skills!G6*((R6-1)*IF(Skills!H6>0,Skills!I6/Skills!H6,1)+IF(Skills!H6>0,MIN(Skills!I6,MAX(0,MAX(0,Inputs!$B$43-Summary!$B$23)-((R6-1)*(IF(Inputs!$B$38="pvp",15,MAX(0.1,Skills!D6-IF(Skills!E6=TRUE,Inputs!$B$32,0)))*(1-IF(AND(ArtifactsInput!$M$27,Inputs!$B$4="Chapter Hunt"),CHOOSE(ArtifactsInput!$N$27+1,20,24,28,32,36,40),0)/100)))))/Skills!H6,1)))/Inputs!$B$43),G6*Q6))*IF(Inputs!$B$38="pvp",1,(1+(Inputs!$B$21+Skills!Q6+Summary!$B$15+Artifacts!$B$80)/100)*(MIN(Skills!R6,Inputs!$B$37)))*((1+Artifacts!$B$53/100)),0)
A7: =Skills!A7 | B7: =Skills!B7 | C7: =Inputs!$B$3>=107 | D7: =IF(Skills!C7=1,60+Inputs!$B$25+Inputs!$B$29,IF(Skills!C7=2,90+Inputs!$B$26+Inputs!$B$29,IF(Skills!C7=3,120+Inputs!$B$27+Inputs!$B$29,MAX(0,(Inputs!$B$3-100)*3)+Inputs!$B$28+Inputs!$B$29))) | E7: =INDEX(FactorTable!$B$2:$Y$301, MATCH(ROUND(MIN(300,MAX(1,D7)),0), FactorTable!$A$2:$A$301,0), Skills!M7+1) | F7: =IF(Skills!N7=TRUE,(Skills!L7/10)*(E7/1000),Skills!L7/10)+Skills!O7 | G7: =Skills!G7*IF(Skills!H7>0,Skills!I7/Skills!H7,1) | H7: =1-(1-Skills!J7/100)^Skills!K7 | I7: 1 | J7: =Summary!$B$6*(F7/100) | K7: =J7*(1+Summary!$B$7/100)*(1+Inputs!$B$15/100)*(1+Inputs!$B$16/100)*(5000/(6000+Inputs!$B$42*(1-Inputs!$B$19/100)))*(1+(Inputs!$B$24+Summary!$B$21)/100)*(1+Artifacts!$B$34/100)*(1+(IF(Skills!A7="BLAST",Inputs!$B$17+Artifacts!$B$40,Inputs!$B$18+Artifacts!$B$39))/100)*(Summary!$B$13*(1+Artifacts!$B$38/100)*I7) | L7: =K7*(MIN(Inputs!$B$22,Inputs!$B$23)/100+Inputs!$B$23/100)/2 | M7: =L7*(1+(Inputs!$B$10+Summary!$B$20+Artifacts!$B$33)/100) | N7: =L7*(1-MIN((Inputs!$B$9+Summary!$B$14+Artifacts!$B$32),100)/100)+M7*(MIN((Inputs!$B$9+Summary!$B$14+Artifacts!$B$32),100)/100) | O7: =(1-Summary!$B$11)*T7+Summary!$B$11*V7 | P7: =IF(Summary!$B$3=0,0,O7/Summary!$B$3) | Q7: =IFERROR(1/(IF(Inputs!$B$38="pvp",15,MAX(0.1,Skills!D7-IF(Skills!E7=TRUE,Inputs!$B$32,0)))*(1-IF(AND(ArtifactsInput!$M$27,Inputs!$B$4="Chapter Hunt"),CHOOSE(ArtifactsInput!$N$27+1,20,24,28,32,36,40),0)/100)),0) | R7: =IF(AND(Inputs!$B$38<>"pvp",Inputs!$B$43>0),IF(MAX(0,Inputs!$B$43-Summary!$B$23)<=0,0,(INT(MAX(0,Inputs!$B$43-Summary!$B$23)/(IF(Inputs!$B$38="pvp",15,MAX(0.1,Skills!D7-IF(Skills!E7=TRUE,Inputs!$B$32,0)))*(1-IF(AND(ArtifactsInput!$M$27,Inputs!$B$4="Chapter Hunt"),CHOOSE(ArtifactsInput!$N$27+1,20,24,28,32,36,40),0)/100)))+1)),0) | S7: =IFERROR(O7/N7,0) | T7: =IF(C7,(H7*N7*IF(AND(Inputs!$B$38<>"pvp",Inputs!$B$43>0),((Skills!G7*((R7-1)*IF(Skills!H7>0,Skills!I7/Skills!H7,1)+IF(Skills!H7>0,MIN(Skills!I7,MAX(0,MAX(0,Inputs!$B$43-Summary!$B$23)-((R7-1)*(IF(Inputs!$B$38="pvp",15,MAX(0.1,Skills!D7-IF(Skills!E7=TRUE,Inputs!$B$32,0)))*(1-IF(AND(ArtifactsInput!$M$27,Inputs!$B$4="Chapter Hunt"),CHOOSE(ArtifactsInput!$N$27+1,20,24,28,32,36,40),0)/100)))))/Skills!H7,1)))/Inputs!$B$43),G7*Q7))*IF(Inputs!$B$38="pvp",1,1+(Inputs!$B$20+Skills!P7+Summary!$B$15+Artifacts!$B$35)/100)*((((5000/(6000+Inputs!$B$42*(1-(100*(1-(1-Inputs!$B$19/100)*(1-Artifacts!$B$51/100)^IF(Inputs!$B$38="pvp",1,2)))/100)))/(5000/(6000+Inputs!$B$42*(1-Inputs!$B$19/100))))*((L7*(1-MIN(100,(Inputs!$B$9+Summary!$B$14+Artifacts!$B$32)+Artifacts!$B$69)/100)+M7*(MIN(100,(Inputs!$B$9+Summary!$B$14+Artifacts!$B$32)+Artifacts!$B$69)/100))/(L7*(1-MIN(100,(Inputs!$B$9+Summary!$B$14+Artifacts!$B$32))/100)+M7*(MIN(100,(Inputs!$B$9+Summary!$B$14+Artifacts!$B$32))/100)))*(1+Artifacts!$B$81/100))),0) | V7: =IF(C7,(H7*N7*IF(AND(Inputs!$B$38<>"pvp",Inputs!$B$43>0),((Skills!G7*((R7-1)*IF(Skills!H7>0,Skills!I7/Skills!H7,1)+IF(Skills!H7>0,MIN(Skills!I7,MAX(0,MAX(0,Inputs!$B$43-Summary!$B$23)-((R7-1)*(IF(Inputs!$B$38="pvp",15,MAX(0.1,Skills!D7-IF(Skills!E7=TRUE,Inputs!$B$32,0)))*(1-IF(AND(ArtifactsInput!$M$27,Inputs!$B$4="Chapter Hunt"),CHOOSE(ArtifactsInput!$N$27+1,20,24,28,32,36,40),0)/100)))))/Skills!H7,1)))/Inputs!$B$43),G7*Q7))*IF(Inputs!$B$38="pvp",1,(1+(Inputs!$B$21+Skills!Q7+Summary!$B$15+Artifacts!$B$80)/100)*(MIN(Skills!R7,Inputs!$B$37)))*((1+Artifacts!$B$53/100)),0)
A8: =Skills!A8 | B8: =Skills!B8 | C8: =Inputs!$B$3>=107 | D8: =IF(Skills!C8=1,60+Inputs!$B$25+Inputs!$B$29,IF(Skills!C8=2,90+Inputs!$B$26+Inputs!$B$29,IF(Skills!C8=3,120+Inputs!$B$27+Inputs!$B$29,MAX(0,(Inputs!$B$3-100)*3)+Inputs!$B$28+Inputs!$B$29))) | E8: =INDEX(FactorTable!$B$2:$Y$301, MATCH(ROUND(MIN(300,MAX(1,D8)),0), FactorTable!$A$2:$A$301,0), Skills!M8+1) | F8: =IF(Skills!N8=TRUE,(Skills!L8/10)*(E8/1000),Skills!L8/10)+Skills!O8 | G8: =Skills!G8*IF(Skills!H8>0,Skills!I8/Skills!H8,1) | H8: =1-(1-Skills!J8/100)^Skills!K8 | I8: 1 | J8: =Summary!$B$6*(F8/100) | K8: =J8*(1+Summary!$B$7/100)*(1+Inputs!$B$15/100)*(1+Inputs!$B$16/100)*(5000/(6000+Inputs!$B$42*(1-Inputs!$B$19/100)))*(1+(Inputs!$B$24+Summary!$B$21)/100)*(1+Artifacts!$B$34/100)*(1+(IF(Skills!A8="BLAST",Inputs!$B$17+Artifacts!$B$40,Inputs!$B$18+Artifacts!$B$39))/100)*(Summary!$B$13*(1+Artifacts!$B$38/100)*I8) | L8: =K8*(MIN(Inputs!$B$22,Inputs!$B$23)/100+Inputs!$B$23/100)/2 | M8: =L8*(1+(Inputs!$B$10+Summary!$B$20+Artifacts!$B$33)/100) | N8: =L8*(1-MIN((Inputs!$B$9+Summary!$B$14+Artifacts!$B$32),100)/100)+M8*(MIN((Inputs!$B$9+Summary!$B$14+Artifacts!$B$32),100)/100) | O8: =(1-Summary!$B$11)*T8+Summary!$B$11*V8 | P8: =IF(Summary!$B$3=0,0,O8/Summary!$B$3) | Q8: =IFERROR(1/(IF(Inputs!$B$38="pvp",15,MAX(0.1,Skills!D8-IF(Skills!E8=TRUE,Inputs!$B$32,0)))*(1-IF(AND(ArtifactsInput!$M$27,Inputs!$B$4="Chapter Hunt"),CHOOSE(ArtifactsInput!$N$27+1,20,24,28,32,36,40),0)/100)),0) | R8: =IF(AND(Inputs!$B$38<>"pvp",Inputs!$B$43>0),IF(MAX(0,Inputs!$B$43-Summary!$B$23)<=0,0,(INT(MAX(0,Inputs!$B$43-Summary!$B$23)/(IF(Inputs!$B$38="pvp",15,MAX(0.1,Skills!D8-IF(Skills!E8=TRUE,Inputs!$B$32,0)))*(1-IF(AND(ArtifactsInput!$M$27,Inputs!$B$4="Chapter Hunt"),CHOOSE(ArtifactsInput!$N$27+1,20,24,28,32,36,40),0)/100)))+1)),0) | S8: =IFERROR(O8/N8,0) | T8: =IF(C8,(H8*N8*IF(AND(Inputs!$B$38<>"pvp",Inputs!$B$43>0),((Skills!G8*((R8-1)*IF(Skills!H8>0,Skills!I8/Skills!H8,1)+IF(Skills!H8>0,MIN(Skills!I8,MAX(0,MAX(0,Inputs!$B$43-Summary!$B$23)-((R8-1)*(IF(Inputs!$B$38="pvp",15,MAX(0.1,Skills!D8-IF(Skills!E8=TRUE,Inputs!$B$32,0)))*(1-IF(AND(ArtifactsInput!$M$27,Inputs!$B$4="Chapter Hunt"),CHOOSE(ArtifactsInput!$N$27+1,20,24,28,32,36,40),0)/100)))))/Skills!H8,1)))/Inputs!$B$43),G8*Q8))*IF(Inputs!$B$38="pvp",1,1+(Inputs!$B$20+Skills!P8+Summary!$B$15+Artifacts!$B$35)/100)*((((5000/(6000+Inputs!$B$42*(1-(100*(1-(1-Inputs!$B$19/100)*(1-Artifacts!$B$51/100)^IF(Inputs!$B$38="pvp",1,2)))/100)))/(5000/(6000+Inputs!$B$42*(1-Inputs!$B$19/100))))*((L8*(1-MIN(100,(Inputs!$B$9+Summary!$B$14+Artifacts!$B$32)+Artifacts!$B$69)/100)+M8*(MIN(100,(Inputs!$B$9+Summary!$B$14+Artifacts!$B$32)+Artifacts!$B$69)/100))/(L8*(1-MIN(100,(Inputs!$B$9+Summary!$B$14+Artifacts!$B$32))/100)+M8*(MIN(100,(Inputs!$B$9+Summary!$B$14+Artifacts!$B$32))/100)))*(1+Artifacts!$B$81/100))),0) | V8: =IF(C8,(H8*N8*IF(AND(Inputs!$B$38<>"pvp",Inputs!$B$43>0),((Skills!G8*((R8-1)*IF(Skills!H8>0,Skills!I8/Skills!H8,1)+IF(Skills!H8>0,MIN(Skills!I8,MAX(0,MAX(0,Inputs!$B$43-Summary!$B$23)-((R8-1)*(IF(Inputs!$B$38="pvp",15,MAX(0.1,Skills!D8-IF(Skills!E8=TRUE,Inputs!$B$32,0)))*(1-IF(AND(ArtifactsInput!$M$27,Inputs!$B$4="Chapter Hunt"),CHOOSE(ArtifactsInput!$N$27+1,20,24,28,32,36,40),0)/100)))))/Skills!H8,1)))/Inputs!$B$43),G8*Q8))*IF(Inputs!$B$38="pvp",1,(1+(Inputs!$B$21+Skills!Q8+Summary!$B$15+Artifacts!$B$80)/100)*(MIN(Skills!R8,Inputs!$B$37)))*((1+Artifacts!$B$53/100)),0)
A9: =Skills!A9 | B9: =Skills!B9 | C9: =Inputs!$B$3>=125 | D9: =IF(Skills!C9=1,60+Inputs!$B$25+Inputs!$B$29,IF(Skills!C9=2,90+Inputs!$B$26+Inputs!$B$29,IF(Skills!C9=3,120+Inputs!$B$27+Inputs!$B$29,MAX(0,(Inputs!$B$3-100)*3)+Inputs!$B$28+Inputs!$B$29))) | E9: =INDEX(FactorTable!$B$2:$Y$301, MATCH(ROUND(MIN(300,MAX(1,D9)),0), FactorTable!$A$2:$A$301,0), Skills!M9+1) | F9: =IF(Skills!N9=TRUE,(Skills!L9/10)*(E9/1000),Skills!L9/10)+Skills!O9 | G9: =Skills!G9*IF(Skills!H9>0,Skills!I9/Skills!H9,1) | H9: =1-(1-Skills!J9/100)^Skills!K9 | I9: 1 | J9: =Summary!$B$6*(F9/100) | K9: =J9*(1+Summary!$B$7/100)*(1+Inputs!$B$15/100)*(1+Inputs!$B$16/100)*(5000/(6000+Inputs!$B$42*(1-Inputs!$B$19/100)))*(1+(Inputs!$B$24+Summary!$B$21)/100)*(1+Artifacts!$B$34/100)*(1+(IF(Skills!A9="BLAST",Inputs!$B$17+Artifacts!$B$40,Inputs!$B$18+Artifacts!$B$39))/100)*(Summary!$B$13*(1+Artifacts!$B$38/100)*I9) | L9: =K9*(MIN(Inputs!$B$22,Inputs!$B$23)/100+Inputs!$B$23/100)/2 | M9: =L9*(1+(Inputs!$B$10+Summary!$B$20+Artifacts!$B$33)/100) | N9: =L9*(1-MIN((Inputs!$B$9+Summary!$B$14+Artifacts!$B$32),100)/100)+M9*(MIN((Inputs!$B$9+Summary!$B$14+Artifacts!$B$32),100)/100) | O9: =(1-Summary!$B$11)*T9+Summary!$B$11*V9 | P9: =IF(Summary!$B$3=0,0,O9/Summary!$B$3) | Q9: =IFERROR(1/(IF(Inputs!$B$38="pvp",15,MAX(0.1,Skills!D9-IF(Skills!E9=TRUE,Inputs!$B$32,0)))*(1-IF(AND(ArtifactsInput!$M$27,Inputs!$B$4="Chapter Hunt"),CHOOSE(ArtifactsInput!$N$27+1,20,24,28,32,36,40),0)/100)),0) | R9: =IF(AND(Inputs!$B$38<>"pvp",Inputs!$B$43>0),IF(MAX(0,Inputs!$B$43-Summary!$B$23)<=0,0,(INT(MAX(0,Inputs!$B$43-Summary!$B$23)/(IF(Inputs!$B$38="pvp",15,MAX(0.1,Skills!D9-IF(Skills!E9=TRUE,Inputs!$B$32,0)))*(1-IF(AND(ArtifactsInput!$M$27,Inputs!$B$4="Chapter Hunt"),CHOOSE(ArtifactsInput!$N$27+1,20,24,28,32,36,40),0)/100)))+1)),0) | S9: =IFERROR(O9/N9,0) | T9: =IF(C9,(H9*N9*IF(AND(Inputs!$B$38<>"pvp",Inputs!$B$43>0),((Skills!G9*((R9-1)*IF(Skills!H9>0,Skills!I9/Skills!H9,1)+IF(Skills!H9>0,MIN(Skills!I9,MAX(0,MAX(0,Inputs!$B$43-Summary!$B$23)-((R9-1)*(IF(Inputs!$B$38="pvp",15,MAX(0.1,Skills!D9-IF(Skills!E9=TRUE,Inputs!$B$32,0)))*(1-IF(AND(ArtifactsInput!$M$27,Inputs!$B$4="Chapter Hunt"),CHOOSE(ArtifactsInput!$N$27+1,20,24,28,32,36,40),0)/100)))))/Skills!H9,1)))/Inputs!$B$43),G9*Q9))*IF(Inputs!$B$38="pvp",1,1+(Inputs!$B$20+Skills!P9+Summary!$B$15+Artifacts!$B$35)/100)*((((5000/(6000+Inputs!$B$42*(1-(100*(1-(1-Inputs!$B$19/100)*(1-Artifacts!$B$51/100)^IF(Inputs!$B$38="pvp",1,2)))/100)))/(5000/(6000+Inputs!$B$42*(1-Inputs!$B$19/100))))*((L9*(1-MIN(100,(Inputs!$B$9+Summary!$B$14+Artifacts!$B$32)+Artifacts!$B$69)/100)+M9*(MIN(100,(Inputs!$B$9+Summary!$B$14+Artifacts!$B$32)+Artifacts!$B$69)/100))/(L9*(1-MIN(100,(Inputs!$B$9+Summary!$B$14+Artifacts!$B$32))/100)+M9*(MIN(100,(Inputs!$B$9+Summary!$B$14+Artifacts!$B$32))/100)))*(1+Artifacts!$B$81/100))),0) | V9: =IF(C9,(H9*N9*IF(AND(Inputs!$B$38<>"pvp",Inputs!$B$43>0),((Skills!G9*((R9-1)*IF(Skills!H9>0,Skills!I9/Skills!H9,1)+IF(Skills!H9>0,MIN(Skills!I9,MAX(0,MAX(0,Inputs!$B$43-Summary!$B$23)-((R9-1)*(IF(Inputs!$B$38="pvp",15,MAX(0.1,Skills!D9-IF(Skills!E9=TRUE,Inputs!$B$32,0)))*(1-IF(AND(ArtifactsInput!$M$27,Inputs!$B$4="Chapter Hunt"),CHOOSE(ArtifactsInput!$N$27+1,20,24,28,32,36,40),0)/100)))))/Skills!H9,1)))/Inputs!$B$43),G9*Q9))*IF(Inputs!$B$38="pvp",1,(1+(Inputs!$B$21+Skills!Q9+Summary!$B$15+Artifacts!$B$80)/100)*(MIN(Skills!R9,Inputs!$B$37)))*((1+Artifacts!$B$53/100)),0)
A10: =Skills!A10 | B10: =Skills!B10 | C10: =Inputs!$B$3>=117 | D10: =IF(Skills!C10=1,60+Inputs!$B$25+Inputs!$B$29,IF(Skills!C10=2,90+Inputs!$B$26+Inputs!$B$29,IF(Skills!C10=3,120+Inputs!$B$27+Inputs!$B$29,MAX(0,(Inputs!$B$3-100)*3)+Inputs!$B$28+Inputs!$B$29))) | E10: =INDEX(FactorTable!$B$2:$Y$301, MATCH(ROUND(MIN(300,MAX(1,D10)),0), FactorTable!$A$2:$A$301,0), Skills!M10+1) | F10: =IF(Skills!N10=TRUE,(Skills!L10/10)*(E10/1000),Skills!L10/10)+Skills!O10 | G10: =Skills!G10*IF(Skills!H10>0,Skills!I10/Skills!H10,1) | H10: =1-(1-Skills!J10/100)^Skills!K10 | I10: 1 | J10: =Summary!$B$6*(F10/100) | K10: =J10*(1+Summary!$B$7/100)*(1+Inputs!$B$15/100)*(1+Inputs!$B$16/100)*(5000/(6000+Inputs!$B$42*(1-Inputs!$B$19/100)))*(1+(Inputs!$B$24+Summary!$B$21)/100)*(1+Artifacts!$B$34/100)*(1+(IF(Skills!A10="BLAST",Inputs!$B$17+Artifacts!$B$40,Inputs!$B$18+Artifacts!$B$39))/100)*(Summary!$B$13*(1+Artifacts!$B$38/100)*I10) | L10: =K10*(MIN(Inputs!$B$22,Inputs!$B$23)/100+Inputs!$B$23/100)/2 | M10: =L10*(1+(Inputs!$B$10+Summary!$B$20+Artifacts!$B$33)/100) | N10: =L10*(1-MIN((Inputs!$B$9+Summary!$B$14+Artifacts!$B$32),100)/100)+M10*(MIN((Inputs!$B$9+Summary!$B$14+Artifacts!$B$32),100)/100) | O10: =(1-Summary!$B$11)*T10+Summary!$B$11*V10 | P10: =IF(Summary!$B$3=0,0,O10/Summary!$B$3) | Q10: =IFERROR(1/(IF(Inputs!$B$38="pvp",15,MAX(0.1,Skills!D10-IF(Skills!E10=TRUE,Inputs!$B$32,0)))*(1-IF(AND(ArtifactsInput!$M$27,Inputs!$B$4="Chapter Hunt"),CHOOSE(ArtifactsInput!$N$27+1,20,24,28,32,36,40),0)/100)),0) | R10: =IF(AND(Inputs!$B$38<>"pvp",Inputs!$B$43>0),IF(MAX(0,Inputs!$B$43-Summary!$B$23)<=0,0,(INT(MAX(0,Inputs!$B$43-Summary!$B$23)/(IF(Inputs!$B$38="pvp",15,MAX(0.1,Skills!D10-IF(Skills!E10=TRUE,Inputs!$B$32,0)))*(1-IF(AND(ArtifactsInput!$M$27,Inputs!$B$4="Chapter Hunt"),CHOOSE(ArtifactsInput!$N$27+1,20,24,28,32,36,40),0)/100)))+1)),0) | S10: =IFERROR(O10/N10,0) | T10: =IF(C10,(H10*N10*IF(AND(Inputs!$B$38<>"pvp",Inputs!$B$43>0),((Skills!G10*((R10-1)*IF(Skills!H10>0,Skills!I10/Skills!H10,1)+IF(Skills!H10>0,MIN(Skills!I10,MAX(0,MAX(0,Inputs!$B$43-Summary!$B$23)-((R10-1)*(IF(Inputs!$B$38="pvp",15,MAX(0.1,Skills!D10-IF(Skills!E10=TRUE,Inputs!$B$32,0)))*(1-IF(AND(ArtifactsInput!$M$27,Inputs!$B$4="Chapter Hunt"),CHOOSE(ArtifactsInput!$N$27+1,20,24,28,32,36,40),0)/100)))))/Skills!H10,1)))/Inputs!$B$43),G10*Q10))*IF(Inputs!$B$38="pvp",1,1+(Inputs!$B$20+Skills!P10+Summary!$B$15+Artifacts!$B$35)/100)*((((5000/(6000+Inputs!$B$42*(1-(100*(1-(1-Inputs!$B$19/100)*(1-Artifacts!$B$51/100)^IF(Inputs!$B$38="pvp",1,2)))/100)))/(5000/(6000+Inputs!$B$42*(1-Inputs!$B$19/100))))*((L10*(1-MIN(100,(Inputs!$B$9+Summary!$B$14+Artifacts!$B$32)+Artifacts!$B$69)/100)+M10*(MIN(100,(Inputs!$B$9+Summary!$B$14+Artifacts!$B$32)+Artifacts!$B$69)/100))/(L10*(1-MIN(100,(Inputs!$B$9+Summary!$B$14+Artifacts!$B$32))/100)+M10*(MIN(100,(Inputs!$B$9+Summary!$B$14+Artifacts!$B$32))/100)))*(1+Artifacts!$B$81/100))),0) | V10: =IF(C10,(H10*N10*IF(AND(Inputs!$B$38<>"pvp",Inputs!$B$43>0),((Skills!G10*((R10-1)*IF(Skills!H10>0,Skills!I10/Skills!H10,1)+IF(Skills!H10>0,MIN(Skills!I10,MAX(0,MAX(0,Inputs!$B$43-Summary!$B$23)-((R10-1)*(IF(Inputs!$B$38="pvp",15,MAX(0.1,Skills!D10-IF(Skills!E10=TRUE,Inputs!$B$32,0)))*(1-IF(AND(ArtifactsInput!$M$27,Inputs!$B$4="Chapter Hunt"),CHOOSE(ArtifactsInput!$N$27+1,20,24,28,32,36,40),0)/100)))))/Skills!H10,1)))/Inputs!$B$43),G10*Q10))*IF(Inputs!$B$38="pvp",1,(1+(Inputs!$B$21+Skills!Q10+Summary!$B$15+Artifacts!$B$80)/100)*(MIN(Skills!R10,Inputs!$B$37)))*((1+Artifacts!$B$53/100)),0)
A11: =Skills!A11 | B11: =Skills!B11 | C11: =Inputs!$B$3>=63 | D11: =IF(Skills!C11=1,60+Inputs!$B$25+Inputs!$B$29,IF(Skills!C11=2,90+Inputs!$B$26+Inputs!$B$29,IF(Skills!C11=3,120+Inputs!$B$27+Inputs!$B$29,MAX(0,(Inputs!$B$3-100)*3)+Inputs!$B$28+Inputs!$B$29))) | E11: =INDEX(FactorTable!$B$2:$Y$301, MATCH(ROUND(MIN(300,MAX(1,D11)),0), FactorTable!$A$2:$A$301,0), Skills!M11+1) | F11: =IF(Skills!N11=TRUE,(Skills!L11/10)*(E11/1000),Skills!L11/10)+Skills!O11 | G11: =Skills!G11*IF(Skills!H11>0,Skills!I11/Skills!H11,1) | H11: =1-(1-Skills!J11/100)^Skills!K11 | I11: 1 | J11: =Summary!$B$6*(F11/100) | K11: =J11*(1+Summary!$B$7/100)*(1+Inputs!$B$15/100)*(1+Inputs!$B$16/100)*(5000/(6000+Inputs!$B$42*(1-Inputs!$B$19/100)))*(1+(Inputs!$B$24+Summary!$B$21)/100)*(1+Artifacts!$B$34/100)*(1+1.5*IF(C12=TRUE,F12,0)/100)*(1+(IF(Skills!A11="BLAST",Inputs!$B$17+Artifacts!$B$40,Inputs!$B$18+Artifacts!$B$39))/100)*(Summary!$B$13*(1+Artifacts!$B$38/100)*I11) | L11: =K11*(MIN(Inputs!$B$22,Inputs!$B$23)/100+Inputs!$B$23/100)/2 | M11: =L11*(1+(Inputs!$B$10+Summary!$B$20+Artifacts!$B$33)/100) | N11: =L11*(1-MIN((Inputs!$B$9+Summary!$B$14+Artifacts!$B$32),100)/100)+M11*(MIN((Inputs!$B$9+Summary!$B$14+Artifacts!$B$32),100)/100) | O11: =(1-Summary!$B$11)*T11+Summary!$B$11*V11 | P11: =IF(Summary!$B$3=0,0,O11/Summary!$B$3) | Q11: =IFERROR(1/(IF(Inputs!$B$38="pvp",15,MAX(0.1,Skills!D11-IF(Skills!E11=TRUE,Inputs!$B$32,0)))*(1-IF(AND(ArtifactsInput!$M$27,Inputs!$B$4="Chapter Hunt"),CHOOSE(ArtifactsInput!$N$27+1,20,24,28,32,36,40),0)/100)),0) | R11: =IF(AND(Inputs!$B$38<>"pvp",Inputs!$B$43>0),IF(MAX(0,Inputs!$B$43-Summary!$B$23)<=0,0,(INT(MAX(0,Inputs!$B$43-Summary!$B$23)/(IF(Inputs!$B$38="pvp",15,MAX(0.1,Skills!D11-IF(Skills!E11=TRUE,Inputs!$B$32,0)))*(1-IF(AND(ArtifactsInput!$M$27,Inputs!$B$4="Chapter Hunt"),CHOOSE(ArtifactsInput!$N$27+1,20,24,28,32,36,40),0)/100)))+1)),0) | S11: =IFERROR(O11/N11,0) | T11: =IF(C11,(H11*N11*IF(AND(Inputs!$B$38<>"pvp",Inputs!$B$43>0),((Skills!G11*((R11-1)*IF(Skills!H11>0,Skills!I11/Skills!H11,1)+IF(Skills!H11>0,MIN(Skills!I11,MAX(0,MAX(0,Inputs!$B$43-Summary!$B$23)-((R11-1)*(IF(Inputs!$B$38="pvp",15,MAX(0.1,Skills!D11-IF(Skills!E11=TRUE,Inputs!$B$32,0)))*(1-IF(AND(ArtifactsInput!$M$27,Inputs!$B$4="Chapter Hunt"),CHOOSE(ArtifactsInput!$N$27+1,20,24,28,32,36,40),0)/100)))))/Skills!H11,1)))/Inputs!$B$43),G11*Q11))*IF(Inputs!$B$38="pvp",1,1+(Inputs!$B$20+Skills!P11+Summary!$B$15+Artifacts!$B$35)/100)*((((5000/(6000+Inputs!$B$42*(1-(100*(1-(1-Inputs!$B$19/100)*(1-Artifacts!$B$51/100)^IF(Inputs!$B$38="pvp",1,2)))/100)))/(5000/(6000+Inputs!$B$42*(1-Inputs!$B$19/100))))*((L11*(1-MIN(100,(Inputs!$B$9+Summary!$B$14+Artifacts!$B$32)+Artifacts!$B$69)/100)+M11*(MIN(100,(Inputs!$B$9+Summary!$B$14+Artifacts!$B$32)+Artifacts!$B$69)/100))/(L11*(1-MIN(100,(Inputs!$B$9+Summary!$B$14+Artifacts!$B$32))/100)+M11*(MIN(100,(Inputs!$B$9+Summary!$B$14+Artifacts!$B$32))/100)))*(1+Artifacts!$B$81/100))),0) | V11: =IF(C11,(H11*N11*IF(AND(Inputs!$B$38<>"pvp",Inputs!$B$43>0),((Skills!G11*((R11-1)*IF(Skills!H11>0,Skills!I11/Skills!H11,1)+IF(Skills!H11>0,MIN(Skills!I11,MAX(0,MAX(0,Inputs!$B$43-Summary!$B$23)-((R11-1)*(IF(Inputs!$B$38="pvp",15,MAX(0.1,Skills!D11-IF(Skills!E11=TRUE,Inputs!$B$32,0)))*(1-IF(AND(ArtifactsInput!$M$27,Inputs!$B$4="Chapter Hunt"),CHOOSE(ArtifactsInput!$N$27+1,20,24,28,32,36,40),0)/100)))))/Skills!H11,1)))/Inputs!$B$43),G11*Q11))*IF(Inputs!$B$38="pvp",1,(1+(Inputs!$B$21+Skills!Q11+Summary!$B$15+Artifacts!$B$80)/100)*(MIN(Skills!R11,Inputs!$B$37)))*((1+Artifacts!$B$53/100)),0)
A12: =Skills!A12 | B12: =Skills!B12 | C12: =Inputs!$B$3>=100 | D12: =IF(Skills!C12=1,60+Inputs!$B$25+Inputs!$B$29,IF(Skills!C12=2,90+Inputs!$B$26+Inputs!$B$29,IF(Skills!C12=3,120+Inputs!$B$27+Inputs!$B$29,MAX(0,(Inputs!$B$3-100)*3)+Inputs!$B$28+Inputs!$B$29))) | E12: =INDEX(FactorTable!$B$2:$Y$301, MATCH(ROUND(MIN(300,MAX(1,D12)),0), FactorTable!$A$2:$A$301,0), Skills!M12+1) | F12: =IF(Skills!N12=TRUE,(Skills!L12/10)*(E12/1000),Skills!L12/10)+Skills!O12 | I12: 1
A13: =Skills!A13 | B13: =Skills!B13 | C13: =Inputs!$B$3>=45 | D13: =IF(Skills!C13=1,60+Inputs!$B$25+Inputs!$B$29,IF(Skills!C13=2,90+Inputs!$B$26+Inputs!$B$29,IF(Skills!C13=3,120+Inputs!$B$27+Inputs!$B$29,MAX(0,(Inputs!$B$3-100)*3)+Inputs!$B$28+Inputs!$B$29))) | E13: =INDEX(FactorTable!$B$2:$Y$301, MATCH(ROUND(MIN(300,MAX(1,D13)),0), FactorTable!$A$2:$A$301,0), Skills!M13+1) | F13: =IF(Skills!N13=TRUE,(Skills!L13/10)*(E13/1000),Skills!L13/10)+Skills!O13 | G13: =Skills!G13*IF(Skills!H13>0,Skills!I13/Skills!H13,1) | H13: =1-(1-Skills!J13/100)^Skills!K13 | I13: 1 | O13: =(1-Summary!$B$11)*T13+Summary!$B$11*V13 | P13: =IF(Summary!$B$3=0,0,O13/Summary!$B$3) | Q13: 0 | R13: 0 | S13: =IFERROR(O13/N13,0) | T13: 0 | V13: 0
A14: =Skills!A14 | B14: =Skills!B14 | C14: =Inputs!$B$3>=110 | D14: =IF(Skills!C14=1,60+Inputs!$B$25+Inputs!$B$29,IF(Skills!C14=2,90+Inputs!$B$26+Inputs!$B$29,IF(Skills!C14=3,120+Inputs!$B$27+Inputs!$B$29,MAX(0,(Inputs!$B$3-100)*3)+Inputs!$B$28+Inputs!$B$29))) | E14: =INDEX(FactorTable!$B$2:$Y$301, MATCH(ROUND(MIN(300,MAX(1,D14)),0), FactorTable!$A$2:$A$301,0), Skills!M14+1) | F14: =IF(Skills!N14=TRUE,(Skills!L14/10)*(E14/1000),Skills!L14/10)+Skills!O14 | G14: =Skills!G14*IF(Skills!H14>0,Skills!I14/Skills!H14,1) | H14: =1-(1-Skills!J14/100)^Skills!K14 | I14: 1 | O14: =(1-Summary!$B$11)*T14+Summary!$B$11*V14 | P14: =IF(Summary!$B$3=0,0,O14/Summary!$B$3) | Q14: 0 | R14: 0 | S14: =IFERROR(O14/N14,0) | T14: 0 | V14: 0
A15: =Skills!A15 | B15: =Skills!B15 | C15: =Inputs!$B$3>=75 | D15: =IF(Skills!C15=1,60+Inputs!$B$25+Inputs!$B$29,IF(Skills!C15=2,90+Inputs!$B$26+Inputs!$B$29,IF(Skills!C15=3,120+Inputs!$B$27+Inputs!$B$29,MAX(0,(Inputs!$B$3-100)*3)+Inputs!$B$28+Inputs!$B$29))) | E15: =INDEX(FactorTable!$B$2:$Y$301, MATCH(ROUND(MIN(300,MAX(1,D15)),0), FactorTable!$A$2:$A$301,0), Skills!M15+1) | F15: =IF(Skills!N15=TRUE,(Skills!L15/10)*(E15/1000),Skills!L15/10)+Skills!O15 | G15: =Skills!G15*IF(Skills!H15>0,Skills!I15/Skills!H15,1) | H15: =1-(1-Skills!J15/100)^Skills!K15 | I15: 1 | O15: =(1-Summary!$B$11)*T15+Summary!$B$11*V15 | P15: =IF(Summary!$B$3=0,0,O15/Summary!$B$3) | Q15: =IFERROR(1/(IF(Inputs!$B$38="pvp",15,MAX(0.1,Skills!D15-IF(Skills!E15=TRUE,Inputs!$B$32,0)))*(1-IF(AND(ArtifactsInput!$M$27,Inputs!$B$4="Chapter Hunt"),CHOOSE(ArtifactsInput!$N$27+1,20,24,28,32,36,40),0)/100)),0) | R15: =IF(AND(Inputs!$B$38<>"pvp",Inputs!$B$43>0),IF(Inputs!$B$43<=0,0,(INT(Inputs!$B$43/(IF(Inputs!$B$38="pvp",15,MAX(0.1,Skills!D15-IF(Skills!E15=TRUE,Inputs!$B$32,0)))*(1-IF(AND(ArtifactsInput!$M$27,Inputs!$B$4="Chapter Hunt"),CHOOSE(ArtifactsInput!$N$27+1,20,24,28,32,36,40),0)/100)))+1)),0) | S15: =IFERROR(O15/N15,0) | T15: 0 | V15: 0
A16: =Skills!A16 | B16: =Skills!B16 | C16: =Inputs!$B$3>=105 | D16: =IF(Skills!C16=1,60+Inputs!$B$25+Inputs!$B$29,IF(Skills!C16=2,90+Inputs!$B$26+Inputs!$B$29,IF(Skills!C16=3,120+Inputs!$B$27+Inputs!$B$29,MAX(0,(Inputs!$B$3-100)*3)+Inputs!$B$28+Inputs!$B$29))) | E16: =INDEX(FactorTable!$B$2:$Y$301, MATCH(ROUND(MIN(300,MAX(1,D16)),0), FactorTable!$A$2:$A$301,0), Skills!M16+1) | F16: =IF(Skills!N16=TRUE,(Skills!L16/10)*(E16/1000),Skills!L16/10)+Skills!O16 | G16: =Skills!G16*IF(Skills!H16>0,Skills!I16/Skills!H16,1) | H16: =1-(1-Skills!J16/100)^Skills!K16 | I16: 1 | O16: =(1-Summary!$B$11)*T16+Summary!$B$11*V16 | P16: =IF(Summary!$B$3=0,0,O16/Summary!$B$3) | Q16: =IFERROR(1/(IF(Inputs!$B$38="pvp",15,MAX(0.1,Skills!D16-IF(Skills!E16=TRUE,Inputs!$B$32,0)))*(1-IF(AND(ArtifactsInput!$M$27,Inputs!$B$4="Chapter Hunt"),CHOOSE(ArtifactsInput!$N$27+1,20,24,28,32,36,40),0)/100)),0) | R16: =IF(AND(Inputs!$B$38<>"pvp",Inputs!$B$43>0),IF(Inputs!$B$43<=0,0,(INT(Inputs!$B$43/(IF(Inputs!$B$38="pvp",15,MAX(0.1,Skills!D16-IF(Skills!E16=TRUE,Inputs!$B$32,0)))*(1-IF(AND(ArtifactsInput!$M$27,Inputs!$B$4="Chapter Hunt"),CHOOSE(ArtifactsInput!$N$27+1,20,24,28,32,36,40),0)/100)))+1)),0) | S16: =IFERROR(O16/N16,0) | T16: 0 | V16: 0
A17: =Skills!A17 | B17: =Skills!B17 | C17: =Inputs!$B$3>=115 | D17: =IF(Skills!C17=1,60+Inputs!$B$25+Inputs!$B$29,IF(Skills!C17=2,90+Inputs!$B$26+Inputs!$B$29,IF(Skills!C17=3,120+Inputs!$B$27+Inputs!$B$29,MAX(0,(Inputs!$B$3-100)*3)+Inputs!$B$28+Inputs!$B$29))) | E17: =INDEX(FactorTable!$B$2:$Y$301, MATCH(ROUND(MIN(300,MAX(1,D17)),0), FactorTable!$A$2:$A$301,0), Skills!M17+1) | F17: =IF(Skills!N17=TRUE,(Skills!L17/10)*(E17/1000),Skills!L17/10)+Skills!O17 | G17: =Skills!G17*IF(Skills!H17>0,Skills!I17/Skills!H17,1) | H17: =1-(1-Skills!J17/100)^Skills!K17 | I17: 1 | O17: =(1-Summary!$B$11)*T17+Summary!$B$11*V17 | P17: =IF(Summary!$B$3=0,0,O17/Summary!$B$3) | Q17: =IFERROR(1/(IF(Inputs!$B$38="pvp",15,MAX(0.1,Skills!D17-IF(Skills!E17=TRUE,Inputs!$B$32,0)))*(1-IF(AND(ArtifactsInput!$M$27,Inputs!$B$4="Chapter Hunt"),CHOOSE(ArtifactsInput!$N$27+1,20,24,28,32,36,40),0)/100)),0) | R17: =IF(AND(Inputs!$B$38<>"pvp",Inputs!$B$43>0),IF(Inputs!$B$43<=0,0,(INT(Inputs!$B$43/(IF(Inputs!$B$38="pvp",15,MAX(0.1,Skills!D17-IF(Skills!E17=TRUE,Inputs!$B$32,0)))*(1-IF(AND(ArtifactsInput!$M$27,Inputs!$B$4="Chapter Hunt"),CHOOSE(ArtifactsInput!$N$27+1,20,24,28,32,36,40),0)/100)))+1)),0) | S17: =IFERROR(O17/N17,0) | T17: 0 | V17: 0
A18: =Skills!A18 | B18: =Skills!B18 | C18: =Inputs!$B$3>=74 | D18: =IF(Skills!C18=1,60+Inputs!$B$25+Inputs!$B$29,IF(Skills!C18=2,90+Inputs!$B$26+Inputs!$B$29,IF(Skills!C18=3,120+Inputs!$B$27+Inputs!$B$29,MAX(0,(Inputs!$B$3-100)*3)+Inputs!$B$28+Inputs!$B$29))) | E18: =INDEX(FactorTable!$B$2:$Y$301, MATCH(ROUND(MIN(300,MAX(1,D18)),0), FactorTable!$A$2:$A$301,0), Skills!M18+1) | F18: =IF(Skills!N18=TRUE,(Skills!L18/10)*(E18/1000),Skills!L18/10)+Skills!O18 | G18: =Skills!G18*IF(Skills!H18>0,Skills!I18/Skills!H18,1) | H18: =1-(1-Skills!J18/100)^Skills!K18 | I18: 1 | O18: =(1-Summary!$B$11)*T18+Summary!$B$11*V18 | P18: =IF(Summary!$B$3=0,0,O18/Summary!$B$3) | Q18: =IFERROR(1/(IF(Inputs!$B$38="pvp",15,MAX(0.1,Skills!D18-IF(Skills!E18=TRUE,Inputs!$B$32,0)))*(1-IF(AND(ArtifactsInput!$M$27,Inputs!$B$4="Chapter Hunt"),CHOOSE(ArtifactsInput!$N$27+1,20,24,28,32,36,40),0)/100)),0) | R18: =IF(AND(Inputs!$B$38<>"pvp",Inputs!$B$43>0),IF(Inputs!$B$43<=0,0,(INT(Inputs!$B$43/(IF(Inputs!$B$38="pvp",15,MAX(0.1,Skills!D18-IF(Skills!E18=TRUE,Inputs!$B$32,0)))*(1-IF(AND(ArtifactsInput!$M$27,Inputs!$B$4="Chapter Hunt"),CHOOSE(ArtifactsInput!$N$27+1,20,24,28,32,36,40),0)/100)))+1)),0) | S18: =IFERROR(O18/N18,0) | T18: 0 | V18: 0
A19: =Skills!A19 | B19: =Skills!B19 | C19: =TRUE | D19: =IF(Skills!C19=1,60+Inputs!$B$25+Inputs!$B$29,IF(Skills!C19=2,90+Inputs!$B$26+Inputs!$B$29,IF(Skills!C19=3,120+Inputs!$B$27+Inputs!$B$29,MAX(0,(Inputs!$B$3-100)*3)+Inputs!$B$28+Inputs!$B$29))) | E19: =INDEX(FactorTable!$B$2:$Y$301, MATCH(ROUND(MIN(300,MAX(1,D19)),0), FactorTable!$A$2:$A$301,0), Skills!M19+1) | F19: =IF(Skills!N19=TRUE,(Skills!L19/10)*(E19/1000),Skills!L19/10)+Skills!O19 | G19: =Skills!G19*IF(Skills!H19>0,Skills!I19/Skills!H19,1) | H19: =1-(1-Skills!J19/100)^Skills!K19 | I19: 1 | O19: =(1-Summary!$B$11)*T19+Summary!$B$11*V19 | P19: =IF(Summary!$B$3=0,0,O19/Summary!$B$3) | Q19: =IFERROR(1/(IF(Inputs!$B$38="pvp",15,MAX(0.1,Skills!D19-IF(Skills!E19=TRUE,Inputs!$B$32,0)))*(1-IF(AND(ArtifactsInput!$M$27,Inputs!$B$4="Chapter Hunt"),CHOOSE(ArtifactsInput!$N$27+1,20,24,28,32,36,40),0)/100)),0) | R19: =IF(AND(Inputs!$B$38<>"pvp",Inputs!$B$43>0),IF(Inputs!$B$43<=0,0,(INT(Inputs!$B$43/(IF(Inputs!$B$38="pvp",15,MAX(0.1,Skills!D19-IF(Skills!E19=TRUE,Inputs!$B$32,0)))*(1-IF(AND(ArtifactsInput!$M$27,Inputs!$B$4="Chapter Hunt"),CHOOSE(ArtifactsInput!$N$27+1,20,24,28,32,36,40),0)/100)))+1)),0) | S19: =IFERROR(O19/N19,0) | T19: 0 | V19: 0
A20: =Skills!A20 | B20: =Skills!B20 | C20: =Inputs!$B$3>=33 | D20: =IF(Skills!C20=1,60+Inputs!$B$25+Inputs!$B$29,IF(Skills!C20=2,90+Inputs!$B$26+Inputs!$B$29,IF(Skills!C20=3,120+Inputs!$B$27+Inputs!$B$29,MAX(0,(Inputs!$B$3-100)*3)+Inputs!$B$28+Inputs!$B$29))) | E20: =INDEX(FactorTable!$B$2:$Y$301, MATCH(ROUND(MIN(300,MAX(1,D20)),0), FactorTable!$A$2:$A$301,0), Skills!M20+1) | F20: =IF(Skills!N20=TRUE,(Skills!L20/10)*(E20/1000),Skills!L20/10)+Skills!O20 | G20: =Skills!G20*IF(Skills!H20>0,Skills!I20/Skills!H20,1) | H20: =1-(1-Skills!J20/100)^Skills!K20 | I20: 1 | O20: =(1-Summary!$B$11)*T20+Summary!$B$11*V20 | P20: =IF(Summary!$B$3=0,0,O20/Summary!$B$3) | Q20: 0 | R20: 0 | S20: =IFERROR(O20/N20,0) | T20: 0 | V20: 0
A21: =Skills!A21 | B21: =Skills!B21 | C21: =Inputs!$B$3>=38 | D21: =IF(Skills!C21=1,60+Inputs!$B$25+Inputs!$B$29,IF(Skills!C21=2,90+Inputs!$B$26+Inputs!$B$29,IF(Skills!C21=3,120+Inputs!$B$27+Inputs!$B$29,MAX(0,(Inputs!$B$3-100)*3)+Inputs!$B$28+Inputs!$B$29))) | E21: =INDEX(FactorTable!$B$2:$Y$301, MATCH(ROUND(MIN(300,MAX(1,D21)),0), FactorTable!$A$2:$A$301,0), Skills!M21+1) | F21: =IF(Skills!N21=TRUE,(Skills!L21/10)*(E21/1000),Skills!L21/10)+Skills!O21 | G21: =Skills!G21*IF(Skills!H21>0,Skills!I21/Skills!H21,1) | H21: =1-(1-Skills!J21/100)^Skills!K21 | I21: 1 | O21: =(1-Summary!$B$11)*T21+Summary!$B$11*V21 | P21: =IF(Summary!$B$3=0,0,O21/Summary!$B$3) | Q21: 0 | R21: 0 | S21: =IFERROR(O21/N21,0) | T21: 0 | V21: 0
A22: =Skills!A22 | B22: =Skills!B22 | C22: =Inputs!$B$3>=43 | D22: =IF(Skills!C22=1,60+Inputs!$B$25+Inputs!$B$29,IF(Skills!C22=2,90+Inputs!$B$26+Inputs!$B$29,IF(Skills!C22=3,120+Inputs!$B$27+Inputs!$B$29,MAX(0,(Inputs!$B$3-100)*3)+Inputs!$B$28+Inputs!$B$29))) | E22: =INDEX(FactorTable!$B$2:$Y$301, MATCH(ROUND(MIN(300,MAX(1,D22)),0), FactorTable!$A$2:$A$301,0), Skills!M22+1) | F22: =IF(Skills!N22=TRUE,(Skills!L22/10)*(E22/1000),Skills!L22/10)+Skills!O22 | G22: =Skills!G22*IF(Skills!H22>0,Skills!I22/Skills!H22,1) | H22: =1-(1-Skills!J22/100)^Skills!K22 | I22: 1 | O22: =(1-Summary!$B$11)*T22+Summary!$B$11*V22 | P22: =IF(Summary!$B$3=0,0,O22/Summary!$B$3) | Q22: 0 | R22: 0 | S22: =IFERROR(O22/N22,0) | T22: 0 | V22: 0
A23: =Skills!A23 | B23: =Skills!B23 | C23: =Inputs!$B$3>=120 | D23: =IF(Skills!C23=1,60+Inputs!$B$25+Inputs!$B$29,IF(Skills!C23=2,90+Inputs!$B$26+Inputs!$B$29,IF(Skills!C23=3,120+Inputs!$B$27+Inputs!$B$29,MAX(0,(Inputs!$B$3-100)*3)+Inputs!$B$28+Inputs!$B$29))) | E23: =INDEX(FactorTable!$B$2:$Y$301, MATCH(ROUND(MIN(300,MAX(1,D23)),0), FactorTable!$A$2:$A$301,0), Skills!M23+1) | F23: =IF(Skills!N23=TRUE,(Skills!L23/10)*(E23/1000),Skills!L23/10)+Skills!O23 | G23: =Skills!G23*IF(Skills!H23>0,Skills!I23/Skills!H23,1) | H23: =1-(1-Skills!J23/100)^Skills!K23 | I23: 1 | O23: =(1-Summary!$B$11)*T23+Summary!$B$11*V23 | P23: =IF(Summary!$B$3=0,0,O23/Summary!$B$3) | Q23: 0 | R23: 0 | S23: =IFERROR(O23/N23,0) | T23: 0 | V23: 0
A24: =Skills!A24 | B24: =Skills!B24 | C24: =Inputs!$B$3>=120 | D24: =IF(Skills!C24=1,60+Inputs!$B$25+Inputs!$B$29,IF(Skills!C24=2,90+Inputs!$B$26+Inputs!$B$29,IF(Skills!C24=3,120+Inputs!$B$27+Inputs!$B$29,MAX(0,(Inputs!$B$3-100)*3)+Inputs!$B$28+Inputs!$B$29))) | E24: =INDEX(FactorTable!$B$2:$Y$301, MATCH(ROUND(MIN(300,MAX(1,D24)),0), FactorTable!$A$2:$A$301,0), Skills!M24+1) | F24: =IF(Skills!N24=TRUE,(Skills!L24/10)*(E24/1000),Skills!L24/10)+Skills!O24 | G24: =Skills!G24*IF(Skills!H24>0,Skills!I24/Skills!H24,1) | H24: =1-(1-Skills!J24/100)^Skills!K24 | I24: 1 | O24: =(1-Summary!$B$11)*T24+Summary!$B$11*V24 | P24: =IF(Summary!$B$3=0,0,O24/Summary!$B$3) | Q24: 0 | R24: 0 | S24: =IFERROR(O24/N24,0) | T24: 0 | V24: 0

Sheet Summary
A1: Paladin — DPS Summary
A3: TOTAL DPS | B3: =SUM(Calc!O2:O24)
A5: Derived Values (read-only, computed from Inputs)
A6: ATTACK (= Flat ATTACK x (1+ATTACK%/100)) | B6: =Inputs!$B$6*(1+Inputs!$B$7/100)
A7: STAT_DAMAGE % (= 1% of total STR + 0.25% of DEX) | B7: =(Inputs!$B$12*(1+Inputs!$B$13/100))*0.01+Inputs!$B$14*0.0025
A8: Basic Attack (Blast) Input Level (4th job formula) | B8: =MAX(0,(Inputs!$B$3-100)*3)+Inputs!$B$28+Inputs!$B$29
A9: Basic Attack Factor (factorIndex 21, universal 4th-job basic attack) | B9: =INDEX(FactorTable!$B$2:$Y$301, MATCH(ROUND(MIN(300,MAX(1,Summary!$B$8)),0), FactorTable!$A$2:$A$301,0), 22)
A10: SKILL_COEFFICIENT — Blast base coefficient % (before bonuses) | B10: =290*Summary!$B$9/1000
A11: Normal-Monster Weight (= 0 for boss, 1 for normal, Breakthrough Normal Weight % for breakthrough, 0 for pvp) | B11: =IF(Inputs!$B$38="normal",1,IF(Inputs!$B$38="breakthrough",Inputs!$B$44/100,0))
A13: Attack%% Bucket Multiplier (Vessel of Light + HP Recovery + Artifact Attack% Bonus, summed additively) | B13: =1+(((Calc!C13=TRUE)*Calc!F13*MIN(1,Skills!T13*(Skills!J13/100)*Summary!$B$19))+((Calc!C18=TRUE)*Calc!F18*IF(AND(Inputs!$B$38<>"pvp",Inputs!$B$43>0),(((Calc!R18-1)*(Skills!T18*(1+Inputs!$B$34/100))+MIN((Skills!T18*(1+Inputs!$B$34/100)),MAX(0,Inputs!$B$43-((Calc!R18-1)*Skills!D18))))/Inputs!$B$43),IF(Inputs!$B$38="pvp",MIN((Skills!T18*(1+Inputs!$B$34/100)),15)/15,(Skills!T18*(1+Inputs!$B$34/100))/Skills!D18)))+Artifacts!$B$52)/100
A14: Global Crit Rate Bonus % (unused — no live Crit-Rate-buff source exists) | B14: 0
A15: Global Monster Damage-Taken Bonus % (Close Combat/Noble Demand/Divine Mark Weaken + Artifact Enemy Damage Taken Bonus) | B15: =IF(Inputs!$B$3>=44,10*IF(Inputs!$B$38="pvp",MIN((10*(1+Inputs!$B$34/100)),15)/15,(10*(1+Inputs!$B$34/100))/Skills!D4),0)+12*IF(Inputs!$B$38="pvp",MIN((10*(1+Inputs!$B$34/100)),15)/15,(10*(1+Inputs!$B$34/100))/Skills!D5)+IF(Inputs!$B$3>=138,20*IF(Inputs!$B$38="pvp",MIN((10*(1+Inputs!$B$34/100)),15)/15,(10*(1+Inputs!$B$34/100))/Skills!D7),0)+Artifacts!$B$36
A16: Attack Speed Buff Bonus % (Nimble Feet, duty-cycle averaged) | B16: =((Calc!C19=TRUE)*Calc!F19*IF(AND(Inputs!$B$38<>"pvp",Inputs!$B$43>0),(((Calc!R19-1)*(Skills!T19*(1+Inputs!$B$34/100))+MIN((Skills!T19*(1+Inputs!$B$34/100)),MAX(0,Inputs!$B$43-((Calc!R19-1)*Skills!D19))))/Inputs!$B$43),IF(Inputs!$B$38="pvp",MIN((Skills!T19*(1+Inputs!$B$34/100)),15)/15,(Skills!T19*(1+Inputs!$B$34/100))/Skills!D19)))
A17: Actions Per Second | B17: =1+MIN(150,150*(1-(1-Inputs!$B$11/150)*(1-B16/150)))/100
A18: Skill + Buff Cast Rate (subtracted from Blast, 1/s) | B18: =IF(AND(Inputs!$B$38<>"pvp",Inputs!$B$43>0),SUMPRODUCT((Skills!E2:E24=TRUE)*(Calc!C2:C24=TRUE)*Calc!R2:R24*Skills!F2:F24)/Inputs!$B$43,SUMPRODUCT((Skills!E2:E24=TRUE)*(Calc!C2:C24=TRUE)*Calc!Q2:Q24*Skills!F2:F24))
A19: Blast (Basic Attack) Casts Per Second | B19: =MAX(0,B17-B18)
A20: Global Critical Damage Bonus % (unused — no live Crit-Damage-buff source exists) | B20: 0
A21: Global Final Damage Bonus % (Divine Shield + Guardian + Divine Blessing + Greater Vessel of Light) | B21: =((Calc!C15=TRUE)*Calc!F15*IF(AND(Inputs!$B$38<>"pvp",Inputs!$B$43>0),(((Calc!R15-1)*(Skills!T15*(1+Inputs!$B$34/100))+MIN((Skills!T15*(1+Inputs!$B$34/100)),MAX(0,Inputs!$B$43-((Calc!R15-1)*Skills!D15))))/Inputs!$B$43),IF(Inputs!$B$38="pvp",MIN((Skills!T15*(1+Inputs!$B$34/100)),15)/15,(Skills!T15*(1+Inputs!$B$34/100))/Skills!D15)))+((Calc!C16=TRUE)*Calc!F16*IF(AND(Inputs!$B$38<>"pvp",Inputs!$B$43>0),(((Calc!R16-1)*(Skills!T16*(1+Inputs!$B$34/100))+MIN((Skills!T16*(1+Inputs!$B$34/100)),MAX(0,Inputs!$B$43-((Calc!R16-1)*Skills!D16))))/Inputs!$B$43),IF(Inputs!$B$38="pvp",MIN((Skills!T16*(1+Inputs!$B$34/100)),15)/15,(Skills!T16*(1+Inputs!$B$34/100))/Skills!D16)))+((Calc!C17=TRUE)*Calc!F17*IF(AND(Inputs!$B$38<>"pvp",Inputs!$B$43>0),(((Calc!R17-1)*(Skills!T17*(1+Inputs!$B$34/100))+MIN((Skills!T17*(1+Inputs!$B$34/100)),MAX(0,Inputs!$B$43-((Calc!R17-1)*Skills!D17))))/Inputs!$B$43),IF(Inputs!$B$38="pvp",MIN((Skills!T17*(1+Inputs!$B$34/100)),15)/15,(Skills!T17*(1+Inputs!$B$34/100))/Skills!D17)))+((Calc!C14=TRUE)*Calc!F14*MIN(1,Skills!T13*(Skills!J13/100)*Summary!$B$19))
A22: Blast (Basic Attack) DPS | B22: =Calc!O2
A23: Buff-Casting Startup Delay (s, before first damage-skill cast; fixed-duration only) | B23: =IF(AND(Inputs!$B$38<>"pvp",Inputs!$B$43>0),SUMPRODUCT((Skills!T2:T24>0)*(Skills!E2:E24=TRUE)*(Calc!C2:C24=TRUE))/B17,0)
A24: Boss-Only Total DPS (Sensitivity baseline) | B24: =SUM(Calc!T2:T24)
A25: Normal-Only Total DPS (Sensitivity baseline) | B25: =SUM(Calc!V2:V24)
A27: Per-Skill DPS Breakdown
A28: Skill | B28: DPS | C28: % of Total
A29: =Calc!B2 | B29: =Calc!O2 | C29: =Calc!P2*100
A30: =Calc!B4 | B30: =Calc!O4 | C30: =Calc!P4*100
A31: =Calc!B5 | B31: =Calc!O5 | C31: =Calc!P5*100
A32: =Calc!B6 | B32: =Calc!O6 | C32: =Calc!P6*100
A33: =Calc!B7 | B33: =Calc!O7 | C33: =Calc!P7*100
A34: =Calc!B8 | B34: =Calc!O8 | C34: =Calc!P8*100
A35: =Calc!B9 | B35: =Calc!O9 | C35: =Calc!P9*100
A36: =Calc!B10 | B36: =Calc!O10 | C36: =Calc!P10*100
A37: =Calc!B11 | B37: =Calc!O11 | C37: =Calc!P11*100
A38: Marginal DPS & Stat Value (see Sensitivity for full detail)
A40: Stat | B40: DPS per +1 | C40: Units per +1% DPS
A41: =Sensitivity!A5 | B41: =Sensitivity!H5 | C41: =Sensitivity!B5
A42: =Sensitivity!A6 | B42: =Sensitivity!H6 | C42: =Sensitivity!B6
A43: =Sensitivity!A7 | B43: =Sensitivity!H7 | C43: =Sensitivity!B7
A44: =Sensitivity!A8 | B44: =Sensitivity!H8 | C44: =Sensitivity!B8
A45: =Sensitivity!A9 | B45: =Sensitivity!H9 | C45: =Sensitivity!B9
A46: =Sensitivity!A10 | B46: =Sensitivity!H10 | C46: =Sensitivity!B10
A47: =Sensitivity!A11 | B47: =Sensitivity!H11 | C47: =Sensitivity!B11
A48: =Sensitivity!A12 | B48: =Sensitivity!H12 | C48: =Sensitivity!B12
A49: =Sensitivity!A13 | B49: =Sensitivity!H13 | C49: =Sensitivity!B13
A50: =Sensitivity!A14 | B50: =Sensitivity!H14 | C50: =Sensitivity!B14
A51: =Sensitivity!A15 | B51: =Sensitivity!H15 | C51: =Sensitivity!B15
A52: =Sensitivity!A16 | B52: =Sensitivity!H16 | C52: =Sensitivity!B16
... A66: =Sensitivity!A30 | B66: =Sensitivity!H30 | C66: =Sensitivity!B30
A67: Artifact Equip-Toggle DPS Gain, best to worst (see Sensitivity for full detail)
A69: Artifact | B69: DPS Gain | C69: % Gain
A70: =Sensitivity!A33 | B70: =Sensitivity!B33 | C70: =Sensitivity!C33
A71: =Sensitivity!A34 | B71: =Sensitivity!B34 | C71: =Sensitivity!C34
A72: =Sensitivity!A35 | B72: =Sensitivity!B35 | C72: =Sensitivity!C35
A73: =Sensitivity!A36 | B73: =Sensitivity!B36 | C73: =Sensitivity!C36
A74: =Sensitivity!A37 | B74: =Sensitivity!B37 | C74: =Sensitivity!C37
A75: =Sensitivity!A38 | B75: =Sensitivity!B38 | C75: =Sensitivity!C38
A76: =Sensitivity!A39 | B76: =Sensitivity!B39 | C76: =Sensitivity!C39
A77: =Sensitivity!A40 | B77: =Sensitivity!B40 | C77: =Sensitivity!C40
A78: =Sensitivity!A41 | B78: =Sensitivity!B41 | C78: =Sensitivity!C41
A79: =Sensitivity!A42 | B79: =Sensitivity!B42 | C79: =Sensitivity!C42
A80: =Sensitivity!A43 | B80: =Sensitivity!B43 | C80: =Sensitivity!C43
A81: =Sensitivity!A44 | B81: =Sensitivity!B44 | C81: =Sensitivity!C44
... A105: =Sensitivity!A68 | B105: =Sensitivity!B68 | C105: =Sensitivity!C68

Sheet Sensitivity
A1: Marginal DPS per +1 (percentage point / skill level / flat point)
A2: Attack Speed and Def Pen combine their +1 via the diminishing-returns formula (new = (1-(1-old/factor)*(1-1/factor))*factor), not a flat add.
A4: Stat | B4: Units per +1% DPS | C4: Type | D4: Current Value | E4: New Value | F4: Baseline Total DPS | G4: New Total DPS | H4: DPS Gain | I4: % Gain
A5: Flat STR | B5: =IFERROR(1/(I5-100),"n/a") | C5: flat | D5: =Inputs!$B$12+0 | E5: =(Inputs!$B$12+1)+0 | F5: =Summary!$B$3 | G5: =B108 | H5: =Summary!$B$3*(((1-Summary!$B$11)*IFERROR(B106/Summary!$B$24,1)+Summary!$B$11*IFERROR(B107/Summary!$B$25,1))-1) | I5: =((1-Summary!$B$11)*IFERROR(B106/Summary!$B$24,1)+Summary!$B$11*IFERROR(B107/Summary!$B$25,1))*100
A6: STR % | B6: =IFERROR(1/(I6-100),"n/a") | C6: pct | D6: =Inputs!$B$13+0 | E6: =(Inputs!$B$13+1)+0 | F6: =Summary!$B$3 | G6: =B148 | H6: =Summary!$B$3*(((1-Summary!$B$11)*IFERROR(B146/Summary!$B$24,1)+Summary!$B$11*IFERROR(B147/Summary!$B$25,1))-1) | I6: =((1-Summary!$B$11)*IFERROR(B146/Summary!$B$24,1)+Summary!$B$11*IFERROR(B147/Summary!$B$25,1))*100
A7: DEX | B7: =IFERROR(1/(I7-100),"n/a") | C7: flat | D7: =Inputs!$B$14+0 | E7: =(Inputs!$B$14+1)+0 | F7: =Summary!$B$3 | G7: =B188 | H7: =Summary!$B$3*(((1-Summary!$B$11)*IFERROR(B186/Summary!$B$24,1)+Summary!$B$11*IFERROR(B187/Summary!$B$25,1))-1) | I7: =((1-Summary!$B$11)*IFERROR(B186/Summary!$B$24,1)+Summary!$B$11*IFERROR(B187/Summary!$B$25,1))*100
A8: DAMAGE % | B8: =IFERROR(1/(I8-100),"n/a") | C8: pct | D8: =Inputs!$B$15+0 | E8: =(Inputs!$B$15+1)+0 | F8: =Summary!$B$3 | G8: =B228 | H8: =Summary!$B$3*(((1-Summary!$B$11)*IFERROR(B226/Summary!$B$24,1)+Summary!$B$11*IFERROR(B227/Summary!$B$25,1))-1) | I8: =((1-Summary!$B$11)*IFERROR(B226/Summary!$B$24,1)+Summary!$B$11*IFERROR(B227/Summary!$B$25,1))*100
A9: DAMAGE_AMP % | B9: =IFERROR(1/(I9-100),"n/a") | C9: pct | D9: =Inputs!$B$16+0 | E9: =(Inputs!$B$16+1)+0 | F9: =Summary!$B$3 | G9: =B268 | H9: =Summary!$B$3*(((1-Summary!$B$11)*IFERROR(B266/Summary!$B$24,1)+Summary!$B$11*IFERROR(B267/Summary!$B$25,1))-1) | I9: =((1-Summary!$B$11)*IFERROR(B266/Summary!$B$24,1)+Summary!$B$11*IFERROR(B267/Summary!$B$25,1))*100
A10: BOSS_DAMAGE % | B10: =IFERROR(1/(I10-100),"n/a") | C10: pct | D10: =Inputs!$B$20+0 | E10: =(Inputs!$B$20+1)+0 | F10: =Summary!$B$3 | G10: =B308 | H10: =Summary!$B$3*(((1-Summary!$B$11)*IFERROR(B306/Summary!$B$24,1)+Summary!$B$11*IFERROR(B307/Summary!$B$25,1))-1) | I10: =((1-Summary!$B$11)*IFERROR(B306/Summary!$B$24,1)+Summary!$B$11*IFERROR(B307/Summary!$B$25,1))*100
A11: NORMAL_DAMAGE % | B11: =IFERROR(1/(I11-100),"n/a") | C11: pct | D11: =Inputs!$B$21+0 | E11: =(Inputs!$B$21+1)+0 | F11: =Summary!$B$3 | G11: =B348 | H11: =Summary!$B$3*(((1-Summary!$B$11)*IFERROR(B346/Summary!$B$24,1)+Summary!$B$11*IFERROR(B347/Summary!$B$25,1))-1) | I11: =((1-Summary!$B$11)*IFERROR(B346/Summary!$B$24,1)+Summary!$B$11*IFERROR(B347/Summary!$B$25,1))*100
A12: FINAL_DAMAGE % (multiplicative source) | B12: =IFERROR(1/(I12-100),"n/a") | C12: mult | D12: =Inputs!$B$24+Summary!$B$21 | E12: =((((1+(Inputs!$B$24+Summary!$B$21)/100)*(1.01))-1)*100-(Summary!$B$21))+Summary!$B$21 | F12: =Summary!$B$3 | G12: =B388 | H12: =Summary!$B$3*(((1-Summary!$B$11)*IFERROR(B386/Summary!$B$24,1)+Summary!$B$11*IFERROR(B387/Summary!$B$25,1))-1) | I12: =((1-Summary!$B$11)*IFERROR(B386/Summary!$B$24,1)+Summary!$B$11*IFERROR(B387/Summary!$B$25,1))*100
A13: MIN_DAMAGE % | B13: =IFERROR(1/(I13-100),"n/a") | C13: pct | D13: =Inputs!$B$22+0 | E13: =(Inputs!$B$22+1)+0 | F13: =Summary!$B$3 | G13: =B428 | H13: =Summary!$B$3*(((1-Summary!$B$11)*IFERROR(B426/Summary!$B$24,1)+Summary!$B$11*IFERROR(B427/Summary!$B$25,1))-1) | I13: =((1-Summary!$B$11)*IFERROR(B426/Summary!$B$24,1)+Summary!$B$11*IFERROR(B427/Summary!$B$25,1))*100
A14: MAX_DAMAGE % | B14: =IFERROR(1/(I14-100),"n/a") | C14: pct | D14: =Inputs!$B$23+0 | E14: =(Inputs!$B$23+1)+0 | F14: =Summary!$B$3 | G14: =B468 | H14: =Summary!$B$3*(((1-Summary!$B$11)*IFERROR(B466/Summary!$B$24,1)+Summary!$B$11*IFERROR(B467/Summary!$B$25,1))-1) | I14: =((1-Summary!$B$11)*IFERROR(B466/Summary!$B$24,1)+Summary!$B$11*IFERROR(B467/Summary!$B$25,1))*100
A15: CRIT_RATE % | B15: =IFERROR(1/(I15-100),"n/a") | C15: pct | D15: =Inputs!$B$9+0 | E15: =(Inputs!$B$9+1)+0 | F15: =Summary!$B$3 | G15: =B508 | H15: =Summary!$B$3*(((1-Summary!$B$11)*IFERROR(B506/Summary!$B$24,1)+Summary!$B$11*IFERROR(B507/Summary!$B$25,1))-1) | I15: =((1-Summary!$B$11)*IFERROR(B506/Summary!$B$24,1)+Summary!$B$11*IFERROR(B507/Summary!$B$25,1))*100
A16: CRIT_DAMAGE % | B16: =IFERROR(1/(I16-100),"n/a") | C16: pct | D16: =Inputs!$B$10+0 | E16: =(Inputs!$B$10+1)+0 | F16: =Summary!$B$3 | G16: =B548 | H16: =Summary!$B$3*(((1-Summary!$B$11)*IFERROR(B546/Summary!$B$24,1)+Summary!$B$11*IFERROR(B547/Summary!$B$25,1))-1) | I16: =((1-Summary!$B$11)*IFERROR(B546/Summary!$B$24,1)+Summary!$B$11*IFERROR(B547/Summary!$B$25,1))*100
A17: ATTACK_SPEED % (diminishing returns, factor 150) | B17: =IFERROR(1/(I17-100),"n/a") | C17: dr150 | D17: =Inputs!$B$11+0 | E17: =((1-(1-Inputs!$B$11/150)*(1-1/150))*150)+0 | F17: =Summary!$B$3 | G17: =B588 | H17: =Summary!$B$3*(((1-Summary!$B$11)*IFERROR(B586/Summary!$B$24,1)+Summary!$B$11*IFERROR(B587/Summary!$B$25,1))-1) | I17: =((1-Summary!$B$11)*IFERROR(B586/Summary!$B$24,1)+Summary!$B$11*IFERROR(B587/Summary!$B$25,1))*100
A18: DEF_PEN % (diminishing returns, factor 100) | B18: =IFERROR(1/(I18-100),"n/a") | C18: dr100 | D18: =Inputs!$B$19+0 | E18: =((1-(1-Inputs!$B$19/100)*(1-1/100))*100)+0 | F18: =Summary!$B$3 | G18: =B628 | H18: =Summary!$B$3*(((1-Summary!$B$11)*IFERROR(B626/Summary!$B$24,1)+Summary!$B$11*IFERROR(B627/Summary!$B$25,1))-1) | I18: =((1-Summary!$B$11)*IFERROR(B626/Summary!$B$24,1)+Summary!$B$11*IFERROR(B627/Summary!$B$25,1))*100
A19: BASIC_ATTACK_DAMAGE % | B19: =IFERROR(1/(I19-100),"n/a") | C19: pct | D19: =Inputs!$B$17+0 | E19: =(Inputs!$B$17+1)+0 | F19: =Summary!$B$3 | G19: =B668 | H19: =Summary!$B$3*(((1-Summary!$B$11)*IFERROR(B666/Summary!$B$24,1)+Summary!$B$11*IFERROR(B667/Summary!$B$25,1))-1) | I19: =((1-Summary!$B$11)*IFERROR(B666/Summary!$B$24,1)+Summary!$B$11*IFERROR(B667/Summary!$B$25,1))*100
A20: SKILL_DAMAGE % | B20: =IFERROR(1/(I20-100),"n/a") | C20: pct | D20: =Inputs!$B$18+0 | E20: =(Inputs!$B$18+1)+0 | F20: =Summary!$B$3 | G20: =B708 | H20: =Summary!$B$3*(((1-Summary!$B$11)*IFERROR(B706/Summary!$B$24,1)+Summary!$B$11*IFERROR(B707/Summary!$B$25,1))-1) | I20: =((1-Summary!$B$11)*IFERROR(B706/Summary!$B$24,1)+Summary!$B$11*IFERROR(B707/Summary!$B$25,1))*100
A21: Skill Level Bonus — 1st Job | B21: =IFERROR(1/(I21-100),"n/a") | C21: level | D21: =Inputs!$B$25+0 | E21: =(Inputs!$B$25+1)+0 | F21: =Summary!$B$3 | G21: =B748 | H21: =Summary!$B$3*(((1-Summary!$B$11)*IFERROR(B746/Summary!$B$24,1)+Summary!$B$11*IFERROR(B747/Summary!$B$25,1))-1) | I21: =((1-Summary!$B$11)*IFERROR(B746/Summary!$B$24,1)+Summary!$B$11*IFERROR(B747/Summary!$B$25,1))*100
A22: Skill Level Bonus — 2nd Job | B22: =IFERROR(1/(I22-100),"n/a") | C22: level | D22: =Inputs!$B$26+0 | E22: =(Inputs!$B$26+1)+0 | F22: =Summary!$B$3 | G22: =B788 | H22: =Summary!$B$3*(((1-Summary!$B$11)*IFERROR(B786/Summary!$B$24,1)+Summary!$B$11*IFERROR(B787/Summary!$B$25,1))-1) | I22: =((1-Summary!$B$11)*IFERROR(B786/Summary!$B$24,1)+Summary!$B$11*IFERROR(B787/Summary!$B$25,1))*100
A23: Skill Level Bonus — 3rd Job | B23: =IFERROR(1/(I23-100),"n/a") | C23: level | D23: =Inputs!$B$27+0 | E23: =(Inputs!$B$27+1)+0 | F23: =Summary!$B$3 | G23: =B828 | H23: =Summary!$B$3*(((1-Summary!$B$11)*IFERROR(B826/Summary!$B$24,1)+Summary!$B$11*IFERROR(B827/Summary!$B$25,1))-1) | I23: =((1-Summary!$B$11)*IFERROR(B826/Summary!$B$24,1)+Summary!$B$11*IFERROR(B827/Summary!$B$25,1))*100
A24: Skill Level Bonus — 4th Job | B24: =IFERROR(1/(I24-100),"n/a") | C24: level | D24: =Inputs!$B$28+0 | E24: =(Inputs!$B$28+1)+0 | F24: =Summary!$B$3 | G24: =B868 | H24: =Summary!$B$3*(((1-Summary!$B$11)*IFERROR(B866/Summary!$B$24,1)+Summary!$B$11*IFERROR(B867/Summary!$B$25,1))-1) | I24: =((1-Summary!$B$11)*IFERROR(B866/Summary!$B$24,1)+Summary!$B$11*IFERROR(B867/Summary!$B$25,1))*100
A25: Skill Level Bonus — All Skills | B25: =IFERROR(1/(I25-100),"n/a") | C25: level | D25: =Inputs!$B$29+0 | E25: =(Inputs!$B$29+1)+0 | F25: =Summary!$B$3 | G25: =B908 | H25: =Summary!$B$3*(((1-Summary!$B$11)*IFERROR(B906/Summary!$B$24,1)+Summary!$B$11*IFERROR(B907/Summary!$B$25,1))-1) | I25: =((1-Summary!$B$11)*IFERROR(B906/Summary!$B$24,1)+Summary!$B$11*IFERROR(B907/Summary!$B$25,1))*100
A26: Flat ATTACK | B26: =IFERROR(1/(I26-100),"n/a") | C26: flat | D26: =Inputs!$B$6+0 | E26: =(Inputs!$B$6+1)+0 | F26: =Summary!$B$3 | G26: =B948 | H26: =Summary!$B$3*(((1-Summary!$B$11)*IFERROR(B946/Summary!$B$24,1)+Summary!$B$11*IFERROR(B947/Summary!$B$25,1))-1) | I26: =((1-Summary!$B$11)*IFERROR(B946/Summary!$B$24,1)+Summary!$B$11*IFERROR(B947/Summary!$B$25,1))*100
A27: ATTACK % | B27: =IFERROR(1/(I27-100),"n/a") | C27: pct | D27: =Inputs!$B$7+0 | E27: =(Inputs!$B$7+1)+0 | F27: =Summary!$B$3 | G27: =B988 | H27: =Summary!$B$3*(((1-Summary!$B$11)*IFERROR(B986/Summary!$B$24,1)+Summary!$B$11*IFERROR(B987/Summary!$B$25,1))-1) | I27: =((1-Summary!$B$11)*IFERROR(B986/Summary!$B$24,1)+Summary!$B$11*IFERROR(B987/Summary!$B$25,1))*100
A28: Skill Cooldown Decrease (seconds) | B28: =IFERROR(1/(I28-100),"n/a") | C28: flat | D28: =Inputs!$B$32+0 | E28: =(Inputs!$B$32+1)+0 | F28: =Summary!$B$3 | G28: =B1028 | H28: =Summary!$B$3*(((1-Summary!$B$11)*IFERROR(B1026/Summary!$B$24,1)+Summary!$B$11*IFERROR(B1027/Summary!$B$25,1))-1) | I28: =((1-Summary!$B$11)*IFERROR(B1026/Summary!$B$24,1)+Summary!$B$11*IFERROR(B1027/Summary!$B$25,1))*100
A29: Basic Attack Target Increase (flat) | B29: =IFERROR(1/(I29-100),"n/a") | C29: flat | D29: =Inputs!$B$33+0 | E29: =(Inputs!$B$33+1)+0 | F29: =Summary!$B$3 | G29: =B1068 | H29: =Summary!$B$3*(((1-Summary!$B$11)*IFERROR(B1066/Summary!$B$24,1)+Summary!$B$11*IFERROR(B1067/Summary!$B$25,1))-1) | I29: =((1-Summary!$B$11)*IFERROR(B1066/Summary!$B$24,1)+Summary!$B$11*IFERROR(B1067/Summary!$B$25,1))*100
A30: Buff Duration Increase % | B30: =IFERROR(1/(I30-100),"n/a") | C30: pct | D30: =Inputs!$B$34+0 | E30: =(Inputs!$B$34+1)+0 | F30: =Summary!$B$3 | G30: =B1108 | H30: =Summary!$B$3*(((1-Summary!$B$11)*IFERROR(B1106/Summary!$B$24,1)+Summary!$B$11*IFERROR(B1107/Summary!$B$25,1))-1) | I30: =((1-Summary!$B$11)*IFERROR(B1106/Summary!$B$24,1)+Summary!$B$11*IFERROR(B1107/Summary!$B$25,1))*100
A31: Artifact Equip-Toggle DPS Gain
A32: Artifact | B32: DPS Gain | C32: % Gain
A33: =IF(1>COUNTIF($AD$33:$AD$68,TRUE),"",INDEX($AA$33:$AA$68,MATCH(1,$AE$33:$AE$68,0))) | B33: =IF(1>COUNTIF($AD$33:$AD$68,TRUE),"",INDEX($AB$33:$AB$68,MATCH(1,$AE$33:$AE$68,0))) | C33: =IF(1>COUNTIF($AD$33:$AD$68,TRUE),"",INDEX($AC$33:$AC$68,MATCH(1,$AE$33:$AE$68,0))) | AA33: Charm of the Undead (Equip) | AB33: =(IF(ArtifactsInput!$M$5,-1,1)*Summary!$B$3*(((1-Summary!$B$11)*IFERROR(B1146/Summary!$B$24,1)+Summary!$B$11*IFERROR(B1147/Summary!$B$25,1))-1)+ArtifactsInput!$L$5) | AC33: =IF(ArtifactsInput!$M$5,Summary!$B$3/(Summary!$B$3-(IF(ArtifactsInput!$M$5,-1,1)*Summary!$B$3*(((1-Summary!$B$11)*IFERROR(B1146/Summary!$B$24,1)+Summary!$B$11*IFERROR(B1147/Summary!$B$25,1))-1)+ArtifactsInput!$L$5))*100,(Summary!$B$3+(IF(ArtifactsInput!$M$5,-1,1)*Summary!$B$3*(((1-Summary!$B$11)*IFERROR(B1146/Summary!$B$24,1)+Summary!$B$11*IFERROR(B1147/Summary!$B$25,1))-1)+ArtifactsInput!$L$5))/Summary!$B$3*100) | AD33: =ArtifactsInput!$B$5<>"Not Unlocked" | AE33: =IF(AD33,SUMPRODUCT(($AD$33:$AD$68)*($AC$33:$AC$68>AC33))+COUNTIFS($AD$33:AD33,TRUE,$AC$33:AC33,AC33),"")
A34: =IF(2>COUNTIF($AD$33:$AD$68,TRUE),"",INDEX($AA$33:$AA$68,MATCH(2,$AE$33:$AE$68,0))) | B34: =IF(2>COUNTIF($AD$33:$AD$68,TRUE),"",INDEX($AB$33:$AB$68,MATCH(2,$AE$33:$AE$68,0))) | C34: =IF(2>COUNTIF($AD$33:$AD$68,TRUE),"",INDEX($AC$33:$AC$68,MATCH(2,$AE$33:$AE$68,0))) | AA34: Pig's Ribbon (Equip) | AB34: =(IF(ArtifactsInput!$M$6,-1,1)*Summary!$B$3*(((1-Summary!$B$11)*IFERROR(B1186/Summary!$B$24,1)+Summary!$B$11*IFERROR(B1187/Summary!$B$25,1))-1)+ArtifactsInput!$L$6) | AC34: =IF(ArtifactsInput!$M$6,Summary!$B$3/(Summary!$B$3-(IF(ArtifactsInput!$M$6,-1,1)*Summary!$B$3*(((1-Summary!$B$11)*IFERROR(B1186/Summary!$B$24,1)+Summary!$B$11*IFERROR(B1187/Summary!$B$25,1))-1)+ArtifactsInput!$L$6))*100,(Summary!$B$3+(IF(ArtifactsInput!$M$6,-1,1)*Summary!$B$3*(((1-Summary!$B$11)*IFERROR(B1186/Summary!$B$24,1)+Summary!$B$11*IFERROR(B1187/Summary!$B$25,1))-1)+ArtifactsInput!$L$6))/Summary!$B$3*100) | AD34: =ArtifactsInput!$B$6<>"Not Unlocked" | AE34: =IF(AD34,SUMPRODUCT(($AD$33:$AD$68)*($AC$33:$AC$68>AC34))+COUNTIFS($AD$33:AD34,TRUE,$AC$33:AC34,AC34),"")
A35: =IF(3>COUNTIF($AD$33:$AD$68,TRUE),"",INDEX($AA$33:$AA$68,MATCH(3,$AE$33:$AE$68,0))) | B35: =IF(3>COUNTIF($AD$33:$AD$68,TRUE),"",INDEX($AB$33:$AB$68,MATCH(3,$AE$33:$AE$68,0))) | C35: =IF(3>COUNTIF($AD$33:$AD$68,TRUE),"",INDEX($AC$33:$AC$68,MATCH(3,$AE$33:$AE$68,0))) | AA35: Shamaness Marble (Equip) | AB35: =(IF(ArtifactsInput!$M$7,-1,1)*Summary!$B$3*(((1-Summary!$B$11)*IFERROR(B1226/Summary!$B$24,1)+Summary!$B$11*IFERROR(B1227/Summary!$B$25,1))-1)+ArtifactsInput!$L$7) | AC35: =IF(ArtifactsInput!$M$7,Summary!$B$3/(Summary!$B$3-(IF(ArtifactsInput!$M$7,-1,1)*Summary!$B$3*(((1-Summary!$B$11)*IFERROR(B1226/Summary!$B$24,1)+Summary!$B$11*IFERROR(B1227/Summary!$B$25,1))-1)+ArtifactsInput!$L$7))*100,(Summary!$B$3+(IF(ArtifactsInput!$M$7,-1,1)*Summary!$B$3*(((1-Summary!$B$11)*IFERROR(B1226/Summary!$B$24,1)+Summary!$B$11*IFERROR(B1227/Summary!$B$25,1))-1)+ArtifactsInput!$L$7))/Summary!$B$3*100) | AD35: =ArtifactsInput!$B$7<>"Not Unlocked" | AE35: =IF(AD35,SUMPRODUCT(($AD$33:$AD$68)*($AC$33:$AC$68>AC35))+COUNTIFS($AD$33:AD35,TRUE,$AC$33:AC35,AC35),"")
A36: =IF(4>COUNTIF($AD$33:$AD$68,TRUE),"",INDEX($AA$33:$AA$68,MATCH(4,$AE$33:$AE$68,0))) | B36: =IF(4>COUNTIF($AD$33:$AD$68,TRUE),"",INDEX($AB$33:$AB$68,MATCH(4,$AE$33:$AE$68,0))) | C36: =IF(4>COUNTIF($AD$33:$AD$68,TRUE),"",INDEX($AC$33:$AC$68,MATCH(4,$AE$33:$AE$68,0))) | AA36: The Contract of Darkness (Equip) | AB36: =(IF(ArtifactsInput!$M$8,-1,1)*Summary!$B$3*(((1-Summary!$B$11)*IFERROR(B1266/Summary!$B$24,1)+Summary!$B$11*IFERROR(B1267/Summary!$B$25,1))-1)+ArtifactsInput!$L$8) | AC36: =IF(ArtifactsInput!$M$8,Summary!$B$3/(Summary!$B$3-(IF(ArtifactsInput!$M$8,-1,1)*Summary!$B$3*(((1-Summary!$B$11)*IFERROR(B1266/Summary!$B$24,1)+Summary!$B$11*IFERROR(B1267/Summary!$B$25,1))-1)+ArtifactsInput!$L$8))*100,(Summary!$B$3+(IF(ArtifactsInput!$M$8,-1,1)*Summary!$B$3*(((1-Summary!$B$11)*IFERROR(B1266/Summary!$B$24,1)+Summary!$B$11*IFERROR(B1267/Summary!$B$25,1))-1)+ArtifactsInput!$L$8))/Summary!$B$3*100) | AD36: =ArtifactsInput!$B$8<>"Not Unlocked" | AE36: =IF(AD36,SUMPRODUCT(($AD$33:$AD$68)*($AC$33:$AC$68>AC36))+COUNTIFS($AD$33:AD36,TRUE,$AC$33:AC36,AC36),"")
A37: =IF(5>COUNTIF($AD$33:$AD$68,TRUE),"",INDEX($AA$33:$AA$68,MATCH(5,$AE$33:$AE$68,0))) | B37: =IF(5>COUNTIF($AD$33:$AD$68,TRUE),"",INDEX($AB$33:$AB$68,MATCH(5,$AE$33:$AE$68,0))) | C37: =IF(5>COUNTIF($AD$33:$AD$68,TRUE),"",INDEX($AC$33:$AC$68,MATCH(5,$AE$33:$AE$68,0))) | AA37: Rainbow-colored Snail Shell (Equip) | AB37: =(IF(ArtifactsInput!$M$10,-1,1)*Summary!$B$3*(((1-Summary!$B$11)*IFERROR(B1306/Summary!$B$24,1)+Summary!$B$11*IFERROR(B1307/Summary!$B$25,1))-1)+ArtifactsInput!$L$10) | AC37: =IF(ArtifactsInput!$M$10,Summary!$B$3/(Summary!$B$3-(IF(ArtifactsInput!$M$10,-1,1)*Summary!$B$3*(((1-Summary!$B$11)*IFERROR(B1306/Summary!$B$24,1)+Summary!$B$11*IFERROR(B1307/Summary!$B$25,1))-1)+ArtifactsInput!$L$10))*100,(Summary!$B$3+(IF(ArtifactsInput!$M$10,-1,1)*Summary!$B$3*(((1-Summary!$B$11)*IFERROR(B1306/Summary!$B$24,1)+Summary!$B$11*IFERROR(B1307/Summary!$B$25,1))-1)+ArtifactsInput!$L$10))/Summary!$B$3*100) | AD37: =ArtifactsInput!$B$10<>"Not Unlocked" | AE37: =IF(AD37,SUMPRODUCT(($AD$33:$AD$68)*($AC$33:$AC$68>AC37))+COUNTIFS($AD$33:AD37,TRUE,$AC$33:AC37,AC37),"")
A38: =IF(6>COUNTIF($AD$33:$AD$68,TRUE),"",INDEX($AA$33:$AA$68,MATCH(6,$AE$33:$AE$68,0))) | B38: =IF(6>COUNTIF($AD$33:$AD$68,TRUE),"",INDEX($AB$33:$AB$68,MATCH(6,$AE$33:$AE$68,0))) | C38: =IF(6>COUNTIF($AD$33:$AD$68,TRUE),"",INDEX($AC$33:$AC$68,MATCH(6,$AE$33:$AE$68,0))) | AA38: Hexagon Necklace (Equip) | AB38: =(IF(ArtifactsInput!$M$11,-1,1)*Summary!$B$3*(((1-Summary!$B$11)*IFERROR(B1346/Summary!$B$24,1)+Summary!$B$11*IFERROR(B1347/Summary!$B$25,1))-1)+ArtifactsInput!$L$11) | AC38: =IF(ArtifactsInput!$M$11,Summary!$B$3/(Summary!$B$3-(IF(ArtifactsInput!$M$11,-1,1)*Summary!$B$3*(((1-Summary!$B$11)*IFERROR(B1346/Summary!$B$24,1)+Summary!$B$11*IFERROR(B1347/Summary!$B$25,1))-1)+ArtifactsInput!$L$11))*100,(Summary!$B$3+(IF(ArtifactsInput!$M$11,-1,1)*Summary!$B$3*(((1-Summary!$B$11)*IFERROR(B1346/Summary!$B$24,1)+Summary!$B$11*IFERROR(B1347/Summary!$B$25,1))-1)+ArtifactsInput!$L$11))/Summary!$B$3*100) | AD38: =ArtifactsInput!$B$11<>"Not Unlocked" | AE38: =IF(AD38,SUMPRODUCT(($AD$33:$AD$68)*($AC$33:$AC$68>AC38))+COUNTIFS($AD$33:AD38,TRUE,$AC$33:AC38,AC38),"")
A39: =IF(7>COUNTIF($AD$33:$AD$68,TRUE),"",INDEX($AA$33:$AA$68,MATCH(7,$AE$33:$AE$68,0))) | B39: =IF(7>COUNTIF($AD$33:$AD$68,TRUE),"",INDEX($AB$33:$AB$68,MATCH(7,$AE$33:$AE$68,0))) | C39: =IF(7>COUNTIF($AD$33:$AD$68,TRUE),"",INDEX($AC$33:$AC$68,MATCH(7,$AE$33:$AE$68,0))) | AA39: Arwen's Glass Shoes (Equip) | AB39: =(IF(ArtifactsInput!$M$12,-1,1)*Summary!$B$3*(((1-Summary!$B$11)*IFERROR(B1386/Summary!$B$24,1)+Summary!$B$11*IFERROR(B1387/Summary!$B$25,1))-1)+ArtifactsInput!$L$12) | AC39: =IF(ArtifactsInput!$M$12,Summary!$B$3/(Summary!$B$3-(IF(ArtifactsInput!$M$12,-1,1)*Summary!$B$3*(((1-Summary!$B$11)*IFERROR(B1386/Summary!$B$24,1)+Summary!$B$11*IFERROR(B1387/Summary!$B$25,1))-1)+ArtifactsInput!$L$12))*100,(Summary!$B$3+(IF(ArtifactsInput!$M$12,-1,1)*Summary!$B$3*(((1-Summary!$B$11)*IFERROR(B1386/Summary!$B$24,1)+Summary!$B$11*IFERROR(B1387/Summary!$B$25,1))-1)+ArtifactsInput!$L$12))/Summary!$B$3*100) | AD39: =ArtifactsInput!$B$12<>"Not Unlocked" | AE39: =IF(AD39,SUMPRODUCT(($AD$33:$AD$68)*($AC$33:$AC$68>AC39))+COUNTIFS($AD$33:AD39,TRUE,$AC$33:AC39,AC39),"")
A40: =IF(8>COUNTIF($AD$33:$AD$68,TRUE),"",INDEX($AA$33:$AA$68,MATCH(8,$AE$33:$AE$68,0))) | B40: =IF(8>COUNTIF($AD$33:$AD$68,TRUE),"",INDEX($AB$33:$AB$68,MATCH(8,$AE$33:$AE$68,0))) | C40: =IF(8>COUNTIF($AD$33:$AD$68,TRUE),"",INDEX($AC$33:$AC$68,MATCH(8,$AE$33:$AE$68,0))) | AA40: Mushmom's Cap (Equip) | AB40: =(IF(ArtifactsInput!$M$13,-1,1)*Summary!$B$3*(((1-Summary!$B$11)*IFERROR(B1426/Summary!$B$24,1)+Summary!$B$11*IFERROR(B1427/Summary!$B$25,1))-1)+ArtifactsInput!$L$13) | AC40: =IF(ArtifactsInput!$M$13,Summary!$B$3/(Summary!$B$3-(IF(ArtifactsInput!$M$13,-1,1)*Summary!$B$3*(((1-Summary!$B$11)*IFERROR(B1426/Summary!$B$24,1)+Summary!$B$11*IFERROR(B1427/Summary!$B$25,1))-1)+ArtifactsInput!$L$13))*100,(Summary!$B$3+(IF(ArtifactsInput!$M$13,-1,1)*Summary!$B$3*(((1-Summary!$B$11)*IFERROR(B1426/Summary!$B$24,1)+Summary!$B$11*IFERROR(B1427/Summary!$B$25,1))-1)+ArtifactsInput!$L$13))/Summary!$B$3*100) | AD40: =ArtifactsInput!$B$13<>"Not Unlocked" | AE40: =IF(AD40,SUMPRODUCT(($AD$33:$AD$68)*($AC$33:$AC$68>AC40))+COUNTIFS($AD$33:AD40,TRUE,$AC$33:AC40,AC40),"")
A41: =IF(9>COUNTIF($AD$33:$AD$68,TRUE),"",INDEX($AA$33:$AA$68,MATCH(9,$AE$33:$AE$68,0))) | B41: =IF(9>COUNTIF($AD$33:$AD$68,TRUE),"",INDEX($AB$33:$AB$68,MATCH(9,$AE$33:$AE$68,0))) | C41: =IF(9>COUNTIF($AD$33:$AD$68,TRUE),"",INDEX($AC$33:$AC$68,MATCH(9,$AE$33:$AE$68,0))) | AA41: Clear Spring Water (Equip) | AB41: =(IF(ArtifactsInput!$M$14,-1,1)*Summary!$B$3*(((1-Summary!$B$11)*IFERROR(B1466/Summary!$B$24,1)+Summary!$B$11*IFERROR(B1467/Summary!$B$25,1))-1)+ArtifactsInput!$L$14) | AC41: =IF(ArtifactsInput!$M$14,Summary!$B$3/(Summary!$B$3-(IF(ArtifactsInput!$M$14,-1,1)*Summary!$B$3*(((1-Summary!$B$11)*IFERROR(B1466/Summary!$B$24,1)+Summary!$B$11*IFERROR(B1467/Summary!$B$25,1))-1)+ArtifactsInput!$L$14))*100,(Summary!$B$3+(IF(ArtifactsInput!$M$14,-1,1)*Summary!$B$3*(((1-Summary!$B$11)*IFERROR(B1466/Summary!$B$24,1)+Summary!$B$11*IFERROR(B1467/Summary!$B$25,1))-1)+ArtifactsInput!$L$14))/Summary!$B$3*100) | AD41: =ArtifactsInput!$B$14<>"Not Unlocked" | AE41: =IF(AD41,SUMPRODUCT(($AD$33:$AD$68)*($AC$33:$AC$68>AC41))+COUNTIFS($AD$33:AD41,TRUE,$AC$33:AC41,AC41),"")
A42: =IF(10>COUNTIF($AD$33:$AD$68,TRUE),"",INDEX($AA$33:$AA$68,MATCH(10,$AE$33:$AE$68,0))) | B42: =IF(10>COUNTIF($AD$33:$AD$68,TRUE),"",INDEX($AB$33:$AB$68,MATCH(10,$AE$33:$AE$68,0))) | C42: =IF(10>COUNTIF($AD$33:$AD$68,TRUE),"",INDEX($AC$33:$AC$68,MATCH(10,$AE$33:$AE$68,0))) | AA42: Athena Pierce's Old Gloves (Equip) | AB42: =(IF(ArtifactsInput!$M$15,-1,1)*Summary!$B$3*(((1-Summary!$B$11)*IFERROR(B1506/Summary!$B$24,1)+Summary!$B$11*IFERROR(B1507/Summary!$B$25,1))-1)+ArtifactsInput!$L$15) | AC42: =IF(ArtifactsInput!$M$15,Summary!$B$3/(Summary!$B$3-(IF(ArtifactsInput!$M$15,-1,1)*Summary!$B$3*(((1-Summary!$B$11)*IFERROR(B1506/Summary!$B$24,1)+Summary!$B$11*IFERROR(B1507/Summary!$B$25,1))-1)+ArtifactsInput!$L$15))*100,(Summary!$B$3+(IF(ArtifactsInput!$M$15,-1,1)*Summary!$B$3*(((1-Summary!$B$11)*IFERROR(B1506/Summary!$B$24,1)+Summary!$B$11*IFERROR(B1507/Summary!$B$25,1))-1)+ArtifactsInput!$L$15))/Summary!$B$3*100) | AD42: =ArtifactsInput!$B$15<>"Not Unlocked" | AE42: =IF(AD42,SUMPRODUCT(($AD$33:$AD$68)*($AC$33:$AC$68>AC42))+COUNTIFS($AD$33:AD42,TRUE,$AC$33:AC42,AC42),"")
A43: =IF(11>COUNTIF($AD$33:$AD$68,TRUE),"",INDEX($AA$33:$AA$68,MATCH(11,$AE$33:$AE$68,0))) | B43: =IF(11>COUNTIF($AD$33:$AD$68,TRUE),"",INDEX($AB$33:$AB$68,MATCH(11,$AE$33:$AE$68,0))) | C43: =IF(11>COUNTIF($AD$33:$AD$68,TRUE),"",INDEX($AC$33:$AC$68,MATCH(11,$AE$33:$AE$68,0))) | AA43: Zakum's Stone Piece (Equip) | AB43: =(IF(ArtifactsInput!$M$16,-1,1)*Summary!$B$3*(((1-Summary!$B$11)*IFERROR(B1546/Summary!$B$24,1)+Summary!$B$11*IFERROR(B1547/Summary!$B$25,1))-1)+ArtifactsInput!$L$16) | AC43: =IF(ArtifactsInput!$M$16,Summary!$B$3/(Summary!$B$3-(IF(ArtifactsInput!$M$16,-1,1)*Summary!$B$3*(((1-Summary!$B$11)*IFERROR(B1546/Summary!$B$24,1)+Summary!$B$11*IFERROR(B1547/Summary!$B$25,1))-1)+ArtifactsInput!$L$16))*100,(Summary!$B$3+(IF(ArtifactsInput!$M$16,-1,1)*Summary!$B$3*(((1-Summary!$B$11)*IFERROR(B1546/Summary!$B$24,1)+Summary!$B$11*IFERROR(B1547/Summary!$B$25,1))-1)+ArtifactsInput!$L$16))/Summary!$B$3*100) | AD43: =ArtifactsInput!$B$16<>"Not Unlocked" | AE43: =IF(AD43,SUMPRODUCT(($AD$33:$AD$68)*($AC$33:$AC$68>AC43))+COUNTIFS($AD$33:AD43,TRUE,$AC$33:AC43,AC43),"")
A44: =IF(12>COUNTIF($AD$33:$AD$68,TRUE),"",INDEX($AA$33:$AA$68,MATCH(12,$AE$33:$AE$68,0))) | B44: =IF(12>COUNTIF($AD$33:$AD$68,TRUE),"",INDEX($AB$33:$AB$68,MATCH(12,$AE$33:$AE$68,0))) | C44: =IF(12>COUNTIF($AD$33:$AD$68,TRUE),"",INDEX($AC$33:$AC$68,MATCH(12,$AE$33:$AE$68,0))) | AA44: Horntail's Scale (Equip) | AB44: =(IF(ArtifactsInput!$M$17,-1,1)*Summary!$B$3*(((1-Summary!$B$11)*IFERROR(B1586/Summary!$B$24,1)+Summary!$B$11*IFERROR(B1587/Summary!$B$25,1))-1)+ArtifactsInput!$L$17) | AC44: =IF(ArtifactsInput!$M$17,Summary!$B$3/(Summary!$B$3-(IF(ArtifactsInput!$M$17,-1,1)*Summary!$B$3*(((1-Summary!$B$11)*IFERROR(B1586/Summary!$B$24,1)+Summary!$B$11*IFERROR(B1587/Summary!$B$25,1))-1)+ArtifactsInput!$L$17))*100,(Summary!$B$3+(IF(ArtifactsInput!$M$17,-1,1)*Summary!$B$3*(((1-Summary!$B$11)*IFERROR(B1586/Summary!$B$24,1)+Summary!$B$11*IFERROR(B1587/Summary!$B$25,1))-1)+ArtifactsInput!$L$17))/Summary!$B$3*100) | AD44: =ArtifactsInput!$B$17<>"Not Unlocked" | AE44: =IF(AD44,SUMPRODUCT(($AD$33:$AD$68)*($AC$33:$AC$68>AC44))+COUNTIFS($AD$33:AD44,TRUE,$AC$33:AC44,AC44),"")
A45: =IF(13>COUNTIF($AD$33:$AD$68,TRUE),"",INDEX($AA$33:$AA$68,MATCH(13,$AE$33:$AE$68,0))) | B45: =IF(13>COUNTIF($AD$33:$AD$68,TRUE),"",INDEX($AB$33:$AB$68,MATCH(13,$AE$33:$AE$68,0))) | C45: =IF(13>COUNTIF($AD$33:$AD$68,TRUE),"",INDEX($AC$33:$AC$68,MATCH(13,$AE$33:$AE$68,0))) | AA45: Pink Bean's Giant Rib (Equip) | AB45: =(IF(ArtifactsInput!$M$18,-1,1)*Summary!$B$3*(((1-Summary!$B$11)*IFERROR(B1626/Summary!$B$24,1)+Summary!$B$11*IFERROR(B1627/Summary!$B$25,1))-1)+ArtifactsInput!$L$18) | AC45: =IF(ArtifactsInput!$M$18,Summary!$B$3/(Summary!$B$3-(IF(ArtifactsInput!$M$18,-1,1)*Summary!$B$3*(((1-Summary!$B$11)*IFERROR(B1626/Summary!$B$24,1)+Summary!$B$11*IFERROR(B1627/Summary!$B$25,1))-1)+ArtifactsInput!$L$18))*100,(Summary!$B$3+(IF(ArtifactsInput!$M$18,-1,1)*Summary!$B$3*(((1-Summary!$B$11)*IFERROR(B1626/Summary!$B$24,1)+Summary!$B$11*IFERROR(B1627/Summary!$B$25,1))-1)+ArtifactsInput!$L$18))/Summary!$B$3*100) | AD45: =ArtifactsInput!$B$18<>"Not Unlocked" | AE45: =IF(AD45,SUMPRODUCT(($AD$33:$AD$68)*($AC$33:$AC$68>AC45))+COUNTIFS($AD$33:AD45,TRUE,$AC$33:AC45,AC45),"")
A46: =IF(14>COUNTIF($AD$33:$AD$68,TRUE),"",INDEX($AA$33:$AA$68,MATCH(14,$AE$33:$AE$68,0))) | B46: =IF(14>COUNTIF($AD$33:$AD$68,TRUE),"",INDEX($AB$33:$AB$68,MATCH(14,$AE$33:$AE$68,0))) | C46: =IF(14>COUNTIF($AD$33:$AD$68,TRUE),"",INDEX($AC$33:$AC$68,MATCH(14,$AE$33:$AE$68,0))) | AA46: Chalice (Equip) | AB46: =(IF(ArtifactsInput!$M$20,-1,1)*Summary!$B$3*(((1-Summary!$B$11)*IFERROR(B1666/Summary!$B$24,1)+Summary!$B$11*IFERROR(B1667/Summary!$B$25,1))-1)+ArtifactsInput!$L$20) | AC46: =IF(ArtifactsInput!$M$20,Summary!$B$3/(Summary!$B$3-(IF(ArtifactsInput!$M$20,-1,1)*Summary!$B$3*(((1-Summary!$B$11)*IFERROR(B1666/Summary!$B$24,1)+Summary!$B$11*IFERROR(B1667/Summary!$B$25,1))-1)+ArtifactsInput!$L$20))*100,(Summary!$B$3+(IF(ArtifactsInput!$M$20,-1,1)*Summary!$B$3*(((1-Summary!$B$11)*IFERROR(B1666/Summary!$B$24,1)+Summary!$B$11*IFERROR(B1667/Summary!$B$25,1))-1)+ArtifactsInput!$L$20))/Summary!$B$3*100) | AD46: =ArtifactsInput!$B$20<>"Not Unlocked" | AE46: =IF(AD46,SUMPRODUCT(($AD$33:$AD$68)*($AC$33:$AC$68>AC46))+COUNTIFS($AD$33:AD46,TRUE,$AC$33:AC46,AC46),"")
A47: =IF(15>COUNTIF($AD$33:$AD$68,TRUE),"",INDEX($AA$33:$AA$68,MATCH(15,$AE$33:$AE$68,0))) | B47: =IF(15>COUNTIF($AD$33:$AD$68,TRUE),"",INDEX($AB$33:$AB$68,MATCH(15,$AE$33:$AE$68,0))) | C47: =IF(15>COUNTIF($AD$33:$AD$68,TRUE),"",INDEX($AC$33:$AC$68,MATCH(15,$AE$33:$AE$68,0))) | AA47: Old Music Box (Equip) | AB47: =(IF(ArtifactsInput!$M$21,-1,1)*Summary!$B$3*(((1-Summary!$B$11)*IFERROR(B1706/Summary!$B$24,1)+Summary!$B$11*IFERROR(B1707/Summary!$B$25,1))-1)+ArtifactsInput!$L$21) | AC47: =IF(ArtifactsInput!$M$21,Summary!$B$3/(Summary!$B$3-(IF(ArtifactsInput!$M$21,-1,1)*Summary!$B$3*(((1-Summary!$B$11)*IFERROR(B1706/Summary!$B$24,1)+Summary!$B$11*IFERROR(B1707/Summary!$B$25,1))-1)+ArtifactsInput!$L$21))*100,(Summary!$B$3+(IF(ArtifactsInput!$M$21,-1,1)*Summary!$B$3*(((1-Summary!$B$11)*IFERROR(B1706/Summary!$B$24,1)+Summary!$B$11*IFERROR(B1707/Summary!$B$25,1))-1)+ArtifactsInput!$L$21))/Summary!$B$3*100) | AD47: =ArtifactsInput!$B$21<>"Not Unlocked" | AE47: =IF(AD47,SUMPRODUCT(($AD$33:$AD$68)*($AC$33:$AC$68>AC47))+COUNTIFS($AD$33:AD47,TRUE,$AC$33:AC47,AC47),"")
A48: =IF(16>COUNTIF($AD$33:$AD$68,TRUE),"",INDEX($AA$33:$AA$68,MATCH(16,$AE$33:$AE$68,0))) | B48: =IF(16>COUNTIF($AD$33:$AD$68,TRUE),"",INDEX($AB$33:$AB$68,MATCH(16,$AE$33:$AE$68,0))) | C48: =IF(16>COUNTIF($AD$33:$AD$68,TRUE),"",INDEX($AC$33:$AC$68,MATCH(16,$AE$33:$AE$68,0))) | AA48: Silver Pendant (Equip) | AB48: =(IF(ArtifactsInput!$M$22,-1,1)*Summary!$B$3*(((1-Summary!$B$11)*IFERROR(B1746/Summary!$B$24,1)+Summary!$B$11*IFERROR(B1747/Summary!$B$25,1))-1)+ArtifactsInput!$L$22) | AC48: =IF(ArtifactsInput!$M$22,Summary!$B$3/(Summary!$B$3-(IF(ArtifactsInput!$M$22,-1,1)*Summary!$B$3*(((1-Summary!$B$11)*IFERROR(B1746/Summary!$B$24,1)+Summary!$B$11*IFERROR(B1747/Summary!$B$25,1))-1)+ArtifactsInput!$L$22))*100,(Summary!$B$3+(IF(ArtifactsInput!$M$22,-1,1)*Summary!$B$3*(((1-Summary!$B$11)*IFERROR(B1746/Summary!$B$24,1)+Summary!$B$11*IFERROR(B1747/Summary!$B$25,1))-1)+ArtifactsInput!$L$22))/Summary!$B$3*100) | AD48: =ArtifactsInput!$B$22<>"Not Unlocked" | AE48: =IF(AD48,SUMPRODUCT(($AD$33:$AD$68)*($AC$33:$AC$68>AC48))+COUNTIFS($AD$33:AD48,TRUE,$AC$33:AC48,AC48),"")
A49: =IF(17>COUNTIF($AD$33:$AD$68,TRUE),"",INDEX($AA$33:$AA$68,MATCH(17,$AE$33:$AE$68,0))) | B49: =IF(17>COUNTIF($AD$33:$AD$68,TRUE),"",INDEX($AB$33:$AB$68,MATCH(17,$AE$33:$AE$68,0))) | C49: =IF(17>COUNTIF($AD$33:$AD$68,TRUE),"",INDEX($AC$33:$AC$68,MATCH(17,$AE$33:$AE$68,0))) | AA49: Star Rock (Equip) | AB49: =(IF(ArtifactsInput!$M$23,-1,1)*Summary!$B$3*(((1-Summary!$B$11)*IFERROR(B1786/Summary!$B$24,1)+Summary!$B$11*IFERROR(B1787/Summary!$B$25,1))-1)+ArtifactsInput!$L$23) | AC49: =IF(ArtifactsInput!$M$23,Summary!$B$3/(Summary!$B$3-(IF(ArtifactsInput!$M$23,-1,1)*Summary!$B$3*(((1-Summary!$B$11)*IFERROR(B1786/Summary!$B$24,1)+Summary!$B$11*IFERROR(B1787/Summary!$B$25,1))-1)+ArtifactsInput!$L$23))*100,(Summary!$B$3+(IF(ArtifactsInput!$M$23,-1,1)*Summary!$B$3*(((1-Summary!$B$11)*IFERROR(B1786/Summary!$B$24,1)+Summary!$B$11*IFERROR(B1787/Summary!$B$25,1))-1)+ArtifactsInput!$L$23))/Summary!$B$3*100) | AD49: =ArtifactsInput!$B$23<>"Not Unlocked" | AE49: =IF(AD49,SUMPRODUCT(($AD$33:$AD$68)*($AC$33:$AC$68>AC49))+COUNTIFS($AD$33:AD49,TRUE,$AC$33:AC49,AC49),"")
A50: =IF(18>COUNTIF($AD$33:$AD$68,TRUE),"",INDEX($AA$33:$AA$68,MATCH(18,$AE$33:$AE$68,0))) | B50: =IF(18>COUNTIF($AD$33:$AD$68,TRUE),"",INDEX($AB$33:$AB$68,MATCH(18,$AE$33:$AE$68,0))) | C50: =IF(18>COUNTIF($AD$33:$AD$68,TRUE),"",INDEX($AC$33:$AC$68,MATCH(18,$AE$33:$AE$68,0))) | AA50: Book of Ancient (Equip) | AB50: =(IF(ArtifactsInput!$M$24,-1,1)*Summary!$B$3*(((1-Summary!$B$11)*IFERROR(B1826/Summary!$B$24,1)+Summary!$B$11*IFERROR(B1827/Summary!$B$25,1))-1)+ArtifactsInput!$L$24) | AC50: =IF(ArtifactsInput!$M$24,Summary!$B$3/(Summary!$B$3-(IF(ArtifactsInput!$M$24,-1,1)*Summary!$B$3*(((1-Summary!$B$11)*IFERROR(B1826/Summary!$B$24,1)+Summary!$B$11*IFERROR(B1827/Summary!$B$25,1))-1)+ArtifactsInput!$L$24))*100,(Summary!$B$3+(IF(ArtifactsInput!$M$24,-1,1)*Summary!$B$3*(((1-Summary!$B$11)*IFERROR(B1826/Summary!$B$24,1)+Summary!$B$11*IFERROR(B1827/Summary!$B$25,1))-1)+ArtifactsInput!$L$24))/Summary!$B$3*100) | AD50: =ArtifactsInput!$B$24<>"Not Unlocked" | AE50: =IF(AD50,SUMPRODUCT(($AD$33:$AD$68)*($AC$33:$AC$68>AC50))+COUNTIFS($AD$33:AD50,TRUE,$AC$33:AC50,AC50),"")
A51: =IF(19>COUNTIF($AD$33:$AD$68,TRUE),"",INDEX($AA$33:$AA$68,MATCH(19,$AE$33:$AE$68,0))) | B51: =IF(19>COUNTIF($AD$33:$AD$68,TRUE),"",INDEX($AB$33:$AB$68,MATCH(19,$AE$33:$AE$68,0))) | C51: =IF(19>COUNTIF($AD$33:$AD$68,TRUE),"",INDEX($AC$33:$AC$68,MATCH(19,$AE$33:$AE$68,0))) | AA51: Lunar Dew (Equip) | AB51: =(IF(ArtifactsInput!$M$25,-1,1)*Summary!$B$3*(((1-Summary!$B$11)*IFERROR(B1866/Summary!$B$24,1)+Summary!$B$11*IFERROR(B1867/Summary!$B$25,1))-1)+ArtifactsInput!$L$25) | AC51: =IF(ArtifactsInput!$M$25,Summary!$B$3/(Summary!$B$3-(IF(ArtifactsInput!$M$25,-1,1)*Summary!$B$3*(((1-Summary!$B$11)*IFERROR(B1866/Summary!$B$24,1)+Summary!$B$11*IFERROR(B1867/Summary!$B$25,1))-1)+ArtifactsInput!$L$25))*100,(Summary!$B$3+(IF(ArtifactsInput!$M$25,-1,1)*Summary!$B$3*(((1-Summary!$B$11)*IFERROR(B1866/Summary!$B$24,1)+Summary!$B$11*IFERROR(B1867/Summary!$B$25,1))-1)+ArtifactsInput!$L$25))/Summary!$B$3*100) | AD51: =ArtifactsInput!$B$25<>"Not Unlocked" | AE51: =IF(AD51,SUMPRODUCT(($AD$33:$AD$68)*($AC$33:$AC$68>AC51))+COUNTIFS($AD$33:AD51,TRUE,$AC$33:AC51,AC51),"")
A52: =IF(20>COUNTIF($AD$33:$AD$68,TRUE),"",INDEX($AA$33:$AA$68,MATCH(20,$AE$33:$AE$68,0))) | B52: =IF(20>COUNTIF($AD$33:$AD$68,TRUE),"",INDEX($AB$33:$AB$68,MATCH(20,$AE$33:$AE$68,0))) | C52: =IF(20>COUNTIF($AD$33:$AD$68,TRUE),"",INDEX($AC$33:$AC$68,MATCH(20,$AE$33:$AE$68,0))) | AA52: Fire Flower (Equip) | AB52: =(IF(ArtifactsInput!$M$26,-1,1)*Summary!$B$3*(((1-Summary!$B$11)*IFERROR(B1906/Summary!$B$24,1)+Summary!$B$11*IFERROR(B1907/Summary!$B$25,1))-1)+ArtifactsInput!$L$26) | AC52: =IF(ArtifactsInput!$M$26,Summary!$B$3/(Summary!$B$3-(IF(ArtifactsInput!$M$26,-1,1)*Summary!$B$3*(((1-Summary!$B$11)*IFERROR(B1906/Summary!$B$24,1)+Summary!$B$11*IFERROR(B1907/Summary!$B$25,1))-1)+ArtifactsInput!$L$26))*100,(Summary!$B$3+(IF(ArtifactsInput!$M$26,-1,1)*Summary!$B$3*(((1-Summary!$B$11)*IFERROR(B1906/Summary!$B$24,1)+Summary!$B$11*IFERROR(B1907/Summary!$B$25,1))-1)+ArtifactsInput!$L$26))/Summary!$B$3*100) | AD52: =ArtifactsInput!$B$26<>"Not Unlocked" | AE52: =IF(AD52,SUMPRODUCT(($AD$33:$AD$68)*($AC$33:$AC$68>AC52))+COUNTIFS($AD$33:AD52,TRUE,$AC$33:AC52,AC52),"")
A53: =IF(21>COUNTIF($AD$33:$AD$68,TRUE),"",INDEX($AA$33:$AA$68,MATCH(21,$AE$33:$AE$68,0))) | B53: =IF(21>COUNTIF($AD$33:$AD$68,TRUE),"",INDEX($AB$33:$AB$68,MATCH(21,$AE$33:$AE$68,0))) | C53: =IF(21>COUNTIF($AD$33:$AD$68,TRUE),"",INDEX($AC$33:$AC$68,MATCH(21,$AE$33:$AE$68,0))) | AA53: Soul Contract (Equip) | AB53: =(IF(ArtifactsInput!$M$27,-1,1)*Summary!$B$3*(((1-Summary!$B$11)*IFERROR(B1946/Summary!$B$24,1)+Summary!$B$11*IFERROR(B1947/Summary!$B$25,1))-1)+ArtifactsInput!$L$27) | AC53: =IF(ArtifactsInput!$M$27,Summary!$B$3/(Summary!$B$3-(IF(ArtifactsInput!$M$27,-1,1)*Summary!$B$3*(((1-Summary!$B$11)*IFERROR(B1946/Summary!$B$24,1)+Summary!$B$11*IFERROR(B1947/Summary!$B$25,1))-1)+ArtifactsInput!$L$27))*100,(Summary!$B$3+(IF(ArtifactsInput!$M$27,-1,1)*Summary!$B$3*(((1-Summary!$B$11)*IFERROR(B1946/Summary!$B$24,1)+Summary!$B$11*IFERROR(B1947/Summary!$B$25,1))-1)+ArtifactsInput!$L$27))/Summary!$B$3*100) | AD53: =ArtifactsInput!$B$27<>"Not Unlocked" | AE53: =IF(AD53,SUMPRODUCT(($AD$33:$AD$68)*($AC$33:$AC$68>AC53))+COUNTIFS($AD$33:AD53,TRUE,$AC$33:AC53,AC53),"")
A54: =IF(22>COUNTIF($AD$33:$AD$68,TRUE),"",INDEX($AA$33:$AA$68,MATCH(22,$AE$33:$AE$68,0))) | B54: =IF(22>COUNTIF($AD$33:$AD$68,TRUE),"",INDEX($AB$33:$AB$68,MATCH(22,$AE$33:$AE$68,0))) | C54: =IF(22>COUNTIF($AD$33:$AD$68,TRUE),"",INDEX($AC$33:$AC$68,MATCH(22,$AE$33:$AE$68,0))) | AA54: Lit Lamp (Equip) | AB54: =(IF(ArtifactsInput!$M$28,-1,1)*Summary!$B$3*(((1-Summary!$B$11)*IFERROR(B1986/Summary!$B$24,1)+Summary!$B$11*IFERROR(B1987/Summary!$B$25,1))-1)+ArtifactsInput!$L$28) | AC54: =IF(ArtifactsInput!$M$28,Summary!$B$3/(Summary!$B$3-(IF(ArtifactsInput!$M$28,-1,1)*Summary!$B$3*(((1-Summary!$B$11)*IFERROR(B1986/Summary!$B$24,1)+Summary!$B$11*IFERROR(B1987/Summary!$B$25,1))-1)+ArtifactsInput!$L$28))*100,(Summary!$B$3+(IF(ArtifactsInput!$M$28,-1,1)*Summary!$B$3*(((1-Summary!$B$11)*IFERROR(B1986/Summary!$B$24,1)+Summary!$B$11*IFERROR(B1987/Summary!$B$25,1))-1)+ArtifactsInput!$L$28))/Summary!$B$3*100) | AD54: =ArtifactsInput!$B$28<>"Not Unlocked" | AE54: =IF(AD54,SUMPRODUCT(($AD$33:$AD$68)*($AC$33:$AC$68>AC54))+COUNTIFS($AD$33:AD54,TRUE,$AC$33:AC54,AC54),"")
A55: =IF(23>COUNTIF($AD$33:$AD$68,TRUE),"",INDEX($AA$33:$AA$68,MATCH(23,$AE$33:$AE$68,0))) | B55: =IF(23>COUNTIF($AD$33:$AD$68,TRUE),"",INDEX($AB$33:$AB$68,MATCH(23,$AE$33:$AE$68,0))) | C55: =IF(23>COUNTIF($AD$33:$AD$68,TRUE),"",INDEX($AC$33:$AC$68,MATCH(23,$AE$33:$AE$68,0))) | AA55: Soul Pouch (Equip) | AB55: =(IF(ArtifactsInput!$M$29,-1,1)*Summary!$B$3*(((1-Summary!$B$11)*IFERROR(B2026/Summary!$B$24,1)+Summary!$B$11*IFERROR(B2027/Summary!$B$25,1))-1)+ArtifactsInput!$L$29) | AC55: =IF(ArtifactsInput!$M$29,Summary!$B$3/(Summary!$B$3-(IF(ArtifactsInput!$M$29,-1,1)*Summary!$B$3*(((1-Summary!$B$11)*IFERROR(B2026/Summary!$B$24,1)+Summary!$B$11*IFERROR(B2027/Summary!$B$25,1))-1)+ArtifactsInput!$L$29))*100,(Summary!$B$3+(IF(ArtifactsInput!$M$29,-1,1)*Summary!$B$3*(((1-Summary!$B$11)*IFERROR(B2026/Summary!$B$24,1)+Summary!$B$11*IFERROR(B2027/Summary!$B$25,1))-1)+ArtifactsInput!$L$29))/Summary!$B$3*100) | AD55: =ArtifactsInput!$B$29<>"Not Unlocked" | AE55: =IF(AD55,SUMPRODUCT(($AD$33:$AD$68)*($AC$33:$AC$68>AC55))+COUNTIFS($AD$33:AD55,TRUE,$AC$33:AC55,AC55),"")
A56: =IF(24>COUNTIF($AD$33:$AD$68,TRUE),"",INDEX($AA$33:$AA$68,MATCH(24,$AE$33:$AE$68,0))) | B56: =IF(24>COUNTIF($AD$33:$AD$68,TRUE),"",INDEX($AB$33:$AB$68,MATCH(24,$AE$33:$AE$68,0))) | C56: =IF(24>COUNTIF($AD$33:$AD$68,TRUE),"",INDEX($AC$33:$AC$68,MATCH(24,$AE$33:$AE$68,0))) | AA56: Ancient Text Piece (Equip) | AB56: =(IF(ArtifactsInput!$M$30,-1,1)*Summary!$B$3*(((1-Summary!$B$11)*IFERROR(B2066/Summary!$B$24,1)+Summary!$B$11*IFERROR(B2067/Summary!$B$25,1))-1)+ArtifactsInput!$L$30) | AC56: =IF(ArtifactsInput!$M$30,Summary!$B$3/(Summary!$B$3-(IF(ArtifactsInput!$M$30,-1,1)*Summary!$B$3*(((1-Summary!$B$11)*IFERROR(B2066/Summary!$B$24,1)+Summary!$B$11*IFERROR(B2067/Summary!$B$25,1))-1)+ArtifactsInput!$L$30))*100,(Summary!$B$3+(IF(ArtifactsInput!$M$30,-1,1)*Summary!$B$3*(((1-Summary!$B$11)*IFERROR(B2066/Summary!$B$24,1)+Summary!$B$11*IFERROR(B2067/Summary!$B$25,1))-1)+ArtifactsInput!$L$30))/Summary!$B$3*100) | AD56: =ArtifactsInput!$B$30<>"Not Unlocked" | AE56: =IF(AD56,SUMPRODUCT(($AD$33:$AD$68)*($AC$33:$AC$68>AC56))+COUNTIFS($AD$33:AD56,TRUE,$AC$33:AC56,AC56),"")
A57: =IF(25>COUNTIF($AD$33:$AD$68,TRUE),"",INDEX($AA$33:$AA$68,MATCH(25,$AE$33:$AE$68,0))) | B57: =IF(25>COUNTIF($AD$33:$AD$68,TRUE),"",INDEX($AB$33:$AB$68,MATCH(25,$AE$33:$AE$68,0))) | C57: =IF(25>COUNTIF($AD$33:$AD$68,TRUE),"",INDEX($AC$33:$AC$68,MATCH(25,$AE$33:$AE$68,0))) | AA57: Icy Soul Rock (Equip) | AB57: =(IF(ArtifactsInput!$M$31,-1,1)*Summary!$B$3*(((1-Summary!$B$11)*IFERROR(B2106/Summary!$B$24,1)+Summary!$B$11*IFERROR(B2107/Summary!$B$25,1))-1)+ArtifactsInput!$L$31) | AC57: =IF(ArtifactsInput!$M$31,Summary!$B$3/(Summary!$B$3-(IF(ArtifactsInput!$M$31,-1,1)*Summary!$B$3*(((1-Summary!$B$11)*IFERROR(B2106/Summary!$B$24,1)+Summary!$B$11*IFERROR(B2107/Summary!$B$25,1))-1)+ArtifactsInput!$L$31))*100,(Summary!$B$3+(IF(ArtifactsInput!$M$31,-1,1)*Summary!$B$3*(((1-Summary!$B$11)*IFERROR(B2106/Summary!$B$24,1)+Summary!$B$11*IFERROR(B2107/Summary!$B$25,1))-1)+ArtifactsInput!$L$31))/Summary!$B$3*100) | AD57: =ArtifactsInput!$B$31<>"Not Unlocked" | AE57: =IF(AD57,SUMPRODUCT(($AD$33:$AD$68)*($AC$33:$AC$68>AC57))+COUNTIFS($AD$33:AD57,TRUE,$AC$33:AC57,AC57),"")
A58: =IF(26>COUNTIF($AD$33:$AD$68,TRUE),"",INDEX($AA$33:$AA$68,MATCH(26,$AE$33:$AE$68,0))) | B58: =IF(26>COUNTIF($AD$33:$AD$68,TRUE),"",INDEX($AB$33:$AB$68,MATCH(26,$AE$33:$AE$68,0))) | C58: =IF(26>COUNTIF($AD$33:$AD$68,TRUE),"",INDEX($AC$33:$AC$68,MATCH(26,$AE$33:$AE$68,0))) | AA58: Flaming Lava (Equip) | AB58: =(IF(ArtifactsInput!$M$32,-1,1)*Summary!$B$3*(((1-Summary!$B$11)*IFERROR(B2146/Summary!$B$24,1)+Summary!$B$11*IFERROR(B2147/Summary!$B$25,1))-1)+ArtifactsInput!$L$32) | AC58: =IF(ArtifactsInput!$M$32,Summary!$B$3/(Summary!$B$3-(IF(ArtifactsInput!$M$32,-1,1)*Summary!$B$3*(((1-Summary!$B$11)*IFERROR(B2146/Summary!$B$24,1)+Summary!$B$11*IFERROR(B2147/Summary!$B$25,1))-1)+ArtifactsInput!$L$32))*100,(Summary!$B$3+(IF(ArtifactsInput!$M$32,-1,1)*Summary!$B$3*(((1-Summary!$B$11)*IFERROR(B2146/Summary!$B$24,1)+Summary!$B$11*IFERROR(B2147/Summary!$B$25,1))-1)+ArtifactsInput!$L$32))/Summary!$B$3*100) | AD58: =ArtifactsInput!$B$32<>"Not Unlocked" | AE58: =IF(AD58,SUMPRODUCT(($AD$33:$AD$68)*($AC$33:$AC$68>AC58))+COUNTIFS($AD$33:AD58,TRUE,$AC$33:AC58,AC58),"")
A59: =IF(27>COUNTIF($AD$33:$AD$68,TRUE),"",INDEX($AA$33:$AA$68,MATCH(27,$AE$33:$AE$68,0))) | B59: =IF(27>COUNTIF($AD$33:$AD$68,TRUE),"",INDEX($AB$33:$AB$68,MATCH(27,$AE$33:$AE$68,0))) | C59: =IF(27>COUNTIF($AD$33:$AD$68,TRUE),"",INDEX($AC$33:$AC$68,MATCH(27,$AE$33:$AE$68,0))) | AA59: Sayram's Necklace (Equip) | AB59: =(IF(ArtifactsInput!$M$33,-1,1)*Summary!$B$3*(((1-Summary!$B$11)*IFERROR(B2186/Summary!$B$24,1)+Summary!$B$11*IFERROR(B2187/Summary!$B$25,1))-1)+ArtifactsInput!$L$33) | AC59: =IF(ArtifactsInput!$M$33,Summary!$B$3/(Summary!$B$3-(IF(ArtifactsInput!$M$33,-1,1)*Summary!$B$3*(((1-Summary!$B$11)*IFERROR(B2186/Summary!$B$24,1)+Summary!$B$11*IFERROR(B2187/Summary!$B$25,1))-1)+ArtifactsInput!$L$33))*100,(Summary!$B$3+(IF(ArtifactsInput!$M$33,-1,1)*Summary!$B$3*(((1-Summary!$B$11)*IFERROR(B2186/Summary!$B$24,1)+Summary!$B$11*IFERROR(B2187/Summary!$B$25,1))-1)+ArtifactsInput!$L$33))/Summary!$B$3*100) | AD59: =ArtifactsInput!$B$33<>"Not Unlocked" | AE59: =IF(AD59,SUMPRODUCT(($AD$33:$AD$68)*($AC$33:$AC$68>AC59))+COUNTIFS($AD$33:AD59,TRUE,$AC$33:AC59,AC59),"")
A60: =IF(28>COUNTIF($AD$33:$AD$68,TRUE),"",INDEX($AA$33:$AA$68,MATCH(28,$AE$33:$AE$68,0))) | B60: =IF(28>COUNTIF($AD$33:$AD$68,TRUE),"",INDEX($AB$33:$AB$68,MATCH(28,$AE$33:$AE$68,0))) | C60: =IF(28>COUNTIF($AD$33:$AD$68,TRUE),"",INDEX($AC$33:$AC$68,MATCH(28,$AE$33:$AE$68,0))) | AA60: Bottle of Emotion (Equip) | AB60: =(IF(ArtifactsInput!$M$34,-1,1)*Summary!$B$3*(((1-Summary!$B$11)*IFERROR(B2226/Summary!$B$24,1)+Summary!$B$11*IFERROR(B2227/Summary!$B$25,1))-1)+ArtifactsInput!$L$34) | AC60: =IF(ArtifactsInput!$M$34,Summary!$B$3/(Summary!$B$3-(IF(ArtifactsInput!$M$34,-1,1)*Summary!$B$3*(((1-Summary!$B$11)*IFERROR(B2226/Summary!$B$24,1)+Summary!$B$11*IFERROR(B2227/Summary!$B$25,1))-1)+ArtifactsInput!$L$34))*100,(Summary!$B$3+(IF(ArtifactsInput!$M$34,-1,1)*Summary!$B$3*(((1-Summary!$B$11)*IFERROR(B2226/Summary!$B$24,1)+Summary!$B$11*IFERROR(B2227/Summary!$B$25,1))-1)+ArtifactsInput!$L$34))/Summary!$B$3*100) | AD60: =ArtifactsInput!$B$34<>"Not Unlocked" | AE60: =IF(AD60,SUMPRODUCT(($AD$33:$AD$68)*($AC$33:$AC$68>AC60))+COUNTIFS($AD$33:AD60,TRUE,$AC$33:AC60,AC60),"")
A61: =IF(29>COUNTIF($AD$33:$AD$68,TRUE),"",INDEX($AA$33:$AA$68,MATCH(29,$AE$33:$AE$68,0))) | B61: =IF(29>COUNTIF($AD$33:$AD$68,TRUE),"",INDEX($AB$33:$AB$68,MATCH(29,$AE$33:$AE$68,0))) | C61: =IF(29>COUNTIF($AD$33:$AD$68,TRUE),"",INDEX($AC$33:$AC$68,MATCH(29,$AE$33:$AE$68,0))) | AA61: Peach Tree Herb Pouch (Equip) | AB61: =(IF(ArtifactsInput!$M$35,-1,1)*Summary!$B$3*(((1-Summary!$B$11)*IFERROR(B2266/Summary!$B$24,1)+Summary!$B$11*IFERROR(B2267/Summary!$B$25,1))-1)+ArtifactsInput!$L$35) | AC61: =IF(ArtifactsInput!$M$35,Summary!$B$3/(Summary!$B$3-(IF(ArtifactsInput!$M$35,-1,1)*Summary!$B$3*(((1-Summary!$B$11)*IFERROR(B2266/Summary!$B$24,1)+Summary!$B$11*IFERROR(B2267/Summary!$B$25,1))-1)+ArtifactsInput!$L$35))*100,(Summary!$B$3+(IF(ArtifactsInput!$M$35,-1,1)*Summary!$B$3*(((1-Summary!$B$11)*IFERROR(B2266/Summary!$B$24,1)+Summary!$B$11*IFERROR(B2267/Summary!$B$25,1))-1)+ArtifactsInput!$L$35))/Summary!$B$3*100) | AD61: =ArtifactsInput!$B$35<>"Not Unlocked" | AE61: =IF(AD61,SUMPRODUCT(($AD$33:$AD$68)*($AC$33:$AC$68>AC61))+COUNTIFS($AD$33:AD61,TRUE,$AC$33:AC61,AC61),"")
A62: =IF(30>COUNTIF($AD$33:$AD$68,TRUE),"",INDEX($AA$33:$AA$68,MATCH(30,$AE$33:$AE$68,0))) | B62: =IF(30>COUNTIF($AD$33:$AD$68,TRUE),"",INDEX($AB$33:$AB$68,MATCH(30,$AE$33:$AE$68,0))) | C62: =IF(30>COUNTIF($AD$33:$AD$68,TRUE),"",INDEX($AC$33:$AC$68,MATCH(30,$AE$33:$AE$68,0))) | AA62: Candle (Equip) | AB62: =(IF(ArtifactsInput!$M$36,-1,1)*Summary!$B$3*(((1-Summary!$B$11)*IFERROR(B2306/Summary!$B$24,1)+Summary!$B$11*IFERROR(B2307/Summary!$B$25,1))-1)+ArtifactsInput!$L$36) | AC62: =IF(ArtifactsInput!$M$36,Summary!$B$3/(Summary!$B$3-(IF(ArtifactsInput!$M$36,-1,1)*Summary!$B$3*(((1-Summary!$B$11)*IFERROR(B2306/Summary!$B$24,1)+Summary!$B$11*IFERROR(B2307/Summary!$B$25,1))-1)+ArtifactsInput!$L$36))*100,(Summary!$B$3+(IF(ArtifactsInput!$M$36,-1,1)*Summary!$B$3*(((1-Summary!$B$11)*IFERROR(B2306/Summary!$B$24,1)+Summary!$B$11*IFERROR(B2307/Summary!$B$25,1))-1)+ArtifactsInput!$L$36))/Summary!$B$3*100) | AD62: =ArtifactsInput!$B$36<>"Not Unlocked" | AE62: =IF(AD62,SUMPRODUCT(($AD$33:$AD$68)*($AC$33:$AC$68>AC62))+COUNTIFS($AD$33:AD62,TRUE,$AC$33:AC62,AC62),"")
A63: =IF(31>COUNTIF($AD$33:$AD$68,TRUE),"",INDEX($AA$33:$AA$68,MATCH(31,$AE$33:$AE$68,0))) | B63: =IF(31>COUNTIF($AD$33:$AD$68,TRUE),"",INDEX($AB$33:$AB$68,MATCH(31,$AE$33:$AE$68,0))) | C63: =IF(31>COUNTIF($AD$33:$AD$68,TRUE),"",INDEX($AC$33:$AC$68,MATCH(31,$AE$33:$AE$68,0))) | AA63: Alliance Badge (Equip) | AB63: =(IF(ArtifactsInput!$M$37,-1,1)*Summary!$B$3*(((1-Summary!$B$11)*IFERROR(B2346/Summary!$B$24,1)+Summary!$B$11*IFERROR(B2347/Summary!$B$25,1))-1)+ArtifactsInput!$L$37) | AC63: =IF(ArtifactsInput!$M$37,Summary!$B$3/(Summary!$B$3-(IF(ArtifactsInput!$M$37,-1,1)*Summary!$B$3*(((1-Summary!$B$11)*IFERROR(B2346/Summary!$B$24,1)+Summary!$B$11*IFERROR(B2347/Summary!$B$25,1))-1)+ArtifactsInput!$L$37))*100,(Summary!$B$3+(IF(ArtifactsInput!$M$37,-1,1)*Summary!$B$3*(((1-Summary!$B$11)*IFERROR(B2346/Summary!$B$24,1)+Summary!$B$11*IFERROR(B2347/Summary!$B$25,1))-1)+ArtifactsInput!$L$37))/Summary!$B$3*100) | AD63: =ArtifactsInput!$B$37<>"Not Unlocked" | AE63: =IF(AD63,SUMPRODUCT(($AD$33:$AD$68)*($AC$33:$AC$68>AC63))+COUNTIFS($AD$33:AD63,TRUE,$AC$33:AC63,AC63),"")
A64: =IF(32>COUNTIF($AD$33:$AD$68,TRUE),"",INDEX($AA$33:$AA$68,MATCH(32,$AE$33:$AE$68,0))) | B64: =IF(32>COUNTIF($AD$33:$AD$68,TRUE),"",INDEX($AB$33:$AB$68,MATCH(32,$AE$33:$AE$68,0))) | C64: =IF(32>COUNTIF($AD$33:$AD$68,TRUE),"",INDEX($AC$33:$AC$68,MATCH(32,$AE$33:$AE$68,0))) | AA64: Horn Flute (Equip) | AB64: =(IF(ArtifactsInput!$M$38,-1,1)*Summary!$B$3*(((1-Summary!$B$11)*IFERROR(B2386/Summary!$B$24,1)+Summary!$B$11*IFERROR(B2387/Summary!$B$25,1))-1)+ArtifactsInput!$L$38) | AC64: =IF(ArtifactsInput!$M$38,Summary!$B$3/(Summary!$B$3-(IF(ArtifactsInput!$M$38,-1,1)*Summary!$B$3*(((1-Summary!$B$11)*IFERROR(B2386/Summary!$B$24,1)+Summary!$B$11*IFERROR(B2387/Summary!$B$25,1))-1)+ArtifactsInput!$L$38))*100,(Summary!$B$3+(IF(ArtifactsInput!$M$38,-1,1)*Summary!$B$3*(((1-Summary!$B$11)*IFERROR(B2386/Summary!$B$24,1)+Summary!$B$11*IFERROR(B2387/Summary!$B$25,1))-1)+ArtifactsInput!$L$38))/Summary!$B$3*100) | AD64: =ArtifactsInput!$B$38<>"Not Unlocked" | AE64: =IF(AD64,SUMPRODUCT(($AD$33:$AD$68)*($AC$33:$AC$68>AC64))+COUNTIFS($AD$33:AD64,TRUE,$AC$33:AC64,AC64),"")
A65: =IF(33>COUNTIF($AD$33:$AD$68,TRUE),"",INDEX($AA$33:$AA$68,MATCH(33,$AE$33:$AE$68,0))) | B65: =IF(33>COUNTIF($AD$33:$AD$68,TRUE),"",INDEX($AB$33:$AB$68,MATCH(33,$AE$33:$AE$68,0))) | C65: =IF(33>COUNTIF($AD$33:$AD$68,TRUE),"",INDEX($AC$33:$AC$68,MATCH(33,$AE$33:$AE$68,0))) | AA65: Cursed Doll (Equip) | AB65: =(IF(ArtifactsInput!$M$39,-1,1)*Summary!$B$3*(((1-Summary!$B$11)*IFERROR(B2426/Summary!$B$24,1)+Summary!$B$11*IFERROR(B2427/Summary!$B$25,1))-1)+ArtifactsInput!$L$39) | AC65: =IF(ArtifactsInput!$M$39,Summary!$B$3/(Summary!$B$3-(IF(ArtifactsInput!$M$39,-1,1)*Summary!$B$3*(((1-Summary!$B$11)*IFERROR(B2426/Summary!$B$24,1)+Summary!$B$11*IFERROR(B2427/Summary!$B$25,1))-1)+ArtifactsInput!$L$39))*100,(Summary!$B$3+(IF(ArtifactsInput!$M$39,-1,1)*Summary!$B$3*(((1-Summary!$B$11)*IFERROR(B2426/Summary!$B$24,1)+Summary!$B$11*IFERROR(B2427/Summary!$B$25,1))-1)+ArtifactsInput!$L$39))/Summary!$B$3*100) | AD65: =ArtifactsInput!$B$39<>"Not Unlocked" | AE65: =IF(AD65,SUMPRODUCT(($AD$33:$AD$68)*($AC$33:$AC$68>AC65))+COUNTIFS($AD$33:AD65,TRUE,$AC$33:AC65,AC65),"")
A66: =IF(34>COUNTIF($AD$33:$AD$68,TRUE),"",INDEX($AA$33:$AA$68,MATCH(34,$AE$33:$AE$68,0))) | B66: =IF(34>COUNTIF($AD$33:$AD$68,TRUE),"",INDEX($AB$33:$AB$68,MATCH(34,$AE$33:$AE$68,0))) | C66: =IF(34>COUNTIF($AD$33:$AD$68,TRUE),"",INDEX($AC$33:$AC$68,MATCH(34,$AE$33:$AE$68,0))) | AA66: Reindeer's Spear (Equip) | AB66: =(IF(ArtifactsInput!$M$40,-1,1)*Summary!$B$3*(((1-Summary!$B$11)*IFERROR(B2466/Summary!$B$24,1)+Summary!$B$11*IFERROR(B2467/Summary!$B$25,1))-1)+ArtifactsInput!$L$40) | AC66: =IF(ArtifactsInput!$M$40,Summary!$B$3/(Summary!$B$3-(IF(ArtifactsInput!$M$40,-1,1)*Summary!$B$3*(((1-Summary!$B$11)*IFERROR(B2466/Summary!$B$24,1)+Summary!$B$11*IFERROR(B2467/Summary!$B$25,1))-1)+ArtifactsInput!$L$40))*100,(Summary!$B$3+(IF(ArtifactsInput!$M$40,-1,1)*Summary!$B$3*(((1-Summary!$B$11)*IFERROR(B2466/Summary!$B$24,1)+Summary!$B$11*IFERROR(B2467/Summary!$B$25,1))-1)+ArtifactsInput!$L$40))/Summary!$B$3*100) | AD66: =ArtifactsInput!$B$40<>"Not Unlocked" | AE66: =IF(AD66,SUMPRODUCT(($AD$33:$AD$68)*($AC$33:$AC$68>AC66))+COUNTIFS($AD$33:AD66,TRUE,$AC$33:AC66,AC66),"")
A67: =IF(35>COUNTIF($AD$33:$AD$68,TRUE),"",INDEX($AA$33:$AA$68,MATCH(35,$AE$33:$AE$68,0))) | B67: =IF(35>COUNTIF($AD$33:$AD$68,TRUE),"",INDEX($AB$33:$AB$68,MATCH(35,$AE$33:$AE$68,0))) | C67: =IF(35>COUNTIF($AD$33:$AD$68,TRUE),"",INDEX($AC$33:$AC$68,MATCH(35,$AE$33:$AE$68,0))) | AA67: Secret Map (Equip) | AB67: =(IF(ArtifactsInput!$M$41,-1,1)*Summary!$B$3*(((1-Summary!$B$11)*IFERROR(B2506/Summary!$B$24,1)+Summary!$B$11*IFERROR(B2507/Summary!$B$25,1))-1)+ArtifactsInput!$L$41) | AC67: =IF(ArtifactsInput!$M$41,Summary!$B$3/(Summary!$B$3-(IF(ArtifactsInput!$M$41,-1,1)*Summary!$B$3*(((1-Summary!$B$11)*IFERROR(B2506/Summary!$B$24,1)+Summary!$B$11*IFERROR(B2507/Summary!$B$25,1))-1)+ArtifactsInput!$L$41))*100,(Summary!$B$3+(IF(ArtifactsInput!$M$41,-1,1)*Summary!$B$3*(((1-Summary!$B$11)*IFERROR(B2506/Summary!$B$24,1)+Summary!$B$11*IFERROR(B2507/Summary!$B$25,1))-1)+ArtifactsInput!$L$41))/Summary!$B$3*100) | AD67: =ArtifactsInput!$B$41<>"Not Unlocked" | AE67: =IF(AD67,SUMPRODUCT(($AD$33:$AD$68)*($AC$33:$AC$68>AC67))+COUNTIFS($AD$33:AD67,TRUE,$AC$33:AC67,AC67),"")
A68: =IF(36>COUNTIF($AD$33:$AD$68,TRUE),"",INDEX($AA$33:$AA$68,MATCH(36,$AE$33:$AE$68,0))) | B68: =IF(36>COUNTIF($AD$33:$AD$68,TRUE),"",INDEX($AB$33:$AB$68,MATCH(36,$AE$33:$AE$68,0))) | C68: =IF(36>COUNTIF($AD$33:$AD$68,TRUE),"",INDEX($AC$33:$AC$68,MATCH(36,$AE$33:$AE$68,0))) | AA68: Ring of Cycles (Equip) | AB68: =(IF(ArtifactsInput!$M$42,-1,1)*Summary!$B$3*(((1-Summary!$B$11)*IFERROR(B2546/Summary!$B$24,1)+Summary!$B$11*IFERROR(B2547/Summary!$B$25,1))-1)+ArtifactsInput!$L$42) | AC68: =IF(ArtifactsInput!$M$42,Summary!$B$3/(Summary!$B$3-(IF(ArtifactsInput!$M$42,-1,1)*Summary!$B$3*(((1-Summary!$B$11)*IFERROR(B2546/Summary!$B$24,1)+Summary!$B$11*IFERROR(B2547/Summary!$B$25,1))-1)+ArtifactsInput!$L$42))*100,(Summary!$B$3+(IF(ArtifactsInput!$M$42,-1,1)*Summary!$B$3*(((1-Summary!$B$11)*IFERROR(B2546/Summary!$B$24,1)+Summary!$B$11*IFERROR(B2547/Summary!$B$25,1))-1)+ArtifactsInput!$L$42))/Summary!$B$3*100) | AD68: =ArtifactsInput!$B$42<>"Not Unlocked" | AE68: =IF(AD68,SUMPRODUCT(($AD$33:$AD$68)*($AC$33:$AC$68>AC68))+COUNTIFS($AD$33:AD68,TRUE,$AC$33:AC68,AC68),"")
A71: Stat: Flat STR
A72: Key | B72: Name | C72: Unlocked | D72: InputLevel | E72: Factor | F72: CoefficientPercent | G72: EffectiveHits | H72: ProcProbability | I72: MapleHeroMultiplier | J72: BaseDamage | K72: BaseHitDamage | L72: NonCritAvg | M72: CritAvg | N72: ExpectedDamage(perHit) | O72: DPS | P72: % of Total | Q72: InvCooldown | R72: CastsInFight | S72: HitRate(perSec) | U72: helpers
A73: =Skills!A2 | B73: =Skills!B2 | C73: =Inputs!$B$3>=100 | F73: =U75+Skills!O2 | G73: =Skills!G2*IF(Skills!H2>0,Skills!I2/Skills!H2,1) | H73: =1-(1-Skills!J2/100)^Skills!K2 | I73: 1 | J73: =((Inputs!$B$6*(1+Inputs!$B$7/100))+((((Inputs!$B$12+1)*(1+Inputs!$B$13/100))-(Inputs!$B$12*(1+Inputs!$B$13/100)))+0.25*(Inputs!$B$14-Inputs!$B$14))*(1+Inputs!$B$7/100))*(F73/100) | K73: =J73*(1+(((Inputs!$B$12+1)*(1+Inputs!$B$13/100))*0.01+Inputs!$B$14*0.0025)/100)*(1+Inputs!$B$15/100)*(1+Inputs!$B$16/100)*(5000/(6000+Inputs!$B$42*(1-(Inputs!$B$19+0)/100)))*(1+(Inputs!$B$24+0+B104)/100)*(1+(((1+IF(AND(ArtifactsInput!$M$36,IF(Inputs!$B$38="pvp",TRUE,AND(Inputs!$B$38<>"pvp",Inputs!$B$43>0))),CHOOSE(ArtifactsInput!$N$36+1,8,9.6,11.2,12.8,14.4,16),0)/100)*(1+IF(AND(ArtifactsInput!$M$32,Inputs!$B$4<>"Chapter Hunt"),CHOOSE(ArtifactsInput!$N$32+1,8,9.6,11.2,12.8,14.4,16),0)/100)*(1+IF(AND(ArtifactsInput!$M$38,Inputs!$B$38<>"pvp",Inputs!$B$43>0),CHOOSE(ArtifactsInput!$N$38+1,10,12,14,16,18,20)*(MIN(30,MAX(0,Inputs!$B$43-7))/Inputs!$B$43)*IF(Inputs!$B$4="Chapter Boss",2,1),0)/100)-1)*100+(ArtifactsInput!$M$14-ArtifactsInput!$M$14)*IF(OR(Inputs!$B$4="Weapon Dungeon",Inputs!$B$4="Equipment Dungeon",Inputs!$B$4="Enhancement Dungeon",Inputs!$B$4="EXP Dungeon",Inputs!$B$4="Hero Dungeon"),CHOOSE(ArtifactsInput!$N$14+1,10,12,14,16,18,20),0)+(ArtifactsInput!$M$29-ArtifactsInput!$M$29)*IF(Inputs!$B$38="pvp",CHOOSE(ArtifactsInput!$N$29+1,20,24,28,32,36,40),0)+(ArtifactsInput!$M$39-ArtifactsInput!$M$39)*CHOOSE(ArtifactsInput!$N$39+1,7,8.4,9.8,11.2,12.6,14)+(ArtifactsInput!$M$28-ArtifactsInput!$M$28)*IF(Inputs!$B$4="World Boss",CHOOSE(ArtifactsInput!$N$28+1,20,24,28,32,36,40),0)+(IF(ArtifactsInput!$M$34,MIN(CHOOSE(ArtifactsInput!$N$34+1,10,12,14,16,18,20),MAX(0,(CHOOSE(ArtifactsInput!$N$34+1,0.5,0.6,0.7,0.8,0.9,1)/3)*(Inputs!$B$11-60))),0)-IF(ArtifactsInput!$M$34,MIN(CHOOSE(ArtifactsInput!$N$34+1,10,12,14,16,18,20),MAX(0,(CHOOSE(ArtifactsInput!$N$34+1,0.5,0.6,0.7,0.8,0.9,1)/3)*(Inputs!$B$11-60))),0)))/100)*(1+(IF(Skills!A2="BLAST",Inputs!$B$17+((C92=TRUE)*(F92-Calc!F21))+((IF(AND(Inputs!$B$38<>"pvp",Inputs!$B$43=0),1,IF(IF(Inputs!$B$38="pvp",15,Inputs!$B$43)-(B105)<=0,1,MAX(0,IF(Inputs!$B$38="pvp",15,Inputs!$B$43)-MAX(5,B105))/(IF(Inputs!$B$38="pvp",15,Inputs!$B$43)-(B105))))*(IF(AND(ArtifactsInput!$M$42,((Inputs!$B$9+0+B98+(ArtifactsInput!$M$24-ArtifactsInput!$M$24)*CHOOSE(ArtifactsInput!$N$24+1,10,12,14,16,18,20)+IF(ArtifactsInput!$M$10,CHOOSE(ArtifactsInput!$N$10+1,15,18,21,24,27,30)*(IF(Inputs!$B$38="pvp",MIN(15,15)/15,IF(AND(Inputs!$B$38<>"pvp",Inputs!$B$43>0),MIN(15,Inputs!$B$43)/(Inputs!$B$43),0))),0)))>=100),MIN(100,((Inputs!$B$9+0+B98+(ArtifactsInput!$M$24-ArtifactsInput!$M$24)*CHOOSE(ArtifactsInput!$N$24+1,10,12,14,16,18,20)+IF(ArtifactsInput!$M$10,CHOOSE(ArtifactsInput!$N$10+1,15,18,21,24,27,30)*(IF(Inputs!$B$38="pvp",MIN(15,15)/15,IF(AND(Inputs!$B$38<>"pvp",Inputs!$B$43>0),MIN(15,Inputs!$B$43)/(Inputs!$B$43),0))),0)))-100),0))*CHOOSE(ArtifactsInput!$N$42+1,0.6,0.72,0.84,0.96,1.08,1.2))),Inputs!$B$18+((C94=TRUE)*(F94-Calc!F23))+(IF(AND(Inputs!$B$38<>"pvp",Inputs!$B$43=0),1,IF(IF(Inputs!$B$38="pvp",15,Inputs!$B$43)-(B105)<=0,1,MAX(0,IF(Inputs!$B$38="pvp",15,Inputs!$B$43)-MAX(5,B105))/(IF(Inputs!$B$38="pvp",15,Inputs!$B$43)-(B105))))*IF(AND(ArtifactsInput!$M$42,((Inputs!$B$9+0+B98+(ArtifactsInput!$M$24-ArtifactsInput!$M$24)*CHOOSE(ArtifactsInput!$N$24+1,10,12,14,16,18,20)+IF(ArtifactsInput!$M$10,CHOOSE(ArtifactsInput!$N$10+1,15,18,21,24,27,30)*(IF(Inputs!$B$38="pvp",MIN(15,15)/15,IF(AND(Inputs!$B$38<>"pvp",Inputs!$B$43>0),MIN(15,Inputs!$B$43)/(Inputs!$B$43),0))),0)))>=100),CHOOSE(ArtifactsInput!$N$42+1,40,48,56,64,72,80),0))))/100)*((1+(((C84=TRUE)*F84*MIN(1,Skills!T13*(Skills!J13/100)*B102))+((C89=TRUE)*F89*IF(AND(Inputs!$B$38<>"pvp",Inputs!$B$43>0),(((R89-1)*(Skills!T18*(1+Inputs!$B$34/100))+MIN((Skills!T18*(1+Inputs!$B$34/100)),MAX(0,Inputs!$B$43-((R89-1)*Skills!D18))))/Inputs!$B$43),IF(Inputs!$B$38="pvp",MIN((Skills!T18*(1+Inputs!$B$34/100)),15)/15,(Skills!T18*(1+Inputs!$B$34/100))/Skills!D18)))+0+(IF(ArtifactsInput!$M$21,CHOOSE(ArtifactsInput!$N$21+1,25,30,35,40,45,50)*(IF(OR(Inputs!$B$4="Chapter Hunt",Inputs!$B$4="Breakthrough",Inputs!$B$4="Weapon Dungeon",Inputs!$B$4="Equipment Dungeon",Inputs!$B$4="Enhancement Dungeon",Inputs!$B$4="EXP Dungeon",Inputs!$B$4="Hero Dungeon"),0,IF(OR(Inputs!$B$4="World Boss",Inputs!$B$4="PvP"),1,IF(Inputs!$B$4="Chapter Boss",60/70,0)))),0)+IF(ArtifactsInput!$M$41,CHOOSE(ArtifactsInput!$N$41+1,5,6,7,8,9,10),0)+IF(ArtifactsInput!$M$40,CHOOSE(ArtifactsInput!$N$40+1,5,6,7,8,9,10),0)+IF(ArtifactsInput!$M$37,CHOOSE(ArtifactsInput!$N$37+1,10,12,14,16,18,20),0)+IF(ArtifactsInput!$M$34,CHOOSE(ArtifactsInput!$N$34+1,15,18,21,24,27,30),0)+IF(ArtifactsInput!$M$5,CHOOSE(ArtifactsInput!$N$5+1,10,12,14,16,18,20)*(IF(AND(Inputs!$B$38<>"pvp",Inputs!$B$43=0),0.5,(5*INT(MAX(0,IF(Inputs!$B$38="pvp",15,Inputs!$B$43)-10)/10)+MIN((MAX(0,IF(Inputs!$B$38="pvp",15,Inputs!$B$43)-10)-10*INT(MAX(0,IF(Inputs!$B$38="pvp",15,Inputs!$B$43)-10)/10)),5))/IF(Inputs!$B$38="pvp",15,Inputs!$B$43))),0)))/100)*(1+(IF(ArtifactsInput!$M$11,CHOOSE(ArtifactsInput!$N$11+1,15,18,21,24,27,30)*(IF(AND(Inputs!$B$38<>"pvp",Inputs!$B$43=0),3,IF(IF(Inputs!$B$38="pvp",15,Inputs!$B$43)<=20,0,IF(IF(Inputs!$B$38="pvp",15,Inputs!$B$43)<=40,(IF(Inputs!$B$38="pvp",15,Inputs!$B$43)-20)/(IF(Inputs!$B$38="pvp",15,Inputs!$B$43)),IF(IF(Inputs!$B$38="pvp",15,Inputs!$B$43)<=60,(2*IF(Inputs!$B$38="pvp",15,Inputs!$B$43)-60)/(IF(Inputs!$B$38="pvp",15,Inputs!$B$43)),(3*IF(Inputs!$B$38="pvp",15,Inputs!$B$43)-120)/(IF(Inputs!$B$38="pvp",15,Inputs!$B$43))))))),0))/100)*I73) | L73: =K73*(MIN(Inputs!$B$22+((C93=TRUE)*(F93-Calc!F22)),(Inputs!$B$23+((C95=TRUE)*(F95-Calc!F24))+(IF(ArtifactsInput!$M$15,CHOOSE(ArtifactsInput!$N$15+1,25,30,35,40,45,50)/100*(Inputs!$B$11-Inputs!$B$11),0))))/100+(Inputs!$B$23+((C95=TRUE)*(F95-Calc!F24))+(IF(ArtifactsInput!$M$15,CHOOSE(ArtifactsInput!$N$15+1,25,30,35,40,45,50)/100*(Inputs!$B$11-Inputs!$B$11),0)))/100)/2 | M73: =L73*(1+(Inputs!$B$10+0+B103+(IF(ArtifactsInput!$M$24,CHOOSE(ArtifactsInput!$N$24+1,30,36,42,48,54,60)/100*(Inputs!$B$9-Inputs!$B$9),0)+IF(ArtifactsInput!$M$10,CHOOSE(ArtifactsInput!$N$10+1,20,24,28,32,36,40)*(IF(Inputs!$B$38="pvp",MIN(15,15)/15,IF(AND(Inputs!$B$38<>"pvp",Inputs!$B$43>0),MIN(15,Inputs!$B$43)/(Inputs!$B$43),0))),0)+IF(ArtifactsInput!$M$31,1.5*CHOOSE(ArtifactsInput!$N$31+1,20,24,28,32,36,40),0)))/100) | N73: =L73*(1-MIN((Inputs!$B$9+0+B98+(ArtifactsInput!$M$24-ArtifactsInput!$M$24)*CHOOSE(ArtifactsInput!$N$24+1,10,12,14,16,18,20)+(IF(AND(Inputs!$B$38<>"pvp",Inputs!$B$43=0),1,IF(IF(Inputs!$B$38="pvp",15,Inputs!$B$43)-(B105)<=0,1,MAX(0,IF(Inputs!$B$38="pvp",15,Inputs!$B$43)-MAX(5,B105))/(IF(Inputs!$B$38="pvp",15,Inputs!$B$43)-(B105))))*IF(AND(ArtifactsInput!$M$42,((Inputs!$B$9+0+B98+(ArtifactsInput!$M$24-ArtifactsInput!$M$24)*CHOOSE(ArtifactsInput!$N$24+1,10,12,14,16,18,20)+IF(ArtifactsInput!$M$10,CHOOSE(ArtifactsInput!$N$10+1,15,18,21,24,27,30)*(IF(Inputs!$B$38="pvp",MIN(15,15)/15,IF(AND(Inputs!$B$38<>"pvp",Inputs!$B$43>0),MIN(15,Inputs!$B$43)/(Inputs!$B$43),0))),0)))<100),CHOOSE(ArtifactsInput!$N$42+1,30,36,42,48,54,60),0)+IF(ArtifactsInput!$M$10,CHOOSE(ArtifactsInput!$N$10+1,15,18,21,24,27,30)*(IF(Inputs!$B$38="pvp",MIN(15,15)/15,IF(AND(Inputs!$B$38<>"pvp",Inputs!$B$43>0),MIN(15,Inputs!$B$43)/(Inputs!$B$43),0))),0))),100)/100)+M73*(MIN((Inputs!$B$9+0+B98+(ArtifactsInput!$M$24-ArtifactsInput!$M$24)*CHOOSE(ArtifactsInput!$N$24+1,10,12,14,16,18,20)+(IF(AND(Inputs!$B$38<>"pvp",Inputs!$B$43=0),1,IF(IF(Inputs!$B$38="pvp",15,Inputs!$B$43)-(B105)<=0,1,MAX(0,IF(Inputs!$B$38="pvp",15,Inputs!$B$43)-MAX(5,B105))/(IF(Inputs!$B$38="pvp",15,Inputs!$B$43)-(B105))))*IF(AND(ArtifactsInput!$M$42,((Inputs!$B$9+0+B98+(ArtifactsInput!$M$24-ArtifactsInput!$M$24)*CHOOSE(ArtifactsInput!$N$24+1,10,12,14,16,18,20)+IF(ArtifactsInput!$M$10,CHOOSE(ArtifactsInput!$N$10+1,15,18,21,24,27,30)*(IF(Inputs!$B$38="pvp",MIN(15,15)/15,IF(AND(Inputs!$B$38<>"pvp",Inputs!$B$43>0),MIN(15,Inputs!$B$43)/(Inputs!$B$43),0))),0)))<100),CHOOSE(ArtifactsInput!$N$42+1,30,36,42,48,54,60),0)+IF(ArtifactsInput!$M$10,CHOOSE(ArtifactsInput!$N$10+1,15,18,21,24,27,30)*(IF(Inputs!$B$38="pvp",MIN(15,15)/15,IF(AND(Inputs!$B$38<>"pvp",Inputs!$B$43>0),MIN(15,Inputs!$B$43)/(Inputs!$B$43),0))),0))),100)/100) | O73: =(1-Summary!$B$11)*T73+Summary!$B$11*V73 | P73: =IF(B108=0,0,O73/B108) | Q73: 0 | R73: 0 | S73: =IFERROR(O73/N73,0) | T73: =IF(C73,(Skills!G2*N73*B102)*IF(Inputs!$B$38="pvp",1,1+(Inputs!$B$20+0+Skills!P2+(IF(AND(ArtifactsInput!$M$36,IF(Inputs!$B$38="pvp",TRUE,AND(Inputs!$B$38<>"pvp",Inputs!$B$43>0))),MAX(0,MIN(40,IF(Inputs!$B$38="pvp",15,Inputs!$B$43))-MAX(20,IF(Inputs!$B$4="Breakthrough",20,IF(Inputs!$B$4="Hero Dungeon",30,0))))/(IF(Inputs!$B$38="pvp",15,Inputs!$B$43)-IF(Inputs!$B$4="Breakthrough",20,IF(Inputs!$B$4="Hero Dungeon",30,0)))*CHOOSE(ArtifactsInput!$N$36+1,30,36,42,48,54,60),0)+IF(ArtifactsInput!$M$33,CHOOSE(ArtifactsInput!$N$33+1,10,12,14,16,18,20),0)+(ArtifactsInput!$M$23-ArtifactsInput!$M$23)*CHOOSE(ArtifactsInput!$N$23+1,50,60,70,80,90,100))+(IF(AND(ArtifactsInput!$M$35,Inputs!$B$4<>"Chapter Hunt"),CHOOSE(ArtifactsInput!$N$35+1,15,18,21,24,27,30)*(1-EXP(-(0.2*B100)*5)),0)+IF(AND(ArtifactsInput!$M$22,Inputs!$B$4<>"Chapter Hunt"),CHOOSE(ArtifactsInput!$N$22+1,10,12,14,16,18,20)*((0*(((0.15*B100*5))^0/1)+1*(((0.15*B100*5))^1/1)+2*(((0.15*B100*5))^2/2)+3*(((0.15*B100*5))^3/6)+4*(((0.15*B100*5))^4/24)+5*(((0.15*B100*5))^5/120))/((((0.15*B100*5))^0/1)+(((0.15*B100*5))^1/1)+(((0.15*B100*5))^2/2)+(((0.15*B100*5))^3/6)+(((0.15*B100*5))^4/24)+(((0.15*B100*5))^5/120))),0)+IF(Inputs!$B$3>=44,10*IF(Inputs!$B$38="pvp",MIN((10*(1+Inputs!$B$34/100)),15)/15,(10*(1+Inputs!$B$34/100))/Skills!D4),0)+12*IF(Inputs!$B$38="pvp",MIN((10*(1+Inputs!$B$34/100)),15)/15,(10*(1+Inputs!$B$34/100))/Skills!D5)+IF(Inputs!$B$3>=138,20*IF(Inputs!$B$38="pvp",MIN((10*(1+Inputs!$B$34/100)),15)/15,(10*(1+Inputs!$B$34/100))/Skills!D7),0)))/100)*((((5000/(6000+Inputs!$B$42*(1-(100*(1-(1-(100*(1-(1-(Inputs!$B$19+0)/100)*(1-CHOOSE(ArtifactsInput!$N$40+1,5,6,7,8,9,10)/100)^(ArtifactsInput!$M$40-ArtifactsInput!$M$40)))/100)*(1-IF(ArtifactsInput!$M$40,CHOOSE(ArtifactsInput!$N$40+1,5,6,7,8,9,10),0)/100)^IF(Inputs!$B$38="pvp",1,2)))/100)))/(5000/(6000+Inputs!$B$42*(1-(100*(1-(1-(Inputs!$B$19+0)/100)*(1-CHOOSE(ArtifactsInput!$N$40+1,5,6,7,8,9,10)/100)^(ArtifactsInput!$M$40-ArtifactsInput!$M$40)))/100))))*((L73*(1-MIN(100,(Inputs!$B$9+0+B98+(ArtifactsInput!$M$24-ArtifactsInput!$M$24)*CHOOSE(ArtifactsInput!$N$24+1,10,12,14,16,18,20)+(IF(AND(Inputs!$B$38<>"pvp",Inputs!$B$43=0),1,IF(IF(Inputs!$B$38="pvp",15,Inputs!$B$43)-(B105)<=0,1,MAX(0,IF(Inputs!$B$38="pvp",15,Inputs!$B$43)-MAX(5,B105))/(IF(Inputs!$B$38="pvp",15,Inputs!$B$43)-(B105))))*IF(AND(ArtifactsInput!$M$42,((Inputs!$B$9+0+B98+(ArtifactsInput!$M$24-ArtifactsInput!$M$24)*CHOOSE(ArtifactsInput!$N$24+1,10,12,14,16,18,20)+IF(ArtifactsInput!$M$10,CHOOSE(ArtifactsInput!$N$10+1,15,18,21,24,27,30)*(IF(Inputs!$B$38="pvp",MIN(15,15)/15,IF(AND(Inputs!$B$38<>"pvp",Inputs!$B$43>0),MIN(15,Inputs!$B$43)/(Inputs!$B$43),0))),0)))<100),CHOOSE(ArtifactsInput!$N$42+1,30,36,42,48,54,60),0)+IF(ArtifactsInput!$M$10,CHOOSE(ArtifactsInput!$N$10+1,15,18,21,24,27,30)*(IF(Inputs!$B$38="pvp",MIN(15,15)/15,IF(AND(Inputs!$B$38<>"pvp",Inputs!$B$43>0),MIN(15,Inputs!$B$43)/(Inputs!$B$43),0))),0)))+IF(AND(ArtifactsInput!$M$8,Inputs!$B$38<>"pvp"),CHOOSE(ArtifactsInput!$N$8+1,8,9.6,11.2,12.8,14.4,16),0))/100)+M73*(MIN(100,(Inputs!$B$9+0+B98+(ArtifactsInput!$M$24-ArtifactsInput!$M$24)*CHOOSE(ArtifactsInput!$N$24+1,10,12,14,16,18,20)+(IF(AND(Inputs!$B$38<>"pvp",Inputs!$B$43=0),1,IF(IF(Inputs!$B$38="pvp",15,Inputs!$B$43)-(B105)<=0,1,MAX(0,IF(Inputs!$B$38="pvp",15,Inputs!$B$43)-MAX(5,B105))/(IF(Inputs!$B$38="pvp",15,Inputs!$B$43)-(B105))))*IF(AND(ArtifactsInput!$M$42,((Inputs!$B$9+0+B98+(ArtifactsInput!$M$24-ArtifactsInput!$M$24)*CHOOSE(ArtifactsInput!$N$24+1,10,12,14,16,18,20)+IF(ArtifactsInput!$M$10,CHOOSE(ArtifactsInput!$N$10+1,15,18,21,24,27,30)*(IF(Inputs!$B$38="pvp",MIN(15,15)/15,IF(AND(Inputs!$B$38<>"pvp",Inputs!$B$43>0),MIN(15,Inputs!$B$43)/(Inputs!$B$43),0))),0)))<100),CHOOSE(ArtifactsInput!$N$42+1,30,36,42,48,54,60),0)+IF(ArtifactsInput!$M$10,CHOOSE(ArtifactsInput!$N$10+1,15,18,21,24,27,30)*(IF(Inputs!$B$38="pvp",MIN(15,15)/15,IF(AND(Inputs!$B$38<>"pvp",Inputs!$B$43>0),MIN(15,Inputs!$B$43)/(Inputs!$B$43),0))),0)))+IF(AND(ArtifactsInput!$M$8,Inputs!$B$38<>"pvp"),CHOOSE(ArtifactsInput!$N$8+1,8,9.6,11.2,12.8,14.4,16),0))/100))/(L73*(1-MIN(100,(Inputs!$B$9+0+B98+(ArtifactsInput!$M$24-ArtifactsInput!$M$24)*CHOOSE(ArtifactsInput!$N$24+1,10,12,14,16,18,20)+(IF(AND(Inputs!$B$38<>"pvp",Inputs!$B$43=0),1,IF(IF(Inputs!$B$38="pvp",15,Inputs!$B$43)-(B105)<=0,1,MAX(0,IF(Inputs!$B$38="pvp",15,Inputs!$B$43)-MAX(5,B105))/(IF(Inputs!$B$38="pvp",15,Inputs!$B$43)-(B105))))*IF(AND(ArtifactsInput!$M$42,((Inputs!$B$9+0+B98+(ArtifactsInput!$M$24-ArtifactsInput!$M$24)*CHOOSE(ArtifactsInput!$N$24+1,10,12,14,16,18,20)+IF(ArtifactsInput!$M$10,CHOOSE(ArtifactsInput!$N$10+1,15,18,21,24,27,30)*(IF(Inputs!$B$38="pvp",MIN(15,15)/15,IF(AND(Inputs!$B$38<>"pvp",Inputs!$B$43>0),MIN(15,Inputs!$B$43)/(Inputs!$B$43),0))),0)))<100),CHOOSE(ArtifactsInput!$N$42+1,30,36,42,48,54,60),0)+IF(ArtifactsInput!$M$10,CHOOSE(ArtifactsInput!$N$10+1,15,18,21,24,27,30)*(IF(Inputs!$B$38="pvp",MIN(15,15)/15,IF(AND(Inputs!$B$38<>"pvp",Inputs!$B$43>0),MIN(15,Inputs!$B$43)/(Inputs!$B$43),0))),0))))/100)+M73*(MIN(100,(Inputs!$B$9+0+B98+(ArtifactsInput!$M$24-ArtifactsInput!$M$24)*CHOOSE(ArtifactsInput!$N$24+1,10,12,14,16,18,20)+(IF(AND(Inputs!$B$38<>"pvp",Inputs!$B$43=0),1,IF(IF(Inputs!$B$38="pvp",15,Inputs!$B$43)-(B105)<=0,1,MAX(0,IF(Inputs!$B$38="pvp",15,Inputs!$B$43)-MAX(5,B105))/(IF(Inputs!$B$38="pvp",15,Inputs!$B$43)-(B105))))*IF(AND(ArtifactsInput!$M$42,((Inputs!$B$9+0+B98+(ArtifactsInput!$M$24-ArtifactsInput!$M$24)*CHOOSE(ArtifactsInput!$N$24+1,10,12,14,16,18,20)+IF(ArtifactsInput!$M$10,CHOOSE(ArtifactsInput!$N$10+1,15,18,21,24,27,30)*(IF(Inputs!$B$38="pvp",MIN(15,15)/15,IF(AND(Inputs!$B$38<>"pvp",Inputs!$B$43>0),MIN(15,Inputs!$B$43)/(Inputs!$B$43),0))),0)))<100),CHOOSE(ArtifactsInput!$N$42+1,30,36,42,48,54,60),0)+IF(ArtifactsInput!$M$10,CHOOSE(ArtifactsInput!$N$10+1,15,18,21,24,27,30)*(IF(Inputs!$B$38="pvp",MIN(15,15)/15,IF(AND(Inputs!$B$38<>"pvp",Inputs!$B$43>0),MIN(15,Inputs!$B$43)/(Inputs!$B$43),0))),0))))/100)))*(1+(IF(ArtifactsInput!$M$26,1*CHOOSE(ArtifactsInput!$N$26+1,1,1.2,1.4,1.6,1.8,2),0)+IF(AND(ArtifactsInput!$M$20,OR(Inputs!$B$38="normal",Inputs!$B$38="breakthrough")),CHOOSE(ArtifactsInput!$N$20+1,15,18,21,24,27,30)*(IF((Inputs!$B$43-IF(Inputs!$B$38="breakthrough",IF(Inputs!$B$4="Breakthrough",20,IF(Inputs!$B$4="Hero Dungeon",30,0)),Inputs!$B$43))=0,0,MAX(0,Inputs!$B$43-MAX(MAX(0,Inputs!$B$43-30),IF(Inputs!$B$38="breakthrough",IF(Inputs!$B$4="Breakthrough",20,IF(Inputs!$B$4="Hero Dungeon",30,0)),Inputs!$B$43)))/(Inputs!$B$43-IF(Inputs!$B$38="breakthrough",IF(Inputs!$B$4="Breakthrough",20,IF(Inputs!$B$4="Hero Dungeon",30,0)),Inputs!$B$43)))),0))/100))),0) | U73: =MAX(0,(Inputs!$B$3-100)*3)+Inputs!$B$28+Inputs!$B$29 | V73: =IF(C73,(Skills!G2*N73*B102)*IF(Inputs!$B$38="pvp",1,(1+(Inputs!$B$21+Skills!Q2+(IF(ArtifactsInput!$M$33,CHOOSE(ArtifactsInput!$N$33+1,30,36,42,48,54,60),0))+(IF(AND(ArtifactsInput!$M$35,Inputs!$B$4<>"Chapter Hunt"),CHOOSE(ArtifactsInput!$N$35+1,15,18,21,24,27,30)*(1-EXP(-(0.2*B100)*5)),0)+IF(AND(ArtifactsInput!$M$22,Inputs!$B$4<>"Chapter Hunt"),CHOOSE(ArtifactsInput!$N$22+1,10,12,14,16,18,20)*((0*(((0.15*B100*5))^0/1)+1*(((0.15*B100*5))^1/1)+2*(((0.15*B100*5))^2/2)+3*(((0.15*B100*5))^3/6)+4*(((0.15*B100*5))^4/24)+5*(((0.15*B100*5))^5/120))/((((0.15*B100*5))^0/1)+(((0.15*B100*5))^1/1)+(((0.15*B100*5))^2/2)+(((0.15*B100*5))^3/6)+(((0.15*B100*5))^4/24)+(((0.15*B100*5))^5/120))),0)+IF(Inputs!$B$3>=44,10*IF(Inputs!$B$38="pvp",MIN((10*(1+Inputs!$B$34/100)),15)/15,(10*(1+Inputs!$B$34/100))/Skills!D4),0)+12*IF(Inputs!$B$38="pvp",MIN((10*(1+Inputs!$B$34/100)),15)/15,(10*(1+Inputs!$B$34/100))/Skills!D5)+IF(Inputs!$B$3>=138,20*IF(Inputs!$B$38="pvp",MIN((10*(1+Inputs!$B$34/100)),15)/15,(10*(1+Inputs!$B$34/100))/Skills!D7),0)))/100)*(MIN((6+Inputs!$B$33),Inputs!$B$37)))*((1+(IF(AND(ArtifactsInput!$M$41,Inputs!$B$38<>"pvp"),CHOOSE(ArtifactsInput!$N$41+1,5,6,7,8,9,10)*IF(OR(Inputs!$B$4="Weapon Dungeon",Inputs!$B$4="Equipment Dungeon",Inputs!$B$4="Enhancement Dungeon",Inputs!$B$4="EXP Dungeon",Inputs!$B$4="Hero Dungeon"),3,1),0)+IF(ArtifactsInput!$M$26,10*CHOOSE(ArtifactsInput!$N$26+1,1,1.2,1.4,1.6,1.8,2),0)+IF(AND(ArtifactsInput!$M$20,OR(Inputs!$B$38="normal",Inputs!$B$38="breakthrough")),CHOOSE(ArtifactsInput!$N$20+1,15,18,21,24,27,30)*(IF(OR(Inputs!$B$43=0,IF(Inputs!$B$38="breakthrough",IF(Inputs!$B$4="Breakthrough",20,IF(Inputs!$B$4="Hero Dungeon",30,0)),Inputs!$B$43)=0),0,MAX(0,IF(Inputs!$B$38="breakthrough",IF(Inputs!$B$4="Breakthrough",20,IF(Inputs!$B$4="Hero Dungeon",30,0)),Inputs!$B$43)-MAX(0,Inputs!$B$43-30))/IF(Inputs!$B$38="breakthrough",IF(Inputs!$B$4="Breakthrough",20,IF(Inputs!$B$4="Hero Dungeon",30,0)),Inputs!$B$43))),0))/100)),0)
A74: =Skills!A3 | B74: =Skills!B3 | C74: =Inputs!$B$3>=50 | D74: =IF(Skills!C3=1,60+Inputs!$B$25+Inputs!$B$29,IF(Skills!C3=2,90+Inputs!$B$26+Inputs!$B$29,IF(Skills!C3=3,120+Inputs!$B$27+Inputs!$B$29,MAX(0,(Inputs!$B$3-100)*3)+Inputs!$B$28+Inputs!$B$29))) | E74: =INDEX(FactorTable!$B$2:$Y$301, MATCH(ROUND(MIN(300,MAX(1,D74)),0), FactorTable!$A$2:$A$301,0), Skills!M3+1) | F74: =IF(Skills!N3=TRUE,(Skills!L3/10)*(E74/1000),Skills!L3/10)+Skills!O3 | I74: 1 | U74: =INDEX(FactorTable!$B$2:$Y$301, MATCH(ROUND(MIN(300,MAX(1,U73)),0), FactorTable!$A$2:$A$301,0), 22)
A75: =Skills!A4 | B75: =Skills!B4 | C75: =Inputs!$B$3>=35 | D75: =IF(Skills!C4=1,60+Inputs!$B$25+Inputs!$B$29,IF(Skills!C4=2,90+Inputs!$B$26+Inputs!$B$29,IF(Skills!C4=3,120+Inputs!$B$27+Inputs!$B$29,MAX(0,(Inputs!$B$3-100)*3)+Inputs!$B$28+Inputs!$B$29))) | E75: =INDEX(FactorTable!$B$2:$Y$301, MATCH(ROUND(MIN(300,MAX(1,D75)),0), FactorTable!$A$2:$A$301,0), Skills!M4+1) | F75: =IF(Skills!N4=TRUE,(Skills!L4/10)*(E75/1000),Skills!L4/10)+Skills!O4 | G75: =Skills!G4*IF(Skills!H4>0,Skills!I4/Skills!H4,1) | H75: =1-(1-Skills!J4/100)^Skills!K4 | I75: 1 | J75: =((Inputs!$B$6*(1+Inputs!$B$7/100))+((((Inputs!$B$12+1)*(1+Inputs!$B$13/100))-(Inputs!$B$12*(1+Inputs!$B$13/100)))+0.25*(Inputs!$B$14-Inputs!$B$14))*(1+Inputs!$B$7/100))*(F75/100) | K75: =J75*(1+(((Inputs!$B$12+1)*(1+Inputs!$B$13/100))*0.01+Inputs!$B$14*0.0025)/100)*(1+Inputs!$B$15/100)*(1+Inputs!$B$16/100)*(5000/(6000+Inputs!$B$42*(1-(Inputs!$B$19+0)/100)))*(1+(Inputs!$B$24+0+B104)/100)*(1+(((1+IF(AND(ArtifactsInput!$M$36,IF(Inputs!$B$38="pvp",TRUE,AND(Inputs!$B$38<>"pvp",Inputs!$B$43>0))),CHOOSE(ArtifactsInput!$N$36+1,8,9.6,11.2,12.8,14.4,16),0)/100)*(1+IF(AND(ArtifactsInput!$M$32,Inputs!$B$4<>"Chapter Hunt"),CHOOSE(ArtifactsInput!$N$32+1,8,9.6,11.2,12.8,14.4,16),0)/100)*(1+IF(AND(ArtifactsInput!$M$38,Inputs!$B$38<>"pvp",Inputs!$B$43>0),CHOOSE(ArtifactsInput!$N$38+1,10,12,14,16,18,20)*(MIN(30,MAX(0,Inputs!$B$43-7))/Inputs!$B$43)*IF(Inputs!$B$4="Chapter Boss",2,1),0)/100)-1)*100+(ArtifactsInput!$M$14-ArtifactsInput!$M$14)*IF(OR(Inputs!$B$4="Weapon Dungeon",Inputs!$B$4="Equipment Dungeon",Inputs!$B$4="Enhancement Dungeon",Inputs!$B$4="EXP Dungeon",Inputs!$B$4="Hero Dungeon"),CHOOSE(ArtifactsInput!$N$14+1,10,12,14,16,18,20),0)+(ArtifactsInput!$M$29-ArtifactsInput!$M$29)*IF(Inputs!$B$38="pvp",CHOOSE(ArtifactsInput!$N$29+1,20,24,28,32,36,40),0)+(ArtifactsInput!$M$39-ArtifactsInput!$M$39)*CHOOSE(ArtifactsInput!$N$39+1,7,8.4,9.8,11.2,12.6,14)+(ArtifactsInput!$M$28-ArtifactsInput!$M$28)*IF(Inputs!$B$4="World Boss",CHOOSE(ArtifactsInput!$N$28+1,20,24,28,32,36,40),0)+(IF(ArtifactsInput!$M$34,MIN(CHOOSE(ArtifactsInput!$N$34+1,10,12,14,16,18,20),MAX(0,(CHOOSE(ArtifactsInput!$N$34+1,0.5,0.6,0.7,0.8,0.9,1)/3)*(Inputs!$B$11-60))),0)-IF(ArtifactsInput!$M$34,MIN(CHOOSE(ArtifactsInput!$N$34+1,10,12,14,16,18,20),MAX(0,(CHOOSE(ArtifactsInput!$N$34+1,0.5,0.6,0.7,0.8,0.9,1)/3)*(Inputs!$B$11-60))),0)))/100)*(1+4.0*IF(C83=TRUE,F83,0)/100)*(1+(IF(Skills!A4="BLAST",Inputs!$B$17+((C92=TRUE)*(F92-Calc!F21))+((IF(AND(Inputs!$B$38<>"pvp",Inputs!$B$43=0),1,IF(IF(Inputs!$B$38="pvp",15,Inputs!$B$43)-(B105)<=0,1,MAX(0,IF(Inputs!$B$38="pvp",15,Inputs!$B$43)-MAX(5,B105))/(IF(Inputs!$B$38="pvp",15,Inputs!$B$43)-(B105))))*(IF(AND(ArtifactsInput!$M$42,((Inputs!$B$9+0+B98+(ArtifactsInput!$M$24-ArtifactsInput!$M$24)*CHOOSE(ArtifactsInput!$N$24+1,10,12,14,16,18,20)+IF(ArtifactsInput!$M$10,CHOOSE(ArtifactsInput!$N$10+1,15,18,21,24,27,30)*(IF(Inputs!$B$38="pvp",MIN(15,15)/15,IF(AND(Inputs!$B$38<>"pvp",Inputs!$B$43>0),MIN(15,Inputs!$B$43)/(Inputs!$B$43),0))),0)))>=100),MIN(100,((Inputs!$B$9+0+B98+(ArtifactsInput!$M$24-ArtifactsInput!$M$24)*CHOOSE(ArtifactsInput!$N$24+1,10,12,14,16,18,20)+IF(ArtifactsInput!$M$10,CHOOSE(ArtifactsInput!$N$10+1,15,18,21,24,27,30)*(IF(Inputs!$B$38="pvp",MIN(15,15)/15,IF(AND(Inputs!$B$38<>"pvp",Inputs!$B$43>0),MIN(15,Inputs!$B$43)/(Inputs!$B$43),0))),0)))-100),0))*CHOOSE(ArtifactsInput!$N$42+1,0.6,0.72,0.84,0.96,1.08,1.2))),Inputs!$B$18+((C94=TRUE)*(F94-Calc!F23))+(IF(AND(Inputs!$B$38<>"pvp",Inputs!$B$43=0),1,IF(IF(Inputs!$B$38="pvp",15,Inputs!$B$43)-(B105)<=0,1,MAX(0,IF(Inputs!$B$38="pvp",15,Inputs!$B$43)-MAX(5,B105))/(IF(Inputs!$B$38="pvp",15,Inputs!$B$43)-(B105))))*IF(AND(ArtifactsInput!$M$42,((Inputs!$B$9+0+B98+(ArtifactsInput!$M$24-ArtifactsInput!$M$24)*CHOOSE(ArtifactsInput!$N$24+1,10,12,14,16,18,20)+IF(ArtifactsInput!$M$10,CHOOSE(ArtifactsInput!$N$10+1,15,18,21,24,27,30)*(IF(Inputs!$B$38="pvp",MIN(15,15)/15,IF(AND(Inputs!$B$38<>"pvp",Inputs!$B$43>0),MIN(15,Inputs!$B$43)/(Inputs!$B$43),0))),0)))>=100),CHOOSE(ArtifactsInput!$N$42+1,40,48,56,64,72,80),0))))/100)*((1+(((C84=TRUE)*F84*MIN(1,Skills!T13*(Skills!J13/100)*B102))+((C89=TRUE)*F89*IF(AND(Inputs!$B$38<>"pvp",Inputs!$B$43>0),(((R89-1)*(Skills!T18*(1+Inputs!$B$34/100))+MIN((Skills!T18*(1+Inputs!$B$34/100)),MAX(0,Inputs!$B$43-((R89-1)*Skills!D18))))/Inputs!$B$43),IF(Inputs!$B$38="pvp",MIN((Skills!T18*(1+Inputs!$B$34/100)),15)/15,(Skills!T18*(1+Inputs!$B$34/100))/Skills!D18)))+0+(IF(ArtifactsInput!$M$21,CHOOSE(ArtifactsInput!$N$21+1,25,30,35,40,45,50)*(IF(OR(Inputs!$B$4="Chapter Hunt",Inputs!$B$4="Breakthrough",Inputs!$B$4="Weapon Dungeon",Inputs!$B$4="Equipment Dungeon",Inputs!$B$4="Enhancement Dungeon",Inputs!$B$4="EXP Dungeon",Inputs!$B$4="Hero Dungeon"),0,IF(OR(Inputs!$B$4="World Boss",Inputs!$B$4="PvP"),1,IF(Inputs!$B$4="Chapter Boss",60/70,0)))),0)+IF(ArtifactsInput!$M$41,CHOOSE(ArtifactsInput!$N$41+1,5,6,7,8,9,10),0)+IF(ArtifactsInput!$M$40,CHOOSE(ArtifactsInput!$N$40+1,5,6,7,8,9,10),0)+IF(ArtifactsInput!$M$37,CHOOSE(ArtifactsInput!$N$37+1,10,12,14,16,18,20),0)+IF(ArtifactsInput!$M$34,CHOOSE(ArtifactsInput!$N$34+1,15,18,21,24,27,30),0)+IF(ArtifactsInput!$M$5,CHOOSE(ArtifactsInput!$N$5+1,10,12,14,16,18,20)*(IF(AND(Inputs!$B$38<>"pvp",Inputs!$B$43=0),0.5,(5*INT(MAX(0,IF(Inputs!$B$38="pvp",15,Inputs!$B$43)-10)/10)+MIN((MAX(0,IF(Inputs!$B$38="pvp",15,Inputs!$B$43)-10)-10*INT(MAX(0,IF(Inputs!$B$38="pvp",15,Inputs!$B$43)-10)/10)),5))/IF(Inputs!$B$38="pvp",15,Inputs!$B$43))),0)))/100)*(1+(IF(ArtifactsInput!$M$11,CHOOSE(ArtifactsInput!$N$11+1,15,18,21,24,27,30)*(IF(AND(Inputs!$B$38<>"pvp",Inputs!$B$43=0),3,IF(IF(Inputs!$B$38="pvp",15,Inputs!$B$43)<=20,0,IF(IF(Inputs!$B$38="pvp",15,Inputs!$B$43)<=40,(IF(Inputs!$B$38="pvp",15,Inputs!$B$43)-20)/(IF(Inputs!$B$38="pvp",15,Inputs!$B$43)),IF(IF(Inputs!$B$38="pvp",15,Inputs!$B$43)<=60,(2*IF(Inputs!$B$38="pvp",15,Inputs!$B$43)-60)/(IF(Inputs!$B$38="pvp",15,Inputs!$B$43)),(3*IF(Inputs!$B$38="pvp",15,Inputs!$B$43)-120)/(IF(Inputs!$B$38="pvp",15,Inputs!$B$43))))))),0))/100)*I75) | L75: =K75*(MIN(Inputs!$B$22+((C93=TRUE)*(F93-Calc!F22)),(Inputs!$B$23+((C95=TRUE)*(F95-Calc!F24))+(IF(ArtifactsInput!$M$15,CHOOSE(ArtifactsInput!$N$15+1,25,30,35,40,45,50)/100*(Inputs!$B$11-Inputs!$B$11),0))))/100+(Inputs!$B$23+((C95=TRUE)*(F95-Calc!F24))+(IF(ArtifactsInput!$M$15,CHOOSE(ArtifactsInput!$N$15+1,25,30,35,40,45,50)/100*(Inputs!$B$11-Inputs!$B$11),0)))/100)/2 | M75: =L75*(1+(Inputs!$B$10+0+B103+(IF(ArtifactsInput!$M$24,CHOOSE(ArtifactsInput!$N$24+1,30,36,42,48,54,60)/100*(Inputs!$B$9-Inputs!$B$9),0)+IF(ArtifactsInput!$M$10,CHOOSE(ArtifactsInput!$N$10+1,20,24,28,32,36,40)*(IF(Inputs!$B$38="pvp",MIN(15,15)/15,IF(AND(Inputs!$B$38<>"pvp",Inputs!$B$43>0),MIN(15,Inputs!$B$43)/(Inputs!$B$43),0))),0)+IF(ArtifactsInput!$M$31,1.5*CHOOSE(ArtifactsInput!$N$31+1,20,24,28,32,36,40),0)))/100) | N75: =L75*(1-MIN((Inputs!$B$9+0+B98+(ArtifactsInput!$M$24-ArtifactsInput!$M$24)*CHOOSE(ArtifactsInput!$N$24+1,10,12,14,16,18,20)+(IF(AND(Inputs!$B$38<>"pvp",Inputs!$B$43=0),1,IF(IF(Inputs!$B$38="pvp",15,Inputs!$B$43)-(B105)<=0,1,MAX(0,IF(Inputs!$B$38="pvp",15,Inputs!$B$43)-MAX(5,B105))/(IF(Inputs!$B$38="pvp",15,Inputs!$B$43)-(B105))))*IF(AND(ArtifactsInput!$M$42,((Inputs!$B$9+0+B98+(ArtifactsInput!$M$24-ArtifactsInput!$M$24)*CHOOSE(ArtifactsInput!$N$24+1,10,12,14,16,18,20)+IF(ArtifactsInput!$M$10,CHOOSE(ArtifactsInput!$N$10+1,15,18,21,24,27,30)*(IF(Inputs!$B$38="pvp",MIN(15,15)/15,IF(AND(Inputs!$B$38<>"pvp",Inputs!$B$43>0),MIN(15,Inputs!$B$43)/(Inputs!$B$43),0))),0)))<100),CHOOSE(ArtifactsInput!$N$42+1,30,36,42,48,54,60),0)+IF(ArtifactsInput!$M$10,CHOOSE(ArtifactsInput!$N$10+1,15,18,21,24,27,30)*(IF(Inputs!$B$38="pvp",MIN(15,15)/15,IF(AND(Inputs!$B$38<>"pvp",Inputs!$B$43>0),MIN(15,Inputs!$B$43)/(Inputs!$B$43),0))),0))),100)/100)+M75*(MIN((Inputs!$B$9+0+B98+(ArtifactsInput!$M$24-ArtifactsInput!$M$24)*CHOOSE(ArtifactsInput!$N$24+1,10,12,14,16,18,20)+(IF(AND(Inputs!$B$38<>"pvp",Inputs!$B$43=0),1,IF(IF(Inputs!$B$38="pvp",15,Inputs!$B$43)-(B105)<=0,1,MAX(0,IF(Inputs!$B$38="pvp",15,Inputs!$B$43)-MAX(5,B105))/(IF(Inputs!$B$38="pvp",15,Inputs!$B$43)-(B105))))*IF(AND(ArtifactsInput!$M$42,((Inputs!$B$9+0+B98+(ArtifactsInput!$M$24-ArtifactsInput!$M$24)*CHOOSE(ArtifactsInput!$N$24+1,10,12,14,16,18,20)+IF(ArtifactsInput!$M$10,CHOOSE(ArtifactsInput!$N$10+1,15,18,21,24,27,30)*(IF(Inputs!$B$38="pvp",MIN(15,15)/15,IF(AND(Inputs!$B$38<>"pvp",Inputs!$B$43>0),MIN(15,Inputs!$B$43)/(Inputs!$B$43),0))),0)))<100),CHOOSE(ArtifactsInput!$N$42+1,30,36,42,48,54,60),0)+IF(ArtifactsInput!$M$10,CHOOSE(ArtifactsInput!$N$10+1,15,18,21,24,27,30)*(IF(Inputs!$B$38="pvp",MIN(15,15)/15,IF(AND(Inputs!$B$38<>"pvp",Inputs!$B$43>0),MIN(15,Inputs!$B$43)/(Inputs!$B$43),0))),0))),100)/100) | O75: =(1-Summary!$B$11)*T75+Summary!$B$11*V75 | P75: =IF(B108=0,0,O75/B108) | Q75: =IFERROR(1/(IF(Inputs!$B$38="pvp",15,MAX(0.1,Skills!D4-IF(Skills!E4=TRUE,Inputs!$B$32,0)))*(1-IF(AND(ArtifactsInput!$M$27,Inputs!$B$4="Chapter Hunt"),CHOOSE(ArtifactsInput!$N$27+1,20,24,28,32,36,40),0)/100)),0) | R75: =IF(AND(Inputs!$B$38<>"pvp",Inputs!$B$43>0),IF(MAX(0,Inputs!$B$43-B105)<=0,0,(INT(MAX(0,Inputs!$B$43-B105)/(IF(Inputs!$B$38="pvp",15,MAX(0.1,Skills!D4-IF(Skills!E4=TRUE,Inputs!$B$32,0)))*(1-IF(AND(ArtifactsInput!$M$27,Inputs!$B$4="Chapter Hunt"),CHOOSE(ArtifactsInput!$N$27+1,20,24,28,32,36,40),0)/100)))+1)),0) | S75: =IFERROR(O75/N75,0) | T75: =IF(C75,(H75*N75*IF(AND(Inputs!$B$38<>"pvp",Inputs!$B$43>0),((Skills!G4*((R75-1)*IF(Skills!H4>0,Skills!I4/Skills!H4,1)+IF(Skills!H4>0,MIN(Skills!I4,MAX(0,MAX(0,Inputs!$B$43-B105)-((R75-1)*(IF(Inputs!$B$38="pvp",15,MAX(0.1,Skills!D4-IF(Skills!E4=TRUE,Inputs!$B$32,0)))*(1-IF(AND(ArtifactsInput!$M$27,Inputs!$B$4="Chapter Hunt"),CHOOSE(ArtifactsInput!$N$27+1,20,24,28,32,36,40),0)/100)))))/Skills!H4,1)))/Inputs!$B$43),G75*Q75))*IF(Inputs!$B$38="pvp",1,1+(Inputs!$B$20+0+Skills!P4+(IF(AND(ArtifactsInput!$M$36,IF(Inputs!$B$38="pvp",TRUE,AND(Inputs!$B$38<>"pvp",Inputs!$B$43>0))),MAX(0,MIN(40,IF(Inputs!$B$38="pvp",15,Inputs!$B$43))-MAX(20,IF(Inputs!$B$4="Breakthrough",20,IF(Inputs!$B$4="Hero Dungeon",30,0))))/(IF(Inputs!$B$38="pvp",15,Inputs!$B$43)-IF(Inputs!$B$4="Breakthrough",20,IF(Inputs!$B$4="Hero Dungeon",30,0)))*CHOOSE(ArtifactsInput!$N$36+1,30,36,42,48,54,60),0)+IF(ArtifactsInput!$M$33,CHOOSE(ArtifactsInput!$N$33+1,10,12,14,16,18,20),0)+(ArtifactsInput!$M$23-ArtifactsInput!$M$23)*CHOOSE(ArtifactsInput!$N$23+1,50,60,70,80,90,100))+(IF(AND(ArtifactsInput!$M$35,Inputs!$B$4<>"Chapter Hunt"),CHOOSE(ArtifactsInput!$N$35+1,15,18,21,24,27,30)*(1-EXP(-(0.2*B100)*5)),0)+IF(AND(ArtifactsInput!$M$22,Inputs!$B$4<>"Chapter Hunt"),CHOOSE(ArtifactsInput!$N$22+1,10,12,14,16,18,20)*((0*(((0.15*B100*5))^0/1)+1*(((0.15*B100*5))^1/1)+2*(((0.15*B100*5))^2/2)+3*(((0.15*B100*5))^3/6)+4*(((0.15*B100*5))^4/24)+5*(((0.15*B100*5))^5/120))/((((0.15*B100*5))^0/1)+(((0.15*B100*5))^1/1)+(((0.15*B100*5))^2/2)+(((0.15*B100*5))^3/6)+(((0.15*B100*5))^4/24)+(((0.15*B100*5))^5/120))),0)+IF(Inputs!$B$3>=44,10*IF(Inputs!$B$38="pvp",MIN((10*(1+Inputs!$B$34/100)),15)/15,(10*(1+Inputs!$B$34/100))/Skills!D4),0)+12*IF(Inputs!$B$38="pvp",MIN((10*(1+Inputs!$B$34/100)),15)/15,(10*(1+Inputs!$B$34/100))/Skills!D5)+IF(Inputs!$B$3>=138,20*IF(Inputs!$B$38="pvp",MIN((10*(1+Inputs!$B$34/100)),15)/15,(10*(1+Inputs!$B$34/100))/Skills!D7),0)))/100)*((((5000/(6000+Inputs!$B$42*(1-(100*(1-(1-(100*(1-(1-(Inputs!$B$19+0)/100)*(1-CHOOSE(ArtifactsInput!$N$40+1,5,6,7,8,9,10)/100)^(ArtifactsInput!$M$40-ArtifactsInput!$M$40)))/100)*(1-IF(ArtifactsInput!$M$40,CHOOSE(ArtifactsInput!$N$40+1,5,6,7,8,9,10),0)/100)^IF(Inputs!$B$38="pvp",1,2)))/100)))/(5000/(6000+Inputs!$B$42*(1-(100*(1-(1-(Inputs!$B$19+0)/100)*(1-CHOOSE(ArtifactsInput!$N$40+1,5,6,7,8,9,10)/100)^(ArtifactsInput!$M$40-ArtifactsInput!$M$40)))/100))))*((L75*(1-MIN(100,(Inputs!$B$9+0+B98+(ArtifactsInput!$M$24-ArtifactsInput!$M$24)*CHOOSE(ArtifactsInput!$N$24+1,10,12,14,16,18,20)+(IF(AND(Inputs!$B$38<>"pvp",Inputs!$B$43=0),1,IF(IF(Inputs!$B$38="pvp",15,Inputs!$B$43)-(B105)<=0,1,MAX(0,IF(Inputs!$B$38="pvp",15,Inputs!$B$43)-MAX(5,B105))/(IF(Inputs!$B$38="pvp",15,Inputs!$B$43)-(B105))))*IF(AND(ArtifactsInput!$M$42,((Inputs!$B$9+0+B98+(ArtifactsInput!$M$24-ArtifactsInput!$M$24)*CHOOSE(ArtifactsInput!$N$24+1,10,12,14,16,18,20)+IF(ArtifactsInput!$M$10,CHOOSE(ArtifactsInput!$N$10+1,15,18,21,24,27,30)*(IF(Inputs!$B$38="pvp",MIN(15,15)/15,IF(AND(Inputs!$B$38<>"pvp",Inputs!$B$43>0),MIN(15,Inputs!$B$43)/(Inputs!$B$43),0))),0)))<100),CHOOSE(ArtifactsInput!$N$42+1,30,36,42,48,54,60),0)+IF(ArtifactsInput!$M$10,CHOOSE(ArtifactsInput!$N$10+1,15,18,21,24,27,30)*(IF(Inputs!$B$38="pvp",MIN(15,15)/15,IF(AND(Inputs!$B$38<>"pvp",Inputs!$B$43>0),MIN(15,Inputs!$B$43)/(Inputs!$B$43),0))),0)))+IF(AND(ArtifactsInput!$M$8,Inputs!$B$38<>"pvp"),CHOOSE(ArtifactsInput!$N$8+1,8,9.6,11.2,12.8,14.4,16),0))/100)+M75*(MIN(100,(Inputs!$B$9+0+B98+(ArtifactsInput!$M$24-ArtifactsInput!$M$24)*CHOOSE(ArtifactsInput!$N$24+1,10,12,14,16,18,20)+(IF(AND(Inputs!$B$38<>"pvp",Inputs!$B$43=0),1,IF(IF(Inputs!$B$38="pvp",15,Inputs!$B$43)-(B105)<=0,1,MAX(0,IF(Inputs!$B$38="pvp",15,Inputs!$B$43)-MAX(5,B105))/(IF(Inputs!$B$38="pvp",15,Inputs!$B$43)-(B105))))*IF(AND(ArtifactsInput!$M$42,((Inputs!$B$9+0+B98+(ArtifactsInput!$M$24-ArtifactsInput!$M$24)*CHOOSE(ArtifactsInput!$N$24+1,10,12,14,16,18,20)+IF(ArtifactsInput!$M$10,CHOOSE(ArtifactsInput!$N$10+1,15,18,21,24,27,30)*(IF(Inputs!$B$38="pvp",MIN(15,15)/15,IF(AND(Inputs!$B$38<>"pvp",Inputs!$B$43>0),MIN(15,Inputs!$B$43)/(Inputs!$B$43),0))),0)))<100),CHOOSE(ArtifactsInput!$N$42+1,30,36,42,48,54,60),0)+IF(ArtifactsInput!$M$10,CHOOSE(ArtifactsInput!$N$10+1,15,18,21,24,27,30)*(IF(Inputs!$B$38="pvp",MIN(15,15)/15,IF(AND(Inputs!$B$38<>"pvp",Inputs!$B$43>0),MIN(15,Inputs!$B$43)/(Inputs!$B$43),0))),0)))+IF(AND(ArtifactsInput!$M$8,Inputs!$B$38<>"pvp"),CHOOSE(ArtifactsInput!$N$8+1,8,9.6,11.2,12.8,14.4,16),0))/100))/(L75*(1-MIN(100,(Inputs!$B$9+0+B98+(ArtifactsInput!$M$24-ArtifactsInput!$M$24)*CHOOSE(ArtifactsInput!$N$24+1,10,12,14,16,18,20)+(IF(AND(Inputs!$B$38<>"pvp",Inputs!$B$43=0),1,IF(IF(Inputs!$B$38="pvp",15,Inputs!$B$43)-(B105)<=0,1,MAX(0,IF(Inputs!$B$38="pvp",15,Inputs!$B$43)-MAX(5,B105))/(IF(Inputs!$B$38="pvp",15,Inputs!$B$43)-(B105))))*IF(AND(ArtifactsInput!$M$42,((Inputs!$B$9+0+B98+(ArtifactsInput!$M$24-ArtifactsInput!$M$24)*CHOOSE(ArtifactsInput!$N$24+1,10,12,14,16,18,20)+IF(ArtifactsInput!$M$10,CHOOSE(ArtifactsInput!$N$10+1,15,18,21,24,27,30)*(IF(Inputs!$B$38="pvp",MIN(15,15)/15,IF(AND(Inputs!$B$38<>"pvp",Inputs!$B$43>0),MIN(15,Inputs!$B$43)/(Inputs!$B$43),0))),0)))<100),CHOOSE(ArtifactsInput!$N$42+1,30,36,42,48,54,60),0)+IF(ArtifactsInput!$M$10,CHOOSE(ArtifactsInput!$N$10+1,15,18,21,24,27,30)*(IF(Inputs!$B$38="pvp",MIN(15,15)/15,IF(AND(Inputs!$B$38<>"pvp",Inputs!$B$43>0),MIN(15,Inputs!$B$43)/(Inputs!$B$43),0))),0))))/100)+M75*(MIN(100,(Inputs!$B$9+0+B98+(ArtifactsInput!$M$24-ArtifactsInput!$M$24)*CHOOSE(ArtifactsInput!$N$24+1,10,12,14,16,18,20)+(IF(AND(Inputs!$B$38<>"pvp",Inputs!$B$43=0),1,IF(IF(Inputs!$B$38="pvp",15,Inputs!$B$43)-(B105)<=0,1,MAX(0,IF(Inputs!$B$38="pvp",15,Inputs!$B$43)-MAX(5,B105))/(IF(Inputs!$B$38="pvp",15,Inputs!$B$43)-(B105))))*IF(AND(ArtifactsInput!$M$42,((Inputs!$B$9+0+B98+(ArtifactsInput!$M$24-ArtifactsInput!$M$24)*CHOOSE(ArtifactsInput!$N$24+1,10,12,14,16,18,20)+IF(ArtifactsInput!$M$10,CHOOSE(ArtifactsInput!$N$10+1,15,18,21,24,27,30)*(IF(Inputs!$B$38="pvp",MIN(15,15)/15,IF(AND(Inputs!$B$38<>"pvp",Inputs!$B$43>0),MIN(15,Inputs!$B$43)/(Inputs!$B$43),0))),0)))<100),CHOOSE(ArtifactsInput!$N$42+1,30,36,42,48,54,60),0)+IF(ArtifactsInput!$M$10,CHOOSE(ArtifactsInput!$N$10+1,15,18,21,24,27,30)*(IF(Inputs!$B$38="pvp",MIN(15,15)/15,IF(AND(Inputs!$B$38<>"pvp",Inputs!$B$43>0),MIN(15,Inputs!$B$43)/(Inputs!$B$43),0))),0))))/100)))*(1+(IF(ArtifactsInput!$M$26,1*CHOOSE(ArtifactsInput!$N$26+1,1,1.2,1.4,1.6,1.8,2),0)+IF(AND(ArtifactsInput!$M$20,OR(Inputs!$B$38="normal",Inputs!$B$38="breakthrough")),CHOOSE(ArtifactsInput!$N$20+1,15,18,21,24,27,30)*(IF((Inputs!$B$43-IF(Inputs!$B$38="breakthrough",IF(Inputs!$B$4="Breakthrough",20,IF(Inputs!$B$4="Hero Dungeon",30,0)),Inputs!$B$43))=0,0,MAX(0,Inputs!$B$43-MAX(MAX(0,Inputs!$B$43-30),IF(Inputs!$B$38="breakthrough",IF(Inputs!$B$4="Breakthrough",20,IF(Inputs!$B$4="Hero Dungeon",30,0)),Inputs!$B$43)))/(Inputs!$B$43-IF(Inputs!$B$38="breakthrough",IF(Inputs!$B$4="Breakthrough",20,IF(Inputs!$B$4="Hero Dungeon",30,0)),Inputs!$B$43)))),0))/100))),0) | U75: =290*U74/1000 | V75: =IF(C75,(H75*N75*IF(AND(Inputs!$B$38<>"pvp",Inputs!$B$43>0),((Skills!G4*((R75-1)*IF(Skills!H4>0,Skills!I4/Skills!H4,1)+IF(Skills!H4>0,MIN(Skills!I4,MAX(0,MAX(0,Inputs!$B$43-B105)-((R75-1)*(IF(Inputs!$B$38="pvp",15,MAX(0.1,Skills!D4-IF(Skills!E4=TRUE,Inputs!$B$32,0)))*(1-IF(AND(ArtifactsInput!$M$27,Inputs!$B$4="Chapter Hunt"),CHOOSE(ArtifactsInput!$N$27+1,20,24,28,32,36,40),0)/100)))))/Skills!H4,1)))/Inputs!$B$43),G75*Q75))*IF(Inputs!$B$38="pvp",1,(1+(Inputs!$B$21+Skills!Q4+(IF(ArtifactsInput!$M$33,CHOOSE(ArtifactsInput!$N$33+1,30,36,42,48,54,60),0))+(IF(AND(ArtifactsInput!$M$35,Inputs!$B$4<>"Chapter Hunt"),CHOOSE(ArtifactsInput!$N$35+1,15,18,21,24,27,30)*(1-EXP(-(0.2*B100)*5)),0)+IF(AND(ArtifactsInput!$M$22,Inputs!$B$4<>"Chapter Hunt"),CHOOSE(ArtifactsInput!$N$22+1,10,12,14,16,18,20)*((0*(((0.15*B100*5))^0/1)+1*(((0.15*B100*5))^1/1)+2*(((0.15*B100*5))^2/2)+3*(((0.15*B100*5))^3/6)+4*(((0.15*B100*5))^4/24)+5*(((0.15*B100*5))^5/120))/((((0.15*B100*5))^0/1)+(((0.15*B100*5))^1/1)+(((0.15*B100*5))^2/2)+(((0.15*B100*5))^3/6)+(((0.15*B100*5))^4/24)+(((0.15*B100*5))^5/120))),0)+IF(Inputs!$B$3>=44,10*IF(Inputs!$B$38="pvp",MIN((10*(1+Inputs!$B$34/100)),15)/15,(10*(1+Inputs!$B$34/100))/Skills!D4),0)+12*IF(Inputs!$B$38="pvp",MIN((10*(1+Inputs!$B$34/100)),15)/15,(10*(1+Inputs!$B$34/100))/Skills!D5)+IF(Inputs!$B$3>=138,20*IF(Inputs!$B$38="pvp",MIN((10*(1+Inputs!$B$34/100)),15)/15,(10*(1+Inputs!$B$34/100))/Skills!D7),0)))/100)*(MIN(Skills!R4,Inputs!$B$37)))*((1+(IF(AND(ArtifactsInput!$M$41,Inputs!$B$38<>"pvp"),CHOOSE(ArtifactsInput!$N$41+1,5,6,7,8,9,10)*IF(OR(Inputs!$B$4="Weapon Dungeon",Inputs!$B$4="Equipment Dungeon",Inputs!$B$4="Enhancement Dungeon",Inputs!$B$4="EXP Dungeon",Inputs!$B$4="Hero Dungeon"),3,1),0)+IF(ArtifactsInput!$M$26,10*CHOOSE(ArtifactsInput!$N$26+1,1,1.2,1.4,1.6,1.8,2),0)+IF(AND(ArtifactsInput!$M$20,OR(Inputs!$B$38="normal",Inputs!$B$38="breakthrough")),CHOOSE(ArtifactsInput!$N$20+1,15,18,21,24,27,30)*(IF(OR(Inputs!$B$43=0,IF(Inputs!$B$38="breakthrough",IF(Inputs!$B$4="Breakthrough",20,IF(Inputs!$B$4="Hero Dungeon",30,0)),Inputs!$B$43)=0),0,MAX(0,IF(Inputs!$B$38="breakthrough",IF(Inputs!$B$4="Breakthrough",20,IF(Inputs!$B$4="Hero Dungeon",30,0)),Inputs!$B$43)-MAX(0,Inputs!$B$43-30))/IF(Inputs!$B$38="breakthrough",IF(Inputs!$B$4="Breakthrough",20,IF(Inputs!$B$4="Hero Dungeon",30,0)),Inputs!$B$43))),0))/100)),0)
