Workbook

Sheet README
A1: Fire/Poison Arch Mage — DPS Calculator: How to Use This Workbook
A3: How to use this workbook
A4: Only edit the yellow-highlighted cells on the Inputs sheet — every other sheet is computed from those values and will be overwritten if you rebuild the workbook.
A5: Summary shows Total DPS, a Per-Skill DPS Breakdown (damage-dealing skills only — buffs/passives that never deal their own damage are omitted), and a Marginal DPS & Stat Value table showing the DPS gained per +1 of each stat.
A6: Sensitivity has the full detail behind that marginal-value table — one self-contained block per stat, showing exactly how bumping that stat by +1 changes every downstream number.
A7: CubeData/PotentialCubes model your current gear's Potential Cube lines and drive cube-reroll expected-value decisions. For the full standalone Potential Cube EV calculator (exact optimal-stopping math, works from this workbook alone), see tools/potential_cubes_ev.py in the project repo.
A9: Design decisions & assumptions
A10: Poison/DoT skills (Poison Breath, Poison Mist, Creeping Toxin, Ignite) and Burning Magic/Elemental Decrease assume the target is permanently afflicted at steady state, not an exact on/off timer.
A11: Crit Rate pushed above 100% (e.g. by cube potential lines) automatically redirects its stat-value to Crit Damage's own per-unit DPS value on the PotentialCubes sheet, since excess Crit Rate cannot do anything past 100%.
A12: Buffs (Meditation, Magic Guard, Infinity, Nimble Feet) are modeled at steady-state duty-cycle average uptime, not as an exact moment-to-moment state machine.
A13: Meteor Proc's trigger rate is the combined cast rate of every attack that can trigger it (including Basic Attack), averaged rather than simulated hit-by-hit.
A14: Ifrit is a summon skill (own cooldown/duration/DoT-tick mechanism), not part of the game's separate Companion roster system — its damage is modeled as a real DPS source like any other skill.
... A16: Not modeled (out of scope): crowd control, Accuracy/Evasion/Defense reduction, movement speed, the character's own Defense stat, and Companion Summoning Time (the Companion roster system, unrelated to Ifrit).

Sheet Inputs
A1: Fire/Poison Arch Mage — DPS Calculator Inputs | N1: (none)
C2: Chapter Boss | D2: Breakthrough | E2: PvP | F2: EXP Dungeon | G2: Equipment Dungeon | H2: Weapon Dungeon | I2: Enhancement Dungeon | J2: Hero Dungeon | K2: World Boss | L2: Chapter Hunt | N2: Charm of the Undead
A3: Character Level | B3: 117 | N3: Pig's Ribbon
A4: Content Type | B4: Breakthrough | N4: Shamaness Marble
A5: Chapter-Stage — 'chapter-substage' (e.g. '28-9') for Breakthrough/Chapter Hunt, just the chapter number for Chapter Boss, or just the stage number for Weapon/Equipment/Enhancement/EXP/Hero Dungeon. Not applicable to World Boss/PvP. | B5: =INDEX($C$5:$L$5,MATCH($B$4,$C$2:$L$2,0)) | C5: 36 | D5: 36-6 | F5: 112 | G5: 110 | H5: 112 | I5: 92 | J5: 111 | L5: 36-5 | N5: The Contract of Darkness
A6: Flat ATTACK | B6: =INDEX($C$6:$L$6,MATCH($B$4,$C$2:$L$2,0)) | C6: 972067 | D6: 1030606 | E6: 972067 | F6: 1066466 | G6: 972067 | H6: 1018641 | I6: 972067 | J6: 972067 | K6: 1069391 | L6: 972067 | N6: Rainbow-colored Snail Shell
A7: ATTACK % | B7: =INDEX($C$7:$L$7,MATCH($B$4,$C$2:$L$2,0)) | C7: 32236.6 | D7: 32663.8 | E7: 32236.6 | F7: 32236.6 | G7: 32236.6 | H7: 32236.6 | I7: 32236.6 | J7: 32236.6 | K7: 32236.6 | L7: 32236.6 | N7: Hexagon Necklace
A8: Defense (your own DEF stat; PvP assumes the opponent has the same Defense as you) | B8: =INDEX($C$8:$L$8,MATCH($B$4,$C$2:$L$2,0)) | C8: 54763 | D8: 55812 | E8: 54763 | F8: 54763 | G8: 54763 | H8: 54763 | I8: 54763 | J8: 54763 | K8: 54763 | L8: 54763 | N8: Arwen's Glass Shoes
A9: CRIT_RATE % | B9: =INDEX($C$9:$L$9,MATCH($B$4,$C$2:$L$2,0)) | C9: 172.8 | D9: 191.7 | E9: 172.8 | F9: 177.6 | G9: 172.8 | H9: 153.8 | I9: 172.8 | J9: 172.8 | K9: 146.8 | L9: 172.8 | N9: Mushmom's Cap
A10: CRIT_DAMAGE % | B10: =INDEX($C$10:$L$10,MATCH($B$4,$C$2:$L$2,0)) | C10: 327.6 | D10: 346.9 | E10: 327.6 | F10: 322.9 | G10: 327.6 | H10: 351.3 | I10: 327.6 | J10: 327.6 | K10: 295.8 | L10: 327.6 | N10: Clear Spring Water
A11: ATTACK_SPEED % (base, excludes Nimble Feet) | B11: =INDEX($C$11:$L$11,MATCH($B$4,$C$2:$L$2,0)) | C11: 70 | D11: 69.9 | E11: 70 | F11: 61.5 | G11: 70 | H11: 61.7 | I11: 70 | J11: 70 | K11: 71.9 | L11: 70 | N11: Athena Pierce's Old Gloves
A12: Flat INT | B12: =INDEX($C$12:$L$12,MATCH($B$4,$C$2:$L$2,0)) | C12: 59700 | D12: 64664 | E12: 59700 | F12: 63549 | G12: 59700 | H12: 63549 | I12: 59700 | J12: 59700 | K12: 63234 | L12: 59700 | N12: Zakum's Stone Piece
A13: INT % | B13: =INDEX($C$13:$L$13,MATCH($B$4,$C$2:$L$2,0)) | C13: 248.1 | D13: 253.7 | E13: 248.1 | F13: 243 | G13: 248.1 | H13: 262.3 | I13: 248.1 | J13: 248.1 | K13: 248.3 | L13: 248.1 | N13: Horntail's Scale
A14: LUK | B14: =INDEX($C$14:$L$14,MATCH($B$4,$C$2:$L$2,0)) | C14: 944 | D14: 896 | E14: 944 | F14: 944 | G14: 944 | H14: 944 | I14: 944 | J14: 944 | K14: 944 | L14: 944 | N14: Pink Bean's Giant Rib
A15: DAMAGE % | B15: =INDEX($C$15:$L$15,MATCH($B$4,$C$2:$L$2,0)) | C15: 957.7 | D15: 930.9 | E15: 957.7 | F15: 902 | G15: 957.7 | H15: 904.4 | I15: 957.7 | J15: 957.7 | K15: 912.2 | L15: 957.7 | N15: Chalice
A16: DAMAGE_AMP % | B16: =INDEX($C$16:$L$16,MATCH($B$4,$C$2:$L$2,0)) | C16: 85.7 | D16: 87.6 | E16: 85.7 | F16: 85.7 | G16: 85.7 | H16: 85.7 | I16: 85.7 | J16: 85.7 | K16: 85.7 | L16: 85.7 | N16: Old Music Box
A17: BASIC_ATTACK_DAMAGE % | B17: =INDEX($C$17:$L$17,MATCH($B$4,$C$2:$L$2,0)) | C17: 45.6 | D17: 34.6 | E17: 45.6 | F17: 33.6 | G17: 45.6 | H17: 33.6 | I17: 45.6 | J17: 45.6 | K17: 31.6 | L17: 45.6 | N17: Silver Pendant
A18: SKILL_DAMAGE % | B18: =INDEX($C$18:$L$18,MATCH($B$4,$C$2:$L$2,0)) | C18: 105.4 | D18: 105.4 | E18: 105.4 | F18: 105.4 | G18: 105.4 | H18: 104.6 | I18: 105.4 | J18: 105.4 | K18: 104.6 | L18: 105.4 | N18: Star Rock
A19: DEF_PEN % | B19: =INDEX($C$19:$L$19,MATCH($B$4,$C$2:$L$2,0)) | C19: 49.6 | D19: 44.8 | E19: 49.6 | F19: 45.1 | G19: 49.6 | H19: 41.1 | I19: 49.6 | J19: 49.6 | K19: 66.8 | L19: 49.6 | N19: Book of Ancient
A20: BOSS_DAMAGE % | B20: =INDEX($C$20:$L$20,MATCH($B$4,$C$2:$L$2,0)) | C20: 192.1 | D20: 228.5 | E20: 192.1 | F20: 66 | G20: 192.1 | H20: 379.3 | I20: 192.1 | J20: 192.1 | K20: 248.5 | L20: 192.1 | N20: Lunar Dew
A21: NORMAL_DAMAGE % | B21: =INDEX($C$21:$L$21,MATCH($B$4,$C$2:$L$2,0)) | C21: 223.8 | D21: 214.6 | E21: 223.8 | F21: 356.1 | G21: 223.8 | H21: 72 | I21: 223.8 | J21: 223.8 | K21: 52 | L21: 223.8 | N21: Fire Flower
A22: MIN_DAMAGE % | B22: =INDEX($C$22:$L$22,MATCH($B$4,$C$2:$L$2,0)) | C22: 307.7 | D22: 309.5 | E22: 307.7 | F22: 285.8 | G22: 307.7 | H22: 245.9 | I22: 307.7 | J22: 307.7 | K22: 208.9 | L22: 307.7 | N22: Soul Contract
A23: MAX_DAMAGE % | B23: =INDEX($C$23:$L$23,MATCH($B$4,$C$2:$L$2,0)) | C23: 313.5 | D23: 307.4 | E23: 313.5 | F23: 292.6 | G23: 313.5 | H23: 314.4 | I23: 313.5 | J23: 313.5 | K23: 268.4 | L23: 313.5 | N23: Lit Lamp
A24: FINAL_DAMAGE % (base, excludes Infinity) | B24: =INDEX($C$24:$L$24,MATCH($B$4,$C$2:$L$2,0)) | C24: 91.4 | D24: 104.3 | E24: 91.4 | F24: 134.9 | G24: 91.4 | H24: 133.6 | I24: 91.4 | J24: 91.4 | K24: 97.9 | L24: 91.4 | N24: Soul Pouch
A25: Skill Level Bonus — 1st Job | B25: =INDEX($C$25:$L$25,MATCH($B$4,$C$2:$L$2,0)) | C25: 0 | D25: 12 | E25: 0 | F25: 12 | G25: 0 | H25: 0 | I25: 0 | J25: 0 | K25: 0 | L25: 0 | N25: Ancient Text Piece
A26: Skill Level Bonus — 2nd Job | B26: =INDEX($C$26:$L$26,MATCH($B$4,$C$2:$L$2,0)) | C26: 19 | D26: 13 | E26: 19 | F26: 21 | G26: 19 | H26: 35 | I26: 19 | J26: 19 | K26: 35 | L26: 19 | N26: Icy Soul Rock
A27: Skill Level Bonus — 3rd Job | B27: =INDEX($C$27:$L$27,MATCH($B$4,$C$2:$L$2,0)) | C27: 22 | D27: 9 | E27: 22 | F27: 23 | G27: 22 | H27: 9 | I27: 22 | J27: 22 | K27: 9 | L27: 22 | N27: Flaming Lava
A28: Skill Level Bonus — 4th Job | B28: =INDEX($C$28:$L$28,MATCH($B$4,$C$2:$L$2,0)) | C28: 54 | D28: 45 | E28: 54 | F28: 46 | G28: 54 | H28: 63 | I28: 54 | J28: 54 | K28: 76 | L28: 54 | N28: Sayram's Necklace
A29: Skill Level Bonus — All Skills | B29: =INDEX($C$29:$L$29,MATCH($B$4,$C$2:$L$2,0)) | C29: 55 | D29: 55 | E29: 55 | F29: 55 | G29: 55 | H29: 55 | I29: 55 | J29: 55 | K29: 55 | L29: 55 | N29: Bottle of Emotion
N30: Peach Tree Herb Pouch
A31: Additional Bonuses | N31: Candle
A32: Skill Cooldown Decrease (seconds, only skills/buffs the character actively casts) | B32: =INDEX($C$32:$L$32,MATCH($B$4,$C$2:$L$2,0)) | C32: 0 | D32: 0 | E32: 0 | F32: 0 | G32: 0 | H32: 0 | I32: 0 | J32: 0 | K32: 0 | L32: 0 | N32: Alliance Badge
A33: Basic Attack Target Increase (flat, adds to the 6-target normal-monster base) | B33: =INDEX($C$33:$L$33,MATCH($B$4,$C$2:$L$2,0)) | C33: 6 | D33: 6 | E33: 6 | F33: 6 | G33: 6 | H33: 6 | I33: 6 | J33: 6 | K33: 6 | L33: 6 | N33: Horn Flute
A34: Buff Duration Increase % | B34: =INDEX($C$34:$L$34,MATCH($B$4,$C$2:$L$2,0)) | C34: 20 | D34: 34.5 | E34: 20 | F34: 20 | G34: 20 | H34: 20 | I34: 20 | J34: 20 | K34: 20 | L34: 20 | N34: Cursed Doll
A35: Companion Summoning Time Increase % (companions not modeled — always 0 DPS impact) | B35: =INDEX($C$35:$L$35,MATCH($B$4,$C$2:$L$2,0)) | C35: 0 | D35: 0 | E35: 0 | F35: 0 | G35: 0 | H35: 0 | I35: 0 | J35: 0 | K35: 0 | L35: 0 | N35: Reindeer's Spear
A36: Boss/Normal Emphasis (Breakthrough/Hero Dungeon only) | B36: =INDEX($C$36:$L$36,MATCH($B$4,$C$2:$L$2,0)) | D36: Equal | J36: Equal | N36: Secret Map
A37: Max Enemies Actually In Range (normal-monster content only; default 999 = uncapped) | B37: =INDEX($C$37:$L$37,MATCH($B$4,$C$2:$L$2,0)) | D37: 999 | F37: 999 | G37: 999 | J37: 999 | L37: 999 | N37: Ring of Cycles
A38: Monster Type (auto-computed from Content Type) — computed, do not edit | B38: =IF(Inputs!$B$4="PvP","pvp",IF(OR(Inputs!$B$4="Breakthrough",Inputs!$B$4="Hero Dungeon"),"breakthrough",IF(OR(Inputs!$B$4="EXP Dungeon",Inputs!$B$4="Equipment Dungeon",Inputs!$B$4="Chapter Hunt"),"normal","boss")))
A39: Chapter (parsed from Chapter-Stage) — computed, do not edit | B39: =IFERROR(IF(ISNUMBER(FIND("-",Inputs!$B$5)),VALUE(LEFT(Inputs!$B$5,FIND("-",Inputs!$B$5)-1)),VALUE(Inputs!$B$5)),28)
A40: Stage (parsed from Chapter-Stage) — computed, do not edit | B40: =IFERROR(IF(ISNUMBER(FIND("-",Inputs!$B$5)),VALUE(MID(Inputs!$B$5,FIND("-",Inputs!$B$5)+1,50)),VALUE(Inputs!$B$5)),9)
A41: Breakthrough Global Stage Index (helper) — computed, do not edit | B41: =IF(Inputs!$B$39=28,Inputs!$B$40-9,Inputs!$B$40+14*MAX(0,MIN(Inputs!$B$39-1,38)-28)+19*MAX(0,Inputs!$B$39-39))
A42: Monster Defense (auto-computed from Content Type) — computed, do not edit | B42: =IF(Inputs!$B$4="Chapter Boss",3200+50*(Inputs!$B$39-28),IF(Inputs!$B$4="World Boss",62100,IF(Inputs!$B$4="Weapon Dungeon",Inputs!$B$40*50,IF(Inputs!$B$4="Enhancement Dungeon",950+Inputs!$B$40*50,IF(OR(Inputs!$B$4="EXP Dungeon",Inputs!$B$4="Equipment Dungeon"),250+Inputs!$B$40*50,IF(Inputs!$B$4="Hero Dungeon",650+Inputs!$B$40*50,IF(OR(Inputs!$B$4="Breakthrough",Inputs!$B$4="Chapter Hunt"),4860+20*Inputs!$B$41,Inputs!$B$8)))))))
A43: Fixed Fight Duration (auto-computed from Content Type; 0 = steady-state) — computed, do not edit | B43: =IF(Inputs!$B$4="Chapter Hunt",0,IF(Inputs!$B$4="Weapon Dungeon",22,IF(Inputs!$B$4="Equipment Dungeon",40,IF(Inputs!$B$4="Enhancement Dungeon",25,IF(Inputs!$B$4="Hero Dungeon",50,IF(Inputs!$B$4="EXP Dungeon",40,IF(Inputs!$B$4="World Boss",75,IF(Inputs!$B$4="Chapter Boss",70,IF(Inputs!$B$4="Breakthrough",40,0)))))))))
A44: Boss/Normal Weight % (parsed from Boss/Normal Emphasis) — computed, do not edit | B44: =IF(Inputs!$B$36="More Normal",70,IF(Inputs!$B$36="A Little More Normal",60,IF(Inputs!$B$36="Equal",50,IF(Inputs!$B$36="A Little More Boss",40,IF(Inputs!$B$36="More Boss",30,60)))))
A46: Equipped Artifacts (up to 4)
A47: Slot 1 | B47: =INDEX($C$47:$L$47,MATCH($B$4,$C$2:$L$2,0)) | C47: Book of Ancient | D47: Book of Ancient | E47: Book of Ancient | F47: Book of Ancient | G47: Book of Ancient | H47: Book of Ancient | I47: Book of Ancient | J47: Book of Ancient | K47: Reindeer's Spear | L47: Book of Ancient
A48: Slot 2 | B48: =INDEX($C$48:$L$48,MATCH($B$4,$C$2:$L$2,0)) | C48: (none) | D48: Ring of Cycles | E48: (none) | F48: Ring of Cycles | G48: (none) | H48: Ring of Cycles | I48: (none) | J48: (none) | K48: Ring of Cycles | L48: (none)
A49: Slot 3 | B49: =INDEX($C$49:$L$49,MATCH($B$4,$C$2:$L$2,0)) | C49: (none) | D49: Hexagon Necklace | E49: (none) | F49: Clear Spring Water | G49: (none) | H49: Clear Spring Water | I49: (none) | J49: (none) | K49: Hexagon Necklace | L49: (none)
A50: Slot 4 | B50: =INDEX($C$50:$L$50,MATCH($B$4,$C$2:$L$2,0)) | C50: (none) | D50: Athena Pierce's Old Gloves | E50: (none) | F50: Secret Map | G50: (none) | H50: Hexagon Necklace | I50: (none) | J50: (none) | K50: Old Music Box | L50: (none)

Sheet FactorTable
A1: Level | B1: F0 | C1: F1 | D1: F2 | E1: F3 | F1: F4 | G1: F5 | H1: F6 | I1: F7 | J1: F8 | K1: F9 | L1: F10 | M1: F11 | N1: F12 | O1: F13 | P1: F14 | Q1: F15 | R1: F16 | S1: F17 | T1: F18 | U1: F19 | V1: F20 | W1: F21 | X1: F22 | Y1: F23
A2: 1 | B2: 0 | C2: 1000 | D2: 1000 | E2: 1000 | F2: 1000 | G2: 1000 | H2: 1000 | I2: 1000 | J2: 1000 | K2: 1000 | L2: 1000 | M2: 1000 | N2: 1000 | O2: 1000 | P2: 1000 | Q2: 1000 | R2: 1000 | S2: 1000 | T2: 1000 | U2: 1000 | V2: 1000 | W2: 1000 | X2: 1000 | Y2: 1000
A3: 2 | B3: 0 | C3: 1015 | D3: 1020 | E3: 1030 | F3: 1040 | G3: 1050 | H3: 1060 | I3: 1070 | J3: 1020 | K3: 1020 | L3: 1020 | M3: 1000 | N3: 1010 | O3: 1020 | P3: 1030 | Q3: 1040 | R3: 1050 | S3: 1060 | T3: 1070 | U3: 1080 | V3: 1010 | W3: 1008 | X3: 1006 | Y3: 1100
A4: 3 | B4: 0 | C4: 1031 | D4: 1041 | E4: 1061 | F4: 1082 | G4: 1103 | H4: 1124 | I4: 1145 | J4: 1030 | K4: 1041 | L4: 1030 | M4: 1000 | N4: 1015 | O4: 1030 | P4: 1045 | Q4: 1060 | R4: 1075 | S4: 1090 | T4: 1105 | U4: 1120 | V4: 1020 | W4: 1012 | X4: 1009 | Y4: 1150
A5: 4 | B5: 0 | C5: 1047 | D5: 1062 | E5: 1093 | F5: 1126 | G5: 1159 | H5: 1192 | I5: 1226 | J5: 1040 | K5: 1062 | L5: 1040 | M5: 1000 | N5: 1020 | O5: 1040 | P5: 1060 | Q5: 1080 | R5: 1100 | S5: 1120 | T5: 1140 | U5: 1160 | V5: 1030 | W5: 1016 | X5: 1012 | Y5: 1200
A6: 5 | B6: 0 | C6: 1063 | D6: 1084 | E6: 1126 | F6: 1172 | G6: 1217 | H6: 1264 | I6: 1312 | J6: 1050 | K6: 1084 | L6: 1050 | M6: 1000 | N6: 1025 | O6: 1050 | P6: 1075 | Q6: 1100 | R6: 1125 | S6: 1150 | T6: 1175 | U6: 1200 | V6: 1040 | W6: 1020 | X6: 1015 | Y6: 1250
A7: 6 | B7: 0 | C7: 1079 | D7: 1106 | E7: 1160 | F7: 1219 | G7: 1278 | H7: 1340 | I7: 1404 | J7: 1060 | K7: 1106 | L7: 1060 | M7: 1000 | N7: 1030 | O7: 1060 | P7: 1090 | Q7: 1120 | R7: 1150 | S7: 1180 | T7: 1210 | U7: 1240 | V7: 1050 | W7: 1024 | X7: 1018 | Y7: 1300
A8: 7 | B8: 0 | C8: 1096 | D8: 1129 | E8: 1195 | F8: 1268 | G8: 1342 | H8: 1421 | I8: 1503 | J8: 1070 | K8: 1129 | L8: 1070 | M8: 1000 | N8: 1035 | O8: 1070 | P8: 1105 | Q8: 1140 | R8: 1175 | S8: 1210 | T8: 1245 | U8: 1280 | V8: 1060 | W8: 1028 | X8: 1021 | Y8: 1350
A9: 8 | B9: 0 | C9: 1113 | D9: 1152 | E9: 1231 | F9: 1319 | G9: 1410 | H9: 1507 | I9: 1609 | J9: 1080 | K9: 1152 | L9: 1080 | M9: 1000 | N9: 1040 | O9: 1080 | P9: 1120 | Q9: 1160 | R9: 1200 | S9: 1240 | T9: 1280 | U9: 1320 | V9: 1070 | W9: 1032 | X9: 1024 | Y9: 1400
A10: 9 | B10: 0 | C10: 1130 | D10: 1176 | E10: 1268 | F10: 1372 | G10: 1481 | H10: 1598 | I10: 1722 | J10: 1090 | K10: 1176 | L10: 1090 | M10: 1000 | N10: 1045 | O10: 1090 | P10: 1135 | Q10: 1180 | R10: 1225 | S10: 1270 | T10: 1315 | U10: 1360 | V10: 1080 | W10: 1036 | X10: 1027 | Y10: 1450
A11: 10 | B11: 0 | C11: 1147 | D11: 1200 | E11: 1307 | F11: 1427 | G11: 1556 | H11: 1694 | I11: 1843 | J11: 1100 | K11: 1200 | L11: 1100 | M11: 1000 | N11: 1050 | O11: 1100 | P11: 1150 | Q11: 1200 | R11: 1250 | S11: 1300 | T11: 1350 | U11: 1400 | V11: 1090 | W11: 1040 | X11: 1030 | Y11: 1500
A12: 11 | B12: 0 | C12: 1165 | D12: 1224 | E12: 1347 | F12: 1485 | G12: 1634 | H12: 1796 | I12: 1973 | J12: 1110 | K12: 1224 | L12: 1110 | M12: 1000 | N12: 1055 | O12: 1110 | P12: 1165 | Q12: 1220 | R12: 1275 | S12: 1330 | T12: 1385 | U12: 1440 | V12: 1100 | W12: 1044 | X12: 1033 | Y12: 1550
A13: 12 | B13: 0 | C13: 1183 | D13: 1249 | E13: 1388 | F13: 1545 | G13: 1716 | H13: 1904 | I13: 2112 | J13: 1120 | K13: 1249 | L13: 1120 | M13: 1000 | N13: 1060 | O13: 1120 | P13: 1180 | Q13: 1240 | R13: 1300 | S13: 1360 | T13: 1420 | U13: 1480 | V13: 1110 | W13: 1048 | X13: 1036 | Y13: 1600
... A301: 300 | B301: 0 | C301: 88573 | D301: 381637 | E301: 6991522 | F301: 125363453 | G301: 2185120762 | H301: 37157073039 | I301: 614631863830 | J301: 2000 | K301: 53326 | L301: 2500 | M301: 1100 | N301: 2500 | O301: 4000 | P301: 5500 | Q301: 7000 | R301: 8500 | S301: 10000 | T301: 11500 | U301: 13000 | V301: 7558 | W301: 2200 | X301: 1900 | Y301: 8800

Sheet Skills
A1: Key | B1: Name | C1: JobStep | D1: Element | E1: Cooldown(s) | F1: CostsActionSlot | G1: HitsPerCast | H1: ICD(s) | I1: ActiveWindow(s) | J1: ProcChance% | K1: RollsPerCast | L1: BaseDamage(tenths%) | M1: FactorIndex | N1: ScalesWithLevel | O1: SkillMasteryBonus% | P1: MasteryBossDamage% | Q1: MasteryNormalDamage% | R1: NormalMonsterTargets | S1: BuffTargetStat | T1: BuffDuration(s) | U1: TriggersElementalDecrease | V1: TriggersMeteorProc | W1: MeteorProcTriggersPerCast | X1: MapleHeroBase(tenths%) | Y1: MapleHeroFactorIndex | Z1: Stacks | AA1: Note
A2: BASIC_ATTACK | B2: Basic Attack | C2: 4 | D2: Fire | F2: FALSE | G2: 5 | H2: 0 | I2: 0 | J2: 100 | K2: 1 | N2: TRUE | O2: =SUMPRODUCT((Inputs!$B$3>={102,106,116,120,128,132})*{10,11,12,13,14,15}) | P2: =SUMPRODUCT((Inputs!$B$3>={111,124})*{10,10}) | Q2: 0 | R2: =6+Inputs!$B$33+IF(Inputs!$B$3>=136,1,0) | T2: 0 | U2: FALSE | V2: FALSE | W2: 1 | AA2: 5 lines of damage per attack cycle — 5 independent full-damage hits (HitsPerCast=5), each using the same expected-damage-per-hit; no cooldown, DPS uses Basic Attacks/sec from the action-economy block. Basic Attack Mastery (level-gated sum: +10@102, +11@106, +12@116, +13@120, +14@128, +15@132 — 75% total once every tier is unlocked) and Boss Mastery (level-gated sum: +10@111, +10@124 — 20% total) are just this row's SkillMasteryBonus%/MasteryBossDamage% — same mechanism as every other skill, no separate Inputs-sheet fields. Basic Attack's own cast rate (Summary!Basic Attacks Per Second) is always added into the Meteor Proc trigger rate directly, so it does not need TriggersMeteorProc=TRUE here. Hits 6+Basic Attack Target Increase targets vs normal monsters (confirmed by the user), +1 more once Flame Sweep Strike Count is unlocked at level 136.
A3: IGNITE | B3: Ignite | C3: 2 | E3: 1 | F3: FALSE | G3: 3 | H3: 0 | I3: 0 | J3: 100 | K3: 1 | L3: 130 | M3: 21 | N3: TRUE | O3: 100 | P3: 0 | Q3: 0 | R3: 3 | T3: 0 | U3: FALSE | V3: FALSE | W3: 1 | X3: 500 | Y3: 23 | AA3: 3 walls of fire assumed permanently maintained (max instances). +250% vs Normal Monster not modeled. Skill Mastery: +100% added directly to the coefficient%. Hits 3 targets vs normal monsters.
A4: POISON_BREATH | B4: Poison Breath | C4: 2 | D4: Poison | E4: 18 | F4: TRUE | G4: 3 | H4: 0 | I4: 0 | J4: 100 | K4: 1 | L4: 2000 | M4: 12 | N4: TRUE | O4: 70 | P4: 0 | Q4: 0 | R4: 6 | T4: 0 | U4: TRUE | V4: TRUE | W4: 1 | X4: 800 | Y4: 23 | AA4: Skill Mastery: +70% added directly to the coefficient%. Hits 6 targets vs normal monsters.
A5: ELEMENTAL_DRAIN | B5: Elemental Drain | C5: 2 | E5: 1 | F5: FALSE | G5: 5 | H5: 0 | I5: 0 | J5: 100 | K5: 1 | L5: 120 | M5: 21 | N5: TRUE | O5: 0 | P5: 0 | Q5: 0 | R5: 1 | T5: 0 | U5: FALSE | V5: FALSE | W5: 1 | X5: 1500 | Y5: 23 | AA5: Poison assumed permanently at 5 stacks (max instances).
A6: MEDITATION | B6: Meditation | C6: 2 | E6: 30 | F6: TRUE | G6: 1 | H6: 0 | I6: 0 | J6: 100 | K6: 1 | L6: 200 | M6: 22 | N6: TRUE | O6: 0 | P6: 0 | Q6: 0 | R6: 1 | S6: ATTACK | T6: 19.5 | U6: FALSE | V6: FALSE | W6: 1 | AA6: Buff — averaged Attack% = BaseDamage/10 * Factor/1000 * Duration/Cooldown.
A7: POISON_MIST_BURST | B7: Poison Mist (burst) | C7: 3 | D7: Poison | E7: 24.5 | F7: TRUE | G7: 3 | H7: 0 | I7: 0 | J7: 100 | K7: 1 | L7: 1600 | M7: 12 | N7: TRUE | O7: 50 | P7: 0 | Q7: 0 | R7: 10 | T7: 0 | U7: TRUE | V7: TRUE | W7: 1 | X7: 100 | Y7: 23 | AA7: Skill Mastery: +50% added directly to the coefficient%. (Does not apply to the fog DoT — see that row.) Hits 10 targets vs normal monsters.
A8: POISON_MIST_DOT | B8: Poison Mist (fog DoT) | C8: 3 | D8: Poison | E8: 24.5 | F8: FALSE | G8: 1 | H8: =IF(Inputs!$B$3>=104,0.4,0.8) | I8: 20 | J8: 100 | K8: 1 | L8: 700 | M8: 12 | N8: TRUE | O8: 0 | P8: 0 | Q8: 0 | R8: 10 | T8: 0 | U8: FALSE | V8: FALSE | W8: 1 | X8: 100 | Y8: 23 | AA8: EffectiveHits = 1 * (ActiveWindow/ICD) = duration/tick-interval ticks per cast. Skill Mastery's +50% damage bonus does NOT apply to the fog DoT, only the burst — SkillMasteryBonus% intentionally left at 0 here. Hits 10 targets vs normal monsters, same as the burst. Tick interval is 0.8s below level 104, 0.4s once the level-104 mastery is unlocked.
A9: MIST_ERUPTION | B9: Mist Eruption | C9: 4 | E9: =Skills!E7 | F9: FALSE | G9: =IF(Inputs!$B$38="pvp",0,(1-Summary!$B$11)*(1)+Summary!$B$11*(IF(Inputs!$B$3>=108,4,3))) | H9: 0 | I9: 0 | J9: 100 | K9: 1 | L9: 30000 | M9: 12 | N9: TRUE | O9: =IF(Inputs!$B$3>=122,100,0) | P9: 0 | Q9: 0 | R9: 10 | T9: 0 | U9: FALSE | V9: FALSE | W9: 1 | AA9: A skill of its own — only related to Poison Mist in that it's triggered while the fog is active, so it fires at the same rate as Poison Mist's own cast (Cooldown mirrors Skills!Poison Mist (burst) row's Cooldown live). Vs boss: 1 explosion per Poison Mist cast (when the fog expires, since bosses don't die mid-fog). Vs normal monster: 3 explosions per cast (base), +1 (4 total) once the level-108 mastery is unlocked, hitting 10 targets each. Vs Chapter Breakthrough: weighted average of the boss and normal counts by Inputs!normal_weight_frac. Vs PvP: 0 — it only triggers when the fog naturally expires at the end of its full duration, which never happens within the 15s PvP fight (confirmed by the user). Not affected by Poison Mist's Skill Mastery or Maple Hero bonus (confirmed by the user) — it's jobStep 4, using its own 4th-job skill level, same factorIndex 12. Its own SkillMasteryBonus% is the level-122 mastery (+100% damage), unrelated to Poison Mist's.
A10: CREEPING_TOXIN | B10: Creeping Toxin | C10: 3 | D10: Poison | E10: 27 | F10: TRUE | G10: 2 | H10: 2 | I10: 15 | J10: 100 | K10: 1 | L10: 1200 | M10: 12 | N10: TRUE | O10: 50 | P10: 0 | Q10: 100 | R10: 1 | T10: 0 | U10: TRUE | V10: FALSE | W10: 1 | X10: 100 | Y10: 23 | AA10: Assumes a qualifying Fire-element hit is always available within the 2s ICD window. Skill Mastery: +50% added directly to the coefficient%, plus +100% Normal Monster Damage mastery. Deliberately excluded from Meteor Proc's trigger set (confirmed by the user).
A11: BURNING_MAGIC | B11: Burning Magic | C11: 3 | F11: FALSE | G11: 1 | H11: 0 | I11: 0 | J11: 100 | K11: 1 | L11: 50 | M11: 0 | N11: FALSE | O11: 0 | P11: 0 | Q11: 0 | R11: 1 | T11: 0 | U11: FALSE | V11: FALSE | W11: 1 | Z11: 5 | AA11: Global always-on multiplier: 1 + (BaseDamage/10 * Stacks)/100. Does not scale with level.
A12: ELEMENTAL_DECREASE | B12: Elemental Decrease | C12: 3 | F12: FALSE | G12: 1 | H12: 0 | I12: 0 | J12: 50 | K12: 1 | L12: 120 | M12: 22 | N12: TRUE | O12: 0 | P12: 0 | Q12: 0 | R12: 1 | T12: 7 | U12: FALSE | V12: FALSE | W12: 1 | AA12: Modeled as always-on (flat multiplier, like Burning Magic): at 50% chance per qualifying hit and a 7s duration, it gets reapplied well before it expires, so uptime is treated as 100% (confirmed by the user). ProcChance%/BuffDuration(s) are the real skill values for reference only — they no longer feed the Summary-sheet formula.
A13: METEOR_SHOWER_BURST | B13: Meteor Shower (burst) | C13: 4 | D13: Fire | E13: 33 | F13: TRUE | G13: 9 | H13: 0 | I13: 0 | J13: 100 | K13: 1 | L13: 6000 | M13: 12 | N13: TRUE | O13: =IF(Inputs!$B$3>=134,50,0) | P13: 0 | Q13: 0 | R13: 7 | T13: 0 | U13: TRUE | V13: TRUE | W13: 3 | AA13: 3 meteorites x 3 hits collapsed into one 9-hit burst. Hits 7 targets vs normal monsters. MeteorProcTriggersPerCast=3 (not 1) — each of the 3 meteors is an independent Meteor Proc trigger opportunity even though all 3 land from a single cast (confirmed by the user). Skill Mastery: +50% damage once the level-134 mastery is unlocked.
A14: METEOR_PROC | B14: Meteor Proc (30% on-hit, 1s ICD) | C14: 4 | D14: Fire | F14: FALSE | G14: 1 | H14: 1 | I14: 0 | J14: 30 | K14: 1 | L14: 9500 | M14: 21 | N14: TRUE | O14: 0 | P14: 0 | Q14: 0 | R14: 1 | T14: 0 | U14: FALSE | V14: FALSE | W14: 1 | AA14: A skill of its own, NOT tied to Meteor Shower specifically — every cast of Basic Attack, Poison Breath, Poison Mist (burst), Meteor Shower, or Flame Haze (burst) has an independent 30% chance to trigger this meteor drop, gated by a 1s internal cooldown (ICD(s) column) after each trigger. Steady-state proc rate = (Chance% * R) / (1 + ICD * Chance% * R), where R is the combined cast rate of those qualifying attacks (Summary!B21) — NOT the simple EffectiveHits*ProcProbability/Cooldown pattern every other row uses, since this proc has no cooldown of its own to divide by. Creeping Toxin deliberately excluded from the trigger set. 4th job only.
A15: FLAME_HAZE_BURST | B15: Flame Haze (burst) | C15: 4 | D15: Fire | E15: 25 | F15: TRUE | G15: 3 | H15: 0 | I15: 0 | J15: 100 | K15: 1 | L15: 12000 | M15: 12 | N15: TRUE | O15: 0 | P15: 0 | Q15: 0 | R15: 10 | T15: 0 | U15: TRUE | V15: TRUE | W15: 1 | AA15: Hits 10 targets vs normal monsters.
A16: FLAME_HAZE_DOT | B16: Flame Haze (burn DoT) | C16: 4 | D16: Fire | E16: 25 | F16: FALSE | G16: 1 | H16: 0.5 | I16: =IF(Inputs!$B$38="pvp",10,(1-Summary!$B$11)*(20)+Summary!$B$11*(10)) | J16: 100 | K16: 1 | L16: 1500 | M16: 12 | N16: TRUE | O16: 0 | P16: 0 | Q16: 0 | R16: 10 | T16: 0 | U16: FALSE | V16: FALSE | W16: 1 | AA16: Burn duration is 20s vs boss, 10s vs normal monsters and PvP (confirmed by the user); Chapter Breakthrough blends the two by Inputs!normal_weight_frac. Hits 10 targets vs normal monsters, same as the burst.
A17: MAGIC_GUARD | B17: Magic Guard | C17: 1 | E17: 21 | F17: TRUE | G17: 1 | H17: 0 | I17: 0 | J17: 100 | K17: 1 | L17: 120 | M17: 21 | N17: TRUE | O17: 0 | P17: 0 | Q17: 0 | R17: 1 | S17: ATTACK | T17: 15 | U17: FALSE | V17: FALSE | W17: 1 | AA17: Buff — only the Attack component is modeled (Defense component doesn't affect own damage).
A18: NIMBLE_FEET | B18: Nimble Feet | C18: 1 | E18: 60 | F18: TRUE | G18: 1 | H18: 0 | I18: 0 | J18: 100 | K18: 1 | L18: 150 | M18: 0 | N18: FALSE | O18: 0 | P18: 0 | Q18: 0 | R18: 1 | S18: ATTACK_SPEED | T18: 15 | U18: FALSE | V18: FALSE | W18: 1 | AA18: Buff — flat +15% Attack Speed, does not scale with level (FactorIndex is an unused placeholder here, same as Burning Magic). Averaged into effective Attack Speed before the 150% cap.
A19: INFINITY | B19: Infinity | C19: 4 | E19: 30 | F19: TRUE | G19: 1 | H19: 0 | I19: 0 | J19: 100 | K19: 1 | L19: 216.67 | M19: 21 | N19: TRUE | O19: 0 | P19: 0 | Q19: 0 | R19: 1 | S19: FINAL_DAMAGE | T19: 15 | U19: FALSE | V19: FALSE | W19: 1 | AA19: Ramps +15%->+25% Final Damage over 10s of its 15s duration; time-averaged while active = 21.6667% at factor 1000, now scaled by FactorTable[level][21]/1000 like Magic Guard/Meditation.
A20: MAGIC_CRITICAL_RATE | B20: Magic Critical (Crit Rate) | C20: 3 | F20: FALSE | G20: 1 | H20: 0 | I20: 0 | J20: 100 | K20: 1 | L20: 80 | M20: 22 | N20: TRUE | O20: 0 | P20: 0 | Q20: 0 | R20: 1 | S20: CRIT_RATE | T20: 0 | U20: FALSE | V20: FALSE | W20: 1 | AA20: Passive, always on (3rd job) — no cooldown/duration, not a damage row (Calc columns J-O stay blank/0). Its current contribution is already baked into Inputs!CRIT_RATE% by the user, so this row's own Calc!F value is NOT added to the baseline calculation — it's only used by the Sensitivity sheet to compute the marginal delta (this row's F at the swept level minus this row's F at the current level) when 'Skill Level Bonus — 3rd Job' is the stat being tested.
A21: MAGIC_CRITICAL_DAMAGE | B21: Magic Critical (Crit Damage) | C21: 3 | F21: FALSE | G21: 1 | H21: 0 | I21: 0 | J21: 100 | K21: 1 | L21: 120 | M21: 22 | N21: TRUE | O21: 0 | P21: 0 | Q21: 0 | R21: 1 | S21: CRIT_DAMAGE | T21: 0 | U21: FALSE | V21: FALSE | W21: 1 | AA21: Same mechanism as Magic Critical (Crit Rate) above, targeting CRIT_DAMAGE% instead.
A22: SPELL_MASTERY | B22: Spell Mastery | C22: 2 | F22: FALSE | G22: 1 | H22: 0 | I22: 0 | J22: 100 | K22: 1 | L22: 150 | M22: 22 | N22: TRUE | O22: 0 | P22: 0 | Q22: 0 | R22: 1 | S22: MIN_DAMAGE | T22: 0 | U22: FALSE | V22: FALSE | W22: 1 | AA22: Passive, always on (2nd job) — no cooldown/duration, not a damage row. Its current contribution is already baked into Inputs!MIN_DAMAGE% by the user; this row's Calc!F is only used by the Sensitivity sheet to compute the marginal delta when 'Skill Level Bonus — 2nd Job' is swept.
A23: ELEMENT_AMPLIFICATION | B23: Element Amplification | C23: 4 | F23: FALSE | G23: 1 | H23: 0 | I23: 0 | J23: 100 | K23: 1 | L23: 150 | M23: 22 | N23: TRUE | O23: 0 | P23: 0 | Q23: 0 | R23: 1 | S23: FINAL_DAMAGE | T23: 0 | U23: FALSE | V23: FALSE | W23: 1 | AA23: Passive, always on (4th job) — no cooldown/duration, not a damage row. Unlike the two rows above, this one is NOT reflected anywhere in Inputs, so its current-level value (Calc!F23) is added directly into every hit's Final Damage term in both the main Calc sheet and every Sensitivity block — combined MULTIPLICATIVELY with Inputs!FINAL_DAMAGE% (Final Damage sources always stack as (1+a/100)*(1+b/100), never as (1+(a+b)/100)).
A24: IFRIT | B24: Ifrit | C24: 4 | D24: Fire | E24: 80 | F24: TRUE | G24: 1 | H24: 4 | I24: =IF(Inputs!$B$3>=138,40,30) | J24: 100 | K24: 1 | L24: 35000 | M24: 12 | N24: TRUE | O24: 0 | P24: 0 | Q24: 0 | R24: =IF(Inputs!$B$3>=138,6,3) | T24: 0 | U24: FALSE | V24: FALSE | W24: 1 | AA24: Summon, 80s cooldown. EffectiveHits = HitsPerCast*(ActiveWindow/ICD) — same mechanism as Poison Mist's fog DoT/Flame Haze's burn DoT, no new Calc-sheet machinery needed: attacks every 4s (ICD) for its 30s duration (ActiveWindow), hitting 3 targets vs normal monsters, for the whole 80s cast cycle (Cooldown/InvCooldown). Duration -> 40s and targets -> 6 once the level-138 mastery is unlocked. Deliberately excluded from Meteor Proc's trigger set (confirmed by the user) — it only counts as a trigger source for the level-126 Flame Haze burn-proc mastery (see build_calc_sheet) and for Fervent Drain (via DAMAGE_ROW_KEYS, same as every other non-Basic-Attack skill). Gains a level-130 mastery multiplier (1+20%*Flame Haze burn stacks) — see flame_haze_total_stacks_expr.
A25: BUFF_MASTERY | B25: Buff Mastery | C25: 4 | F25: FALSE | G25: 1 | H25: 0 | I25: 0 | J25: 100 | K25: 1 | L25: 100 | M25: 22 | N25: TRUE | O25: 0 | P25: 0 | Q25: 0 | R25: 1 | T25: 0 | U25: FALSE | V25: FALSE | W25: 1 | AA25: Passive, always on (4th job, unlocked level 117) — no cooldown/duration, not a damage row. Not reflected anywhere in Inputs, so its current value (Calc!F) is added directly into every uptime_fraction_expr call's Buff Duration Increase % term, in both the main Calc sheet and every Sensitivity block (see bdi_with_buff_mastery_expr) — +10% base.
A26: ARCANE_AIM | B26: Arcane Aim | C26: 4 | F26: FALSE | G26: 1 | H26: 0 | I26: 0 | J26: 100 | K26: 1 | L26: 30 | M26: 22 | N26: TRUE | O26: 0 | P26: 0 | Q26: 0 | R26: 1 | T26: 0 | U26: FALSE | V26: FALSE | W26: 1 | AA26: Passive, always on (4th job, unlocked level 120) — no cooldown/duration, not a damage row. 25% chance per attack for +3% Final Damage for 10s, stacking up to 5 times; modeled as always at max 5 stacks (confirmed by the user, same precedent as Burning Magic/Elemental Decrease always-on). Combined MULTIPLICATIVELY into the Final Damage chain as (1+Calc!F/100)^5, alongside Element Amplification — stacks are multiplicative with each other, not additive (1.03^5, not 1+5*0.03).
A27: FERVENT_DRAIN | B27: Fervent Drain | C27: 4 | F27: FALSE | G27: 1 | H27: 0 | I27: 0 | J27: 100 | K27: 1 | L27: 40 | M27: 22 | N27: TRUE | O27: 0 | P27: 0 | Q27: 0 | R27: 1 | T27: 0 | U27: FALSE | V27: FALSE | W27: 1 | AA27: Passive, always on (4th job, unlocked level 125) — no cooldown/duration, not a damage row. +4% fire/poison skill damage per Poison stack on target; reuses Elemental Drain's permanently-5-stacks assumption, so its effective contribution is Calc!F*5. Added additively inside the skill_damage term of the hit-damage formula — confirmed by the user to boost skill damage only, NOT Basic Attack (Flame Sweep), even though it does cover both fire- and poison-element skills otherwise. Structurally excluded from Basic Attack's own term, not just numerically zero.
A28: FLAME_HAZE_FOG | B28: Flame Haze (poison fog DoT) | C28: 4 | D28: Poison | E28: =Skills!E15 | F28: FALSE | G28: 1 | H28: =IF(Inputs!$B$3>=104,0.4,0.8) | I28: 20 | J28: 100 | K28: 1 | L28: 700 | M28: 12 | N28: TRUE | O28: 0 | P28: 0 | Q28: 0 | R28: 10 | T28: 0 | U28: FALSE | V28: FALSE | W28: 1 | AA28: Unlocked level 118: Flame Haze creates a second, fully independent poisonous fog that triggers Poison Mist's DoT mechanic too — same damage/duration/ICD-mastery-gate math as POISON_MIST_DOT, tied to Flame Haze (burst)'s own live Cooldown cell (same live-cross-reference pattern MIST_ERUPTION uses for POISON_MIST_BURST). Independent of the existing Poison Mist fog — both can be active at the same time (confirmed by the user). No Maple Hero bonus (MapleHeroBase blank), matching its jobStep-4 sibling FLAME_HAZE_DOT rather than the jobStep-3 POISON_MIST_DOT.

Sheet Artifacts
A1: Fire/Poison Arch Mage — Artifacts (Equip Effect)
A3: Book of Ancient — Crit Damage (from Crit Rate, reference only) | B3: =IF(ArtifactsInput!$M$24,CHOOSE(ArtifactsInput!$N$24+1,30,36,42,48,54,60)/100*(Inputs!$B$9+B5+B29),0)
A4: Ring of Cycles — Threshold Crit Rate (excl. self) | B4: =Inputs!$B$9+B29
A5: Ring of Cycles — Crit Rate (if threshold < 100%) | B5: =IF(AND(ArtifactsInput!$M$42,B4<100),CHOOSE(ArtifactsInput!$N$42+1,30,36,42,48,54,60),0)
A6: Ring of Cycles — Skill Damage (if threshold >= 100%) | B6: =IF(AND(ArtifactsInput!$M$42,B4>=100),CHOOSE(ArtifactsInput!$N$42+1,40,48,56,64,72,80),0)
A7: Ring of Cycles — Excess-100% Points (capped at 100) | B7: =IF(AND(ArtifactsInput!$M$42,B4>=100),MIN(100,B4-100),0)
A8: Ring of Cycles — Basic Attack Damage (excess points x per-point) | B8: =B7*CHOOSE(ArtifactsInput!$N$42+1,0.6,0.72,0.84,0.96,1.08,1.2)
A9: Candle — Effective Fight Duration | B9: =IF(Inputs!$B$38="pvp",15,Inputs!$B$43)
A10: Candle — Effective Active (fixed-duration or PvP) | B10: =IF(Inputs!$B$38="pvp",TRUE,AND(Inputs!$B$38<>"pvp",Inputs!$B$43>0))
A11: Candle — Final Damage (100% uptime, patched) | B11: =IF(AND(ArtifactsInput!$M$36,B10),CHOOSE(ArtifactsInput!$N$36+1,8,9.6,11.2,12.8,14.4,16),0)
A12: Candle — Boss Monster Damage (20-40s window / boss-present-time uptime, patched) | B12: =IF(AND(ArtifactsInput!$M$36,B10),MAX(0,MIN(40,B9)-MAX(20,B41))/(B9-B41)*CHOOSE(ArtifactsInput!$N$36+1,30,36,42,48,54,60),0)
A13: Peach Tree Herb Pouch — Proc Rate (per second) | B13: =0.2*Summary!$B$17
A14: Peach Tree Herb Pouch — Uptime (refreshing 5s timer) | B14: =1-EXP(-B13*5)
A15: Peach Tree Herb Pouch — Enemy Damage Taken | B15: =IF(AND(ArtifactsInput!$M$35,Inputs!$B$4<>"Chapter Hunt"),CHOOSE(ArtifactsInput!$N$35+1,15,18,21,24,27,30)*B14,0)
A16: Silver Pendant — Offered Load (rho = lambda x duration) | B16: =0.15*Summary!$B$17*5
A17: Silver Pendant — Erlang Loss Weight (n=0) | B17: =B16^0/1
A18: Silver Pendant — Erlang Loss Weight (n=1) | B18: =B16^1/1
A19: Silver Pendant — Erlang Loss Weight (n=2) | B19: =B16^2/2
A20: Silver Pendant — Erlang Loss Weight (n=3) | B20: =B16^3/6
A21: Silver Pendant — Erlang Loss Weight (n=4) | B21: =B16^4/24
A22: Silver Pendant — Erlang Loss Weight (n=5) | B22: =B16^5/120
A23: Silver Pendant — Average Stacks (Erlang-loss mean) | B23: =(0*B17+1*B18+2*B19+3*B20+4*B21+5*B22)/(B17+B18+B19+B20+B21+B22)
A24: Silver Pendant — Enemy Damage Taken | B24: =IF(AND(ArtifactsInput!$M$22,Inputs!$B$4<>"Chapter Hunt"),CHOOSE(ArtifactsInput!$N$22+1,10,12,14,16,18,20)*B23,0)
A25: Athena Pierce's Old Gloves — Max Damage (from Attack Speed, reference only) | B25: =IF(ArtifactsInput!$M$15,CHOOSE(ArtifactsInput!$N$15+1,25,30,35,40,45,50)/100*Inputs!$B$11,0)
A26: Hexagon Necklace — Average Stacks | B26: =IF(AND(Inputs!$B$38<>"pvp",Inputs!$B$43=0),3,IF(IF(Inputs!$B$38="pvp",15,Inputs!$B$43)<=20,0,IF(IF(Inputs!$B$38="pvp",15,Inputs!$B$43)<=40,(IF(Inputs!$B$38="pvp",15,Inputs!$B$43)-20)/IF(Inputs!$B$38="pvp",15,Inputs!$B$43),IF(IF(Inputs!$B$38="pvp",15,Inputs!$B$43)<=60,(2*IF(Inputs!$B$38="pvp",15,Inputs!$B$43)-60)/IF(Inputs!$B$38="pvp",15,Inputs!$B$43),(3*IF(Inputs!$B$38="pvp",15,Inputs!$B$43)-120)/IF(Inputs!$B$38="pvp",15,Inputs!$B$43)))))
A27: Hexagon Necklace — Damage % | B27: =IF(ArtifactsInput!$M$11,CHOOSE(ArtifactsInput!$N$11+1,15,18,21,24,27,30)*B26,0)
A28: Rainbow-colored Snail Shell — Uptime (0-15s window) | B28: =IF(Inputs!$B$38="pvp",MIN(15,15)/15,IF(AND(Inputs!$B$38<>"pvp",Inputs!$B$43>0),MIN(15,Inputs!$B$43)/Inputs!$B$43,0))
A29: Rainbow-colored Snail Shell — Crit Rate | B29: =IF(ArtifactsInput!$M$10,CHOOSE(ArtifactsInput!$N$10+1,15,18,21,24,27,30)*B28,0)
A30: Rainbow-colored Snail Shell — Crit Damage | B30: =IF(ArtifactsInput!$M$10,CHOOSE(ArtifactsInput!$N$10+1,20,24,28,32,36,40)*B28,0)
A32: TOTAL — Artifact Crit Rate Bonus | B32: =B5+B29
A33: TOTAL — Artifact Crit Damage Bonus | B33: =B30+B47
A34: TOTAL — Artifact Final Damage Bonus (equivalent %, each real source combines MULTIPLICATIVELY — Candle x Flaming Lava x Horn Flute, not summed) | B34: =((1+B11/100)*(1+B46/100)*(1+B55/100)-1)*100
A35: TOTAL — Artifact Boss Monster Damage Bonus | B35: =B12+B60
A36: TOTAL — Artifact Enemy Damage Taken Bonus | B36: =B15+B24
A38: TOTAL — Artifact Damage Bonus (own separate final multiplier, like Magic Guard/Meditation's Average Buff Multiplier — not blended into Inputs!DAMAGE%) | B38: =B27
A39: TOTAL — Artifact Skill Damage Bonus | B39: =B6
A40: TOTAL — Artifact Basic Attack Damage Bonus | B40: =B8
A41: Candle — Boss Appear Time (Breakthrough/Hero Dungeon only) | B41: =IF(Inputs!$B$4="Breakthrough",20,IF(Inputs!$B$4="Hero Dungeon",30,0))
A42: Clear Spring Water — Final Damage (reference only, Growth Dungeon types) | B42: =IF(AND(ArtifactsInput!$M$14,OR(Inputs!$B$4="Weapon Dungeon",Inputs!$B$4="Equipment Dungeon",Inputs!$B$4="Enhancement Dungeon",Inputs!$B$4="EXP Dungeon",Inputs!$B$4="Hero Dungeon")),CHOOSE(ArtifactsInput!$N$14+1,10,12,14,16,18,20),0)
A43: Old Music Box — Attack % (content-type uptime assumption) | B43: =IF(ArtifactsInput!$M$21,CHOOSE(ArtifactsInput!$N$21+1,25,30,35,40,45,50)*(IF(OR(Inputs!$B$4="Chapter Hunt",Inputs!$B$4="Breakthrough",Inputs!$B$4="Weapon Dungeon",Inputs!$B$4="Equipment Dungeon",Inputs!$B$4="Enhancement Dungeon",Inputs!$B$4="EXP Dungeon",Inputs!$B$4="Hero Dungeon"),0,IF(OR(Inputs!$B$4="World Boss",Inputs!$B$4="PvP"),1,IF(Inputs!$B$4="Chapter Boss",60/70,0)))),0)
A44: Soul Contract — Skill Cooldown Decrease % (Chapter Hunt only) | B44: =IF(AND(ArtifactsInput!$M$27,Inputs!$B$4="Chapter Hunt"),CHOOSE(ArtifactsInput!$N$27+1,20,24,28,32,36,40),0)
A45: Soul Pouch — Final Damage (reference only, PvP/"Arena") | B45: =IF(AND(ArtifactsInput!$M$29,Inputs!$B$38="pvp"),CHOOSE(ArtifactsInput!$N$29+1,20,24,28,32,36,40),0)
A46: Flaming Lava — Final Damage (always assumes target is debuffed) | B46: =IF(AND(ArtifactsInput!$M$32,Inputs!$B$4<>"Chapter Hunt"),CHOOSE(ArtifactsInput!$N$32+1,8,9.6,11.2,12.8,14.4,16),0)
A47: Icy Soul Rock — Crit Damage (1.5x-averaged, MP not modeled) | B47: =IF(ArtifactsInput!$M$31,1.5*CHOOSE(ArtifactsInput!$N$31+1,20,24,28,32,36,40),0)
A48: Secret Map — Attack % | B48: =IF(ArtifactsInput!$M$41,CHOOSE(ArtifactsInput!$N$41+1,5,6,7,8,9,10),0)
A49: Secret Map — Final Damage (normal-monster branch only) | B49: =IF(AND(ArtifactsInput!$M$41,Inputs!$B$38<>"pvp"),CHOOSE(ArtifactsInput!$N$41+1,5,6,7,8,9,10)*IF(OR(Inputs!$B$4="Weapon Dungeon",Inputs!$B$4="Equipment Dungeon",Inputs!$B$4="Enhancement Dungeon",Inputs!$B$4="EXP Dungeon",Inputs!$B$4="Hero Dungeon"),3,1),0)
A50: Reindeer's Spear — Attack % | B50: =IF(ArtifactsInput!$M$40,CHOOSE(ArtifactsInput!$N$40+1,5,6,7,8,9,10),0)
A51: Reindeer's Spear — Base (1x) Defense Penetration (reference only) | B51: =IF(ArtifactsInput!$M$40,CHOOSE(ArtifactsInput!$N$40+1,5,6,7,8,9,10),0)
A52: TOTAL — Artifact Attack % Bonus (Old Music Box/Secret Map/Reindeer's Spear/Alliance Badge/Bottle of Emotion/Charm of the Undead — additive into the same bucket as Magic Guard/Meditation's Average Buff Multiplier) | B52: =B43+B48+B50+B58+B56+B71
A53: TOTAL — Artifact Final Damage Bonus, NORMAL-MONSTER BRANCH ONLY (Secret Map/Fire Flower/Chalice) | B53: =B49+B62+B65
A54: Cursed Doll — Final Damage (reference only) | B54: =IF(ArtifactsInput!$M$39,CHOOSE(ArtifactsInput!$N$39+1,7,8.4,9.8,11.2,12.6,14),0)
A55: Horn Flute — Final Damage (character's own portion only) | B55: =IF(AND(ArtifactsInput!$M$38,Inputs!$B$38<>"pvp",Inputs!$B$43>0),CHOOSE(ArtifactsInput!$N$38+1,10,12,14,16,18,20)*(MIN(30,MAX(0,Inputs!$B$43-7))/Inputs!$B$43)*IF(Inputs!$B$4="Chapter Boss",2,1),0)
A56: Bottle of Emotion — Attack % | B56: =IF(ArtifactsInput!$M$34,CHOOSE(ArtifactsInput!$N$34+1,15,18,21,24,27,30),0)
A57: Bottle of Emotion — Final Damage from Attack Speed (reference only) | B57: =IF(ArtifactsInput!$M$34,MIN(CHOOSE(ArtifactsInput!$N$34+1,10,12,14,16,18,20),MAX(0,(CHOOSE(ArtifactsInput!$N$34+1,0.5,0.6,0.7,0.8,0.9,1)/3)*(Inputs!$B$11-60))),0)
A58: Alliance Badge — Attack % | B58: =IF(ArtifactsInput!$M$37,CHOOSE(ArtifactsInput!$N$37+1,10,12,14,16,18,20),0)
A59: Sayram's Necklace — Normal Monster Damage | B59: =IF(ArtifactsInput!$M$33,CHOOSE(ArtifactsInput!$N$33+1,30,36,42,48,54,60),0)
A60: Sayram's Necklace — Boss Monster Damage | B60: =IF(ArtifactsInput!$M$33,CHOOSE(ArtifactsInput!$N$33+1,10,12,14,16,18,20),0)
A61: Lit Lamp — Final Damage (reference only, World Boss) | B61: =IF(AND(ArtifactsInput!$M$28,Inputs!$B$4="World Boss"),CHOOSE(ArtifactsInput!$N$28+1,20,24,28,32,36,40),0)
A62: Fire Flower — Final Damage (normal-monster branch, 10 targets assumed) | B62: =IF(ArtifactsInput!$M$26,10*CHOOSE(ArtifactsInput!$N$26+1,1,1.2,1.4,1.6,1.8,2),0)
A63: Fire Flower — Final Damage (boss/PvP branch, 1 target assumed) | B63: =IF(ArtifactsInput!$M$26,1*CHOOSE(ArtifactsInput!$N$26+1,1,1.2,1.4,1.6,1.8,2),0)
A64: Star Rock — Boss Monster Damage (reference only) | B64: =IF(ArtifactsInput!$M$23,CHOOSE(ArtifactsInput!$N$23+1,50,60,70,80,90,100),0)
A65: Chalice — Final Damage (normal-monster branch) | B65: =IF(AND(ArtifactsInput!$M$20,OR(Inputs!$B$38="normal",Inputs!$B$38="breakthrough")),CHOOSE(ArtifactsInput!$N$20+1,15,18,21,24,27,30)*(IF(OR(Inputs!$B$43=0,IF(Inputs!$B$38="breakthrough",IF(Inputs!$B$4="Breakthrough",20,IF(Inputs!$B$4="Hero Dungeon",30,0)),Inputs!$B$43)=0),0,MAX(0,IF(Inputs!$B$38="breakthrough",IF(Inputs!$B$4="Breakthrough",20,IF(Inputs!$B$4="Hero Dungeon",30,0)),Inputs!$B$43)-MAX(0,Inputs!$B$43-30))/IF(Inputs!$B$38="breakthrough",IF(Inputs!$B$4="Breakthrough",20,IF(Inputs!$B$4="Hero Dungeon",30,0)),Inputs!$B$43))),0)
A66: Chalice — Final Damage (boss branch) | B66: =IF(AND(ArtifactsInput!$M$20,OR(Inputs!$B$38="normal",Inputs!$B$38="breakthrough")),CHOOSE(ArtifactsInput!$N$20+1,15,18,21,24,27,30)*(IF((Inputs!$B$43-IF(Inputs!$B$38="breakthrough",IF(Inputs!$B$4="Breakthrough",20,IF(Inputs!$B$4="Hero Dungeon",30,0)),Inputs!$B$43))=0,0,MAX(0,Inputs!$B$43-MAX(MAX(0,Inputs!$B$43-30),IF(Inputs!$B$38="breakthrough",IF(Inputs!$B$4="Breakthrough",20,IF(Inputs!$B$4="Hero Dungeon",30,0)),Inputs!$B$43)))/(Inputs!$B$43-IF(Inputs!$B$38="breakthrough",IF(Inputs!$B$4="Breakthrough",20,IF(Inputs!$B$4="Hero Dungeon",30,0)),Inputs!$B$43)))),0)
A69: The Contract of Darkness — Crit Rate (boss branch only) | B69: =IF(AND(ArtifactsInput!$M$8,Inputs!$B$38<>"pvp"),CHOOSE(ArtifactsInput!$N$8+1,8,9.6,11.2,12.8,14.4,16),0)
A70: Shamaness Marble — Buff Duration Increase % (reference only) | B70: =IF(ArtifactsInput!$M$7,CHOOSE(ArtifactsInput!$N$7+1,6,7.2,8.4,9.6,10.8,12),0)
A71: Charm of the Undead — Attack % (periodic uptime) | B71: =IF(ArtifactsInput!$M$5,CHOOSE(ArtifactsInput!$N$5+1,10,12,14,16,18,20)*(IF(AND(Inputs!$B$38<>"pvp",Inputs!$B$43=0),0.5,(5*INT(MAX(0,IF(Inputs!$B$38="pvp",15,Inputs!$B$43)-10)/10)+MIN((MAX(0,IF(Inputs!$B$38="pvp",15,Inputs!$B$43)-10)-10*INT(MAX(0,IF(Inputs!$B$38="pvp",15,Inputs!$B$43)-10)/10)),5))/IF(Inputs!$B$38="pvp",15,Inputs!$B$43))),0)
A72: Ancient Text Piece — always 0 (Guild Conquest not modeled) | B72: 0
A73: Lunar Dew — always 0 (no attacking effect) | B73: 0
A74: Pink Bean's Giant Rib — always 0 (raid content not modeled) | B74: 0
A75: Horntail's Scale — always 0 (raid content not modeled) | B75: 0
A76: Zakum's Stone Piece — always 0 (raid content not modeled) | B76: 0
A77: Mushmom's Cap — always 0 (Accuracy-vs-Evasion not modeled) | B77: 0
A78: Arwen's Glass Shoes — always 0 (companions not modeled) | B78: 0
A79: Pig's Ribbon — always 0 (no attacking effect) | B79: 0
A80: TOTAL — Artifact Normal Monster Damage Bonus | B80: =B59
A81: TOTAL — Artifact Final Damage Bonus, BOSS BRANCH ONLY (Fire Flower/Chalice) | B81: =B63+B66

Sheet Calc
A1: Key | B1: Name | C1: Unlocked | D1: InputLevel | E1: Factor | F1: CoefficientPercent | G1: EffectiveHits | H1: ProcProbability | I1: MapleHeroMultiplier | J1: BaseDamage | K1: BaseHitDamage | L1: NonCritAvg | M1: CritAvg | N1: ExpectedDamage(perHit) | O1: DPS | P1: % of Total | Q1: InvCooldown | R1: CastsInFight | S1: BossOnlyDPS | U1: NormalOnlyDPS | Z1: Maple Hero helper (jobStep4, factorIndex23)
A2: =Skills!A2 | B2: =Skills!B2 | C2: =TRUE | F2: =Summary!$B$10+Skills!O2 | G2: =Skills!G2*IF(Skills!H2>0,Skills!I2/Skills!H2,1) | H2: =1-(1-Skills!J2/100)^Skills!K2 | I2: =IF(Skills!X2<>"",1+(Skills!X2/10)*($Z$3/1000)/100,1) | J2: =Summary!$B$6*(F2/100) | K2: =J2*(1+Summary!$B$7/100)*(1+Inputs!$B$15/100)*(1+Inputs!$B$16/100)*(5000/(6000+Inputs!$B$42*(1-Inputs!$B$19/100)))*(1+Inputs!$B$24/100)*(1+Artifacts!$B$34/100)*(1+F23/100)*(1+IF(Inputs!$B$3>=120,F26,0)/100)^5*(1+(IF(Skills!A2="BASIC_ATTACK",Inputs!$B$17+Artifacts!$B$40,Inputs!$B$18+Artifacts!$B$39+IF(Inputs!$B$3>=125,F27*5,0)))/100)*(Summary!$B$13*Summary!$B$14*Summary!$B$15*(1+Artifacts!$B$38/100)*I2) | L2: =K2*(MIN(Inputs!$B$22,Inputs!$B$23)/100+Inputs!$B$23/100)/2 | M2: =L2*(1+(Inputs!$B$10+Artifacts!$B$33)/100) | N2: =L2*(1-MIN((Inputs!$B$9+Artifacts!$B$32),100)/100)+M2*(MIN((Inputs!$B$9+Artifacts!$B$32),100)/100) | O2: =(1-Summary!$B$11)*S2+Summary!$B$11*U2 | P2: =IF(Summary!$B$3=0,0,O2/Summary!$B$3) | Q2: =IFERROR(1/(IF(Inputs!$B$38="pvp",15,MAX(0.1,Skills!E2-IF(Skills!F2=TRUE,Inputs!$B$32,0)))*(1-IF(AND(ArtifactsInput!$M$27,Inputs!$B$4="Chapter Hunt"),CHOOSE(ArtifactsInput!$N$27+1,20,24,28,32,36,40),0)/100)),0) | R2: 0 | S2: =(Skills!G2*N2*Summary!$B$19)*IF(Inputs!$B$38="pvp",1,1+(Inputs!$B$20+Skills!P2+Artifacts!$B$35)/100)*((((5000/(6000+Inputs!$B$42*(1-(100*(1-(1-Inputs!$B$19/100)*(1-Artifacts!$B$51/100)^IF(Inputs!$B$38="pvp",1,2)))/100)))/(5000/(6000+Inputs!$B$42*(1-Inputs!$B$19/100))))*((L2*(1-MIN(100,(Inputs!$B$9+Artifacts!$B$32)+Artifacts!$B$69)/100)+M2*(MIN(100,(Inputs!$B$9+Artifacts!$B$32)+Artifacts!$B$69)/100))/(L2*(1-MIN(100,(Inputs!$B$9+Artifacts!$B$32))/100)+M2*(MIN(100,(Inputs!$B$9+Artifacts!$B$32))/100)))*(1+Artifacts!$B$81/100))) | U2: =(Skills!G2*N2*Summary!$B$19)*IF(Inputs!$B$38="pvp",1,(1+(Inputs!$B$21+Skills!Q2+Artifacts!$B$80)/100)*(MIN(Skills!R2,Inputs!$B$37)))*((1+Artifacts!$B$53/100)) | Z2: =MAX(0,(Inputs!$B$3-100)*3)+Inputs!$B$28+Inputs!$B$29
A3: =Skills!A3 | B3: =Skills!B3 | C3: =TRUE | D3: =IF(Skills!C3=1,60+Inputs!$B$25+Inputs!$B$29,IF(Skills!C3=2,90+Inputs!$B$26+Inputs!$B$29,IF(Skills!C3=3,120+Inputs!$B$27+Inputs!$B$29,MAX(0,(Inputs!$B$3-100)*3)+Inputs!$B$28+Inputs!$B$29))) | E3: =INDEX(FactorTable!$B$2:$Y$301, MATCH(ROUND(MIN(300,MAX(1,D3)),0), FactorTable!$A$2:$A$301,0), Skills!M3+1) | F3: =IF(Skills!N3=TRUE,(Skills!L3/10)*(E3/1000),Skills!L3/10)+Skills!O3 | G3: =Skills!G3*IF(Skills!H3>0,Skills!I3/Skills!H3,1) | H3: =1-(1-Skills!J3/100)^Skills!K3 | I3: =IF(Skills!X3<>"",1+(Skills!X3/10)*($Z$3/1000)/100,1) | J3: =Summary!$B$6*(F3/100) | K3: =J3*(1+Summary!$B$7/100)*(1+Inputs!$B$15/100)*(1+Inputs!$B$16/100)*(5000/(6000+Inputs!$B$42*(1-Inputs!$B$19/100)))*(1+Inputs!$B$24/100)*(1+Artifacts!$B$34/100)*(1+F23/100)*(1+IF(Inputs!$B$3>=120,F26,0)/100)^5*(1+(IF(Skills!A3="BASIC_ATTACK",Inputs!$B$17+Artifacts!$B$40,Inputs!$B$18+Artifacts!$B$39+IF(Inputs!$B$3>=125,F27*5,0)))/100)*(Summary!$B$13*Summary!$B$14*Summary!$B$15*(1+Artifacts!$B$38/100)*I3) | L3: =K3*(MIN(Inputs!$B$22,Inputs!$B$23)/100+Inputs!$B$23/100)/2 | M3: =L3*(1+(Inputs!$B$10+Artifacts!$B$33)/100) | N3: =L3*(1-MIN((Inputs!$B$9+Artifacts!$B$32),100)/100)+M3*(MIN((Inputs!$B$9+Artifacts!$B$32),100)/100) | O3: =(1-Summary!$B$11)*S3+Summary!$B$11*U3 | P3: =IF(Summary!$B$3=0,0,O3/Summary!$B$3) | Q3: =IFERROR(1/(IF(Inputs!$B$38="pvp",15,MAX(0.1,Skills!E3-IF(Skills!F3=TRUE,Inputs!$B$32,0)))*(1-IF(AND(ArtifactsInput!$M$27,Inputs!$B$4="Chapter Hunt"),CHOOSE(ArtifactsInput!$N$27+1,20,24,28,32,36,40),0)/100)),0) | R3: =IF(AND(Inputs!$B$38<>"pvp",Inputs!$B$43>0),IF(MAX(0,Inputs!$B$43-Summary!$B$22)<=0,0,(INT(MAX(0,Inputs!$B$43-Summary!$B$22)/(IF(Inputs!$B$38="pvp",15,MAX(0.1,Skills!E3-IF(Skills!F3=TRUE,Inputs!$B$32,0)))*(1-IF(AND(ArtifactsInput!$M$27,Inputs!$B$4="Chapter Hunt"),CHOOSE(ArtifactsInput!$N$27+1,20,24,28,32,36,40),0)/100)))+1)),0) | S3: =IF(C3,(H3*N3*IF(AND(Inputs!$B$38<>"pvp",Inputs!$B$43>0),((Skills!G3*((R3-1)*IF(Skills!H3>0,Skills!I3/Skills!H3,1)+IF(Skills!H3>0,MIN(Skills!I3,MAX(0,MAX(0,Inputs!$B$43-Summary!$B$22)-((R3-1)*(IF(Inputs!$B$38="pvp",15,MAX(0.1,Skills!E3-IF(Skills!F3=TRUE,Inputs!$B$32,0)))*(1-IF(AND(ArtifactsInput!$M$27,Inputs!$B$4="Chapter Hunt"),CHOOSE(ArtifactsInput!$N$27+1,20,24,28,32,36,40),0)/100)))))/Skills!H3,1)))/Inputs!$B$43),G3*Q3))*IF(Inputs!$B$38="pvp",1,1+(Inputs!$B$20+Skills!P3+Artifacts!$B$35)/100)*((((5000/(6000+Inputs!$B$42*(1-(100*(1-(1-Inputs!$B$19/100)*(1-Artifacts!$B$51/100)^IF(Inputs!$B$38="pvp",1,2)))/100)))/(5000/(6000+Inputs!$B$42*(1-Inputs!$B$19/100))))*((L3*(1-MIN(100,(Inputs!$B$9+Artifacts!$B$32)+Artifacts!$B$69)/100)+M3*(MIN(100,(Inputs!$B$9+Artifacts!$B$32)+Artifacts!$B$69)/100))/(L3*(1-MIN(100,(Inputs!$B$9+Artifacts!$B$32))/100)+M3*(MIN(100,(Inputs!$B$9+Artifacts!$B$32))/100)))*(1+Artifacts!$B$81/100))),0) | U3: =IF(C3,(H3*N3*IF(AND(Inputs!$B$38<>"pvp",Inputs!$B$43>0),((Skills!G3*((R3-1)*IF(Skills!H3>0,Skills!I3/Skills!H3,1)+IF(Skills!H3>0,MIN(Skills!I3,MAX(0,MAX(0,Inputs!$B$43-Summary!$B$22)-((R3-1)*(IF(Inputs!$B$38="pvp",15,MAX(0.1,Skills!E3-IF(Skills!F3=TRUE,Inputs!$B$32,0)))*(1-IF(AND(ArtifactsInput!$M$27,Inputs!$B$4="Chapter Hunt"),CHOOSE(ArtifactsInput!$N$27+1,20,24,28,32,36,40),0)/100)))))/Skills!H3,1)))/Inputs!$B$43),G3*Q3))*IF(Inputs!$B$38="pvp",1,(1+(Inputs!$B$21+Skills!Q3+Artifacts!$B$80)/100)*(MIN(Skills!R3,Inputs!$B$37)))*((1+Artifacts!$B$53/100)),0) | Z3: =INDEX(FactorTable!$B$2:$Y$301, MATCH(ROUND(MIN(300,MAX(1,Z2)),0), FactorTable!$A$2:$A$301,0), 24)
A4: =Skills!A4 | B4: =Skills!B4 | C4: =TRUE | D4: =IF(Skills!C4=1,60+Inputs!$B$25+Inputs!$B$29,IF(Skills!C4=2,90+Inputs!$B$26+Inputs!$B$29,IF(Skills!C4=3,120+Inputs!$B$27+Inputs!$B$29,MAX(0,(Inputs!$B$3-100)*3)+Inputs!$B$28+Inputs!$B$29))) | E4: =INDEX(FactorTable!$B$2:$Y$301, MATCH(ROUND(MIN(300,MAX(1,D4)),0), FactorTable!$A$2:$A$301,0), Skills!M4+1) | F4: =IF(Skills!N4=TRUE,(Skills!L4/10)*(E4/1000),Skills!L4/10)+Skills!O4 | G4: =Skills!G4*IF(Skills!H4>0,Skills!I4/Skills!H4,1) | H4: =1-(1-Skills!J4/100)^Skills!K4 | I4: =IF(Skills!X4<>"",1+(Skills!X4/10)*($Z$3/1000)/100,1) | J4: =Summary!$B$6*(F4/100) | K4: =J4*(1+Summary!$B$7/100)*(1+Inputs!$B$15/100)*(1+Inputs!$B$16/100)*(5000/(6000+Inputs!$B$42*(1-Inputs!$B$19/100)))*(1+Inputs!$B$24/100)*(1+Artifacts!$B$34/100)*(1+F23/100)*(1+IF(Inputs!$B$3>=120,F26,0)/100)^5*(1+(IF(Skills!A4="BASIC_ATTACK",Inputs!$B$17+Artifacts!$B$40,Inputs!$B$18+Artifacts!$B$39+IF(Inputs!$B$3>=125,F27*5,0)))/100)*(Summary!$B$13*Summary!$B$14*Summary!$B$15*(1+Artifacts!$B$38/100)*I4) | L4: =K4*(MIN(Inputs!$B$22,Inputs!$B$23)/100+Inputs!$B$23/100)/2 | M4: =L4*(1+(Inputs!$B$10+Artifacts!$B$33)/100) | N4: =L4*(1-MIN((Inputs!$B$9+Artifacts!$B$32),100)/100)+M4*(MIN((Inputs!$B$9+Artifacts!$B$32),100)/100) | O4: =(1-Summary!$B$11)*S4+Summary!$B$11*U4 | P4: =IF(Summary!$B$3=0,0,O4/Summary!$B$3) | Q4: =IFERROR(1/(IF(Inputs!$B$38="pvp",15,MAX(0.1,Skills!E4-IF(Skills!F4=TRUE,Inputs!$B$32,0)))*(1-IF(AND(ArtifactsInput!$M$27,Inputs!$B$4="Chapter Hunt"),CHOOSE(ArtifactsInput!$N$27+1,20,24,28,32,36,40),0)/100)),0) | R4: =IF(AND(Inputs!$B$38<>"pvp",Inputs!$B$43>0),IF(MAX(0,Inputs!$B$43-Summary!$B$22)<=0,0,(INT(MAX(0,Inputs!$B$43-Summary!$B$22)/(IF(Inputs!$B$38="pvp",15,MAX(0.1,Skills!E4-IF(Skills!F4=TRUE,Inputs!$B$32,0)))*(1-IF(AND(ArtifactsInput!$M$27,Inputs!$B$4="Chapter Hunt"),CHOOSE(ArtifactsInput!$N$27+1,20,24,28,32,36,40),0)/100)))+1)),0) | S4: =IF(C4,(H4*N4*IF(AND(Inputs!$B$38<>"pvp",Inputs!$B$43>0),((Skills!G4*((R4-1)*IF(Skills!H4>0,Skills!I4/Skills!H4,1)+IF(Skills!H4>0,MIN(Skills!I4,MAX(0,MAX(0,Inputs!$B$43-Summary!$B$22)-((R4-1)*(IF(Inputs!$B$38="pvp",15,MAX(0.1,Skills!E4-IF(Skills!F4=TRUE,Inputs!$B$32,0)))*(1-IF(AND(ArtifactsInput!$M$27,Inputs!$B$4="Chapter Hunt"),CHOOSE(ArtifactsInput!$N$27+1,20,24,28,32,36,40),0)/100)))))/Skills!H4,1)))/Inputs!$B$43),G4*Q4))*IF(Inputs!$B$38="pvp",1,1+(Inputs!$B$20+Skills!P4+Artifacts!$B$35)/100)*((((5000/(6000+Inputs!$B$42*(1-(100*(1-(1-Inputs!$B$19/100)*(1-Artifacts!$B$51/100)^IF(Inputs!$B$38="pvp",1,2)))/100)))/(5000/(6000+Inputs!$B$42*(1-Inputs!$B$19/100))))*((L4*(1-MIN(100,(Inputs!$B$9+Artifacts!$B$32)+Artifacts!$B$69)/100)+M4*(MIN(100,(Inputs!$B$9+Artifacts!$B$32)+Artifacts!$B$69)/100))/(L4*(1-MIN(100,(Inputs!$B$9+Artifacts!$B$32))/100)+M4*(MIN(100,(Inputs!$B$9+Artifacts!$B$32))/100)))*(1+Artifacts!$B$81/100))),0) | U4: =IF(C4,(H4*N4*IF(AND(Inputs!$B$38<>"pvp",Inputs!$B$43>0),((Skills!G4*((R4-1)*IF(Skills!H4>0,Skills!I4/Skills!H4,1)+IF(Skills!H4>0,MIN(Skills!I4,MAX(0,MAX(0,Inputs!$B$43-Summary!$B$22)-((R4-1)*(IF(Inputs!$B$38="pvp",15,MAX(0.1,Skills!E4-IF(Skills!F4=TRUE,Inputs!$B$32,0)))*(1-IF(AND(ArtifactsInput!$M$27,Inputs!$B$4="Chapter Hunt"),CHOOSE(ArtifactsInput!$N$27+1,20,24,28,32,36,40),0)/100)))))/Skills!H4,1)))/Inputs!$B$43),G4*Q4))*IF(Inputs!$B$38="pvp",1,(1+(Inputs!$B$21+Skills!Q4+Artifacts!$B$80)/100)*(MIN(Skills!R4,Inputs!$B$37)))*((1+Artifacts!$B$53/100)),0)
A5: =Skills!A5 | B5: =Skills!B5 | C5: =TRUE | D5: =IF(Skills!C5=1,60+Inputs!$B$25+Inputs!$B$29,IF(Skills!C5=2,90+Inputs!$B$26+Inputs!$B$29,IF(Skills!C5=3,120+Inputs!$B$27+Inputs!$B$29,MAX(0,(Inputs!$B$3-100)*3)+Inputs!$B$28+Inputs!$B$29))) | E5: =INDEX(FactorTable!$B$2:$Y$301, MATCH(ROUND(MIN(300,MAX(1,D5)),0), FactorTable!$A$2:$A$301,0), Skills!M5+1) | F5: =IF(Skills!N5=TRUE,(Skills!L5/10)*(E5/1000),Skills!L5/10)+Skills!O5 | G5: =Skills!G5*IF(Skills!H5>0,Skills!I5/Skills!H5,1) | H5: =1-(1-Skills!J5/100)^Skills!K5 | I5: =IF(Skills!X5<>"",1+(Skills!X5/10)*($Z$3/1000)/100,1) | J5: =Summary!$B$6*(F5/100) | K5: =J5*(1+Summary!$B$7/100)*(1+Inputs!$B$15/100)*(1+Inputs!$B$16/100)*(5000/(6000+Inputs!$B$42*(1-Inputs!$B$19/100)))*(1+Inputs!$B$24/100)*(1+Artifacts!$B$34/100)*(1+F23/100)*(1+IF(Inputs!$B$3>=120,F26,0)/100)^5*(1+(IF(Skills!A5="BASIC_ATTACK",Inputs!$B$17+Artifacts!$B$40,Inputs!$B$18+Artifacts!$B$39+IF(Inputs!$B$3>=125,F27*5,0)))/100)*(Summary!$B$13*Summary!$B$14*Summary!$B$15*(1+Artifacts!$B$38/100)*I5) | L5: =K5*(MIN(Inputs!$B$22,Inputs!$B$23)/100+Inputs!$B$23/100)/2 | M5: =L5*(1+(Inputs!$B$10+Artifacts!$B$33)/100) | N5: =L5*(1-MIN((Inputs!$B$9+Artifacts!$B$32),100)/100)+M5*(MIN((Inputs!$B$9+Artifacts!$B$32),100)/100) | O5: =(1-Summary!$B$11)*S5+Summary!$B$11*U5 | P5: =IF(Summary!$B$3=0,0,O5/Summary!$B$3) | Q5: =IFERROR(1/(IF(Inputs!$B$38="pvp",15,MAX(0.1,Skills!E5-IF(Skills!F5=TRUE,Inputs!$B$32,0)))*(1-IF(AND(ArtifactsInput!$M$27,Inputs!$B$4="Chapter Hunt"),CHOOSE(ArtifactsInput!$N$27+1,20,24,28,32,36,40),0)/100)),0) | R5: =IF(AND(Inputs!$B$38<>"pvp",Inputs!$B$43>0),IF(MAX(0,Inputs!$B$43-Summary!$B$22)<=0,0,(INT(MAX(0,Inputs!$B$43-Summary!$B$22)/(IF(Inputs!$B$38="pvp",15,MAX(0.1,Skills!E5-IF(Skills!F5=TRUE,Inputs!$B$32,0)))*(1-IF(AND(ArtifactsInput!$M$27,Inputs!$B$4="Chapter Hunt"),CHOOSE(ArtifactsInput!$N$27+1,20,24,28,32,36,40),0)/100)))+1)),0) | S5: =IF(C5,(H5*N5*IF(AND(Inputs!$B$38<>"pvp",Inputs!$B$43>0),((Skills!G5*((R5-1)*IF(Skills!H5>0,Skills!I5/Skills!H5,1)+IF(Skills!H5>0,MIN(Skills!I5,MAX(0,MAX(0,Inputs!$B$43-Summary!$B$22)-((R5-1)*(IF(Inputs!$B$38="pvp",15,MAX(0.1,Skills!E5-IF(Skills!F5=TRUE,Inputs!$B$32,0)))*(1-IF(AND(ArtifactsInput!$M$27,Inputs!$B$4="Chapter Hunt"),CHOOSE(ArtifactsInput!$N$27+1,20,24,28,32,36,40),0)/100)))))/Skills!H5,1)))/Inputs!$B$43),G5*Q5))*IF(Inputs!$B$38="pvp",1,1+(Inputs!$B$20+Skills!P5+Artifacts!$B$35)/100)*((((5000/(6000+Inputs!$B$42*(1-(100*(1-(1-Inputs!$B$19/100)*(1-Artifacts!$B$51/100)^IF(Inputs!$B$38="pvp",1,2)))/100)))/(5000/(6000+Inputs!$B$42*(1-Inputs!$B$19/100))))*((L5*(1-MIN(100,(Inputs!$B$9+Artifacts!$B$32)+Artifacts!$B$69)/100)+M5*(MIN(100,(Inputs!$B$9+Artifacts!$B$32)+Artifacts!$B$69)/100))/(L5*(1-MIN(100,(Inputs!$B$9+Artifacts!$B$32))/100)+M5*(MIN(100,(Inputs!$B$9+Artifacts!$B$32))/100)))*(1+Artifacts!$B$81/100))),0) | U5: =IF(C5,(H5*N5*IF(AND(Inputs!$B$38<>"pvp",Inputs!$B$43>0),((Skills!G5*((R5-1)*IF(Skills!H5>0,Skills!I5/Skills!H5,1)+IF(Skills!H5>0,MIN(Skills!I5,MAX(0,MAX(0,Inputs!$B$43-Summary!$B$22)-((R5-1)*(IF(Inputs!$B$38="pvp",15,MAX(0.1,Skills!E5-IF(Skills!F5=TRUE,Inputs!$B$32,0)))*(1-IF(AND(ArtifactsInput!$M$27,Inputs!$B$4="Chapter Hunt"),CHOOSE(ArtifactsInput!$N$27+1,20,24,28,32,36,40),0)/100)))))/Skills!H5,1)))/Inputs!$B$43),G5*Q5))*IF(Inputs!$B$38="pvp",1,(1+(Inputs!$B$21+Skills!Q5+Artifacts!$B$80)/100)*(MIN(Skills!R5,Inputs!$B$37)))*((1+Artifacts!$B$53/100)),0)
A6: =Skills!A6 | B6: =Skills!B6 | C6: =TRUE | D6: =IF(Skills!C6=1,60+Inputs!$B$25+Inputs!$B$29,IF(Skills!C6=2,90+Inputs!$B$26+Inputs!$B$29,IF(Skills!C6=3,120+Inputs!$B$27+Inputs!$B$29,MAX(0,(Inputs!$B$3-100)*3)+Inputs!$B$28+Inputs!$B$29))) | E6: =INDEX(FactorTable!$B$2:$Y$301, MATCH(ROUND(MIN(300,MAX(1,D6)),0), FactorTable!$A$2:$A$301,0), Skills!M6+1) | F6: =IF(Skills!N6=TRUE,(Skills!L6/10)*(E6/1000),Skills!L6/10)+Skills!O6 | G6: =Skills!G6*IF(Skills!H6>0,Skills!I6/Skills!H6,1) | H6: =1-(1-Skills!J6/100)^Skills!K6 | I6: =IF(Skills!X6<>"",1+(Skills!X6/10)*($Z$3/1000)/100,1) | O6: =(1-Summary!$B$11)*S6+Summary!$B$11*U6 | P6: =IF(Summary!$B$3=0,0,O6/Summary!$B$3) | Q6: =IFERROR(1/(IF(Inputs!$B$38="pvp",15,MAX(0.1,Skills!E6-IF(Skills!F6=TRUE,Inputs!$B$32,0)))*(1-IF(AND(ArtifactsInput!$M$27,Inputs!$B$4="Chapter Hunt"),CHOOSE(ArtifactsInput!$N$27+1,20,24,28,32,36,40),0)/100)),0) | R6: =IF(AND(Inputs!$B$38<>"pvp",Inputs!$B$43>0),IF(Inputs!$B$43<=0,0,(INT(Inputs!$B$43/(IF(Inputs!$B$38="pvp",15,MAX(0.1,Skills!E6-IF(Skills!F6=TRUE,Inputs!$B$32,0)))*(1-IF(AND(ArtifactsInput!$M$27,Inputs!$B$4="Chapter Hunt"),CHOOSE(ArtifactsInput!$N$27+1,20,24,28,32,36,40),0)/100)))+1)),0) | S6: 0 | U6: 0
A7: =Skills!A7 | B7: =Skills!B7 | C7: =TRUE | D7: =IF(Skills!C7=1,60+Inputs!$B$25+Inputs!$B$29,IF(Skills!C7=2,90+Inputs!$B$26+Inputs!$B$29,IF(Skills!C7=3,120+Inputs!$B$27+Inputs!$B$29,MAX(0,(Inputs!$B$3-100)*3)+Inputs!$B$28+Inputs!$B$29))) | E7: =INDEX(FactorTable!$B$2:$Y$301, MATCH(ROUND(MIN(300,MAX(1,D7)),0), FactorTable!$A$2:$A$301,0), Skills!M7+1) | F7: =IF(Skills!N7=TRUE,(Skills!L7/10)*(E7/1000),Skills!L7/10)+Skills!O7 | G7: =Skills!G7*IF(Skills!H7>0,Skills!I7/Skills!H7,1) | H7: =1-(1-Skills!J7/100)^Skills!K7 | I7: =IF(Skills!X7<>"",1+(Skills!X7/10)*($Z$3/1000)/100,1) | J7: =Summary!$B$6*(F7/100) | K7: =J7*(1+Summary!$B$7/100)*(1+Inputs!$B$15/100)*(1+Inputs!$B$16/100)*(5000/(6000+Inputs!$B$42*(1-Inputs!$B$19/100)))*(1+Inputs!$B$24/100)*(1+Artifacts!$B$34/100)*(1+F23/100)*(1+IF(Inputs!$B$3>=120,F26,0)/100)^5*(1+(IF(Skills!A7="BASIC_ATTACK",Inputs!$B$17+Artifacts!$B$40,Inputs!$B$18+Artifacts!$B$39+IF(Inputs!$B$3>=125,F27*5,0)))/100)*(Summary!$B$13*Summary!$B$14*Summary!$B$15*(1+Artifacts!$B$38/100)*I7) | L7: =K7*(MIN(Inputs!$B$22,Inputs!$B$23)/100+Inputs!$B$23/100)/2 | M7: =L7*(1+(Inputs!$B$10+Artifacts!$B$33)/100) | N7: =L7*(1-MIN((Inputs!$B$9+Artifacts!$B$32),100)/100)+M7*(MIN((Inputs!$B$9+Artifacts!$B$32),100)/100) | O7: =(1-Summary!$B$11)*S7+Summary!$B$11*U7 | P7: =IF(Summary!$B$3=0,0,O7/Summary!$B$3) | Q7: =IFERROR(1/(IF(Inputs!$B$38="pvp",15,MAX(0.1,Skills!E7-IF(Skills!F7=TRUE,Inputs!$B$32,0)))*(1-IF(AND(ArtifactsInput!$M$27,Inputs!$B$4="Chapter Hunt"),CHOOSE(ArtifactsInput!$N$27+1,20,24,28,32,36,40),0)/100)),0) | R7: =IF(AND(Inputs!$B$38<>"pvp",Inputs!$B$43>0),IF(MAX(0,Inputs!$B$43-Summary!$B$22)<=0,0,(INT(MAX(0,Inputs!$B$43-Summary!$B$22)/(IF(Inputs!$B$38="pvp",15,MAX(0.1,Skills!E7-IF(Skills!F7=TRUE,Inputs!$B$32,0)))*(1-IF(AND(ArtifactsInput!$M$27,Inputs!$B$4="Chapter Hunt"),CHOOSE(ArtifactsInput!$N$27+1,20,24,28,32,36,40),0)/100)))+1)),0) | S7: =IF(C7,(H7*N7*IF(AND(Inputs!$B$38<>"pvp",Inputs!$B$43>0),((Skills!G7*((R7-1)*IF(Skills!H7>0,Skills!I7/Skills!H7,1)+IF(Skills!H7>0,MIN(Skills!I7,MAX(0,MAX(0,Inputs!$B$43-Summary!$B$22)-((R7-1)*(IF(Inputs!$B$38="pvp",15,MAX(0.1,Skills!E7-IF(Skills!F7=TRUE,Inputs!$B$32,0)))*(1-IF(AND(ArtifactsInput!$M$27,Inputs!$B$4="Chapter Hunt"),CHOOSE(ArtifactsInput!$N$27+1,20,24,28,32,36,40),0)/100)))))/Skills!H7,1)))/Inputs!$B$43),G7*Q7))*IF(Inputs!$B$38="pvp",1,1+(Inputs!$B$20+Skills!P7+Artifacts!$B$35)/100)*((((5000/(6000+Inputs!$B$42*(1-(100*(1-(1-Inputs!$B$19/100)*(1-Artifacts!$B$51/100)^IF(Inputs!$B$38="pvp",1,2)))/100)))/(5000/(6000+Inputs!$B$42*(1-Inputs!$B$19/100))))*((L7*(1-MIN(100,(Inputs!$B$9+Artifacts!$B$32)+Artifacts!$B$69)/100)+M7*(MIN(100,(Inputs!$B$9+Artifacts!$B$32)+Artifacts!$B$69)/100))/(L7*(1-MIN(100,(Inputs!$B$9+Artifacts!$B$32))/100)+M7*(MIN(100,(Inputs!$B$9+Artifacts!$B$32))/100)))*(1+Artifacts!$B$81/100))),0) | U7: =IF(C7,(H7*N7*IF(AND(Inputs!$B$38<>"pvp",Inputs!$B$43>0),((Skills!G7*((R7-1)*IF(Skills!H7>0,Skills!I7/Skills!H7,1)+IF(Skills!H7>0,MIN(Skills!I7,MAX(0,MAX(0,Inputs!$B$43-Summary!$B$22)-((R7-1)*(IF(Inputs!$B$38="pvp",15,MAX(0.1,Skills!E7-IF(Skills!F7=TRUE,Inputs!$B$32,0)))*(1-IF(AND(ArtifactsInput!$M$27,Inputs!$B$4="Chapter Hunt"),CHOOSE(ArtifactsInput!$N$27+1,20,24,28,32,36,40),0)/100)))))/Skills!H7,1)))/Inputs!$B$43),G7*Q7))*IF(Inputs!$B$38="pvp",1,(1+(Inputs!$B$21+Skills!Q7+Artifacts!$B$80)/100)*(MIN(Skills!R7,Inputs!$B$37)))*((1+Artifacts!$B$53/100)),0)
A8: =Skills!A8 | B8: =Skills!B8 | C8: =TRUE | D8: =IF(Skills!C8=1,60+Inputs!$B$25+Inputs!$B$29,IF(Skills!C8=2,90+Inputs!$B$26+Inputs!$B$29,IF(Skills!C8=3,120+Inputs!$B$27+Inputs!$B$29,MAX(0,(Inputs!$B$3-100)*3)+Inputs!$B$28+Inputs!$B$29))) | E8: =INDEX(FactorTable!$B$2:$Y$301, MATCH(ROUND(MIN(300,MAX(1,D8)),0), FactorTable!$A$2:$A$301,0), Skills!M8+1) | F8: =IF(Skills!N8=TRUE,(Skills!L8/10)*(E8/1000),Skills!L8/10)+Skills!O8 | G8: =Skills!G8*IF(Skills!H8>0,Skills!I8/Skills!H8,1) | H8: =1-(1-Skills!J8/100)^Skills!K8 | I8: =IF(Skills!X8<>"",1+(Skills!X8/10)*($Z$3/1000)/100,1) | J8: =Summary!$B$6*(F8/100) | K8: =J8*(1+Summary!$B$7/100)*(1+Inputs!$B$15/100)*(1+Inputs!$B$16/100)*(5000/(6000+Inputs!$B$42*(1-Inputs!$B$19/100)))*(1+Inputs!$B$24/100)*(1+Artifacts!$B$34/100)*(1+F23/100)*(1+IF(Inputs!$B$3>=120,F26,0)/100)^5*(1+(IF(Skills!A8="BASIC_ATTACK",Inputs!$B$17+Artifacts!$B$40,Inputs!$B$18+Artifacts!$B$39+IF(Inputs!$B$3>=125,F27*5,0)))/100)*(Summary!$B$13*Summary!$B$14*Summary!$B$15*(1+Artifacts!$B$38/100)*I8) | L8: =K8*(MIN(Inputs!$B$22,Inputs!$B$23)/100+Inputs!$B$23/100)/2 | M8: =L8*(1+(Inputs!$B$10+Artifacts!$B$33)/100) | N8: =L8*(1-MIN((Inputs!$B$9+Artifacts!$B$32),100)/100)+M8*(MIN((Inputs!$B$9+Artifacts!$B$32),100)/100) | O8: =(1-Summary!$B$11)*S8+Summary!$B$11*U8 | P8: =IF(Summary!$B$3=0,0,O8/Summary!$B$3) | Q8: =IFERROR(1/(IF(Inputs!$B$38="pvp",15,MAX(0.1,Skills!E8-IF(Skills!F8=TRUE,Inputs!$B$32,0)))*(1-IF(AND(ArtifactsInput!$M$27,Inputs!$B$4="Chapter Hunt"),CHOOSE(ArtifactsInput!$N$27+1,20,24,28,32,36,40),0)/100)),0) | R8: =IF(AND(Inputs!$B$38<>"pvp",Inputs!$B$43>0),IF(MAX(0,Inputs!$B$43-Summary!$B$22)<=0,0,(INT(MAX(0,Inputs!$B$43-Summary!$B$22)/(IF(Inputs!$B$38="pvp",15,MAX(0.1,Skills!E8-IF(Skills!F8=TRUE,Inputs!$B$32,0)))*(1-IF(AND(ArtifactsInput!$M$27,Inputs!$B$4="Chapter Hunt"),CHOOSE(ArtifactsInput!$N$27+1,20,24,28,32,36,40),0)/100)))+1)),0) | S8: =IF(C8,(H8*N8*IF(AND(Inputs!$B$38<>"pvp",Inputs!$B$43>0),((Skills!G8*((R8-1)*IF(Skills!H8>0,Skills!I8/Skills!H8,1)+IF(Skills!H8>0,MIN(Skills!I8,MAX(0,MAX(0,Inputs!$B$43-Summary!$B$22)-((R8-1)*(IF(Inputs!$B$38="pvp",15,MAX(0.1,Skills!E8-IF(Skills!F8=TRUE,Inputs!$B$32,0)))*(1-IF(AND(ArtifactsInput!$M$27,Inputs!$B$4="Chapter Hunt"),CHOOSE(ArtifactsInput!$N$27+1,20,24,28,32,36,40),0)/100)))))/Skills!H8,1)))/Inputs!$B$43),G8*Q8))*IF(Inputs!$B$38="pvp",1,1+(Inputs!$B$20+Skills!P8+Artifacts!$B$35)/100)*((((5000/(6000+Inputs!$B$42*(1-(100*(1-(1-Inputs!$B$19/100)*(1-Artifacts!$B$51/100)^IF(Inputs!$B$38="pvp",1,2)))/100)))/(5000/(6000+Inputs!$B$42*(1-Inputs!$B$19/100))))*((L8*(1-MIN(100,(Inputs!$B$9+Artifacts!$B$32)+Artifacts!$B$69)/100)+M8*(MIN(100,(Inputs!$B$9+Artifacts!$B$32)+Artifacts!$B$69)/100))/(L8*(1-MIN(100,(Inputs!$B$9+Artifacts!$B$32))/100)+M8*(MIN(100,(Inputs!$B$9+Artifacts!$B$32))/100)))*(1+Artifacts!$B$81/100))),0) | U8: =IF(C8,(H8*N8*IF(AND(Inputs!$B$38<>"pvp",Inputs!$B$43>0),((Skills!G8*((R8-1)*IF(Skills!H8>0,Skills!I8/Skills!H8,1)+IF(Skills!H8>0,MIN(Skills!I8,MAX(0,MAX(0,Inputs!$B$43-Summary!$B$22)-((R8-1)*(IF(Inputs!$B$38="pvp",15,MAX(0.1,Skills!E8-IF(Skills!F8=TRUE,Inputs!$B$32,0)))*(1-IF(AND(ArtifactsInput!$M$27,Inputs!$B$4="Chapter Hunt"),CHOOSE(ArtifactsInput!$N$27+1,20,24,28,32,36,40),0)/100)))))/Skills!H8,1)))/Inputs!$B$43),G8*Q8))*IF(Inputs!$B$38="pvp",1,(1+(Inputs!$B$21+Skills!Q8+Artifacts!$B$80)/100)*(MIN(Skills!R8,Inputs!$B$37)))*((1+Artifacts!$B$53/100)),0)
A9: =Skills!A9 | B9: =Skills!B9 | C9: =Inputs!$B$3>=103 | D9: =IF(Skills!C9=1,60+Inputs!$B$25+Inputs!$B$29,IF(Skills!C9=2,90+Inputs!$B$26+Inputs!$B$29,IF(Skills!C9=3,120+Inputs!$B$27+Inputs!$B$29,MAX(0,(Inputs!$B$3-100)*3)+Inputs!$B$28+Inputs!$B$29))) | E9: =INDEX(FactorTable!$B$2:$Y$301, MATCH(ROUND(MIN(300,MAX(1,D9)),0), FactorTable!$A$2:$A$301,0), Skills!M9+1) | F9: =IF(Skills!N9=TRUE,(Skills!L9/10)*(E9/1000),Skills!L9/10)+Skills!O9 | G9: =Skills!G9*IF(Skills!H9>0,Skills!I9/Skills!H9,1) | H9: =1-(1-Skills!J9/100)^Skills!K9 | I9: =IF(Skills!X9<>"",1+(Skills!X9/10)*($Z$3/1000)/100,1) | J9: =Summary!$B$6*(F9/100) | K9: =J9*(1+Summary!$B$7/100)*(1+Inputs!$B$15/100)*(1+Inputs!$B$16/100)*(5000/(6000+Inputs!$B$42*(1-Inputs!$B$19/100)))*(1+Inputs!$B$24/100)*(1+Artifacts!$B$34/100)*(1+F23/100)*(1+IF(Inputs!$B$3>=120,F26,0)/100)^5*(1+(IF(Skills!A9="BASIC_ATTACK",Inputs!$B$17+Artifacts!$B$40,Inputs!$B$18+Artifacts!$B$39+IF(Inputs!$B$3>=125,F27*5,0)))/100)*(Summary!$B$13*Summary!$B$14*Summary!$B$15*(1+Artifacts!$B$38/100)*I9) | L9: =K9*(MIN(Inputs!$B$22,Inputs!$B$23)/100+Inputs!$B$23/100)/2 | M9: =L9*(1+(Inputs!$B$10+Artifacts!$B$33)/100) | N9: =L9*(1-MIN((Inputs!$B$9+Artifacts!$B$32),100)/100)+M9*(MIN((Inputs!$B$9+Artifacts!$B$32),100)/100) | O9: =(1-Summary!$B$11)*S9+Summary!$B$11*U9 | P9: =IF(Summary!$B$3=0,0,O9/Summary!$B$3) | Q9: =IFERROR(1/(IF(Inputs!$B$38="pvp",15,MAX(0.1,Skills!E9-IF(Skills!F7=TRUE,Inputs!$B$32,0)))*(1-IF(AND(ArtifactsInput!$M$27,Inputs!$B$4="Chapter Hunt"),CHOOSE(ArtifactsInput!$N$27+1,20,24,28,32,36,40),0)/100)),0) | R9: =IF(AND(Inputs!$B$38<>"pvp",Inputs!$B$43>0),IF(MAX(0,Inputs!$B$43-Summary!$B$22)<=0,0,(INT(MAX(0,Inputs!$B$43-Summary!$B$22)/(IF(Inputs!$B$38="pvp",15,MAX(0.1,Skills!E9-IF(Skills!F7=TRUE,Inputs!$B$32,0)))*(1-IF(AND(ArtifactsInput!$M$27,Inputs!$B$4="Chapter Hunt"),CHOOSE(ArtifactsInput!$N$27+1,20,24,28,32,36,40),0)/100)))+1)),0) | S9: =IF(C9,(H9*N9*IF(AND(Inputs!$B$38<>"pvp",Inputs!$B$43>0),((Skills!G9*((R9-1)*IF(Skills!H9>0,Skills!I9/Skills!H9,1)+IF(Skills!H9>0,MIN(Skills!I9,MAX(0,MAX(0,Inputs!$B$43-Summary!$B$22)-((R9-1)*(IF(Inputs!$B$38="pvp",15,MAX(0.1,Skills!E9-IF(Skills!F7=TRUE,Inputs!$B$32,0)))*(1-IF(AND(ArtifactsInput!$M$27,Inputs!$B$4="Chapter Hunt"),CHOOSE(ArtifactsInput!$N$27+1,20,24,28,32,36,40),0)/100)))))/Skills!H9,1)))/Inputs!$B$43),G9*Q9))*IF(Inputs!$B$38="pvp",1,1+(Inputs!$B$20+Skills!P9+Artifacts!$B$35)/100)*((((5000/(6000+Inputs!$B$42*(1-(100*(1-(1-Inputs!$B$19/100)*(1-Artifacts!$B$51/100)^IF(Inputs!$B$38="pvp",1,2)))/100)))/(5000/(6000+Inputs!$B$42*(1-Inputs!$B$19/100))))*((L9*(1-MIN(100,(Inputs!$B$9+Artifacts!$B$32)+Artifacts!$B$69)/100)+M9*(MIN(100,(Inputs!$B$9+Artifacts!$B$32)+Artifacts!$B$69)/100))/(L9*(1-MIN(100,(Inputs!$B$9+Artifacts!$B$32))/100)+M9*(MIN(100,(Inputs!$B$9+Artifacts!$B$32))/100)))*(1+Artifacts!$B$81/100))),0) | U9: =IF(C9,(H9*N9*IF(AND(Inputs!$B$38<>"pvp",Inputs!$B$43>0),((Skills!G9*((R9-1)*IF(Skills!H9>0,Skills!I9/Skills!H9,1)+IF(Skills!H9>0,MIN(Skills!I9,MAX(0,MAX(0,Inputs!$B$43-Summary!$B$22)-((R9-1)*(IF(Inputs!$B$38="pvp",15,MAX(0.1,Skills!E9-IF(Skills!F7=TRUE,Inputs!$B$32,0)))*(1-IF(AND(ArtifactsInput!$M$27,Inputs!$B$4="Chapter Hunt"),CHOOSE(ArtifactsInput!$N$27+1,20,24,28,32,36,40),0)/100)))))/Skills!H9,1)))/Inputs!$B$43),G9*Q9))*IF(Inputs!$B$38="pvp",1,(1+(Inputs!$B$21+Skills!Q9+Artifacts!$B$80)/100)*(MIN(Skills!R9,Inputs!$B$37)))*((1+Artifacts!$B$53/100)),0)
A10: =Skills!A10 | B10: =Skills!B10 | C10: =TRUE | D10: =IF(Skills!C10=1,60+Inputs!$B$25+Inputs!$B$29,IF(Skills!C10=2,90+Inputs!$B$26+Inputs!$B$29,IF(Skills!C10=3,120+Inputs!$B$27+Inputs!$B$29,MAX(0,(Inputs!$B$3-100)*3)+Inputs!$B$28+Inputs!$B$29))) | E10: =INDEX(FactorTable!$B$2:$Y$301, MATCH(ROUND(MIN(300,MAX(1,D10)),0), FactorTable!$A$2:$A$301,0), Skills!M10+1) | F10: =IF(Skills!N10=TRUE,(Skills!L10/10)*(E10/1000),Skills!L10/10)+Skills!O10 | G10: =Skills!G10*IF(Skills!H10>0,Skills!I10/Skills!H10,1) | H10: =1-(1-Skills!J10/100)^Skills!K10 | I10: =IF(Skills!X10<>"",1+(Skills!X10/10)*($Z$3/1000)/100,1) | J10: =Summary!$B$6*(F10/100) | K10: =J10*(1+Summary!$B$7/100)*(1+Inputs!$B$15/100)*(1+Inputs!$B$16/100)*(5000/(6000+Inputs!$B$42*(1-Inputs!$B$19/100)))*(1+Inputs!$B$24/100)*(1+Artifacts!$B$34/100)*(1+F23/100)*(1+IF(Inputs!$B$3>=120,F26,0)/100)^5*(1+(IF(Skills!A10="BASIC_ATTACK",Inputs!$B$17+Artifacts!$B$40,Inputs!$B$18+Artifacts!$B$39+IF(Inputs!$B$3>=125,F27*5,0)))/100)*(Summary!$B$13*Summary!$B$14*Summary!$B$15*(1+Artifacts!$B$38/100)*I10) | L10: =K10*(MIN(Inputs!$B$22,Inputs!$B$23)/100+Inputs!$B$23/100)/2 | M10: =L10*(1+(Inputs!$B$10+Artifacts!$B$33)/100) | N10: =L10*(1-MIN((Inputs!$B$9+Artifacts!$B$32),100)/100)+M10*(MIN((Inputs!$B$9+Artifacts!$B$32),100)/100) | O10: =(1-Summary!$B$11)*S10+Summary!$B$11*U10 | P10: =IF(Summary!$B$3=0,0,O10/Summary!$B$3) | Q10: =IFERROR(1/(IF(Inputs!$B$38="pvp",15,MAX(0.1,Skills!E10-IF(Skills!F10=TRUE,Inputs!$B$32,0)))*(1-IF(AND(ArtifactsInput!$M$27,Inputs!$B$4="Chapter Hunt"),CHOOSE(ArtifactsInput!$N$27+1,20,24,28,32,36,40),0)/100)),0) | R10: =IF(AND(Inputs!$B$38<>"pvp",Inputs!$B$43>0),IF(MAX(0,Inputs!$B$43-Summary!$B$22)<=0,0,(INT(MAX(0,Inputs!$B$43-Summary!$B$22)/(IF(Inputs!$B$38="pvp",15,MAX(0.1,Skills!E10-IF(Skills!F10=TRUE,Inputs!$B$32,0)))*(1-IF(AND(ArtifactsInput!$M$27,Inputs!$B$4="Chapter Hunt"),CHOOSE(ArtifactsInput!$N$27+1,20,24,28,32,36,40),0)/100)))+1)),0) | S10: =IF(C10,(H10*N10*IF(AND(Inputs!$B$38<>"pvp",Inputs!$B$43>0),((Skills!G10*((R10-1)*IF(Skills!H10>0,Skills!I10/Skills!H10,1)+IF(Skills!H10>0,MIN(Skills!I10,MAX(0,MAX(0,Inputs!$B$43-Summary!$B$22)-((R10-1)*(IF(Inputs!$B$38="pvp",15,MAX(0.1,Skills!E10-IF(Skills!F10=TRUE,Inputs!$B$32,0)))*(1-IF(AND(ArtifactsInput!$M$27,Inputs!$B$4="Chapter Hunt"),CHOOSE(ArtifactsInput!$N$27+1,20,24,28,32,36,40),0)/100)))))/Skills!H10,1)))/Inputs!$B$43),G10*Q10))*IF(Inputs!$B$38="pvp",1,1+(Inputs!$B$20+Skills!P10+Artifacts!$B$35)/100)*((((5000/(6000+Inputs!$B$42*(1-(100*(1-(1-Inputs!$B$19/100)*(1-Artifacts!$B$51/100)^IF(Inputs!$B$38="pvp",1,2)))/100)))/(5000/(6000+Inputs!$B$42*(1-Inputs!$B$19/100))))*((L10*(1-MIN(100,(Inputs!$B$9+Artifacts!$B$32)+Artifacts!$B$69)/100)+M10*(MIN(100,(Inputs!$B$9+Artifacts!$B$32)+Artifacts!$B$69)/100))/(L10*(1-MIN(100,(Inputs!$B$9+Artifacts!$B$32))/100)+M10*(MIN(100,(Inputs!$B$9+Artifacts!$B$32))/100)))*(1+Artifacts!$B$81/100))),0) | U10: =IF(C10,(H10*N10*IF(AND(Inputs!$B$38<>"pvp",Inputs!$B$43>0),((Skills!G10*((R10-1)*IF(Skills!H10>0,Skills!I10/Skills!H10,1)+IF(Skills!H10>0,MIN(Skills!I10,MAX(0,MAX(0,Inputs!$B$43-Summary!$B$22)-((R10-1)*(IF(Inputs!$B$38="pvp",15,MAX(0.1,Skills!E10-IF(Skills!F10=TRUE,Inputs!$B$32,0)))*(1-IF(AND(ArtifactsInput!$M$27,Inputs!$B$4="Chapter Hunt"),CHOOSE(ArtifactsInput!$N$27+1,20,24,28,32,36,40),0)/100)))))/Skills!H10,1)))/Inputs!$B$43),G10*Q10))*IF(Inputs!$B$38="pvp",1,(1+(Inputs!$B$21+Skills!Q10+Artifacts!$B$80)/100)*(MIN(Skills!R10,Inputs!$B$37)))*((1+Artifacts!$B$53/100)),0)
A11: =Skills!A11 | B11: =Skills!B11 | C11: =TRUE | D11: =IF(Skills!C11=1,60+Inputs!$B$25+Inputs!$B$29,IF(Skills!C11=2,90+Inputs!$B$26+Inputs!$B$29,IF(Skills!C11=3,120+Inputs!$B$27+Inputs!$B$29,MAX(0,(Inputs!$B$3-100)*3)+Inputs!$B$28+Inputs!$B$29))) | E11: =INDEX(FactorTable!$B$2:$Y$301, MATCH(ROUND(MIN(300,MAX(1,D11)),0), FactorTable!$A$2:$A$301,0), Skills!M11+1) | F11: =IF(Skills!N11=TRUE,(Skills!L11/10)*(E11/1000),Skills!L11/10)+Skills!O11 | G11: =Skills!G11*IF(Skills!H11>0,Skills!I11/Skills!H11,1) | H11: =1-(1-Skills!J11/100)^Skills!K11 | I11: =IF(Skills!X11<>"",1+(Skills!X11/10)*($Z$3/1000)/100,1) | O11: =(1-Summary!$B$11)*S11+Summary!$B$11*U11 | P11: =IF(Summary!$B$3=0,0,O11/Summary!$B$3) | Q11: =IFERROR(1/(IF(Inputs!$B$38="pvp",15,MAX(0.1,Skills!E11-IF(Skills!F11=TRUE,Inputs!$B$32,0)))*(1-IF(AND(ArtifactsInput!$M$27,Inputs!$B$4="Chapter Hunt"),CHOOSE(ArtifactsInput!$N$27+1,20,24,28,32,36,40),0)/100)),0) | R11: 0 | S11: 0 | U11: 0
A12: =Skills!A12 | B12: =Skills!B12 | C12: =TRUE | D12: =IF(Skills!C12=1,60+Inputs!$B$25+Inputs!$B$29,IF(Skills!C12=2,90+Inputs!$B$26+Inputs!$B$29,IF(Skills!C12=3,120+Inputs!$B$27+Inputs!$B$29,MAX(0,(Inputs!$B$3-100)*3)+Inputs!$B$28+Inputs!$B$29))) | E12: =INDEX(FactorTable!$B$2:$Y$301, MATCH(ROUND(MIN(300,MAX(1,D12)),0), FactorTable!$A$2:$A$301,0), Skills!M12+1) | F12: =IF(Skills!N12=TRUE,(Skills!L12/10)*(E12/1000),Skills!L12/10)+Skills!O12 | G12: =Skills!G12*IF(Skills!H12>0,Skills!I12/Skills!H12,1) | H12: =1-(1-Skills!J12/100)^Skills!K12 | I12: =IF(Skills!X12<>"",1+(Skills!X12/10)*($Z$3/1000)/100,1) | O12: =(1-Summary!$B$11)*S12+Summary!$B$11*U12 | P12: =IF(Summary!$B$3=0,0,O12/Summary!$B$3) | Q12: =IFERROR(1/(IF(Inputs!$B$38="pvp",15,MAX(0.1,Skills!E12-IF(Skills!F12=TRUE,Inputs!$B$32,0)))*(1-IF(AND(ArtifactsInput!$M$27,Inputs!$B$4="Chapter Hunt"),CHOOSE(ArtifactsInput!$N$27+1,20,24,28,32,36,40),0)/100)),0) | R12: 0 | S12: 0 | U12: 0
A13: =Skills!A13 | B13: =Skills!B13 | C13: =Inputs!$B$3>=105 | D13: =IF(Skills!C13=1,60+Inputs!$B$25+Inputs!$B$29,IF(Skills!C13=2,90+Inputs!$B$26+Inputs!$B$29,IF(Skills!C13=3,120+Inputs!$B$27+Inputs!$B$29,MAX(0,(Inputs!$B$3-100)*3)+Inputs!$B$28+Inputs!$B$29))) | E13: =INDEX(FactorTable!$B$2:$Y$301, MATCH(ROUND(MIN(300,MAX(1,D13)),0), FactorTable!$A$2:$A$301,0), Skills!M13+1) | F13: =IF(Skills!N13=TRUE,(Skills!L13/10)*(E13/1000),Skills!L13/10)+Skills!O13 | G13: =Skills!G13*IF(Skills!H13>0,Skills!I13/Skills!H13,1) | H13: =1-(1-Skills!J13/100)^Skills!K13 | I13: =IF(Skills!X13<>"",1+(Skills!X13/10)*($Z$3/1000)/100,1) | J13: =Summary!$B$6*(F13/100) | K13: =J13*(1+Summary!$B$7/100)*(1+Inputs!$B$15/100)*(1+Inputs!$B$16/100)*(5000/(6000+Inputs!$B$42*(1-Inputs!$B$19/100)))*(1+Inputs!$B$24/100)*(1+Artifacts!$B$34/100)*(1+F23/100)*(1+IF(Inputs!$B$3>=120,F26,0)/100)^5*(1+(IF(Skills!A13="BASIC_ATTACK",Inputs!$B$17+Artifacts!$B$40,Inputs!$B$18+Artifacts!$B$39+IF(Inputs!$B$3>=125,F27*5,0)))/100)*(Summary!$B$13*Summary!$B$14*Summary!$B$15*(1+Artifacts!$B$38/100)*I13) | L13: =K13*(MIN(Inputs!$B$22,Inputs!$B$23)/100+Inputs!$B$23/100)/2 | M13: =L13*(1+(Inputs!$B$10+Artifacts!$B$33)/100) | N13: =L13*(1-MIN((Inputs!$B$9+Artifacts!$B$32),100)/100)+M13*(MIN((Inputs!$B$9+Artifacts!$B$32),100)/100) | O13: =(1-Summary!$B$11)*S13+Summary!$B$11*U13 | P13: =IF(Summary!$B$3=0,0,O13/Summary!$B$3) | Q13: =IFERROR(1/(IF(Inputs!$B$38="pvp",15,MAX(0.1,Skills!E13-IF(Skills!F13=TRUE,Inputs!$B$32,0)))*(1-IF(AND(ArtifactsInput!$M$27,Inputs!$B$4="Chapter Hunt"),CHOOSE(ArtifactsInput!$N$27+1,20,24,28,32,36,40),0)/100)),0) | R13: =IF(AND(Inputs!$B$38<>"pvp",Inputs!$B$43>0),IF(MAX(0,Inputs!$B$43-Summary!$B$22)<=0,0,(INT(MAX(0,Inputs!$B$43-Summary!$B$22)/(IF(Inputs!$B$38="pvp",15,MAX(0.1,Skills!E13-IF(Skills!F13=TRUE,Inputs!$B$32,0)))*(1-IF(AND(ArtifactsInput!$M$27,Inputs!$B$4="Chapter Hunt"),CHOOSE(ArtifactsInput!$N$27+1,20,24,28,32,36,40),0)/100)))+1)),0) | S13: =IF(C13,(H13*N13*IF(AND(Inputs!$B$38<>"pvp",Inputs!$B$43>0),((Skills!G13*((R13-1)*IF(Skills!H13>0,Skills!I13/Skills!H13,1)+IF(Skills!H13>0,MIN(Skills!I13,MAX(0,MAX(0,Inputs!$B$43-Summary!$B$22)-((R13-1)*(IF(Inputs!$B$38="pvp",15,MAX(0.1,Skills!E13-IF(Skills!F13=TRUE,Inputs!$B$32,0)))*(1-IF(AND(ArtifactsInput!$M$27,Inputs!$B$4="Chapter Hunt"),CHOOSE(ArtifactsInput!$N$27+1,20,24,28,32,36,40),0)/100)))))/Skills!H13,1)))/Inputs!$B$43),G13*Q13))*IF(Inputs!$B$38="pvp",1,1+(Inputs!$B$20+Skills!P13+Artifacts!$B$35)/100)*((((5000/(6000+Inputs!$B$42*(1-(100*(1-(1-Inputs!$B$19/100)*(1-Artifacts!$B$51/100)^IF(Inputs!$B$38="pvp",1,2)))/100)))/(5000/(6000+Inputs!$B$42*(1-Inputs!$B$19/100))))*((L13*(1-MIN(100,(Inputs!$B$9+Artifacts!$B$32)+Artifacts!$B$69)/100)+M13*(MIN(100,(Inputs!$B$9+Artifacts!$B$32)+Artifacts!$B$69)/100))/(L13*(1-MIN(100,(Inputs!$B$9+Artifacts!$B$32))/100)+M13*(MIN(100,(Inputs!$B$9+Artifacts!$B$32))/100)))*(1+Artifacts!$B$81/100))),0) | U13: =IF(C13,(H13*N13*IF(AND(Inputs!$B$38<>"pvp",Inputs!$B$43>0),((Skills!G13*((R13-1)*IF(Skills!H13>0,Skills!I13/Skills!H13,1)+IF(Skills!H13>0,MIN(Skills!I13,MAX(0,MAX(0,Inputs!$B$43-Summary!$B$22)-((R13-1)*(IF(Inputs!$B$38="pvp",15,MAX(0.1,Skills!E13-IF(Skills!F13=TRUE,Inputs!$B$32,0)))*(1-IF(AND(ArtifactsInput!$M$27,Inputs!$B$4="Chapter Hunt"),CHOOSE(ArtifactsInput!$N$27+1,20,24,28,32,36,40),0)/100)))))/Skills!H13,1)))/Inputs!$B$43),G13*Q13))*IF(Inputs!$B$38="pvp",1,(1+(Inputs!$B$21+Skills!Q13+Artifacts!$B$80)/100)*(MIN(Skills!R13,Inputs!$B$37)))*((1+Artifacts!$B$53/100)),0)
A14: =Skills!A14 | B14: =Skills!B14 | C14: =Inputs!$B$3>=113 | D14: =IF(Skills!C14=1,60+Inputs!$B$25+Inputs!$B$29,IF(Skills!C14=2,90+Inputs!$B$26+Inputs!$B$29,IF(Skills!C14=3,120+Inputs!$B$27+Inputs!$B$29,MAX(0,(Inputs!$B$3-100)*3)+Inputs!$B$28+Inputs!$B$29))) | E14: =INDEX(FactorTable!$B$2:$Y$301, MATCH(ROUND(MIN(300,MAX(1,D14)),0), FactorTable!$A$2:$A$301,0), Skills!M14+1) | F14: =IF(Skills!N14=TRUE,(Skills!L14/10)*(E14/1000),Skills!L14/10)+Skills!O14 | G14: =Skills!G14*IF(Skills!H14>0,Skills!I14/Skills!H14,1) | H14: =1-(1-Skills!J14/100)^Skills!K14 | I14: =IF(Skills!X14<>"",1+(Skills!X14/10)*($Z$3/1000)/100,1) | J14: =Summary!$B$6*(F14/100) | K14: =J14*(1+Summary!$B$7/100)*(1+Inputs!$B$15/100)*(1+Inputs!$B$16/100)*(5000/(6000+Inputs!$B$42*(1-Inputs!$B$19/100)))*(1+Inputs!$B$24/100)*(1+Artifacts!$B$34/100)*(1+F23/100)*(1+IF(Inputs!$B$3>=120,F26,0)/100)^5*(1+(IF(Skills!A14="BASIC_ATTACK",Inputs!$B$17+Artifacts!$B$40,Inputs!$B$18+Artifacts!$B$39+IF(Inputs!$B$3>=125,F27*5,0)))/100)*(Summary!$B$13*Summary!$B$14*Summary!$B$15*(1+Artifacts!$B$38/100)*I14) | L14: =K14*(MIN(Inputs!$B$22,Inputs!$B$23)/100+Inputs!$B$23/100)/2 | M14: =L14*(1+(Inputs!$B$10+Artifacts!$B$33)/100) | N14: =L14*(1-MIN((Inputs!$B$9+Artifacts!$B$32),100)/100)+M14*(MIN((Inputs!$B$9+Artifacts!$B$32),100)/100) | O14: =(1-Summary!$B$11)*S14+Summary!$B$11*U14 | P14: =IF(Summary!$B$3=0,0,O14/Summary!$B$3) | Q14: =IFERROR(1/(IF(Inputs!$B$38="pvp",15,MAX(0.1,Skills!E14-IF(Skills!F14=TRUE,Inputs!$B$32,0)))*(1-IF(AND(ArtifactsInput!$M$27,Inputs!$B$4="Chapter Hunt"),CHOOSE(ArtifactsInput!$N$27+1,20,24,28,32,36,40),0)/100)),0) | R14: 0 | S14: =IF(C14,((H14*Summary!$B$21)/(1+Skills!H14*H14*Summary!$B$21)*N14)*IF(Inputs!$B$38="pvp",1,1+(Inputs!$B$20+Skills!P14+Artifacts!$B$35)/100)*((((5000/(6000+Inputs!$B$42*(1-(100*(1-(1-Inputs!$B$19/100)*(1-Artifacts!$B$51/100)^IF(Inputs!$B$38="pvp",1,2)))/100)))/(5000/(6000+Inputs!$B$42*(1-Inputs!$B$19/100))))*((L14*(1-MIN(100,(Inputs!$B$9+Artifacts!$B$32)+Artifacts!$B$69)/100)+M14*(MIN(100,(Inputs!$B$9+Artifacts!$B$32)+Artifacts!$B$69)/100))/(L14*(1-MIN(100,(Inputs!$B$9+Artifacts!$B$32))/100)+M14*(MIN(100,(Inputs!$B$9+Artifacts!$B$32))/100)))*(1+Artifacts!$B$81/100))),0) | U14: =IF(C14,((H14*Summary!$B$21)/(1+Skills!H14*H14*Summary!$B$21)*N14)*IF(Inputs!$B$38="pvp",1,(1+(Inputs!$B$21+Skills!Q14+Artifacts!$B$80)/100)*(MIN(Skills!R14,Inputs!$B$37)))*((1+Artifacts!$B$53/100)),0)
A15: =Skills!A15 | B15: =Skills!B15 | C15: =Inputs!$B$3>=107 | D15: =IF(Skills!C15=1,60+Inputs!$B$25+Inputs!$B$29,IF(Skills!C15=2,90+Inputs!$B$26+Inputs!$B$29,IF(Skills!C15=3,120+Inputs!$B$27+Inputs!$B$29,MAX(0,(Inputs!$B$3-100)*3)+Inputs!$B$28+Inputs!$B$29))) | E15: =INDEX(FactorTable!$B$2:$Y$301, MATCH(ROUND(MIN(300,MAX(1,D15)),0), FactorTable!$A$2:$A$301,0), Skills!M15+1) | F15: =IF(Skills!N15=TRUE,(Skills!L15/10)*(E15/1000),Skills!L15/10)+Skills!O15 | G15: =Skills!G15*IF(Skills!H15>0,Skills!I15/Skills!H15,1) | H15: =1-(1-Skills!J15/100)^Skills!K15 | I15: =IF(Skills!X15<>"",1+(Skills!X15/10)*($Z$3/1000)/100,1) | J15: =Summary!$B$6*(F15/100) | K15: =J15*(1+Summary!$B$7/100)*(1+Inputs!$B$15/100)*(1+Inputs!$B$16/100)*(5000/(6000+Inputs!$B$42*(1-Inputs!$B$19/100)))*(1+Inputs!$B$24/100)*(1+Artifacts!$B$34/100)*(1+F23/100)*(1+IF(Inputs!$B$3>=120,F26,0)/100)^5*(1+(IF(Skills!A15="BASIC_ATTACK",Inputs!$B$17+Artifacts!$B$40,Inputs!$B$18+Artifacts!$B$39+IF(Inputs!$B$3>=125,F27*5,0)))/100)*(Summary!$B$13*Summary!$B$14*Summary!$B$15*(1+Artifacts!$B$38/100)*I15) | L15: =K15*(MIN(Inputs!$B$22,Inputs!$B$23)/100+Inputs!$B$23/100)/2 | M15: =L15*(1+(Inputs!$B$10+Artifacts!$B$33)/100) | N15: =L15*(1-MIN((Inputs!$B$9+Artifacts!$B$32),100)/100)+M15*(MIN((Inputs!$B$9+Artifacts!$B$32),100)/100) | O15: =(1-Summary!$B$11)*S15+Summary!$B$11*U15 | P15: =IF(Summary!$B$3=0,0,O15/Summary!$B$3) | Q15: =IFERROR(1/(IF(Inputs!$B$38="pvp",15,MAX(0.1,Skills!E15-IF(Skills!F15=TRUE,Inputs!$B$32,0)))*(1-IF(AND(ArtifactsInput!$M$27,Inputs!$B$4="Chapter Hunt"),CHOOSE(ArtifactsInput!$N$27+1,20,24,28,32,36,40),0)/100)),0) | R15: =IF(AND(Inputs!$B$38<>"pvp",Inputs!$B$43>0),IF(MAX(0,Inputs!$B$43-Summary!$B$22)<=0,0,(INT(MAX(0,Inputs!$B$43-Summary!$B$22)/(IF(Inputs!$B$38="pvp",15,MAX(0.1,Skills!E15-IF(Skills!F15=TRUE,Inputs!$B$32,0)))*(1-IF(AND(ArtifactsInput!$M$27,Inputs!$B$4="Chapter Hunt"),CHOOSE(ArtifactsInput!$N$27+1,20,24,28,32,36,40),0)/100)))+1)),0) | S15: =IF(C15,(H15*N15*IF(AND(Inputs!$B$38<>"pvp",Inputs!$B$43>0),((Skills!G15*((R15-1)*IF(Skills!H15>0,Skills!I15/Skills!H15,1)+IF(Skills!H15>0,MIN(Skills!I15,MAX(0,MAX(0,Inputs!$B$43-Summary!$B$22)-((R15-1)*(IF(Inputs!$B$38="pvp",15,MAX(0.1,Skills!E15-IF(Skills!F15=TRUE,Inputs!$B$32,0)))*(1-IF(AND(ArtifactsInput!$M$27,Inputs!$B$4="Chapter Hunt"),CHOOSE(ArtifactsInput!$N$27+1,20,24,28,32,36,40),0)/100)))))/Skills!H15,1)))/Inputs!$B$43),G15*Q15))*IF(Inputs!$B$38="pvp",1,1+(Inputs!$B$20+Skills!P15+Artifacts!$B$35)/100)*((((5000/(6000+Inputs!$B$42*(1-(100*(1-(1-Inputs!$B$19/100)*(1-Artifacts!$B$51/100)^IF(Inputs!$B$38="pvp",1,2)))/100)))/(5000/(6000+Inputs!$B$42*(1-Inputs!$B$19/100))))*((L15*(1-MIN(100,(Inputs!$B$9+Artifacts!$B$32)+Artifacts!$B$69)/100)+M15*(MIN(100,(Inputs!$B$9+Artifacts!$B$32)+Artifacts!$B$69)/100))/(L15*(1-MIN(100,(Inputs!$B$9+Artifacts!$B$32))/100)+M15*(MIN(100,(Inputs!$B$9+Artifacts!$B$32))/100)))*(1+Artifacts!$B$81/100))),0) | U15: =IF(C15,(H15*N15*IF(AND(Inputs!$B$38<>"pvp",Inputs!$B$43>0),((Skills!G15*((R15-1)*IF(Skills!H15>0,Skills!I15/Skills!H15,1)+IF(Skills!H15>0,MIN(Skills!I15,MAX(0,MAX(0,Inputs!$B$43-Summary!$B$22)-((R15-1)*(IF(Inputs!$B$38="pvp",15,MAX(0.1,Skills!E15-IF(Skills!F15=TRUE,Inputs!$B$32,0)))*(1-IF(AND(ArtifactsInput!$M$27,Inputs!$B$4="Chapter Hunt"),CHOOSE(ArtifactsInput!$N$27+1,20,24,28,32,36,40),0)/100)))))/Skills!H15,1)))/Inputs!$B$43),G15*Q15))*IF(Inputs!$B$38="pvp",1,(1+(Inputs!$B$21+Skills!Q15+Artifacts!$B$80)/100)*(MIN(Skills!R15,Inputs!$B$37)))*((1+Artifacts!$B$53/100)),0)
A16: =Skills!A16 | B16: =Skills!B16 | C16: =Inputs!$B$3>=107 | D16: =IF(Skills!C16=1,60+Inputs!$B$25+Inputs!$B$29,IF(Skills!C16=2,90+Inputs!$B$26+Inputs!$B$29,IF(Skills!C16=3,120+Inputs!$B$27+Inputs!$B$29,MAX(0,(Inputs!$B$3-100)*3)+Inputs!$B$28+Inputs!$B$29))) | E16: =INDEX(FactorTable!$B$2:$Y$301, MATCH(ROUND(MIN(300,MAX(1,D16)),0), FactorTable!$A$2:$A$301,0), Skills!M16+1) | F16: =IF(Skills!N16=TRUE,(Skills!L16/10)*(E16/1000),Skills!L16/10)+Skills!O16 | G16: =Skills!G16*IF(Skills!H16>0,Skills!I16/Skills!H16,1) | H16: =1-(1-Skills!J16/100)^Skills!K16 | I16: =IF(Skills!X16<>"",1+(Skills!X16/10)*($Z$3/1000)/100,1) | J16: =Summary!$B$6*(F16/100) | K16: =J16*(1+Summary!$B$7/100)*(1+Inputs!$B$15/100)*(1+Inputs!$B$16/100)*(5000/(6000+Inputs!$B$42*(1-Inputs!$B$19/100)))*(1+Inputs!$B$24/100)*(1+Artifacts!$B$34/100)*(1+F23/100)*(1+IF(Inputs!$B$3>=120,F26,0)/100)^5*(1+(IF(Skills!A16="BASIC_ATTACK",Inputs!$B$17+Artifacts!$B$40,Inputs!$B$18+Artifacts!$B$39+IF(Inputs!$B$3>=125,F27*5,0)))/100)*(Summary!$B$13*Summary!$B$14*Summary!$B$15*(1+Artifacts!$B$38/100)*I16) | L16: =K16*(MIN(Inputs!$B$22,Inputs!$B$23)/100+Inputs!$B$23/100)/2 | M16: =L16*(1+(Inputs!$B$10+Artifacts!$B$33)/100) | N16: =L16*(1-MIN((Inputs!$B$9+Artifacts!$B$32),100)/100)+M16*(MIN((Inputs!$B$9+Artifacts!$B$32),100)/100) | O16: =(1-Summary!$B$11)*S16+Summary!$B$11*U16 | P16: =IF(Summary!$B$3=0,0,O16/Summary!$B$3) | Q16: =IFERROR(1/(IF(Inputs!$B$38="pvp",15,MAX(0.1,Skills!E16-IF(Skills!F16=TRUE,Inputs!$B$32,0)))*(1-IF(AND(ArtifactsInput!$M$27,Inputs!$B$4="Chapter Hunt"),CHOOSE(ArtifactsInput!$N$27+1,20,24,28,32,36,40),0)/100)),0) | R16: =IF(AND(Inputs!$B$38<>"pvp",Inputs!$B$43>0),IF(MAX(0,Inputs!$B$43-Summary!$B$22)<=0,0,(INT(MAX(0,Inputs!$B$43-Summary!$B$22)/(IF(Inputs!$B$38="pvp",15,MAX(0.1,Skills!E16-IF(Skills!F16=TRUE,Inputs!$B$32,0)))*(1-IF(AND(ArtifactsInput!$M$27,Inputs!$B$4="Chapter Hunt"),CHOOSE(ArtifactsInput!$N$27+1,20,24,28,32,36,40),0)/100)))+1)),0) | S16: =IF(C16,(H16*N16*IF(AND(Inputs!$B$38<>"pvp",Inputs!$B$43>0),((Skills!G16*((R16-1)*IF(Skills!H16>0,Skills!I16/Skills!H16,1)+IF(Skills!H16>0,MIN(Skills!I16,MAX(0,MAX(0,Inputs!$B$43-Summary!$B$22)-((R16-1)*(IF(Inputs!$B$38="pvp",15,MAX(0.1,Skills!E16-IF(Skills!F16=TRUE,Inputs!$B$32,0)))*(1-IF(AND(ArtifactsInput!$M$27,Inputs!$B$4="Chapter Hunt"),CHOOSE(ArtifactsInput!$N$27+1,20,24,28,32,36,40),0)/100)))))/Skills!H16,1)))/Inputs!$B$43),G16*Q16)*(1+IF(Inputs!$B$3>=126,0.05*(Summary!$B$19+Q13+(H14*Summary!$B$21)/(1+Skills!H14*H14*Summary!$B$21)+Q24),0)*Skills!E15))*IF(Inputs!$B$38="pvp",1,1+(Inputs!$B$20+Skills!P16+Artifacts!$B$35)/100)*((((5000/(6000+Inputs!$B$42*(1-(100*(1-(1-Inputs!$B$19/100)*(1-Artifacts!$B$51/100)^IF(Inputs!$B$38="pvp",1,2)))/100)))/(5000/(6000+Inputs!$B$42*(1-Inputs!$B$19/100))))*((L16*(1-MIN(100,(Inputs!$B$9+Artifacts!$B$32)+Artifacts!$B$69)/100)+M16*(MIN(100,(Inputs!$B$9+Artifacts!$B$32)+Artifacts!$B$69)/100))/(L16*(1-MIN(100,(Inputs!$B$9+Artifacts!$B$32))/100)+M16*(MIN(100,(Inputs!$B$9+Artifacts!$B$32))/100)))*(1+Artifacts!$B$81/100))),0) | U16: =IF(C16,(H16*N16*IF(AND(Inputs!$B$38<>"pvp",Inputs!$B$43>0),((Skills!G16*((R16-1)*IF(Skills!H16>0,Skills!I16/Skills!H16,1)+IF(Skills!H16>0,MIN(Skills!I16,MAX(0,MAX(0,Inputs!$B$43-Summary!$B$22)-((R16-1)*(IF(Inputs!$B$38="pvp",15,MAX(0.1,Skills!E16-IF(Skills!F16=TRUE,Inputs!$B$32,0)))*(1-IF(AND(ArtifactsInput!$M$27,Inputs!$B$4="Chapter Hunt"),CHOOSE(ArtifactsInput!$N$27+1,20,24,28,32,36,40),0)/100)))))/Skills!H16,1)))/Inputs!$B$43),G16*Q16)*(1+IF(Inputs!$B$3>=126,0.05*(Summary!$B$19+Q13+(H14*Summary!$B$21)/(1+Skills!H14*H14*Summary!$B$21)+Q24),0)*Skills!E15))*IF(Inputs!$B$38="pvp",1,(1+(Inputs!$B$21+Skills!Q16+Artifacts!$B$80)/100)*(MIN(Skills!R16,Inputs!$B$37)))*((1+Artifacts!$B$53/100)),0)
A17: =Skills!A17 | B17: =Skills!B17 | C17: =TRUE | D17: =IF(Skills!C17=1,60+Inputs!$B$25+Inputs!$B$29,IF(Skills!C17=2,90+Inputs!$B$26+Inputs!$B$29,IF(Skills!C17=3,120+Inputs!$B$27+Inputs!$B$29,MAX(0,(Inputs!$B$3-100)*3)+Inputs!$B$28+Inputs!$B$29))) | E17: =INDEX(FactorTable!$B$2:$Y$301, MATCH(ROUND(MIN(300,MAX(1,D17)),0), FactorTable!$A$2:$A$301,0), Skills!M17+1) | F17: =IF(Skills!N17=TRUE,(Skills!L17/10)*(E17/1000),Skills!L17/10)+Skills!O17 | G17: =Skills!G17*IF(Skills!H17>0,Skills!I17/Skills!H17,1) | H17: =1-(1-Skills!J17/100)^Skills!K17 | I17: =IF(Skills!X17<>"",1+(Skills!X17/10)*($Z$3/1000)/100,1) | O17: =(1-Summary!$B$11)*S17+Summary!$B$11*U17 | P17: =IF(Summary!$B$3=0,0,O17/Summary!$B$3) | Q17: =IFERROR(1/(IF(Inputs!$B$38="pvp",15,MAX(0.1,Skills!E17-IF(Skills!F17=TRUE,Inputs!$B$32,0)))*(1-IF(AND(ArtifactsInput!$M$27,Inputs!$B$4="Chapter Hunt"),CHOOSE(ArtifactsInput!$N$27+1,20,24,28,32,36,40),0)/100)),0) | R17: =IF(AND(Inputs!$B$38<>"pvp",Inputs!$B$43>0),IF(Inputs!$B$43<=0,0,(INT(Inputs!$B$43/(IF(Inputs!$B$38="pvp",15,MAX(0.1,Skills!E17-IF(Skills!F17=TRUE,Inputs!$B$32,0)))*(1-IF(AND(ArtifactsInput!$M$27,Inputs!$B$4="Chapter Hunt"),CHOOSE(ArtifactsInput!$N$27+1,20,24,28,32,36,40),0)/100)))+1)),0) | S17: 0 | U17: 0
A18: =Skills!A18 | B18: =Skills!B18 | C18: =TRUE | D18: =IF(Skills!C18=1,60+Inputs!$B$25+Inputs!$B$29,IF(Skills!C18=2,90+Inputs!$B$26+Inputs!$B$29,IF(Skills!C18=3,120+Inputs!$B$27+Inputs!$B$29,MAX(0,(Inputs!$B$3-100)*3)+Inputs!$B$28+Inputs!$B$29))) | E18: =INDEX(FactorTable!$B$2:$Y$301, MATCH(ROUND(MIN(300,MAX(1,D18)),0), FactorTable!$A$2:$A$301,0), Skills!M18+1) | F18: =IF(Skills!N18=TRUE,(Skills!L18/10)*(E18/1000),Skills!L18/10)+Skills!O18 | G18: =Skills!G18*IF(Skills!H18>0,Skills!I18/Skills!H18,1) | H18: =1-(1-Skills!J18/100)^Skills!K18 | I18: =IF(Skills!X18<>"",1+(Skills!X18/10)*($Z$3/1000)/100,1) | O18: =(1-Summary!$B$11)*S18+Summary!$B$11*U18 | P18: =IF(Summary!$B$3=0,0,O18/Summary!$B$3) | Q18: =IFERROR(1/(IF(Inputs!$B$38="pvp",15,MAX(0.1,Skills!E18-IF(Skills!F18=TRUE,Inputs!$B$32,0)))*(1-IF(AND(ArtifactsInput!$M$27,Inputs!$B$4="Chapter Hunt"),CHOOSE(ArtifactsInput!$N$27+1,20,24,28,32,36,40),0)/100)),0) | R18: =IF(AND(Inputs!$B$38<>"pvp",Inputs!$B$43>0),IF(Inputs!$B$43<=0,0,(INT(Inputs!$B$43/(IF(Inputs!$B$38="pvp",15,MAX(0.1,Skills!E18-IF(Skills!F18=TRUE,Inputs!$B$32,0)))*(1-IF(AND(ArtifactsInput!$M$27,Inputs!$B$4="Chapter Hunt"),CHOOSE(ArtifactsInput!$N$27+1,20,24,28,32,36,40),0)/100)))+1)),0) | S18: 0 | U18: 0
A19: =Skills!A19 | B19: =Skills!B19 | C19: =Inputs!$B$3>=110 | D19: =IF(Skills!C19=1,60+Inputs!$B$25+Inputs!$B$29,IF(Skills!C19=2,90+Inputs!$B$26+Inputs!$B$29,IF(Skills!C19=3,120+Inputs!$B$27+Inputs!$B$29,MAX(0,(Inputs!$B$3-100)*3)+Inputs!$B$28+Inputs!$B$29))) | E19: =INDEX(FactorTable!$B$2:$Y$301, MATCH(ROUND(MIN(300,MAX(1,D19)),0), FactorTable!$A$2:$A$301,0), Skills!M19+1) | F19: =IF(Skills!N19=TRUE,(Skills!L19/10)*(E19/1000),Skills!L19/10)+Skills!O19 | G19: =Skills!G19*IF(Skills!H19>0,Skills!I19/Skills!H19,1) | H19: =1-(1-Skills!J19/100)^Skills!K19 | I19: =IF(Skills!X19<>"",1+(Skills!X19/10)*($Z$3/1000)/100,1) | O19: =(1-Summary!$B$11)*S19+Summary!$B$11*U19 | P19: =IF(Summary!$B$3=0,0,O19/Summary!$B$3) | Q19: =IFERROR(1/(IF(Inputs!$B$38="pvp",15,MAX(0.1,Skills!E19-IF(Skills!F19=TRUE,Inputs!$B$32,0)))*(1-IF(AND(ArtifactsInput!$M$27,Inputs!$B$4="Chapter Hunt"),CHOOSE(ArtifactsInput!$N$27+1,20,24,28,32,36,40),0)/100)),0) | R19: =IF(AND(Inputs!$B$38<>"pvp",Inputs!$B$43>0),IF(Inputs!$B$43<=0,0,(INT(Inputs!$B$43/(IF(Inputs!$B$38="pvp",15,MAX(0.1,Skills!E19-IF(Skills!F19=TRUE,Inputs!$B$32,0)))*(1-IF(AND(ArtifactsInput!$M$27,Inputs!$B$4="Chapter Hunt"),CHOOSE(ArtifactsInput!$N$27+1,20,24,28,32,36,40),0)/100)))+1)),0) | S19: 0 | U19: 0
A20: =Skills!A20 | B20: =Skills!B20 | C20: =TRUE | D20: =IF(Skills!C20=1,60+Inputs!$B$25+Inputs!$B$29,IF(Skills!C20=2,90+Inputs!$B$26+Inputs!$B$29,IF(Skills!C20=3,120+Inputs!$B$27+Inputs!$B$29,MAX(0,(Inputs!$B$3-100)*3)+Inputs!$B$28+Inputs!$B$29))) | E20: =INDEX(FactorTable!$B$2:$Y$301, MATCH(ROUND(MIN(300,MAX(1,D20)),0), FactorTable!$A$2:$A$301,0), Skills!M20+1) | F20: =IF(Skills!N20=TRUE,(Skills!L20/10)*(E20/1000),Skills!L20/10)+Skills!O20 | G20: =Skills!G20*IF(Skills!H20>0,Skills!I20/Skills!H20,1) | H20: =1-(1-Skills!J20/100)^Skills!K20 | I20: =IF(Skills!X20<>"",1+(Skills!X20/10)*($Z$3/1000)/100,1) | O20: =(1-Summary!$B$11)*S20+Summary!$B$11*U20 | P20: =IF(Summary!$B$3=0,0,O20/Summary!$B$3) | Q20: =IFERROR(1/(IF(Inputs!$B$38="pvp",15,MAX(0.1,Skills!E20-IF(Skills!F20=TRUE,Inputs!$B$32,0)))*(1-IF(AND(ArtifactsInput!$M$27,Inputs!$B$4="Chapter Hunt"),CHOOSE(ArtifactsInput!$N$27+1,20,24,28,32,36,40),0)/100)),0) | R20: 0 | S20: 0 | U20: 0
A21: =Skills!A21 | B21: =Skills!B21 | C21: =TRUE | D21: =IF(Skills!C21=1,60+Inputs!$B$25+Inputs!$B$29,IF(Skills!C21=2,90+Inputs!$B$26+Inputs!$B$29,IF(Skills!C21=3,120+Inputs!$B$27+Inputs!$B$29,MAX(0,(Inputs!$B$3-100)*3)+Inputs!$B$28+Inputs!$B$29))) | E21: =INDEX(FactorTable!$B$2:$Y$301, MATCH(ROUND(MIN(300,MAX(1,D21)),0), FactorTable!$A$2:$A$301,0), Skills!M21+1) | F21: =IF(Skills!N21=TRUE,(Skills!L21/10)*(E21/1000),Skills!L21/10)+Skills!O21 | G21: =Skills!G21*IF(Skills!H21>0,Skills!I21/Skills!H21,1) | H21: =1-(1-Skills!J21/100)^Skills!K21 | I21: =IF(Skills!X21<>"",1+(Skills!X21/10)*($Z$3/1000)/100,1) | O21: =(1-Summary!$B$11)*S21+Summary!$B$11*U21 | P21: =IF(Summary!$B$3=0,0,O21/Summary!$B$3) | Q21: =IFERROR(1/(IF(Inputs!$B$38="pvp",15,MAX(0.1,Skills!E21-IF(Skills!F21=TRUE,Inputs!$B$32,0)))*(1-IF(AND(ArtifactsInput!$M$27,Inputs!$B$4="Chapter Hunt"),CHOOSE(ArtifactsInput!$N$27+1,20,24,28,32,36,40),0)/100)),0) | R21: 0 | S21: 0 | U21: 0
A22: =Skills!A22 | B22: =Skills!B22 | C22: =TRUE | D22: =IF(Skills!C22=1,60+Inputs!$B$25+Inputs!$B$29,IF(Skills!C22=2,90+Inputs!$B$26+Inputs!$B$29,IF(Skills!C22=3,120+Inputs!$B$27+Inputs!$B$29,MAX(0,(Inputs!$B$3-100)*3)+Inputs!$B$28+Inputs!$B$29))) | E22: =INDEX(FactorTable!$B$2:$Y$301, MATCH(ROUND(MIN(300,MAX(1,D22)),0), FactorTable!$A$2:$A$301,0), Skills!M22+1) | F22: =IF(Skills!N22=TRUE,(Skills!L22/10)*(E22/1000),Skills!L22/10)+Skills!O22 | G22: =Skills!G22*IF(Skills!H22>0,Skills!I22/Skills!H22,1) | H22: =1-(1-Skills!J22/100)^Skills!K22 | I22: =IF(Skills!X22<>"",1+(Skills!X22/10)*($Z$3/1000)/100,1) | O22: =(1-Summary!$B$11)*S22+Summary!$B$11*U22 | P22: =IF(Summary!$B$3=0,0,O22/Summary!$B$3) | Q22: =IFERROR(1/(IF(Inputs!$B$38="pvp",15,MAX(0.1,Skills!E22-IF(Skills!F22=TRUE,Inputs!$B$32,0)))*(1-IF(AND(ArtifactsInput!$M$27,Inputs!$B$4="Chapter Hunt"),CHOOSE(ArtifactsInput!$N$27+1,20,24,28,32,36,40),0)/100)),0) | R22: 0 | S22: 0 | U22: 0
A23: =Skills!A23 | B23: =Skills!B23 | C23: =TRUE | D23: =IF(Skills!C23=1,60+Inputs!$B$25+Inputs!$B$29,IF(Skills!C23=2,90+Inputs!$B$26+Inputs!$B$29,IF(Skills!C23=3,120+Inputs!$B$27+Inputs!$B$29,MAX(0,(Inputs!$B$3-100)*3)+Inputs!$B$28+Inputs!$B$29))) | E23: =INDEX(FactorTable!$B$2:$Y$301, MATCH(ROUND(MIN(300,MAX(1,D23)),0), FactorTable!$A$2:$A$301,0), Skills!M23+1) | F23: =IF(Skills!N23=TRUE,(Skills!L23/10)*(E23/1000),Skills!L23/10)+Skills!O23 | G23: =Skills!G23*IF(Skills!H23>0,Skills!I23/Skills!H23,1) | H23: =1-(1-Skills!J23/100)^Skills!K23 | I23: =IF(Skills!X23<>"",1+(Skills!X23/10)*($Z$3/1000)/100,1) | O23: =(1-Summary!$B$11)*S23+Summary!$B$11*U23 | P23: =IF(Summary!$B$3=0,0,O23/Summary!$B$3) | Q23: =IFERROR(1/(IF(Inputs!$B$38="pvp",15,MAX(0.1,Skills!E23-IF(Skills!F23=TRUE,Inputs!$B$32,0)))*(1-IF(AND(ArtifactsInput!$M$27,Inputs!$B$4="Chapter Hunt"),CHOOSE(ArtifactsInput!$N$27+1,20,24,28,32,36,40),0)/100)),0) | R23: 0 | S23: 0 | U23: 0
A24: =Skills!A24 | B24: =Skills!B24 | C24: =Inputs!$B$3>=115 | D24: =IF(Skills!C24=1,60+Inputs!$B$25+Inputs!$B$29,IF(Skills!C24=2,90+Inputs!$B$26+Inputs!$B$29,IF(Skills!C24=3,120+Inputs!$B$27+Inputs!$B$29,MAX(0,(Inputs!$B$3-100)*3)+Inputs!$B$28+Inputs!$B$29))) | E24: =INDEX(FactorTable!$B$2:$Y$301, MATCH(ROUND(MIN(300,MAX(1,D24)),0), FactorTable!$A$2:$A$301,0), Skills!M24+1) | F24: =IF(Skills!N24=TRUE,(Skills!L24/10)*(E24/1000),Skills!L24/10)+Skills!O24 | G24: =Skills!G24*IF(Skills!H24>0,Skills!I24/Skills!H24,1) | H24: =1-(1-Skills!J24/100)^Skills!K24 | I24: =IF(Skills!X24<>"",1+(Skills!X24/10)*($Z$3/1000)/100,1) | J24: =Summary!$B$6*(F24/100) | K24: =J24*(1+Summary!$B$7/100)*(1+Inputs!$B$15/100)*(1+Inputs!$B$16/100)*(5000/(6000+Inputs!$B$42*(1-Inputs!$B$19/100)))*(1+Inputs!$B$24/100)*(1+Artifacts!$B$34/100)*(1+F23/100)*(1+IF(Inputs!$B$3>=120,F26,0)/100)^5*(1+(IF(Skills!A24="BASIC_ATTACK",Inputs!$B$17+Artifacts!$B$40,Inputs!$B$18+Artifacts!$B$39+IF(Inputs!$B$3>=125,F27*5,0)))/100)*(Summary!$B$13*Summary!$B$14*Summary!$B$15*(1+Artifacts!$B$38/100)*I24) | L24: =K24*(MIN(Inputs!$B$22,Inputs!$B$23)/100+Inputs!$B$23/100)/2 | M24: =L24*(1+(Inputs!$B$10+Artifacts!$B$33)/100) | N24: =L24*(1-MIN((Inputs!$B$9+Artifacts!$B$32),100)/100)+M24*(MIN((Inputs!$B$9+Artifacts!$B$32),100)/100) | O24: =(1-Summary!$B$11)*S24+Summary!$B$11*U24 | P24: =IF(Summary!$B$3=0,0,O24/Summary!$B$3) | Q24: =IFERROR(1/(IF(Inputs!$B$38="pvp",15,MAX(0.1,Skills!E24-IF(Skills!F24=TRUE,Inputs!$B$32,0)))*(1-IF(AND(ArtifactsInput!$M$27,Inputs!$B$4="Chapter Hunt"),CHOOSE(ArtifactsInput!$N$27+1,20,24,28,32,36,40),0)/100)),0) | R24: =IF(AND(Inputs!$B$38<>"pvp",Inputs!$B$43>0),IF(MAX(0,Inputs!$B$43-Summary!$B$22)<=0,0,(INT(MAX(0,Inputs!$B$43-Summary!$B$22)/(IF(Inputs!$B$38="pvp",15,MAX(0.1,Skills!E24-IF(Skills!F24=TRUE,Inputs!$B$32,0)))*(1-IF(AND(ArtifactsInput!$M$27,Inputs!$B$4="Chapter Hunt"),CHOOSE(ArtifactsInput!$N$27+1,20,24,28,32,36,40),0)/100)))+1)),0) | S24: =IF(C24,(H24*N24*IF(AND(Inputs!$B$38<>"pvp",Inputs!$B$43>0),((Skills!G24*((R24-1)*IF(Skills!H24>0,Skills!I24/Skills!H24,1)+IF(Skills!H24>0,MIN(Skills!I24,MAX(0,MAX(0,Inputs!$B$43-Summary!$B$22)-((R24-1)*(IF(Inputs!$B$38="pvp",15,MAX(0.1,Skills!E24-IF(Skills!F24=TRUE,Inputs!$B$32,0)))*(1-IF(AND(ArtifactsInput!$M$27,Inputs!$B$4="Chapter Hunt"),CHOOSE(ArtifactsInput!$N$27+1,20,24,28,32,36,40),0)/100)))))/Skills!H24,1)))/Inputs!$B$43),G24*Q24)*(1+IF(Inputs!$B$3>=130,0.2*(Skills!I16/Skills!E15+IF(Inputs!$B$3>=126,0.05*(Summary!$B$19+Q13+(H14*Summary!$B$21)/(1+Skills!H14*H14*Summary!$B$21)+Q24),0)*Skills!I16),0)))*IF(Inputs!$B$38="pvp",1,1+(Inputs!$B$20+Skills!P24+Artifacts!$B$35)/100)*((((5000/(6000+Inputs!$B$42*(1-(100*(1-(1-Inputs!$B$19/100)*(1-Artifacts!$B$51/100)^IF(Inputs!$B$38="pvp",1,2)))/100)))/(5000/(6000+Inputs!$B$42*(1-Inputs!$B$19/100))))*((L24*(1-MIN(100,(Inputs!$B$9+Artifacts!$B$32)+Artifacts!$B$69)/100)+M24*(MIN(100,(Inputs!$B$9+Artifacts!$B$32)+Artifacts!$B$69)/100))/(L24*(1-MIN(100,(Inputs!$B$9+Artifacts!$B$32))/100)+M24*(MIN(100,(Inputs!$B$9+Artifacts!$B$32))/100)))*(1+Artifacts!$B$81/100))),0) | U24: =IF(C24,(H24*N24*IF(AND(Inputs!$B$38<>"pvp",Inputs!$B$43>0),((Skills!G24*((R24-1)*IF(Skills!H24>0,Skills!I24/Skills!H24,1)+IF(Skills!H24>0,MIN(Skills!I24,MAX(0,MAX(0,Inputs!$B$43-Summary!$B$22)-((R24-1)*(IF(Inputs!$B$38="pvp",15,MAX(0.1,Skills!E24-IF(Skills!F24=TRUE,Inputs!$B$32,0)))*(1-IF(AND(ArtifactsInput!$M$27,Inputs!$B$4="Chapter Hunt"),CHOOSE(ArtifactsInput!$N$27+1,20,24,28,32,36,40),0)/100)))))/Skills!H24,1)))/Inputs!$B$43),G24*Q24)*(1+IF(Inputs!$B$3>=130,0.2*(Skills!I16/Skills!E15+IF(Inputs!$B$3>=126,0.05*(Summary!$B$19+Q13+(H14*Summary!$B$21)/(1+Skills!H14*H14*Summary!$B$21)+Q24),0)*Skills!I16),0)))*IF(Inputs!$B$38="pvp",1,(1+(Inputs!$B$21+Skills!Q24+Artifacts!$B$80)/100)*(MIN(Skills!R24,Inputs!$B$37)))*((1+Artifacts!$B$53/100)),0)
A25: =Skills!A25 | B25: =Skills!B25 | C25: =Inputs!$B$3>=117 | D25: =IF(Skills!C25=1,60+Inputs!$B$25+Inputs!$B$29,IF(Skills!C25=2,90+Inputs!$B$26+Inputs!$B$29,IF(Skills!C25=3,120+Inputs!$B$27+Inputs!$B$29,MAX(0,(Inputs!$B$3-100)*3)+Inputs!$B$28+Inputs!$B$29))) | E25: =INDEX(FactorTable!$B$2:$Y$301, MATCH(ROUND(MIN(300,MAX(1,D25)),0), FactorTable!$A$2:$A$301,0), Skills!M25+1) | F25: =IF(Skills!N25=TRUE,(Skills!L25/10)*(E25/1000),Skills!L25/10)+Skills!O25 | G25: =Skills!G25*IF(Skills!H25>0,Skills!I25/Skills!H25,1) | H25: =1-(1-Skills!J25/100)^Skills!K25 | I25: =IF(Skills!X25<>"",1+(Skills!X25/10)*($Z$3/1000)/100,1) | O25: =(1-Summary!$B$11)*S25+Summary!$B$11*U25 | P25: =IF(Summary!$B$3=0,0,O25/Summary!$B$3) | Q25: =IFERROR(1/(IF(Inputs!$B$38="pvp",15,MAX(0.1,Skills!E25-IF(Skills!F25=TRUE,Inputs!$B$32,0)))*(1-IF(AND(ArtifactsInput!$M$27,Inputs!$B$4="Chapter Hunt"),CHOOSE(ArtifactsInput!$N$27+1,20,24,28,32,36,40),0)/100)),0) | R25: 0 | S25: 0 | U25: 0
A26: =Skills!A26 | B26: =Skills!B26 | C26: =Inputs!$B$3>=120 | D26: =IF(Skills!C26=1,60+Inputs!$B$25+Inputs!$B$29,IF(Skills!C26=2,90+Inputs!$B$26+Inputs!$B$29,IF(Skills!C26=3,120+Inputs!$B$27+Inputs!$B$29,MAX(0,(Inputs!$B$3-100)*3)+Inputs!$B$28+Inputs!$B$29))) | E26: =INDEX(FactorTable!$B$2:$Y$301, MATCH(ROUND(MIN(300,MAX(1,D26)),0), FactorTable!$A$2:$A$301,0), Skills!M26+1) | F26: =IF(Skills!N26=TRUE,(Skills!L26/10)*(E26/1000),Skills!L26/10)+Skills!O26 | G26: =Skills!G26*IF(Skills!H26>0,Skills!I26/Skills!H26,1) | H26: =1-(1-Skills!J26/100)^Skills!K26 | I26: =IF(Skills!X26<>"",1+(Skills!X26/10)*($Z$3/1000)/100,1) | O26: =(1-Summary!$B$11)*S26+Summary!$B$11*U26 | P26: =IF(Summary!$B$3=0,0,O26/Summary!$B$3) | Q26: =IFERROR(1/(IF(Inputs!$B$38="pvp",15,MAX(0.1,Skills!E26-IF(Skills!F26=TRUE,Inputs!$B$32,0)))*(1-IF(AND(ArtifactsInput!$M$27,Inputs!$B$4="Chapter Hunt"),CHOOSE(ArtifactsInput!$N$27+1,20,24,28,32,36,40),0)/100)),0) | R26: 0 | S26: 0 | U26: 0
A27: =Skills!A27 | B27: =Skills!B27 | C27: =Inputs!$B$3>=125 | D27: =IF(Skills!C27=1,60+Inputs!$B$25+Inputs!$B$29,IF(Skills!C27=2,90+Inputs!$B$26+Inputs!$B$29,IF(Skills!C27=3,120+Inputs!$B$27+Inputs!$B$29,MAX(0,(Inputs!$B$3-100)*3)+Inputs!$B$28+Inputs!$B$29))) | E27: =INDEX(FactorTable!$B$2:$Y$301, MATCH(ROUND(MIN(300,MAX(1,D27)),0), FactorTable!$A$2:$A$301,0), Skills!M27+1) | F27: =IF(Skills!N27=TRUE,(Skills!L27/10)*(E27/1000),Skills!L27/10)+Skills!O27 | G27: =Skills!G27*IF(Skills!H27>0,Skills!I27/Skills!H27,1) | H27: =1-(1-Skills!J27/100)^Skills!K27 | I27: =IF(Skills!X27<>"",1+(Skills!X27/10)*($Z$3/1000)/100,1) | O27: =(1-Summary!$B$11)*S27+Summary!$B$11*U27 | P27: =IF(Summary!$B$3=0,0,O27/Summary!$B$3) | Q27: =IFERROR(1/(IF(Inputs!$B$38="pvp",15,MAX(0.1,Skills!E27-IF(Skills!F27=TRUE,Inputs!$B$32,0)))*(1-IF(AND(ArtifactsInput!$M$27,Inputs!$B$4="Chapter Hunt"),CHOOSE(ArtifactsInput!$N$27+1,20,24,28,32,36,40),0)/100)),0) | R27: 0 | S27: 0 | U27: 0
A28: =Skills!A28 | B28: =Skills!B28 | C28: =Inputs!$B$3>=118 | D28: =IF(Skills!C28=1,60+Inputs!$B$25+Inputs!$B$29,IF(Skills!C28=2,90+Inputs!$B$26+Inputs!$B$29,IF(Skills!C28=3,120+Inputs!$B$27+Inputs!$B$29,MAX(0,(Inputs!$B$3-100)*3)+Inputs!$B$28+Inputs!$B$29))) | E28: =INDEX(FactorTable!$B$2:$Y$301, MATCH(ROUND(MIN(300,MAX(1,D28)),0), FactorTable!$A$2:$A$301,0), Skills!M28+1) | F28: =IF(Skills!N28=TRUE,(Skills!L28/10)*(E28/1000),Skills!L28/10)+Skills!O28 | G28: =Skills!G28*IF(Skills!H28>0,Skills!I28/Skills!H28,1) | H28: =1-(1-Skills!J28/100)^Skills!K28 | I28: =IF(Skills!X28<>"",1+(Skills!X28/10)*($Z$3/1000)/100,1) | J28: =Summary!$B$6*(F28/100) | K28: =J28*(1+Summary!$B$7/100)*(1+Inputs!$B$15/100)*(1+Inputs!$B$16/100)*(5000/(6000+Inputs!$B$42*(1-Inputs!$B$19/100)))*(1+Inputs!$B$24/100)*(1+Artifacts!$B$34/100)*(1+F23/100)*(1+IF(Inputs!$B$3>=120,F26,0)/100)^5*(1+(IF(Skills!A28="BASIC_ATTACK",Inputs!$B$17+Artifacts!$B$40,Inputs!$B$18+Artifacts!$B$39+IF(Inputs!$B$3>=125,F27*5,0)))/100)*(Summary!$B$13*Summary!$B$14*Summary!$B$15*(1+Artifacts!$B$38/100)*I28) | L28: =K28*(MIN(Inputs!$B$22,Inputs!$B$23)/100+Inputs!$B$23/100)/2 | M28: =L28*(1+(Inputs!$B$10+Artifacts!$B$33)/100) | N28: =L28*(1-MIN((Inputs!$B$9+Artifacts!$B$32),100)/100)+M28*(MIN((Inputs!$B$9+Artifacts!$B$32),100)/100) | O28: =(1-Summary!$B$11)*S28+Summary!$B$11*U28 | P28: =IF(Summary!$B$3=0,0,O28/Summary!$B$3) | Q28: =IFERROR(1/(IF(Inputs!$B$38="pvp",15,MAX(0.1,Skills!E28-IF(Skills!F28=TRUE,Inputs!$B$32,0)))*(1-IF(AND(ArtifactsInput!$M$27,Inputs!$B$4="Chapter Hunt"),CHOOSE(ArtifactsInput!$N$27+1,20,24,28,32,36,40),0)/100)),0) | R28: =IF(AND(Inputs!$B$38<>"pvp",Inputs!$B$43>0),IF(MAX(0,Inputs!$B$43-Summary!$B$22)<=0,0,(INT(MAX(0,Inputs!$B$43-Summary!$B$22)/(IF(Inputs!$B$38="pvp",15,MAX(0.1,Skills!E28-IF(Skills!F28=TRUE,Inputs!$B$32,0)))*(1-IF(AND(ArtifactsInput!$M$27,Inputs!$B$4="Chapter Hunt"),CHOOSE(ArtifactsInput!$N$27+1,20,24,28,32,36,40),0)/100)))+1)),0) | S28: =IF(C28,(H28*N28*IF(AND(Inputs!$B$38<>"pvp",Inputs!$B$43>0),((Skills!G28*((R28-1)*IF(Skills!H28>0,Skills!I28/Skills!H28,1)+IF(Skills!H28>0,MIN(Skills!I28,MAX(0,MAX(0,Inputs!$B$43-Summary!$B$22)-((R28-1)*(IF(Inputs!$B$38="pvp",15,MAX(0.1,Skills!E28-IF(Skills!F28=TRUE,Inputs!$B$32,0)))*(1-IF(AND(ArtifactsInput!$M$27,Inputs!$B$4="Chapter Hunt"),CHOOSE(ArtifactsInput!$N$27+1,20,24,28,32,36,40),0)/100)))))/Skills!H28,1)))/Inputs!$B$43),G28*Q28))*IF(Inputs!$B$38="pvp",1,1+(Inputs!$B$20+Skills!P28+Artifacts!$B$35)/100)*((((5000/(6000+Inputs!$B$42*(1-(100*(1-(1-Inputs!$B$19/100)*(1-Artifacts!$B$51/100)^IF(Inputs!$B$38="pvp",1,2)))/100)))/(5000/(6000+Inputs!$B$42*(1-Inputs!$B$19/100))))*((L28*(1-MIN(100,(Inputs!$B$9+Artifacts!$B$32)+Artifacts!$B$69)/100)+M28*(MIN(100,(Inputs!$B$9+Artifacts!$B$32)+Artifacts!$B$69)/100))/(L28*(1-MIN(100,(Inputs!$B$9+Artifacts!$B$32))/100)+M28*(MIN(100,(Inputs!$B$9+Artifacts!$B$32))/100)))*(1+Artifacts!$B$81/100))),0) | U28: =IF(C28,(H28*N28*IF(AND(Inputs!$B$38<>"pvp",Inputs!$B$43>0),((Skills!G28*((R28-1)*IF(Skills!H28>0,Skills!I28/Skills!H28,1)+IF(Skills!H28>0,MIN(Skills!I28,MAX(0,MAX(0,Inputs!$B$43-Summary!$B$22)-((R28-1)*(IF(Inputs!$B$38="pvp",15,MAX(0.1,Skills!E28-IF(Skills!F28=TRUE,Inputs!$B$32,0)))*(1-IF(AND(ArtifactsInput!$M$27,Inputs!$B$4="Chapter Hunt"),CHOOSE(ArtifactsInput!$N$27+1,20,24,28,32,36,40),0)/100)))))/Skills!H28,1)))/Inputs!$B$43),G28*Q28))*IF(Inputs!$B$38="pvp",1,(1+(Inputs!$B$21+Skills!Q28+Artifacts!$B$80)/100)*(MIN(Skills!R28,Inputs!$B$37)))*((1+Artifacts!$B$53/100)),0)

Sheet Summary
A1: Fire/Poison Arch Mage — DPS Summary
A3: TOTAL DPS | B3: =SUM(Calc!O2:O28)
A5: Derived Values (read-only, computed from Inputs)
A6: ATTACK (= Flat ATTACK x (1+ATTACK%/100)) | B6: =Inputs!$B$6*(1+Inputs!$B$7/100)
A7: STAT_DAMAGE % (= 1% of total INT + 0.25% of LUK) | B7: =(Inputs!$B$12*(1+Inputs!$B$13/100))*0.01+Inputs!$B$14*0.0025
A8: Basic Attack Input Level (4th job formula) | B8: =MAX(0,(Inputs!$B$3-100)*3)+Inputs!$B$28+Inputs!$B$29
A9: Basic Attack Factor (factorIndex 21) | B9: =INDEX(FactorTable!$B$2:$Y$301, MATCH(ROUND(MIN(300,MAX(1,Summary!$B$8)),0), FactorTable!$A$2:$A$301,0), 22)
A10: SKILL_COEFFICIENT — Basic Attack base coefficient % (before Skill Mastery) | B10: =290*Summary!$B$9/1000
A11: Normal-Monster Weight (= 0 for boss, 1 for normal, Breakthrough Normal Weight % for breakthrough, 0 for pvp) | B11: =IF(Inputs!$B$38="normal",1,IF(Inputs!$B$38="breakthrough",Inputs!$B$44/100,0))
A13: Burning Magic Multiplier | B13: =1+(Calc!F11*Skills!Z11)/100
A14: Elemental Decrease Multiplier (always-on) + Artifact Enemy Damage Taken Bonus | B14: =1+(Calc!F12+Artifacts!$B$36)/100
A15: Average Buff Multiplier (Magic Guard + Meditation + Artifact Attack%, summed; then Infinity) | B15: =(1+(Calc!F6*IF(AND(Inputs!$B$38<>"pvp",Inputs!$B$43>0),(((Calc!R6-1)*(Skills!T6*(1+(Inputs!$B$34)/100))+MIN((Skills!T6*(1+(Inputs!$B$34)/100)),MAX(0,Inputs!$B$43-((Calc!R6-1)*Skills!E6))))/Inputs!$B$43),IF(Inputs!$B$38="pvp",MIN((Skills!T6*(1+(Inputs!$B$34)/100)),15)/15,(Skills!T6*(1+(Inputs!$B$34)/100))/Skills!E6))+Calc!F17*IF(AND(Inputs!$B$38<>"pvp",Inputs!$B$43>0),(((Calc!R17-1)*(Skills!T17*(1+(Inputs!$B$34)/100))+MIN((Skills!T17*(1+(Inputs!$B$34)/100)),MAX(0,Inputs!$B$43-((Calc!R17-1)*Skills!E17))))/Inputs!$B$43),IF(Inputs!$B$38="pvp",MIN((Skills!T17*(1+(Inputs!$B$34)/100)),15)/15,(Skills!T17*(1+(Inputs!$B$34)/100))/Skills!E17))+Artifacts!$B$52)/100)*IF(Calc!C19=TRUE,(1+Calc!F19*IF(AND(Inputs!$B$38<>"pvp",Inputs!$B$43>0),(((Calc!R19-1)*(Skills!T19*(1+(Inputs!$B$34)/100))+MIN((Skills!T19*(1+(Inputs!$B$34)/100)),MAX(0,Inputs!$B$43-((Calc!R19-1)*Skills!E19))))/Inputs!$B$43),IF(Inputs!$B$38="pvp",MIN((Skills!T19*(1+(Inputs!$B$34)/100)),15)/15,(Skills!T19*(1+(Inputs!$B$34)/100))/Skills!E19))/100),1)
A16: Attack Speed Buff Bonus % (Nimble Feet, averaged) | B16: =Calc!F18*IF(AND(Inputs!$B$38<>"pvp",Inputs!$B$43>0),(((Calc!R18-1)*(Skills!T18*(1+(Inputs!$B$34)/100))+MIN((Skills!T18*(1+(Inputs!$B$34)/100)),MAX(0,Inputs!$B$43-((Calc!R18-1)*Skills!E18))))/Inputs!$B$43),IF(Inputs!$B$38="pvp",MIN((Skills!T18*(1+(Inputs!$B$34)/100)),15)/15,(Skills!T18*(1+(Inputs!$B$34)/100))/Skills!E18))
A17: Actions Per Second (Attack Speed combined via diminishing-returns stack, factor 150, then capped) | B17: =1+MIN(150,150*(1-(1-Inputs!$B$11/150)*(1-B16/150)))/100
A18: Skill + Buff Cast Rate (subtracted from Basic Attack, 1/s) | B18: =IF(AND(Inputs!$B$38<>"pvp",Inputs!$B$43>0),SUMPRODUCT((Skills!F2:F28=TRUE)*(Calc!C2:C28=TRUE)*Calc!R2:R28)/Inputs!$B$43,SUMPRODUCT((Skills!F2:F28=TRUE)*(Calc!C2:C28=TRUE)*Calc!Q2:Q28))
A19: Basic Attacks Per Second | B19: =MAX(0,B17-B18)
A20: Basic Attack DPS | B20: =Calc!O2
A21: Meteor Proc — triggering attacks' combined cast rate, incl. Basic Attack (1/s) | B21: =IF(AND(Inputs!$B$38<>"pvp",Inputs!$B$43>0),SUMPRODUCT((Skills!V2:V28=TRUE)*(Calc!C2:C28=TRUE)*Calc!R2:R28*Skills!W2:W28)/Inputs!$B$43,SUMPRODUCT((Skills!V2:V28=TRUE)*(Calc!C2:C28=TRUE)*Calc!Q2:Q28*Skills!W2:W28))+B19
A22: Buff-Casting Startup Delay (s, before first damage-skill cast; fixed-duration only) | B22: =IF(AND(Inputs!$B$38<>"pvp",Inputs!$B$43>0),SUMPRODUCT((Skills!T2:T28>0)*(Skills!F2:F28=TRUE)*(Calc!C2:C28=TRUE))/B17,0)
A23: Boss-Only Total DPS (Sensitivity baseline) | B23: =SUM(Calc!S2:S28)
A24: Normal-Only Total DPS (Sensitivity baseline) | B24: =SUM(Calc!U2:U28)
A26: Per-Skill DPS Breakdown
A27: Skill | B27: DPS | C27: % of Total
A28: =Calc!B2 | B28: =Calc!O2 | C28: =Calc!P2*100
A29: =Calc!B3 | B29: =Calc!O3 | C29: =Calc!P3*100
A30: =Calc!B4 | B30: =Calc!O4 | C30: =Calc!P4*100
A31: =Calc!B5 | B31: =Calc!O5 | C31: =Calc!P5*100
A32: =Calc!B7 | B32: =Calc!O7 | C32: =Calc!P7*100
A33: =Calc!B8 | B33: =Calc!O8 | C33: =Calc!P8*100
A34: =Calc!B9 | B34: =Calc!O9 | C34: =Calc!P9*100
A35: =Calc!B10 | B35: =Calc!O10 | C35: =Calc!P10*100
A36: =Calc!B13 | B36: =Calc!O13 | C36: =Calc!P13*100
A37: =Calc!B14 | B37: =Calc!O14 | C37: =Calc!P14*100
A38: =Calc!B15 | B38: =Calc!O15 | C38: =Calc!P15*100
A39: =Calc!B16 | B39: =Calc!O16 | C39: =Calc!P16*100
A40: =Calc!B24 | B40: =Calc!O24 | C40: =Calc!P24*100
A41: =Calc!B28 | B41: =Calc!O28 | C41: =Calc!P28*100
A42: Marginal DPS & Stat Value (see Sensitivity for full detail)
A44: Stat | B44: DPS per +1 | C44: Units per +1% DPS
A45: =Sensitivity!A5 | B45: =Sensitivity!H5 | C45: =Sensitivity!B5
A46: =Sensitivity!A6 | B46: =Sensitivity!H6 | C46: =Sensitivity!B6
A47: =Sensitivity!A7 | B47: =Sensitivity!H7 | C47: =Sensitivity!B7
A48: =Sensitivity!A8 | B48: =Sensitivity!H8 | C48: =Sensitivity!B8
A49: =Sensitivity!A9 | B49: =Sensitivity!H9 | C49: =Sensitivity!B9
A50: =Sensitivity!A10 | B50: =Sensitivity!H10 | C50: =Sensitivity!B10
A51: =Sensitivity!A11 | B51: =Sensitivity!H11 | C51: =Sensitivity!B11
A52: =Sensitivity!A12 | B52: =Sensitivity!H12 | C52: =Sensitivity!B12
A53: =Sensitivity!A13 | B53: =Sensitivity!H13 | C53: =Sensitivity!B13
A54: =Sensitivity!A14 | B54: =Sensitivity!H14 | C54: =Sensitivity!B14
A55: =Sensitivity!A15 | B55: =Sensitivity!H15 | C55: =Sensitivity!B15
A56: =Sensitivity!A16 | B56: =Sensitivity!H16 | C56: =Sensitivity!B16
... A69: =Sensitivity!A29 | B69: =Sensitivity!H29 | C69: =Sensitivity!B29
A70: Artifact Equip-Toggle DPS Gain, best to worst (see Sensitivity for full detail)
A72: Artifact | B72: DPS Gain | C72: % Gain
A73: =Sensitivity!A32 | B73: =Sensitivity!B32 | C73: =Sensitivity!C32
A74: =Sensitivity!A33 | B74: =Sensitivity!B33 | C74: =Sensitivity!C33
A75: =Sensitivity!A34 | B75: =Sensitivity!B34 | C75: =Sensitivity!C34
A76: =Sensitivity!A35 | B76: =Sensitivity!B35 | C76: =Sensitivity!C35
A77: =Sensitivity!A36 | B77: =Sensitivity!B36 | C77: =Sensitivity!C36
A78: =Sensitivity!A37 | B78: =Sensitivity!B37 | C78: =Sensitivity!C37
A79: =Sensitivity!A38 | B79: =Sensitivity!B38 | C79: =Sensitivity!C38
A80: =Sensitivity!A39 | B80: =Sensitivity!B39 | C80: =Sensitivity!C39
A81: =Sensitivity!A40 | B81: =Sensitivity!B40 | C81: =Sensitivity!C40
A82: =Sensitivity!A41 | B82: =Sensitivity!B41 | C82: =Sensitivity!C41
A83: =Sensitivity!A42 | B83: =Sensitivity!B42 | C83: =Sensitivity!C42
A84: =Sensitivity!A43 | B84: =Sensitivity!B43 | C84: =Sensitivity!C43
... A108: =Sensitivity!A67 | B108: =Sensitivity!B67 | C108: =Sensitivity!C67

Sheet Sensitivity
A1: Marginal DPS per +1 (percentage point / skill level / flat point)
A2: Attack Speed and Def Pen combine their +1 via the diminishing-returns formula (new = (1-(1-old/factor)*(1-1/factor))*factor), not a flat add.
A4: Stat | B4: Units per +1% DPS | C4: Type | D4: Current Value | E4: New Value | F4: Baseline Total DPS | G4: New Total DPS | H4: DPS Gain | I4: % Gain
A5: Flat INT | B5: =IFERROR(1/(I5-100),"n/a") | C5: flat | D5: =Inputs!$B$12 | E5: =(Inputs!$B$12+1) | F5: =Summary!$B$3 | G5: =B111 | H5: =Summary!$B$3*(((1-Summary!$B$11)*IFERROR(B109/Summary!$B$23,1)+Summary!$B$11*IFERROR(B110/Summary!$B$24,1))-1) | I5: =((1-Summary!$B$11)*IFERROR(B109/Summary!$B$23,1)+Summary!$B$11*IFERROR(B110/Summary!$B$24,1))*100
A6: INT % | B6: =IFERROR(1/(I6-100),"n/a") | C6: pct | D6: =Inputs!$B$13 | E6: =(Inputs!$B$13+1) | F6: =Summary!$B$3 | G6: =B155 | H6: =Summary!$B$3*(((1-Summary!$B$11)*IFERROR(B153/Summary!$B$23,1)+Summary!$B$11*IFERROR(B154/Summary!$B$24,1))-1) | I6: =((1-Summary!$B$11)*IFERROR(B153/Summary!$B$23,1)+Summary!$B$11*IFERROR(B154/Summary!$B$24,1))*100
A7: DAMAGE % | B7: =IFERROR(1/(I7-100),"n/a") | C7: pct | D7: =Inputs!$B$15 | E7: =(Inputs!$B$15+1) | F7: =Summary!$B$3 | G7: =B199 | H7: =Summary!$B$3*(((1-Summary!$B$11)*IFERROR(B197/Summary!$B$23,1)+Summary!$B$11*IFERROR(B198/Summary!$B$24,1))-1) | I7: =((1-Summary!$B$11)*IFERROR(B197/Summary!$B$23,1)+Summary!$B$11*IFERROR(B198/Summary!$B$24,1))*100
A8: DAMAGE_AMP % | B8: =IFERROR(1/(I8-100),"n/a") | C8: pct | D8: =Inputs!$B$16 | E8: =(Inputs!$B$16+1) | F8: =Summary!$B$3 | G8: =B243 | H8: =Summary!$B$3*(((1-Summary!$B$11)*IFERROR(B241/Summary!$B$23,1)+Summary!$B$11*IFERROR(B242/Summary!$B$24,1))-1) | I8: =((1-Summary!$B$11)*IFERROR(B241/Summary!$B$23,1)+Summary!$B$11*IFERROR(B242/Summary!$B$24,1))*100
A9: BOSS_DAMAGE % | B9: =IFERROR(1/(I9-100),"n/a") | C9: pct | D9: =Inputs!$B$20 | E9: =(Inputs!$B$20+1) | F9: =Summary!$B$3 | G9: =B287 | H9: =Summary!$B$3*(((1-Summary!$B$11)*IFERROR(B285/Summary!$B$23,1)+Summary!$B$11*IFERROR(B286/Summary!$B$24,1))-1) | I9: =((1-Summary!$B$11)*IFERROR(B285/Summary!$B$23,1)+Summary!$B$11*IFERROR(B286/Summary!$B$24,1))*100
A10: NORMAL_DAMAGE % | B10: =IFERROR(1/(I10-100),"n/a") | C10: pct | D10: =Inputs!$B$21 | E10: =(Inputs!$B$21+1) | F10: =Summary!$B$3 | G10: =B331 | H10: =Summary!$B$3*(((1-Summary!$B$11)*IFERROR(B329/Summary!$B$23,1)+Summary!$B$11*IFERROR(B330/Summary!$B$24,1))-1) | I10: =((1-Summary!$B$11)*IFERROR(B329/Summary!$B$23,1)+Summary!$B$11*IFERROR(B330/Summary!$B$24,1))*100
A11: FINAL_DAMAGE % (multiplicative source) | B11: =IFERROR(1/(I11-100),"n/a") | C11: mult | D11: =Inputs!$B$24 | E11: =((((1+Inputs!$B$24/100)*(1.01))-1)*100) | F11: =Summary!$B$3 | G11: =B375 | H11: =Summary!$B$3*(((1-Summary!$B$11)*IFERROR(B373/Summary!$B$23,1)+Summary!$B$11*IFERROR(B374/Summary!$B$24,1))-1) | I11: =((1-Summary!$B$11)*IFERROR(B373/Summary!$B$23,1)+Summary!$B$11*IFERROR(B374/Summary!$B$24,1))*100
A12: MIN_DAMAGE % | B12: =IFERROR(1/(I12-100),"n/a") | C12: pct | D12: =Inputs!$B$22 | E12: =(Inputs!$B$22+1) | F12: =Summary!$B$3 | G12: =B419 | H12: =Summary!$B$3*(((1-Summary!$B$11)*IFERROR(B417/Summary!$B$23,1)+Summary!$B$11*IFERROR(B418/Summary!$B$24,1))-1) | I12: =((1-Summary!$B$11)*IFERROR(B417/Summary!$B$23,1)+Summary!$B$11*IFERROR(B418/Summary!$B$24,1))*100
A13: MAX_DAMAGE % | B13: =IFERROR(1/(I13-100),"n/a") | C13: pct | D13: =Inputs!$B$23 | E13: =(Inputs!$B$23+1) | F13: =Summary!$B$3 | G13: =B463 | H13: =Summary!$B$3*(((1-Summary!$B$11)*IFERROR(B461/Summary!$B$23,1)+Summary!$B$11*IFERROR(B462/Summary!$B$24,1))-1) | I13: =((1-Summary!$B$11)*IFERROR(B461/Summary!$B$23,1)+Summary!$B$11*IFERROR(B462/Summary!$B$24,1))*100
A14: CRIT_RATE % | B14: =IFERROR(1/(I14-100),"n/a") | C14: pct | D14: =Inputs!$B$9 | E14: =(Inputs!$B$9+1) | F14: =Summary!$B$3 | G14: =B507 | H14: =Summary!$B$3*(((1-Summary!$B$11)*IFERROR(B505/Summary!$B$23,1)+Summary!$B$11*IFERROR(B506/Summary!$B$24,1))-1) | I14: =((1-Summary!$B$11)*IFERROR(B505/Summary!$B$23,1)+Summary!$B$11*IFERROR(B506/Summary!$B$24,1))*100
A15: CRIT_DAMAGE % | B15: =IFERROR(1/(I15-100),"n/a") | C15: pct | D15: =Inputs!$B$10 | E15: =(Inputs!$B$10+1) | F15: =Summary!$B$3 | G15: =B551 | H15: =Summary!$B$3*(((1-Summary!$B$11)*IFERROR(B549/Summary!$B$23,1)+Summary!$B$11*IFERROR(B550/Summary!$B$24,1))-1) | I15: =((1-Summary!$B$11)*IFERROR(B549/Summary!$B$23,1)+Summary!$B$11*IFERROR(B550/Summary!$B$24,1))*100
A16: ATTACK_SPEED % (diminishing returns, factor 150) | B16: =IFERROR(1/(I16-100),"n/a") | C16: dr150 | D16: =Inputs!$B$11 | E16: =((1-(1-Inputs!$B$11/150)*(1-1/150))*150) | F16: =Summary!$B$3 | G16: =B595 | H16: =Summary!$B$3*(((1-Summary!$B$11)*IFERROR(B593/Summary!$B$23,1)+Summary!$B$11*IFERROR(B594/Summary!$B$24,1))-1) | I16: =((1-Summary!$B$11)*IFERROR(B593/Summary!$B$23,1)+Summary!$B$11*IFERROR(B594/Summary!$B$24,1))*100
A17: DEF_PEN % (diminishing returns, factor 100) | B17: =IFERROR(1/(I17-100),"n/a") | C17: dr100 | D17: =Inputs!$B$19 | E17: =((1-(1-Inputs!$B$19/100)*(1-1/100))*100) | F17: =Summary!$B$3 | G17: =B639 | H17: =Summary!$B$3*(((1-Summary!$B$11)*IFERROR(B637/Summary!$B$23,1)+Summary!$B$11*IFERROR(B638/Summary!$B$24,1))-1) | I17: =((1-Summary!$B$11)*IFERROR(B637/Summary!$B$23,1)+Summary!$B$11*IFERROR(B638/Summary!$B$24,1))*100
A18: BASIC_ATTACK_DAMAGE % | B18: =IFERROR(1/(I18-100),"n/a") | C18: pct | D18: =Inputs!$B$17 | E18: =(Inputs!$B$17+1) | F18: =Summary!$B$3 | G18: =B683 | H18: =Summary!$B$3*(((1-Summary!$B$11)*IFERROR(B681/Summary!$B$23,1)+Summary!$B$11*IFERROR(B682/Summary!$B$24,1))-1) | I18: =((1-Summary!$B$11)*IFERROR(B681/Summary!$B$23,1)+Summary!$B$11*IFERROR(B682/Summary!$B$24,1))*100
A19: SKILL_DAMAGE % | B19: =IFERROR(1/(I19-100),"n/a") | C19: pct | D19: =Inputs!$B$18 | E19: =(Inputs!$B$18+1) | F19: =Summary!$B$3 | G19: =B727 | H19: =Summary!$B$3*(((1-Summary!$B$11)*IFERROR(B725/Summary!$B$23,1)+Summary!$B$11*IFERROR(B726/Summary!$B$24,1))-1) | I19: =((1-Summary!$B$11)*IFERROR(B725/Summary!$B$23,1)+Summary!$B$11*IFERROR(B726/Summary!$B$24,1))*100
A20: Skill Level Bonus — 1st Job | B20: =IFERROR(1/(I20-100),"n/a") | C20: level | D20: =Inputs!$B$25 | E20: =(Inputs!$B$25+1) | F20: =Summary!$B$3 | G20: =B771 | H20: =Summary!$B$3*(((1-Summary!$B$11)*IFERROR(B769/Summary!$B$23,1)+Summary!$B$11*IFERROR(B770/Summary!$B$24,1))-1) | I20: =((1-Summary!$B$11)*IFERROR(B769/Summary!$B$23,1)+Summary!$B$11*IFERROR(B770/Summary!$B$24,1))*100
A21: Skill Level Bonus — 2nd Job | B21: =IFERROR(1/(I21-100),"n/a") | C21: level | D21: =Inputs!$B$26 | E21: =(Inputs!$B$26+1) | F21: =Summary!$B$3 | G21: =B815 | H21: =Summary!$B$3*(((1-Summary!$B$11)*IFERROR(B813/Summary!$B$23,1)+Summary!$B$11*IFERROR(B814/Summary!$B$24,1))-1) | I21: =((1-Summary!$B$11)*IFERROR(B813/Summary!$B$23,1)+Summary!$B$11*IFERROR(B814/Summary!$B$24,1))*100
A22: Skill Level Bonus — 3rd Job | B22: =IFERROR(1/(I22-100),"n/a") | C22: level | D22: =Inputs!$B$27 | E22: =(Inputs!$B$27+1) | F22: =Summary!$B$3 | G22: =B859 | H22: =Summary!$B$3*(((1-Summary!$B$11)*IFERROR(B857/Summary!$B$23,1)+Summary!$B$11*IFERROR(B858/Summary!$B$24,1))-1) | I22: =((1-Summary!$B$11)*IFERROR(B857/Summary!$B$23,1)+Summary!$B$11*IFERROR(B858/Summary!$B$24,1))*100
A23: Skill Level Bonus — 4th Job | B23: =IFERROR(1/(I23-100),"n/a") | C23: level | D23: =Inputs!$B$28 | E23: =(Inputs!$B$28+1) | F23: =Summary!$B$3 | G23: =B903 | H23: =Summary!$B$3*(((1-Summary!$B$11)*IFERROR(B901/Summary!$B$23,1)+Summary!$B$11*IFERROR(B902/Summary!$B$24,1))-1) | I23: =((1-Summary!$B$11)*IFERROR(B901/Summary!$B$23,1)+Summary!$B$11*IFERROR(B902/Summary!$B$24,1))*100
A24: Skill Level Bonus — All Skills | B24: =IFERROR(1/(I24-100),"n/a") | C24: level | D24: =Inputs!$B$29 | E24: =(Inputs!$B$29+1) | F24: =Summary!$B$3 | G24: =B947 | H24: =Summary!$B$3*(((1-Summary!$B$11)*IFERROR(B945/Summary!$B$23,1)+Summary!$B$11*IFERROR(B946/Summary!$B$24,1))-1) | I24: =((1-Summary!$B$11)*IFERROR(B945/Summary!$B$23,1)+Summary!$B$11*IFERROR(B946/Summary!$B$24,1))*100
A25: Flat ATTACK | B25: =IFERROR(1/(I25-100),"n/a") | C25: flat | D25: =Inputs!$B$6 | E25: =(Inputs!$B$6+1) | F25: =Summary!$B$3 | G25: =B991 | H25: =Summary!$B$3*(((1-Summary!$B$11)*IFERROR(B989/Summary!$B$23,1)+Summary!$B$11*IFERROR(B990/Summary!$B$24,1))-1) | I25: =((1-Summary!$B$11)*IFERROR(B989/Summary!$B$23,1)+Summary!$B$11*IFERROR(B990/Summary!$B$24,1))*100
A26: ATTACK % | B26: =IFERROR(1/(I26-100),"n/a") | C26: pct | D26: =Inputs!$B$7 | E26: =(Inputs!$B$7+1) | F26: =Summary!$B$3 | G26: =B1035 | H26: =Summary!$B$3*(((1-Summary!$B$11)*IFERROR(B1033/Summary!$B$23,1)+Summary!$B$11*IFERROR(B1034/Summary!$B$24,1))-1) | I26: =((1-Summary!$B$11)*IFERROR(B1033/Summary!$B$23,1)+Summary!$B$11*IFERROR(B1034/Summary!$B$24,1))*100
A27: Skill Cooldown Decrease (seconds) | B27: =IFERROR(1/(I27-100),"n/a") | C27: flat | D27: =Inputs!$B$32 | E27: =(Inputs!$B$32+1) | F27: =Summary!$B$3 | G27: =B1079 | H27: =Summary!$B$3*(((1-Summary!$B$11)*IFERROR(B1077/Summary!$B$23,1)+Summary!$B$11*IFERROR(B1078/Summary!$B$24,1))-1) | I27: =((1-Summary!$B$11)*IFERROR(B1077/Summary!$B$23,1)+Summary!$B$11*IFERROR(B1078/Summary!$B$24,1))*100
A28: Basic Attack Target Increase (flat) | B28: =IFERROR(1/(I28-100),"n/a") | C28: flat | D28: =Inputs!$B$33 | E28: =(Inputs!$B$33+1) | F28: =Summary!$B$3 | G28: =B1123 | H28: =Summary!$B$3*(((1-Summary!$B$11)*IFERROR(B1121/Summary!$B$23,1)+Summary!$B$11*IFERROR(B1122/Summary!$B$24,1))-1) | I28: =((1-Summary!$B$11)*IFERROR(B1121/Summary!$B$23,1)+Summary!$B$11*IFERROR(B1122/Summary!$B$24,1))*100
A29: Buff Duration Increase % | B29: =IFERROR(1/(I29-100),"n/a") | C29: pct | D29: =Inputs!$B$34 | E29: =(Inputs!$B$34+1) | F29: =Summary!$B$3 | G29: =B1167 | H29: =Summary!$B$3*(((1-Summary!$B$11)*IFERROR(B1165/Summary!$B$23,1)+Summary!$B$11*IFERROR(B1166/Summary!$B$24,1))-1) | I29: =((1-Summary!$B$11)*IFERROR(B1165/Summary!$B$23,1)+Summary!$B$11*IFERROR(B1166/Summary!$B$24,1))*100
A30: Artifact Equip-Toggle DPS Gain
A31: Artifact | B31: DPS Gain | C31: % Gain
A32: =IF(1>COUNTIF($AD$32:$AD$67,TRUE),"",INDEX($AA$32:$AA$67,MATCH(1,$AE$32:$AE$67,0))) | B32: =IF(1>COUNTIF($AD$32:$AD$67,TRUE),"",INDEX($AB$32:$AB$67,MATCH(1,$AE$32:$AE$67,0))) | C32: =IF(1>COUNTIF($AD$32:$AD$67,TRUE),"",INDEX($AC$32:$AC$67,MATCH(1,$AE$32:$AE$67,0))) | AA32: Charm of the Undead (Equip) | AB32: =(IF(ArtifactsInput!$M$5,-1,1)*Summary!$B$3*(((1-Summary!$B$11)*IFERROR(B1209/Summary!$B$23,1)+Summary!$B$11*IFERROR(B1210/Summary!$B$24,1))-1)+ArtifactsInput!$L$5) | AC32: =IF(ArtifactsInput!$M$5,Summary!$B$3/(Summary!$B$3-(IF(ArtifactsInput!$M$5,-1,1)*Summary!$B$3*(((1-Summary!$B$11)*IFERROR(B1209/Summary!$B$23,1)+Summary!$B$11*IFERROR(B1210/Summary!$B$24,1))-1)+ArtifactsInput!$L$5))*100,(Summary!$B$3+(IF(ArtifactsInput!$M$5,-1,1)*Summary!$B$3*(((1-Summary!$B$11)*IFERROR(B1209/Summary!$B$23,1)+Summary!$B$11*IFERROR(B1210/Summary!$B$24,1))-1)+ArtifactsInput!$L$5))/Summary!$B$3*100) | AD32: =ArtifactsInput!$B$5<>"Not Unlocked" | AE32: =IF(AD32,SUMPRODUCT(($AD$32:$AD$67)*($AC$32:$AC$67>AC32))+COUNTIFS($AD$32:AD32,TRUE,$AC$32:AC32,AC32),"")
A33: =IF(2>COUNTIF($AD$32:$AD$67,TRUE),"",INDEX($AA$32:$AA$67,MATCH(2,$AE$32:$AE$67,0))) | B33: =IF(2>COUNTIF($AD$32:$AD$67,TRUE),"",INDEX($AB$32:$AB$67,MATCH(2,$AE$32:$AE$67,0))) | C33: =IF(2>COUNTIF($AD$32:$AD$67,TRUE),"",INDEX($AC$32:$AC$67,MATCH(2,$AE$32:$AE$67,0))) | AA33: Pig's Ribbon (Equip) | AB33: =(IF(ArtifactsInput!$M$6,-1,1)*Summary!$B$3*(((1-Summary!$B$11)*IFERROR(B1253/Summary!$B$23,1)+Summary!$B$11*IFERROR(B1254/Summary!$B$24,1))-1)+ArtifactsInput!$L$6) | AC33: =IF(ArtifactsInput!$M$6,Summary!$B$3/(Summary!$B$3-(IF(ArtifactsInput!$M$6,-1,1)*Summary!$B$3*(((1-Summary!$B$11)*IFERROR(B1253/Summary!$B$23,1)+Summary!$B$11*IFERROR(B1254/Summary!$B$24,1))-1)+ArtifactsInput!$L$6))*100,(Summary!$B$3+(IF(ArtifactsInput!$M$6,-1,1)*Summary!$B$3*(((1-Summary!$B$11)*IFERROR(B1253/Summary!$B$23,1)+Summary!$B$11*IFERROR(B1254/Summary!$B$24,1))-1)+ArtifactsInput!$L$6))/Summary!$B$3*100) | AD33: =ArtifactsInput!$B$6<>"Not Unlocked" | AE33: =IF(AD33,SUMPRODUCT(($AD$32:$AD$67)*($AC$32:$AC$67>AC33))+COUNTIFS($AD$32:AD33,TRUE,$AC$32:AC33,AC33),"")
A34: =IF(3>COUNTIF($AD$32:$AD$67,TRUE),"",INDEX($AA$32:$AA$67,MATCH(3,$AE$32:$AE$67,0))) | B34: =IF(3>COUNTIF($AD$32:$AD$67,TRUE),"",INDEX($AB$32:$AB$67,MATCH(3,$AE$32:$AE$67,0))) | C34: =IF(3>COUNTIF($AD$32:$AD$67,TRUE),"",INDEX($AC$32:$AC$67,MATCH(3,$AE$32:$AE$67,0))) | AA34: Shamaness Marble (Equip) | AB34: =(IF(ArtifactsInput!$M$7,-1,1)*Summary!$B$3*(((1-Summary!$B$11)*IFERROR(B1297/Summary!$B$23,1)+Summary!$B$11*IFERROR(B1298/Summary!$B$24,1))-1)+ArtifactsInput!$L$7) | AC34: =IF(ArtifactsInput!$M$7,Summary!$B$3/(Summary!$B$3-(IF(ArtifactsInput!$M$7,-1,1)*Summary!$B$3*(((1-Summary!$B$11)*IFERROR(B1297/Summary!$B$23,1)+Summary!$B$11*IFERROR(B1298/Summary!$B$24,1))-1)+ArtifactsInput!$L$7))*100,(Summary!$B$3+(IF(ArtifactsInput!$M$7,-1,1)*Summary!$B$3*(((1-Summary!$B$11)*IFERROR(B1297/Summary!$B$23,1)+Summary!$B$11*IFERROR(B1298/Summary!$B$24,1))-1)+ArtifactsInput!$L$7))/Summary!$B$3*100) | AD34: =ArtifactsInput!$B$7<>"Not Unlocked" | AE34: =IF(AD34,SUMPRODUCT(($AD$32:$AD$67)*($AC$32:$AC$67>AC34))+COUNTIFS($AD$32:AD34,TRUE,$AC$32:AC34,AC34),"")
A35: =IF(4>COUNTIF($AD$32:$AD$67,TRUE),"",INDEX($AA$32:$AA$67,MATCH(4,$AE$32:$AE$67,0))) | B35: =IF(4>COUNTIF($AD$32:$AD$67,TRUE),"",INDEX($AB$32:$AB$67,MATCH(4,$AE$32:$AE$67,0))) | C35: =IF(4>COUNTIF($AD$32:$AD$67,TRUE),"",INDEX($AC$32:$AC$67,MATCH(4,$AE$32:$AE$67,0))) | AA35: The Contract of Darkness (Equip) | AB35: =(IF(ArtifactsInput!$M$8,-1,1)*Summary!$B$3*(((1-Summary!$B$11)*IFERROR(B1341/Summary!$B$23,1)+Summary!$B$11*IFERROR(B1342/Summary!$B$24,1))-1)+ArtifactsInput!$L$8) | AC35: =IF(ArtifactsInput!$M$8,Summary!$B$3/(Summary!$B$3-(IF(ArtifactsInput!$M$8,-1,1)*Summary!$B$3*(((1-Summary!$B$11)*IFERROR(B1341/Summary!$B$23,1)+Summary!$B$11*IFERROR(B1342/Summary!$B$24,1))-1)+ArtifactsInput!$L$8))*100,(Summary!$B$3+(IF(ArtifactsInput!$M$8,-1,1)*Summary!$B$3*(((1-Summary!$B$11)*IFERROR(B1341/Summary!$B$23,1)+Summary!$B$11*IFERROR(B1342/Summary!$B$24,1))-1)+ArtifactsInput!$L$8))/Summary!$B$3*100) | AD35: =ArtifactsInput!$B$8<>"Not Unlocked" | AE35: =IF(AD35,SUMPRODUCT(($AD$32:$AD$67)*($AC$32:$AC$67>AC35))+COUNTIFS($AD$32:AD35,TRUE,$AC$32:AC35,AC35),"")
A36: =IF(5>COUNTIF($AD$32:$AD$67,TRUE),"",INDEX($AA$32:$AA$67,MATCH(5,$AE$32:$AE$67,0))) | B36: =IF(5>COUNTIF($AD$32:$AD$67,TRUE),"",INDEX($AB$32:$AB$67,MATCH(5,$AE$32:$AE$67,0))) | C36: =IF(5>COUNTIF($AD$32:$AD$67,TRUE),"",INDEX($AC$32:$AC$67,MATCH(5,$AE$32:$AE$67,0))) | AA36: Rainbow-colored Snail Shell (Equip) | AB36: =(IF(ArtifactsInput!$M$10,-1,1)*Summary!$B$3*(((1-Summary!$B$11)*IFERROR(B1385/Summary!$B$23,1)+Summary!$B$11*IFERROR(B1386/Summary!$B$24,1))-1)+ArtifactsInput!$L$10) | AC36: =IF(ArtifactsInput!$M$10,Summary!$B$3/(Summary!$B$3-(IF(ArtifactsInput!$M$10,-1,1)*Summary!$B$3*(((1-Summary!$B$11)*IFERROR(B1385/Summary!$B$23,1)+Summary!$B$11*IFERROR(B1386/Summary!$B$24,1))-1)+ArtifactsInput!$L$10))*100,(Summary!$B$3+(IF(ArtifactsInput!$M$10,-1,1)*Summary!$B$3*(((1-Summary!$B$11)*IFERROR(B1385/Summary!$B$23,1)+Summary!$B$11*IFERROR(B1386/Summary!$B$24,1))-1)+ArtifactsInput!$L$10))/Summary!$B$3*100) | AD36: =ArtifactsInput!$B$10<>"Not Unlocked" | AE36: =IF(AD36,SUMPRODUCT(($AD$32:$AD$67)*($AC$32:$AC$67>AC36))+COUNTIFS($AD$32:AD36,TRUE,$AC$32:AC36,AC36),"")
A37: =IF(6>COUNTIF($AD$32:$AD$67,TRUE),"",INDEX($AA$32:$AA$67,MATCH(6,$AE$32:$AE$67,0))) | B37: =IF(6>COUNTIF($AD$32:$AD$67,TRUE),"",INDEX($AB$32:$AB$67,MATCH(6,$AE$32:$AE$67,0))) | C37: =IF(6>COUNTIF($AD$32:$AD$67,TRUE),"",INDEX($AC$32:$AC$67,MATCH(6,$AE$32:$AE$67,0))) | AA37: Hexagon Necklace (Equip) | AB37: =(IF(ArtifactsInput!$M$11,-1,1)*Summary!$B$3*(((1-Summary!$B$11)*IFERROR(B1429/Summary!$B$23,1)+Summary!$B$11*IFERROR(B1430/Summary!$B$24,1))-1)+ArtifactsInput!$L$11) | AC37: =IF(ArtifactsInput!$M$11,Summary!$B$3/(Summary!$B$3-(IF(ArtifactsInput!$M$11,-1,1)*Summary!$B$3*(((1-Summary!$B$11)*IFERROR(B1429/Summary!$B$23,1)+Summary!$B$11*IFERROR(B1430/Summary!$B$24,1))-1)+ArtifactsInput!$L$11))*100,(Summary!$B$3+(IF(ArtifactsInput!$M$11,-1,1)*Summary!$B$3*(((1-Summary!$B$11)*IFERROR(B1429/Summary!$B$23,1)+Summary!$B$11*IFERROR(B1430/Summary!$B$24,1))-1)+ArtifactsInput!$L$11))/Summary!$B$3*100) | AD37: =ArtifactsInput!$B$11<>"Not Unlocked" | AE37: =IF(AD37,SUMPRODUCT(($AD$32:$AD$67)*($AC$32:$AC$67>AC37))+COUNTIFS($AD$32:AD37,TRUE,$AC$32:AC37,AC37),"")
A38: =IF(7>COUNTIF($AD$32:$AD$67,TRUE),"",INDEX($AA$32:$AA$67,MATCH(7,$AE$32:$AE$67,0))) | B38: =IF(7>COUNTIF($AD$32:$AD$67,TRUE),"",INDEX($AB$32:$AB$67,MATCH(7,$AE$32:$AE$67,0))) | C38: =IF(7>COUNTIF($AD$32:$AD$67,TRUE),"",INDEX($AC$32:$AC$67,MATCH(7,$AE$32:$AE$67,0))) | AA38: Arwen's Glass Shoes (Equip) | AB38: =(IF(ArtifactsInput!$M$12,-1,1)*Summary!$B$3*(((1-Summary!$B$11)*IFERROR(B1473/Summary!$B$23,1)+Summary!$B$11*IFERROR(B1474/Summary!$B$24,1))-1)+ArtifactsInput!$L$12) | AC38: =IF(ArtifactsInput!$M$12,Summary!$B$3/(Summary!$B$3-(IF(ArtifactsInput!$M$12,-1,1)*Summary!$B$3*(((1-Summary!$B$11)*IFERROR(B1473/Summary!$B$23,1)+Summary!$B$11*IFERROR(B1474/Summary!$B$24,1))-1)+ArtifactsInput!$L$12))*100,(Summary!$B$3+(IF(ArtifactsInput!$M$12,-1,1)*Summary!$B$3*(((1-Summary!$B$11)*IFERROR(B1473/Summary!$B$23,1)+Summary!$B$11*IFERROR(B1474/Summary!$B$24,1))-1)+ArtifactsInput!$L$12))/Summary!$B$3*100) | AD38: =ArtifactsInput!$B$12<>"Not Unlocked" | AE38: =IF(AD38,SUMPRODUCT(($AD$32:$AD$67)*($AC$32:$AC$67>AC38))+COUNTIFS($AD$32:AD38,TRUE,$AC$32:AC38,AC38),"")
A39: =IF(8>COUNTIF($AD$32:$AD$67,TRUE),"",INDEX($AA$32:$AA$67,MATCH(8,$AE$32:$AE$67,0))) | B39: =IF(8>COUNTIF($AD$32:$AD$67,TRUE),"",INDEX($AB$32:$AB$67,MATCH(8,$AE$32:$AE$67,0))) | C39: =IF(8>COUNTIF($AD$32:$AD$67,TRUE),"",INDEX($AC$32:$AC$67,MATCH(8,$AE$32:$AE$67,0))) | AA39: Mushmom's Cap (Equip) | AB39: =(IF(ArtifactsInput!$M$13,-1,1)*Summary!$B$3*(((1-Summary!$B$11)*IFERROR(B1517/Summary!$B$23,1)+Summary!$B$11*IFERROR(B1518/Summary!$B$24,1))-1)+ArtifactsInput!$L$13) | AC39: =IF(ArtifactsInput!$M$13,Summary!$B$3/(Summary!$B$3-(IF(ArtifactsInput!$M$13,-1,1)*Summary!$B$3*(((1-Summary!$B$11)*IFERROR(B1517/Summary!$B$23,1)+Summary!$B$11*IFERROR(B1518/Summary!$B$24,1))-1)+ArtifactsInput!$L$13))*100,(Summary!$B$3+(IF(ArtifactsInput!$M$13,-1,1)*Summary!$B$3*(((1-Summary!$B$11)*IFERROR(B1517/Summary!$B$23,1)+Summary!$B$11*IFERROR(B1518/Summary!$B$24,1))-1)+ArtifactsInput!$L$13))/Summary!$B$3*100) | AD39: =ArtifactsInput!$B$13<>"Not Unlocked" | AE39: =IF(AD39,SUMPRODUCT(($AD$32:$AD$67)*($AC$32:$AC$67>AC39))+COUNTIFS($AD$32:AD39,TRUE,$AC$32:AC39,AC39),"")
A40: =IF(9>COUNTIF($AD$32:$AD$67,TRUE),"",INDEX($AA$32:$AA$67,MATCH(9,$AE$32:$AE$67,0))) | B40: =IF(9>COUNTIF($AD$32:$AD$67,TRUE),"",INDEX($AB$32:$AB$67,MATCH(9,$AE$32:$AE$67,0))) | C40: =IF(9>COUNTIF($AD$32:$AD$67,TRUE),"",INDEX($AC$32:$AC$67,MATCH(9,$AE$32:$AE$67,0))) | AA40: Clear Spring Water (Equip) | AB40: =(IF(ArtifactsInput!$M$14,-1,1)*Summary!$B$3*(((1-Summary!$B$11)*IFERROR(B1561/Summary!$B$23,1)+Summary!$B$11*IFERROR(B1562/Summary!$B$24,1))-1)+ArtifactsInput!$L$14) | AC40: =IF(ArtifactsInput!$M$14,Summary!$B$3/(Summary!$B$3-(IF(ArtifactsInput!$M$14,-1,1)*Summary!$B$3*(((1-Summary!$B$11)*IFERROR(B1561/Summary!$B$23,1)+Summary!$B$11*IFERROR(B1562/Summary!$B$24,1))-1)+ArtifactsInput!$L$14))*100,(Summary!$B$3+(IF(ArtifactsInput!$M$14,-1,1)*Summary!$B$3*(((1-Summary!$B$11)*IFERROR(B1561/Summary!$B$23,1)+Summary!$B$11*IFERROR(B1562/Summary!$B$24,1))-1)+ArtifactsInput!$L$14))/Summary!$B$3*100) | AD40: =ArtifactsInput!$B$14<>"Not Unlocked" | AE40: =IF(AD40,SUMPRODUCT(($AD$32:$AD$67)*($AC$32:$AC$67>AC40))+COUNTIFS($AD$32:AD40,TRUE,$AC$32:AC40,AC40),"")
A41: =IF(10>COUNTIF($AD$32:$AD$67,TRUE),"",INDEX($AA$32:$AA$67,MATCH(10,$AE$32:$AE$67,0))) | B41: =IF(10>COUNTIF($AD$32:$AD$67,TRUE),"",INDEX($AB$32:$AB$67,MATCH(10,$AE$32:$AE$67,0))) | C41: =IF(10>COUNTIF($AD$32:$AD$67,TRUE),"",INDEX($AC$32:$AC$67,MATCH(10,$AE$32:$AE$67,0))) | AA41: Athena Pierce's Old Gloves (Equip) | AB41: =(IF(ArtifactsInput!$M$15,-1,1)*Summary!$B$3*(((1-Summary!$B$11)*IFERROR(B1605/Summary!$B$23,1)+Summary!$B$11*IFERROR(B1606/Summary!$B$24,1))-1)+ArtifactsInput!$L$15) | AC41: =IF(ArtifactsInput!$M$15,Summary!$B$3/(Summary!$B$3-(IF(ArtifactsInput!$M$15,-1,1)*Summary!$B$3*(((1-Summary!$B$11)*IFERROR(B1605/Summary!$B$23,1)+Summary!$B$11*IFERROR(B1606/Summary!$B$24,1))-1)+ArtifactsInput!$L$15))*100,(Summary!$B$3+(IF(ArtifactsInput!$M$15,-1,1)*Summary!$B$3*(((1-Summary!$B$11)*IFERROR(B1605/Summary!$B$23,1)+Summary!$B$11*IFERROR(B1606/Summary!$B$24,1))-1)+ArtifactsInput!$L$15))/Summary!$B$3*100) | AD41: =ArtifactsInput!$B$15<>"Not Unlocked" | AE41: =IF(AD41,SUMPRODUCT(($AD$32:$AD$67)*($AC$32:$AC$67>AC41))+COUNTIFS($AD$32:AD41,TRUE,$AC$32:AC41,AC41),"")
A42: =IF(11>COUNTIF($AD$32:$AD$67,TRUE),"",INDEX($AA$32:$AA$67,MATCH(11,$AE$32:$AE$67,0))) | B42: =IF(11>COUNTIF($AD$32:$AD$67,TRUE),"",INDEX($AB$32:$AB$67,MATCH(11,$AE$32:$AE$67,0))) | C42: =IF(11>COUNTIF($AD$32:$AD$67,TRUE),"",INDEX($AC$32:$AC$67,MATCH(11,$AE$32:$AE$67,0))) | AA42: Zakum's Stone Piece (Equip) | AB42: =(IF(ArtifactsInput!$M$16,-1,1)*Summary!$B$3*(((1-Summary!$B$11)*IFERROR(B1649/Summary!$B$23,1)+Summary!$B$11*IFERROR(B1650/Summary!$B$24,1))-1)+ArtifactsInput!$L$16) | AC42: =IF(ArtifactsInput!$M$16,Summary!$B$3/(Summary!$B$3-(IF(ArtifactsInput!$M$16,-1,1)*Summary!$B$3*(((1-Summary!$B$11)*IFERROR(B1649/Summary!$B$23,1)+Summary!$B$11*IFERROR(B1650/Summary!$B$24,1))-1)+ArtifactsInput!$L$16))*100,(Summary!$B$3+(IF(ArtifactsInput!$M$16,-1,1)*Summary!$B$3*(((1-Summary!$B$11)*IFERROR(B1649/Summary!$B$23,1)+Summary!$B$11*IFERROR(B1650/Summary!$B$24,1))-1)+ArtifactsInput!$L$16))/Summary!$B$3*100) | AD42: =ArtifactsInput!$B$16<>"Not Unlocked" | AE42: =IF(AD42,SUMPRODUCT(($AD$32:$AD$67)*($AC$32:$AC$67>AC42))+COUNTIFS($AD$32:AD42,TRUE,$AC$32:AC42,AC42),"")
A43: =IF(12>COUNTIF($AD$32:$AD$67,TRUE),"",INDEX($AA$32:$AA$67,MATCH(12,$AE$32:$AE$67,0))) | B43: =IF(12>COUNTIF($AD$32:$AD$67,TRUE),"",INDEX($AB$32:$AB$67,MATCH(12,$AE$32:$AE$67,0))) | C43: =IF(12>COUNTIF($AD$32:$AD$67,TRUE),"",INDEX($AC$32:$AC$67,MATCH(12,$AE$32:$AE$67,0))) | AA43: Horntail's Scale (Equip) | AB43: =(IF(ArtifactsInput!$M$17,-1,1)*Summary!$B$3*(((1-Summary!$B$11)*IFERROR(B1693/Summary!$B$23,1)+Summary!$B$11*IFERROR(B1694/Summary!$B$24,1))-1)+ArtifactsInput!$L$17) | AC43: =IF(ArtifactsInput!$M$17,Summary!$B$3/(Summary!$B$3-(IF(ArtifactsInput!$M$17,-1,1)*Summary!$B$3*(((1-Summary!$B$11)*IFERROR(B1693/Summary!$B$23,1)+Summary!$B$11*IFERROR(B1694/Summary!$B$24,1))-1)+ArtifactsInput!$L$17))*100,(Summary!$B$3+(IF(ArtifactsInput!$M$17,-1,1)*Summary!$B$3*(((1-Summary!$B$11)*IFERROR(B1693/Summary!$B$23,1)+Summary!$B$11*IFERROR(B1694/Summary!$B$24,1))-1)+ArtifactsInput!$L$17))/Summary!$B$3*100) | AD43: =ArtifactsInput!$B$17<>"Not Unlocked" | AE43: =IF(AD43,SUMPRODUCT(($AD$32:$AD$67)*($AC$32:$AC$67>AC43))+COUNTIFS($AD$32:AD43,TRUE,$AC$32:AC43,AC43),"")
A44: =IF(13>COUNTIF($AD$32:$AD$67,TRUE),"",INDEX($AA$32:$AA$67,MATCH(13,$AE$32:$AE$67,0))) | B44: =IF(13>COUNTIF($AD$32:$AD$67,TRUE),"",INDEX($AB$32:$AB$67,MATCH(13,$AE$32:$AE$67,0))) | C44: =IF(13>COUNTIF($AD$32:$AD$67,TRUE),"",INDEX($AC$32:$AC$67,MATCH(13,$AE$32:$AE$67,0))) | AA44: Pink Bean's Giant Rib (Equip) | AB44: =(IF(ArtifactsInput!$M$18,-1,1)*Summary!$B$3*(((1-Summary!$B$11)*IFERROR(B1737/Summary!$B$23,1)+Summary!$B$11*IFERROR(B1738/Summary!$B$24,1))-1)+ArtifactsInput!$L$18) | AC44: =IF(ArtifactsInput!$M$18,Summary!$B$3/(Summary!$B$3-(IF(ArtifactsInput!$M$18,-1,1)*Summary!$B$3*(((1-Summary!$B$11)*IFERROR(B1737/Summary!$B$23,1)+Summary!$B$11*IFERROR(B1738/Summary!$B$24,1))-1)+ArtifactsInput!$L$18))*100,(Summary!$B$3+(IF(ArtifactsInput!$M$18,-1,1)*Summary!$B$3*(((1-Summary!$B$11)*IFERROR(B1737/Summary!$B$23,1)+Summary!$B$11*IFERROR(B1738/Summary!$B$24,1))-1)+ArtifactsInput!$L$18))/Summary!$B$3*100) | AD44: =ArtifactsInput!$B$18<>"Not Unlocked" | AE44: =IF(AD44,SUMPRODUCT(($AD$32:$AD$67)*($AC$32:$AC$67>AC44))+COUNTIFS($AD$32:AD44,TRUE,$AC$32:AC44,AC44),"")
A45: =IF(14>COUNTIF($AD$32:$AD$67,TRUE),"",INDEX($AA$32:$AA$67,MATCH(14,$AE$32:$AE$67,0))) | B45: =IF(14>COUNTIF($AD$32:$AD$67,TRUE),"",INDEX($AB$32:$AB$67,MATCH(14,$AE$32:$AE$67,0))) | C45: =IF(14>COUNTIF($AD$32:$AD$67,TRUE),"",INDEX($AC$32:$AC$67,MATCH(14,$AE$32:$AE$67,0))) | AA45: Chalice (Equip) | AB45: =(IF(ArtifactsInput!$M$20,-1,1)*Summary!$B$3*(((1-Summary!$B$11)*IFERROR(B1781/Summary!$B$23,1)+Summary!$B$11*IFERROR(B1782/Summary!$B$24,1))-1)+ArtifactsInput!$L$20) | AC45: =IF(ArtifactsInput!$M$20,Summary!$B$3/(Summary!$B$3-(IF(ArtifactsInput!$M$20,-1,1)*Summary!$B$3*(((1-Summary!$B$11)*IFERROR(B1781/Summary!$B$23,1)+Summary!$B$11*IFERROR(B1782/Summary!$B$24,1))-1)+ArtifactsInput!$L$20))*100,(Summary!$B$3+(IF(ArtifactsInput!$M$20,-1,1)*Summary!$B$3*(((1-Summary!$B$11)*IFERROR(B1781/Summary!$B$23,1)+Summary!$B$11*IFERROR(B1782/Summary!$B$24,1))-1)+ArtifactsInput!$L$20))/Summary!$B$3*100) | AD45: =ArtifactsInput!$B$20<>"Not Unlocked" | AE45: =IF(AD45,SUMPRODUCT(($AD$32:$AD$67)*($AC$32:$AC$67>AC45))+COUNTIFS($AD$32:AD45,TRUE,$AC$32:AC45,AC45),"")
A46: =IF(15>COUNTIF($AD$32:$AD$67,TRUE),"",INDEX($AA$32:$AA$67,MATCH(15,$AE$32:$AE$67,0))) | B46: =IF(15>COUNTIF($AD$32:$AD$67,TRUE),"",INDEX($AB$32:$AB$67,MATCH(15,$AE$32:$AE$67,0))) | C46: =IF(15>COUNTIF($AD$32:$AD$67,TRUE),"",INDEX($AC$32:$AC$67,MATCH(15,$AE$32:$AE$67,0))) | AA46: Old Music Box (Equip) | AB46: =(IF(ArtifactsInput!$M$21,-1,1)*Summary!$B$3*(((1-Summary!$B$11)*IFERROR(B1825/Summary!$B$23,1)+Summary!$B$11*IFERROR(B1826/Summary!$B$24,1))-1)+ArtifactsInput!$L$21) | AC46: =IF(ArtifactsInput!$M$21,Summary!$B$3/(Summary!$B$3-(IF(ArtifactsInput!$M$21,-1,1)*Summary!$B$3*(((1-Summary!$B$11)*IFERROR(B1825/Summary!$B$23,1)+Summary!$B$11*IFERROR(B1826/Summary!$B$24,1))-1)+ArtifactsInput!$L$21))*100,(Summary!$B$3+(IF(ArtifactsInput!$M$21,-1,1)*Summary!$B$3*(((1-Summary!$B$11)*IFERROR(B1825/Summary!$B$23,1)+Summary!$B$11*IFERROR(B1826/Summary!$B$24,1))-1)+ArtifactsInput!$L$21))/Summary!$B$3*100) | AD46: =ArtifactsInput!$B$21<>"Not Unlocked" | AE46: =IF(AD46,SUMPRODUCT(($AD$32:$AD$67)*($AC$32:$AC$67>AC46))+COUNTIFS($AD$32:AD46,TRUE,$AC$32:AC46,AC46),"")
A47: =IF(16>COUNTIF($AD$32:$AD$67,TRUE),"",INDEX($AA$32:$AA$67,MATCH(16,$AE$32:$AE$67,0))) | B47: =IF(16>COUNTIF($AD$32:$AD$67,TRUE),"",INDEX($AB$32:$AB$67,MATCH(16,$AE$32:$AE$67,0))) | C47: =IF(16>COUNTIF($AD$32:$AD$67,TRUE),"",INDEX($AC$32:$AC$67,MATCH(16,$AE$32:$AE$67,0))) | AA47: Silver Pendant (Equip) | AB47: =(IF(ArtifactsInput!$M$22,-1,1)*Summary!$B$3*(((1-Summary!$B$11)*IFERROR(B1869/Summary!$B$23,1)+Summary!$B$11*IFERROR(B1870/Summary!$B$24,1))-1)+ArtifactsInput!$L$22) | AC47: =IF(ArtifactsInput!$M$22,Summary!$B$3/(Summary!$B$3-(IF(ArtifactsInput!$M$22,-1,1)*Summary!$B$3*(((1-Summary!$B$11)*IFERROR(B1869/Summary!$B$23,1)+Summary!$B$11*IFERROR(B1870/Summary!$B$24,1))-1)+ArtifactsInput!$L$22))*100,(Summary!$B$3+(IF(ArtifactsInput!$M$22,-1,1)*Summary!$B$3*(((1-Summary!$B$11)*IFERROR(B1869/Summary!$B$23,1)+Summary!$B$11*IFERROR(B1870/Summary!$B$24,1))-1)+ArtifactsInput!$L$22))/Summary!$B$3*100) | AD47: =ArtifactsInput!$B$22<>"Not Unlocked" | AE47: =IF(AD47,SUMPRODUCT(($AD$32:$AD$67)*($AC$32:$AC$67>AC47))+COUNTIFS($AD$32:AD47,TRUE,$AC$32:AC47,AC47),"")
A48: =IF(17>COUNTIF($AD$32:$AD$67,TRUE),"",INDEX($AA$32:$AA$67,MATCH(17,$AE$32:$AE$67,0))) | B48: =IF(17>COUNTIF($AD$32:$AD$67,TRUE),"",INDEX($AB$32:$AB$67,MATCH(17,$AE$32:$AE$67,0))) | C48: =IF(17>COUNTIF($AD$32:$AD$67,TRUE),"",INDEX($AC$32:$AC$67,MATCH(17,$AE$32:$AE$67,0))) | AA48: Star Rock (Equip) | AB48: =(IF(ArtifactsInput!$M$23,-1,1)*Summary!$B$3*(((1-Summary!$B$11)*IFERROR(B1913/Summary!$B$23,1)+Summary!$B$11*IFERROR(B1914/Summary!$B$24,1))-1)+ArtifactsInput!$L$23) | AC48: =IF(ArtifactsInput!$M$23,Summary!$B$3/(Summary!$B$3-(IF(ArtifactsInput!$M$23,-1,1)*Summary!$B$3*(((1-Summary!$B$11)*IFERROR(B1913/Summary!$B$23,1)+Summary!$B$11*IFERROR(B1914/Summary!$B$24,1))-1)+ArtifactsInput!$L$23))*100,(Summary!$B$3+(IF(ArtifactsInput!$M$23,-1,1)*Summary!$B$3*(((1-Summary!$B$11)*IFERROR(B1913/Summary!$B$23,1)+Summary!$B$11*IFERROR(B1914/Summary!$B$24,1))-1)+ArtifactsInput!$L$23))/Summary!$B$3*100) | AD48: =ArtifactsInput!$B$23<>"Not Unlocked" | AE48: =IF(AD48,SUMPRODUCT(($AD$32:$AD$67)*($AC$32:$AC$67>AC48))+COUNTIFS($AD$32:AD48,TRUE,$AC$32:AC48,AC48),"")
A49: =IF(18>COUNTIF($AD$32:$AD$67,TRUE),"",INDEX($AA$32:$AA$67,MATCH(18,$AE$32:$AE$67,0))) | B49: =IF(18>COUNTIF($AD$32:$AD$67,TRUE),"",INDEX($AB$32:$AB$67,MATCH(18,$AE$32:$AE$67,0))) | C49: =IF(18>COUNTIF($AD$32:$AD$67,TRUE),"",INDEX($AC$32:$AC$67,MATCH(18,$AE$32:$AE$67,0))) | AA49: Book of Ancient (Equip) | AB49: =(IF(ArtifactsInput!$M$24,-1,1)*Summary!$B$3*(((1-Summary!$B$11)*IFERROR(B1957/Summary!$B$23,1)+Summary!$B$11*IFERROR(B1958/Summary!$B$24,1))-1)+ArtifactsInput!$L$24) | AC49: =IF(ArtifactsInput!$M$24,Summary!$B$3/(Summary!$B$3-(IF(ArtifactsInput!$M$24,-1,1)*Summary!$B$3*(((1-Summary!$B$11)*IFERROR(B1957/Summary!$B$23,1)+Summary!$B$11*IFERROR(B1958/Summary!$B$24,1))-1)+ArtifactsInput!$L$24))*100,(Summary!$B$3+(IF(ArtifactsInput!$M$24,-1,1)*Summary!$B$3*(((1-Summary!$B$11)*IFERROR(B1957/Summary!$B$23,1)+Summary!$B$11*IFERROR(B1958/Summary!$B$24,1))-1)+ArtifactsInput!$L$24))/Summary!$B$3*100) | AD49: =ArtifactsInput!$B$24<>"Not Unlocked" | AE49: =IF(AD49,SUMPRODUCT(($AD$32:$AD$67)*($AC$32:$AC$67>AC49))+COUNTIFS($AD$32:AD49,TRUE,$AC$32:AC49,AC49),"")
A50: =IF(19>COUNTIF($AD$32:$AD$67,TRUE),"",INDEX($AA$32:$AA$67,MATCH(19,$AE$32:$AE$67,0))) | B50: =IF(19>COUNTIF($AD$32:$AD$67,TRUE),"",INDEX($AB$32:$AB$67,MATCH(19,$AE$32:$AE$67,0))) | C50: =IF(19>COUNTIF($AD$32:$AD$67,TRUE),"",INDEX($AC$32:$AC$67,MATCH(19,$AE$32:$AE$67,0))) | AA50: Lunar Dew (Equip) | AB50: =(IF(ArtifactsInput!$M$25,-1,1)*Summary!$B$3*(((1-Summary!$B$11)*IFERROR(B2001/Summary!$B$23,1)+Summary!$B$11*IFERROR(B2002/Summary!$B$24,1))-1)+ArtifactsInput!$L$25) | AC50: =IF(ArtifactsInput!$M$25,Summary!$B$3/(Summary!$B$3-(IF(ArtifactsInput!$M$25,-1,1)*Summary!$B$3*(((1-Summary!$B$11)*IFERROR(B2001/Summary!$B$23,1)+Summary!$B$11*IFERROR(B2002/Summary!$B$24,1))-1)+ArtifactsInput!$L$25))*100,(Summary!$B$3+(IF(ArtifactsInput!$M$25,-1,1)*Summary!$B$3*(((1-Summary!$B$11)*IFERROR(B2001/Summary!$B$23,1)+Summary!$B$11*IFERROR(B2002/Summary!$B$24,1))-1)+ArtifactsInput!$L$25))/Summary!$B$3*100) | AD50: =ArtifactsInput!$B$25<>"Not Unlocked" | AE50: =IF(AD50,SUMPRODUCT(($AD$32:$AD$67)*($AC$32:$AC$67>AC50))+COUNTIFS($AD$32:AD50,TRUE,$AC$32:AC50,AC50),"")
A51: =IF(20>COUNTIF($AD$32:$AD$67,TRUE),"",INDEX($AA$32:$AA$67,MATCH(20,$AE$32:$AE$67,0))) | B51: =IF(20>COUNTIF($AD$32:$AD$67,TRUE),"",INDEX($AB$32:$AB$67,MATCH(20,$AE$32:$AE$67,0))) | C51: =IF(20>COUNTIF($AD$32:$AD$67,TRUE),"",INDEX($AC$32:$AC$67,MATCH(20,$AE$32:$AE$67,0))) | AA51: Fire Flower (Equip) | AB51: =(IF(ArtifactsInput!$M$26,-1,1)*Summary!$B$3*(((1-Summary!$B$11)*IFERROR(B2045/Summary!$B$23,1)+Summary!$B$11*IFERROR(B2046/Summary!$B$24,1))-1)+ArtifactsInput!$L$26) | AC51: =IF(ArtifactsInput!$M$26,Summary!$B$3/(Summary!$B$3-(IF(ArtifactsInput!$M$26,-1,1)*Summary!$B$3*(((1-Summary!$B$11)*IFERROR(B2045/Summary!$B$23,1)+Summary!$B$11*IFERROR(B2046/Summary!$B$24,1))-1)+ArtifactsInput!$L$26))*100,(Summary!$B$3+(IF(ArtifactsInput!$M$26,-1,1)*Summary!$B$3*(((1-Summary!$B$11)*IFERROR(B2045/Summary!$B$23,1)+Summary!$B$11*IFERROR(B2046/Summary!$B$24,1))-1)+ArtifactsInput!$L$26))/Summary!$B$3*100) | AD51: =ArtifactsInput!$B$26<>"Not Unlocked" | AE51: =IF(AD51,SUMPRODUCT(($AD$32:$AD$67)*($AC$32:$AC$67>AC51))+COUNTIFS($AD$32:AD51,TRUE,$AC$32:AC51,AC51),"")
A52: =IF(21>COUNTIF($AD$32:$AD$67,TRUE),"",INDEX($AA$32:$AA$67,MATCH(21,$AE$32:$AE$67,0))) | B52: =IF(21>COUNTIF($AD$32:$AD$67,TRUE),"",INDEX($AB$32:$AB$67,MATCH(21,$AE$32:$AE$67,0))) | C52: =IF(21>COUNTIF($AD$32:$AD$67,TRUE),"",INDEX($AC$32:$AC$67,MATCH(21,$AE$32:$AE$67,0))) | AA52: Soul Contract (Equip) | AB52: =(IF(ArtifactsInput!$M$27,-1,1)*Summary!$B$3*(((1-Summary!$B$11)*IFERROR(B2089/Summary!$B$23,1)+Summary!$B$11*IFERROR(B2090/Summary!$B$24,1))-1)+ArtifactsInput!$L$27) | AC52: =IF(ArtifactsInput!$M$27,Summary!$B$3/(Summary!$B$3-(IF(ArtifactsInput!$M$27,-1,1)*Summary!$B$3*(((1-Summary!$B$11)*IFERROR(B2089/Summary!$B$23,1)+Summary!$B$11*IFERROR(B2090/Summary!$B$24,1))-1)+ArtifactsInput!$L$27))*100,(Summary!$B$3+(IF(ArtifactsInput!$M$27,-1,1)*Summary!$B$3*(((1-Summary!$B$11)*IFERROR(B2089/Summary!$B$23,1)+Summary!$B$11*IFERROR(B2090/Summary!$B$24,1))-1)+ArtifactsInput!$L$27))/Summary!$B$3*100) | AD52: =ArtifactsInput!$B$27<>"Not Unlocked" | AE52: =IF(AD52,SUMPRODUCT(($AD$32:$AD$67)*($AC$32:$AC$67>AC52))+COUNTIFS($AD$32:AD52,TRUE,$AC$32:AC52,AC52),"")
A53: =IF(22>COUNTIF($AD$32:$AD$67,TRUE),"",INDEX($AA$32:$AA$67,MATCH(22,$AE$32:$AE$67,0))) | B53: =IF(22>COUNTIF($AD$32:$AD$67,TRUE),"",INDEX($AB$32:$AB$67,MATCH(22,$AE$32:$AE$67,0))) | C53: =IF(22>COUNTIF($AD$32:$AD$67,TRUE),"",INDEX($AC$32:$AC$67,MATCH(22,$AE$32:$AE$67,0))) | AA53: Lit Lamp (Equip) | AB53: =(IF(ArtifactsInput!$M$28,-1,1)*Summary!$B$3*(((1-Summary!$B$11)*IFERROR(B2133/Summary!$B$23,1)+Summary!$B$11*IFERROR(B2134/Summary!$B$24,1))-1)+ArtifactsInput!$L$28) | AC53: =IF(ArtifactsInput!$M$28,Summary!$B$3/(Summary!$B$3-(IF(ArtifactsInput!$M$28,-1,1)*Summary!$B$3*(((1-Summary!$B$11)*IFERROR(B2133/Summary!$B$23,1)+Summary!$B$11*IFERROR(B2134/Summary!$B$24,1))-1)+ArtifactsInput!$L$28))*100,(Summary!$B$3+(IF(ArtifactsInput!$M$28,-1,1)*Summary!$B$3*(((1-Summary!$B$11)*IFERROR(B2133/Summary!$B$23,1)+Summary!$B$11*IFERROR(B2134/Summary!$B$24,1))-1)+ArtifactsInput!$L$28))/Summary!$B$3*100) | AD53: =ArtifactsInput!$B$28<>"Not Unlocked" | AE53: =IF(AD53,SUMPRODUCT(($AD$32:$AD$67)*($AC$32:$AC$67>AC53))+COUNTIFS($AD$32:AD53,TRUE,$AC$32:AC53,AC53),"")
A54: =IF(23>COUNTIF($AD$32:$AD$67,TRUE),"",INDEX($AA$32:$AA$67,MATCH(23,$AE$32:$AE$67,0))) | B54: =IF(23>COUNTIF($AD$32:$AD$67,TRUE),"",INDEX($AB$32:$AB$67,MATCH(23,$AE$32:$AE$67,0))) | C54: =IF(23>COUNTIF($AD$32:$AD$67,TRUE),"",INDEX($AC$32:$AC$67,MATCH(23,$AE$32:$AE$67,0))) | AA54: Soul Pouch (Equip) | AB54: =(IF(ArtifactsInput!$M$29,-1,1)*Summary!$B$3*(((1-Summary!$B$11)*IFERROR(B2177/Summary!$B$23,1)+Summary!$B$11*IFERROR(B2178/Summary!$B$24,1))-1)+ArtifactsInput!$L$29) | AC54: =IF(ArtifactsInput!$M$29,Summary!$B$3/(Summary!$B$3-(IF(ArtifactsInput!$M$29,-1,1)*Summary!$B$3*(((1-Summary!$B$11)*IFERROR(B2177/Summary!$B$23,1)+Summary!$B$11*IFERROR(B2178/Summary!$B$24,1))-1)+ArtifactsInput!$L$29))*100,(Summary!$B$3+(IF(ArtifactsInput!$M$29,-1,1)*Summary!$B$3*(((1-Summary!$B$11)*IFERROR(B2177/Summary!$B$23,1)+Summary!$B$11*IFERROR(B2178/Summary!$B$24,1))-1)+ArtifactsInput!$L$29))/Summary!$B$3*100) | AD54: =ArtifactsInput!$B$29<>"Not Unlocked" | AE54: =IF(AD54,SUMPRODUCT(($AD$32:$AD$67)*($AC$32:$AC$67>AC54))+COUNTIFS($AD$32:AD54,TRUE,$AC$32:AC54,AC54),"")
A55: =IF(24>COUNTIF($AD$32:$AD$67,TRUE),"",INDEX($AA$32:$AA$67,MATCH(24,$AE$32:$AE$67,0))) | B55: =IF(24>COUNTIF($AD$32:$AD$67,TRUE),"",INDEX($AB$32:$AB$67,MATCH(24,$AE$32:$AE$67,0))) | C55: =IF(24>COUNTIF($AD$32:$AD$67,TRUE),"",INDEX($AC$32:$AC$67,MATCH(24,$AE$32:$AE$67,0))) | AA55: Ancient Text Piece (Equip) | AB55: =(IF(ArtifactsInput!$M$30,-1,1)*Summary!$B$3*(((1-Summary!$B$11)*IFERROR(B2221/Summary!$B$23,1)+Summary!$B$11*IFERROR(B2222/Summary!$B$24,1))-1)+ArtifactsInput!$L$30) | AC55: =IF(ArtifactsInput!$M$30,Summary!$B$3/(Summary!$B$3-(IF(ArtifactsInput!$M$30,-1,1)*Summary!$B$3*(((1-Summary!$B$11)*IFERROR(B2221/Summary!$B$23,1)+Summary!$B$11*IFERROR(B2222/Summary!$B$24,1))-1)+ArtifactsInput!$L$30))*100,(Summary!$B$3+(IF(ArtifactsInput!$M$30,-1,1)*Summary!$B$3*(((1-Summary!$B$11)*IFERROR(B2221/Summary!$B$23,1)+Summary!$B$11*IFERROR(B2222/Summary!$B$24,1))-1)+ArtifactsInput!$L$30))/Summary!$B$3*100) | AD55: =ArtifactsInput!$B$30<>"Not Unlocked" | AE55: =IF(AD55,SUMPRODUCT(($AD$32:$AD$67)*($AC$32:$AC$67>AC55))+COUNTIFS($AD$32:AD55,TRUE,$AC$32:AC55,AC55),"")
A56: =IF(25>COUNTIF($AD$32:$AD$67,TRUE),"",INDEX($AA$32:$AA$67,MATCH(25,$AE$32:$AE$67,0))) | B56: =IF(25>COUNTIF($AD$32:$AD$67,TRUE),"",INDEX($AB$32:$AB$67,MATCH(25,$AE$32:$AE$67,0))) | C56: =IF(25>COUNTIF($AD$32:$AD$67,TRUE),"",INDEX($AC$32:$AC$67,MATCH(25,$AE$32:$AE$67,0))) | AA56: Icy Soul Rock (Equip) | AB56: =(IF(ArtifactsInput!$M$31,-1,1)*Summary!$B$3*(((1-Summary!$B$11)*IFERROR(B2265/Summary!$B$23,1)+Summary!$B$11*IFERROR(B2266/Summary!$B$24,1))-1)+ArtifactsInput!$L$31) | AC56: =IF(ArtifactsInput!$M$31,Summary!$B$3/(Summary!$B$3-(IF(ArtifactsInput!$M$31,-1,1)*Summary!$B$3*(((1-Summary!$B$11)*IFERROR(B2265/Summary!$B$23,1)+Summary!$B$11*IFERROR(B2266/Summary!$B$24,1))-1)+ArtifactsInput!$L$31))*100,(Summary!$B$3+(IF(ArtifactsInput!$M$31,-1,1)*Summary!$B$3*(((1-Summary!$B$11)*IFERROR(B2265/Summary!$B$23,1)+Summary!$B$11*IFERROR(B2266/Summary!$B$24,1))-1)+ArtifactsInput!$L$31))/Summary!$B$3*100) | AD56: =ArtifactsInput!$B$31<>"Not Unlocked" | AE56: =IF(AD56,SUMPRODUCT(($AD$32:$AD$67)*($AC$32:$AC$67>AC56))+COUNTIFS($AD$32:AD56,TRUE,$AC$32:AC56,AC56),"")
A57: =IF(26>COUNTIF($AD$32:$AD$67,TRUE),"",INDEX($AA$32:$AA$67,MATCH(26,$AE$32:$AE$67,0))) | B57: =IF(26>COUNTIF($AD$32:$AD$67,TRUE),"",INDEX($AB$32:$AB$67,MATCH(26,$AE$32:$AE$67,0))) | C57: =IF(26>COUNTIF($AD$32:$AD$67,TRUE),"",INDEX($AC$32:$AC$67,MATCH(26,$AE$32:$AE$67,0))) | AA57: Flaming Lava (Equip) | AB57: =(IF(ArtifactsInput!$M$32,-1,1)*Summary!$B$3*(((1-Summary!$B$11)*IFERROR(B2309/Summary!$B$23,1)+Summary!$B$11*IFERROR(B2310/Summary!$B$24,1))-1)+ArtifactsInput!$L$32) | AC57: =IF(ArtifactsInput!$M$32,Summary!$B$3/(Summary!$B$3-(IF(ArtifactsInput!$M$32,-1,1)*Summary!$B$3*(((1-Summary!$B$11)*IFERROR(B2309/Summary!$B$23,1)+Summary!$B$11*IFERROR(B2310/Summary!$B$24,1))-1)+ArtifactsInput!$L$32))*100,(Summary!$B$3+(IF(ArtifactsInput!$M$32,-1,1)*Summary!$B$3*(((1-Summary!$B$11)*IFERROR(B2309/Summary!$B$23,1)+Summary!$B$11*IFERROR(B2310/Summary!$B$24,1))-1)+ArtifactsInput!$L$32))/Summary!$B$3*100) | AD57: =ArtifactsInput!$B$32<>"Not Unlocked" | AE57: =IF(AD57,SUMPRODUCT(($AD$32:$AD$67)*($AC$32:$AC$67>AC57))+COUNTIFS($AD$32:AD57,TRUE,$AC$32:AC57,AC57),"")
A58: =IF(27>COUNTIF($AD$32:$AD$67,TRUE),"",INDEX($AA$32:$AA$67,MATCH(27,$AE$32:$AE$67,0))) | B58: =IF(27>COUNTIF($AD$32:$AD$67,TRUE),"",INDEX($AB$32:$AB$67,MATCH(27,$AE$32:$AE$67,0))) | C58: =IF(27>COUNTIF($AD$32:$AD$67,TRUE),"",INDEX($AC$32:$AC$67,MATCH(27,$AE$32:$AE$67,0))) | AA58: Sayram's Necklace (Equip) | AB58: =(IF(ArtifactsInput!$M$33,-1,1)*Summary!$B$3*(((1-Summary!$B$11)*IFERROR(B2353/Summary!$B$23,1)+Summary!$B$11*IFERROR(B2354/Summary!$B$24,1))-1)+ArtifactsInput!$L$33) | AC58: =IF(ArtifactsInput!$M$33,Summary!$B$3/(Summary!$B$3-(IF(ArtifactsInput!$M$33,-1,1)*Summary!$B$3*(((1-Summary!$B$11)*IFERROR(B2353/Summary!$B$23,1)+Summary!$B$11*IFERROR(B2354/Summary!$B$24,1))-1)+ArtifactsInput!$L$33))*100,(Summary!$B$3+(IF(ArtifactsInput!$M$33,-1,1)*Summary!$B$3*(((1-Summary!$B$11)*IFERROR(B2353/Summary!$B$23,1)+Summary!$B$11*IFERROR(B2354/Summary!$B$24,1))-1)+ArtifactsInput!$L$33))/Summary!$B$3*100) | AD58: =ArtifactsInput!$B$33<>"Not Unlocked" | AE58: =IF(AD58,SUMPRODUCT(($AD$32:$AD$67)*($AC$32:$AC$67>AC58))+COUNTIFS($AD$32:AD58,TRUE,$AC$32:AC58,AC58),"")
A59: =IF(28>COUNTIF($AD$32:$AD$67,TRUE),"",INDEX($AA$32:$AA$67,MATCH(28,$AE$32:$AE$67,0))) | B59: =IF(28>COUNTIF($AD$32:$AD$67,TRUE),"",INDEX($AB$32:$AB$67,MATCH(28,$AE$32:$AE$67,0))) | C59: =IF(28>COUNTIF($AD$32:$AD$67,TRUE),"",INDEX($AC$32:$AC$67,MATCH(28,$AE$32:$AE$67,0))) | AA59: Bottle of Emotion (Equip) | AB59: =(IF(ArtifactsInput!$M$34,-1,1)*Summary!$B$3*(((1-Summary!$B$11)*IFERROR(B2397/Summary!$B$23,1)+Summary!$B$11*IFERROR(B2398/Summary!$B$24,1))-1)+ArtifactsInput!$L$34) | AC59: =IF(ArtifactsInput!$M$34,Summary!$B$3/(Summary!$B$3-(IF(ArtifactsInput!$M$34,-1,1)*Summary!$B$3*(((1-Summary!$B$11)*IFERROR(B2397/Summary!$B$23,1)+Summary!$B$11*IFERROR(B2398/Summary!$B$24,1))-1)+ArtifactsInput!$L$34))*100,(Summary!$B$3+(IF(ArtifactsInput!$M$34,-1,1)*Summary!$B$3*(((1-Summary!$B$11)*IFERROR(B2397/Summary!$B$23,1)+Summary!$B$11*IFERROR(B2398/Summary!$B$24,1))-1)+ArtifactsInput!$L$34))/Summary!$B$3*100) | AD59: =ArtifactsInput!$B$34<>"Not Unlocked" | AE59: =IF(AD59,SUMPRODUCT(($AD$32:$AD$67)*($AC$32:$AC$67>AC59))+COUNTIFS($AD$32:AD59,TRUE,$AC$32:AC59,AC59),"")
A60: =IF(29>COUNTIF($AD$32:$AD$67,TRUE),"",INDEX($AA$32:$AA$67,MATCH(29,$AE$32:$AE$67,0))) | B60: =IF(29>COUNTIF($AD$32:$AD$67,TRUE),"",INDEX($AB$32:$AB$67,MATCH(29,$AE$32:$AE$67,0))) | C60: =IF(29>COUNTIF($AD$32:$AD$67,TRUE),"",INDEX($AC$32:$AC$67,MATCH(29,$AE$32:$AE$67,0))) | AA60: Peach Tree Herb Pouch (Equip) | AB60: =(IF(ArtifactsInput!$M$35,-1,1)*Summary!$B$3*(((1-Summary!$B$11)*IFERROR(B2441/Summary!$B$23,1)+Summary!$B$11*IFERROR(B2442/Summary!$B$24,1))-1)+ArtifactsInput!$L$35) | AC60: =IF(ArtifactsInput!$M$35,Summary!$B$3/(Summary!$B$3-(IF(ArtifactsInput!$M$35,-1,1)*Summary!$B$3*(((1-Summary!$B$11)*IFERROR(B2441/Summary!$B$23,1)+Summary!$B$11*IFERROR(B2442/Summary!$B$24,1))-1)+ArtifactsInput!$L$35))*100,(Summary!$B$3+(IF(ArtifactsInput!$M$35,-1,1)*Summary!$B$3*(((1-Summary!$B$11)*IFERROR(B2441/Summary!$B$23,1)+Summary!$B$11*IFERROR(B2442/Summary!$B$24,1))-1)+ArtifactsInput!$L$35))/Summary!$B$3*100) | AD60: =ArtifactsInput!$B$35<>"Not Unlocked" | AE60: =IF(AD60,SUMPRODUCT(($AD$32:$AD$67)*($AC$32:$AC$67>AC60))+COUNTIFS($AD$32:AD60,TRUE,$AC$32:AC60,AC60),"")
A61: =IF(30>COUNTIF($AD$32:$AD$67,TRUE),"",INDEX($AA$32:$AA$67,MATCH(30,$AE$32:$AE$67,0))) | B61: =IF(30>COUNTIF($AD$32:$AD$67,TRUE),"",INDEX($AB$32:$AB$67,MATCH(30,$AE$32:$AE$67,0))) | C61: =IF(30>COUNTIF($AD$32:$AD$67,TRUE),"",INDEX($AC$32:$AC$67,MATCH(30,$AE$32:$AE$67,0))) | AA61: Candle (Equip) | AB61: =(IF(ArtifactsInput!$M$36,-1,1)*Summary!$B$3*(((1-Summary!$B$11)*IFERROR(B2485/Summary!$B$23,1)+Summary!$B$11*IFERROR(B2486/Summary!$B$24,1))-1)+ArtifactsInput!$L$36) | AC61: =IF(ArtifactsInput!$M$36,Summary!$B$3/(Summary!$B$3-(IF(ArtifactsInput!$M$36,-1,1)*Summary!$B$3*(((1-Summary!$B$11)*IFERROR(B2485/Summary!$B$23,1)+Summary!$B$11*IFERROR(B2486/Summary!$B$24,1))-1)+ArtifactsInput!$L$36))*100,(Summary!$B$3+(IF(ArtifactsInput!$M$36,-1,1)*Summary!$B$3*(((1-Summary!$B$11)*IFERROR(B2485/Summary!$B$23,1)+Summary!$B$11*IFERROR(B2486/Summary!$B$24,1))-1)+ArtifactsInput!$L$36))/Summary!$B$3*100) | AD61: =ArtifactsInput!$B$36<>"Not Unlocked" | AE61: =IF(AD61,SUMPRODUCT(($AD$32:$AD$67)*($AC$32:$AC$67>AC61))+COUNTIFS($AD$32:AD61,TRUE,$AC$32:AC61,AC61),"")
A62: =IF(31>COUNTIF($AD$32:$AD$67,TRUE),"",INDEX($AA$32:$AA$67,MATCH(31,$AE$32:$AE$67,0))) | B62: =IF(31>COUNTIF($AD$32:$AD$67,TRUE),"",INDEX($AB$32:$AB$67,MATCH(31,$AE$32:$AE$67,0))) | C62: =IF(31>COUNTIF($AD$32:$AD$67,TRUE),"",INDEX($AC$32:$AC$67,MATCH(31,$AE$32:$AE$67,0))) | AA62: Alliance Badge (Equip) | AB62: =(IF(ArtifactsInput!$M$37,-1,1)*Summary!$B$3*(((1-Summary!$B$11)*IFERROR(B2529/Summary!$B$23,1)+Summary!$B$11*IFERROR(B2530/Summary!$B$24,1))-1)+ArtifactsInput!$L$37) | AC62: =IF(ArtifactsInput!$M$37,Summary!$B$3/(Summary!$B$3-(IF(ArtifactsInput!$M$37,-1,1)*Summary!$B$3*(((1-Summary!$B$11)*IFERROR(B2529/Summary!$B$23,1)+Summary!$B$11*IFERROR(B2530/Summary!$B$24,1))-1)+ArtifactsInput!$L$37))*100,(Summary!$B$3+(IF(ArtifactsInput!$M$37,-1,1)*Summary!$B$3*(((1-Summary!$B$11)*IFERROR(B2529/Summary!$B$23,1)+Summary!$B$11*IFERROR(B2530/Summary!$B$24,1))-1)+ArtifactsInput!$L$37))/Summary!$B$3*100) | AD62: =ArtifactsInput!$B$37<>"Not Unlocked" | AE62: =IF(AD62,SUMPRODUCT(($AD$32:$AD$67)*($AC$32:$AC$67>AC62))+COUNTIFS($AD$32:AD62,TRUE,$AC$32:AC62,AC62),"")
A63: =IF(32>COUNTIF($AD$32:$AD$67,TRUE),"",INDEX($AA$32:$AA$67,MATCH(32,$AE$32:$AE$67,0))) | B63: =IF(32>COUNTIF($AD$32:$AD$67,TRUE),"",INDEX($AB$32:$AB$67,MATCH(32,$AE$32:$AE$67,0))) | C63: =IF(32>COUNTIF($AD$32:$AD$67,TRUE),"",INDEX($AC$32:$AC$67,MATCH(32,$AE$32:$AE$67,0))) | AA63: Horn Flute (Equip) | AB63: =(IF(ArtifactsInput!$M$38,-1,1)*Summary!$B$3*(((1-Summary!$B$11)*IFERROR(B2573/Summary!$B$23,1)+Summary!$B$11*IFERROR(B2574/Summary!$B$24,1))-1)+ArtifactsInput!$L$38) | AC63: =IF(ArtifactsInput!$M$38,Summary!$B$3/(Summary!$B$3-(IF(ArtifactsInput!$M$38,-1,1)*Summary!$B$3*(((1-Summary!$B$11)*IFERROR(B2573/Summary!$B$23,1)+Summary!$B$11*IFERROR(B2574/Summary!$B$24,1))-1)+ArtifactsInput!$L$38))*100,(Summary!$B$3+(IF(ArtifactsInput!$M$38,-1,1)*Summary!$B$3*(((1-Summary!$B$11)*IFERROR(B2573/Summary!$B$23,1)+Summary!$B$11*IFERROR(B2574/Summary!$B$24,1))-1)+ArtifactsInput!$L$38))/Summary!$B$3*100) | AD63: =ArtifactsInput!$B$38<>"Not Unlocked" | AE63: =IF(AD63,SUMPRODUCT(($AD$32:$AD$67)*($AC$32:$AC$67>AC63))+COUNTIFS($AD$32:AD63,TRUE,$AC$32:AC63,AC63),"")
A64: =IF(33>COUNTIF($AD$32:$AD$67,TRUE),"",INDEX($AA$32:$AA$67,MATCH(33,$AE$32:$AE$67,0))) | B64: =IF(33>COUNTIF($AD$32:$AD$67,TRUE),"",INDEX($AB$32:$AB$67,MATCH(33,$AE$32:$AE$67,0))) | C64: =IF(33>COUNTIF($AD$32:$AD$67,TRUE),"",INDEX($AC$32:$AC$67,MATCH(33,$AE$32:$AE$67,0))) | AA64: Cursed Doll (Equip) | AB64: =(IF(ArtifactsInput!$M$39,-1,1)*Summary!$B$3*(((1-Summary!$B$11)*IFERROR(B2617/Summary!$B$23,1)+Summary!$B$11*IFERROR(B2618/Summary!$B$24,1))-1)+ArtifactsInput!$L$39) | AC64: =IF(ArtifactsInput!$M$39,Summary!$B$3/(Summary!$B$3-(IF(ArtifactsInput!$M$39,-1,1)*Summary!$B$3*(((1-Summary!$B$11)*IFERROR(B2617/Summary!$B$23,1)+Summary!$B$11*IFERROR(B2618/Summary!$B$24,1))-1)+ArtifactsInput!$L$39))*100,(Summary!$B$3+(IF(ArtifactsInput!$M$39,-1,1)*Summary!$B$3*(((1-Summary!$B$11)*IFERROR(B2617/Summary!$B$23,1)+Summary!$B$11*IFERROR(B2618/Summary!$B$24,1))-1)+ArtifactsInput!$L$39))/Summary!$B$3*100) | AD64: =ArtifactsInput!$B$39<>"Not Unlocked" | AE64: =IF(AD64,SUMPRODUCT(($AD$32:$AD$67)*($AC$32:$AC$67>AC64))+COUNTIFS($AD$32:AD64,TRUE,$AC$32:AC64,AC64),"")
A65: =IF(34>COUNTIF($AD$32:$AD$67,TRUE),"",INDEX($AA$32:$AA$67,MATCH(34,$AE$32:$AE$67,0))) | B65: =IF(34>COUNTIF($AD$32:$AD$67,TRUE),"",INDEX($AB$32:$AB$67,MATCH(34,$AE$32:$AE$67,0))) | C65: =IF(34>COUNTIF($AD$32:$AD$67,TRUE),"",INDEX($AC$32:$AC$67,MATCH(34,$AE$32:$AE$67,0))) | AA65: Reindeer's Spear (Equip) | AB65: =(IF(ArtifactsInput!$M$40,-1,1)*Summary!$B$3*(((1-Summary!$B$11)*IFERROR(B2661/Summary!$B$23,1)+Summary!$B$11*IFERROR(B2662/Summary!$B$24,1))-1)+ArtifactsInput!$L$40) | AC65: =IF(ArtifactsInput!$M$40,Summary!$B$3/(Summary!$B$3-(IF(ArtifactsInput!$M$40,-1,1)*Summary!$B$3*(((1-Summary!$B$11)*IFERROR(B2661/Summary!$B$23,1)+Summary!$B$11*IFERROR(B2662/Summary!$B$24,1))-1)+ArtifactsInput!$L$40))*100,(Summary!$B$3+(IF(ArtifactsInput!$M$40,-1,1)*Summary!$B$3*(((1-Summary!$B$11)*IFERROR(B2661/Summary!$B$23,1)+Summary!$B$11*IFERROR(B2662/Summary!$B$24,1))-1)+ArtifactsInput!$L$40))/Summary!$B$3*100) | AD65: =ArtifactsInput!$B$40<>"Not Unlocked" | AE65: =IF(AD65,SUMPRODUCT(($AD$32:$AD$67)*($AC$32:$AC$67>AC65))+COUNTIFS($AD$32:AD65,TRUE,$AC$32:AC65,AC65),"")
A66: =IF(35>COUNTIF($AD$32:$AD$67,TRUE),"",INDEX($AA$32:$AA$67,MATCH(35,$AE$32:$AE$67,0))) | B66: =IF(35>COUNTIF($AD$32:$AD$67,TRUE),"",INDEX($AB$32:$AB$67,MATCH(35,$AE$32:$AE$67,0))) | C66: =IF(35>COUNTIF($AD$32:$AD$67,TRUE),"",INDEX($AC$32:$AC$67,MATCH(35,$AE$32:$AE$67,0))) | AA66: Secret Map (Equip) | AB66: =(IF(ArtifactsInput!$M$41,-1,1)*Summary!$B$3*(((1-Summary!$B$11)*IFERROR(B2705/Summary!$B$23,1)+Summary!$B$11*IFERROR(B2706/Summary!$B$24,1))-1)+ArtifactsInput!$L$41) | AC66: =IF(ArtifactsInput!$M$41,Summary!$B$3/(Summary!$B$3-(IF(ArtifactsInput!$M$41,-1,1)*Summary!$B$3*(((1-Summary!$B$11)*IFERROR(B2705/Summary!$B$23,1)+Summary!$B$11*IFERROR(B2706/Summary!$B$24,1))-1)+ArtifactsInput!$L$41))*100,(Summary!$B$3+(IF(ArtifactsInput!$M$41,-1,1)*Summary!$B$3*(((1-Summary!$B$11)*IFERROR(B2705/Summary!$B$23,1)+Summary!$B$11*IFERROR(B2706/Summary!$B$24,1))-1)+ArtifactsInput!$L$41))/Summary!$B$3*100) | AD66: =ArtifactsInput!$B$41<>"Not Unlocked" | AE66: =IF(AD66,SUMPRODUCT(($AD$32:$AD$67)*($AC$32:$AC$67>AC66))+COUNTIFS($AD$32:AD66,TRUE,$AC$32:AC66,AC66),"")
A67: =IF(36>COUNTIF($AD$32:$AD$67,TRUE),"",INDEX($AA$32:$AA$67,MATCH(36,$AE$32:$AE$67,0))) | B67: =IF(36>COUNTIF($AD$32:$AD$67,TRUE),"",INDEX($AB$32:$AB$67,MATCH(36,$AE$32:$AE$67,0))) | C67: =IF(36>COUNTIF($AD$32:$AD$67,TRUE),"",INDEX($AC$32:$AC$67,MATCH(36,$AE$32:$AE$67,0))) | AA67: Ring of Cycles (Equip) | AB67: =(IF(ArtifactsInput!$M$42,-1,1)*Summary!$B$3*(((1-Summary!$B$11)*IFERROR(B2749/Summary!$B$23,1)+Summary!$B$11*IFERROR(B2750/Summary!$B$24,1))-1)+ArtifactsInput!$L$42) | AC67: =IF(ArtifactsInput!$M$42,Summary!$B$3/(Summary!$B$3-(IF(ArtifactsInput!$M$42,-1,1)*Summary!$B$3*(((1-Summary!$B$11)*IFERROR(B2749/Summary!$B$23,1)+Summary!$B$11*IFERROR(B2750/Summary!$B$24,1))-1)+ArtifactsInput!$L$42))*100,(Summary!$B$3+(IF(ArtifactsInput!$M$42,-1,1)*Summary!$B$3*(((1-Summary!$B$11)*IFERROR(B2749/Summary!$B$23,1)+Summary!$B$11*IFERROR(B2750/Summary!$B$24,1))-1)+ArtifactsInput!$L$42))/Summary!$B$3*100) | AD67: =ArtifactsInput!$B$42<>"Not Unlocked" | AE67: =IF(AD67,SUMPRODUCT(($AD$32:$AD$67)*($AC$32:$AC$67>AC67))+COUNTIFS($AD$32:AD67,TRUE,$AC$32:AC67,AC67),"")
A70: Stat: Flat INT
A71: Key | B71: Name | C71: Unlocked | D71: InputLevel | E71: Factor | F71: CoefficientPercent | G71: EffectiveHits | H71: ProcProbability | I71: MapleHeroMultiplier | J71: BaseDamage | K71: BaseHitDamage | L71: NonCritAvg | M71: CritAvg | N71: ExpectedDamage(perHit) | O71: DPS | P71: % of Total | R71: helpers
A72: =Skills!A2 | B72: =Skills!B2 | C72: =TRUE | F72: =T74+Skills!O2 | G72: =Calc!G2 | H72: =Calc!H2 | I72: =IF(Skills!X2<>"",1+(Skills!X2/10)*(Z73/1000)/100,1) | J72: =((Inputs!$B$6*(1+Inputs!$B$7/100))+((((Inputs!$B$12+1)*(1+Inputs!$B$13/100))-(Inputs!$B$12*(1+Inputs!$B$13/100)))+0.25*(Inputs!$B$14-Inputs!$B$14))*(1+Inputs!$B$7/100))*(F72/100) | K72: =J72*(1+(((Inputs!$B$12+1)*(1+Inputs!$B$13/100))*0.01+Inputs!$B$14*0.0025)/100)*(1+Inputs!$B$15/100)*(1+Inputs!$B$16/100)*(5000/(6000+Inputs!$B$42*(1-(100*(1-(1-Inputs!$B$19/100)*(1-CHOOSE(ArtifactsInput!$N$40+1,5,6,7,8,9,10)/100)^(ArtifactsInput!$M$40-ArtifactsInput!$M$40)))/100)))*(1+Inputs!$B$24/100)*(1+(((1+IF(AND(ArtifactsInput!$M$36,IF(Inputs!$B$38="pvp",TRUE,AND(Inputs!$B$38<>"pvp",Inputs!$B$43>0))),CHOOSE(ArtifactsInput!$N$36+1,8,9.6,11.2,12.8,14.4,16),0)/100)*(1+IF(AND(ArtifactsInput!$M$32,Inputs!$B$4<>"Chapter Hunt"),CHOOSE(ArtifactsInput!$N$32+1,8,9.6,11.2,12.8,14.4,16),0)/100)*(1+IF(AND(ArtifactsInput!$M$38,Inputs!$B$38<>"pvp",Inputs!$B$43>0),CHOOSE(ArtifactsInput!$N$38+1,10,12,14,16,18,20)*(MIN(30,MAX(0,Inputs!$B$43-7))/Inputs!$B$43)*IF(Inputs!$B$4="Chapter Boss",2,1),0)/100)-1)*100+(ArtifactsInput!$M$14-ArtifactsInput!$M$14)*IF(OR(Inputs!$B$4="Weapon Dungeon",Inputs!$B$4="Equipment Dungeon",Inputs!$B$4="Enhancement Dungeon",Inputs!$B$4="EXP Dungeon",Inputs!$B$4="Hero Dungeon"),CHOOSE(ArtifactsInput!$N$14+1,10,12,14,16,18,20),0)+(ArtifactsInput!$M$29-ArtifactsInput!$M$29)*IF(Inputs!$B$38="pvp",CHOOSE(ArtifactsInput!$N$29+1,20,24,28,32,36,40),0)+(ArtifactsInput!$M$39-ArtifactsInput!$M$39)*CHOOSE(ArtifactsInput!$N$39+1,7,8.4,9.8,11.2,12.6,14)+(ArtifactsInput!$M$28-ArtifactsInput!$M$28)*IF(Inputs!$B$4="World Boss",CHOOSE(ArtifactsInput!$N$28+1,20,24,28,32,36,40),0)+(IF(ArtifactsInput!$M$34,MIN(CHOOSE(ArtifactsInput!$N$34+1,10,12,14,16,18,20),MAX(0,(CHOOSE(ArtifactsInput!$N$34+1,0.5,0.6,0.7,0.8,0.9,1)/3)*(Inputs!$B$11-60))),0)-IF(ArtifactsInput!$M$34,MIN(CHOOSE(ArtifactsInput!$N$34+1,10,12,14,16,18,20),MAX(0,(CHOOSE(ArtifactsInput!$N$34+1,0.5,0.6,0.7,0.8,0.9,1)/3)*(Inputs!$B$11-60))),0)))/100)*(1+F93/100)*(1+IF(Inputs!$B$3>=120,F96,0)/100)^5*(1+(IF(Skills!A2="BASIC_ATTACK",Inputs!$B$17+(((IF(AND(ArtifactsInput!$M$42,((Inputs!$B$9+(ArtifactsInput!$M$24-ArtifactsInput!$M$24)*CHOOSE(ArtifactsInput!$N$24+1,10,12,14,16,18,20)+IF(ArtifactsInput!$M$10,CHOOSE(ArtifactsInput!$N$10+1,15,18,21,24,27,30)*(IF(Inputs!$B$38="pvp",MIN(15,15)/15,IF(AND(Inputs!$B$38<>"pvp",Inputs!$B$43>0),MIN(15,Inputs!$B$43)/(Inputs!$B$43),0))),0)))>=100),MIN(100,((Inputs!$B$9+(ArtifactsInput!$M$24-ArtifactsInput!$M$24)*CHOOSE(ArtifactsInput!$N$24+1,10,12,14,16,18,20)+IF(ArtifactsInput!$M$10,CHOOSE(ArtifactsInput!$N$10+1,15,18,21,24,27,30)*(IF(Inputs!$B$38="pvp",MIN(15,15)/15,IF(AND(Inputs!$B$38<>"pvp",Inputs!$B$43>0),MIN(15,Inputs!$B$43)/(Inputs!$B$43),0))),0)))-100),0))*CHOOSE(ArtifactsInput!$N$42+1,0.6,0.72,0.84,0.96,1.08,1.2))),Inputs!$B$18+(IF(AND(ArtifactsInput!$M$42,((Inputs!$B$9+(ArtifactsInput!$M$24-ArtifactsInput!$M$24)*CHOOSE(ArtifactsInput!$N$24+1,10,12,14,16,18,20)+IF(ArtifactsInput!$M$10,CHOOSE(ArtifactsInput!$N$10+1,15,18,21,24,27,30)*(IF(Inputs!$B$38="pvp",MIN(15,15)/15,IF(AND(Inputs!$B$38<>"pvp",Inputs!$B$43>0),MIN(15,Inputs!$B$43)/(Inputs!$B$43),0))),0)))>=100),CHOOSE(ArtifactsInput!$N$42+1,40,48,56,64,72,80),0))+IF(Inputs!$B$3>=125,F97*5,0)))/100)*(B100*B101*B102*(1+(IF(ArtifactsInput!$M$11,CHOOSE(ArtifactsInput!$N$11+1,15,18,21,24,27,30)*(IF(AND(Inputs!$B$38<>"pvp",Inputs!$B$43=0),3,IF(IF(Inputs!$B$38="pvp",15,Inputs!$B$43)<=20,0,IF(IF(Inputs!$B$38="pvp",15,Inputs!$B$43)<=40,(IF(Inputs!$B$38="pvp",15,Inputs!$B$43)-20)/(IF(Inputs!$B$38="pvp",15,Inputs!$B$43)),IF(IF(Inputs!$B$38="pvp",15,Inputs!$B$43)<=60,(2*IF(Inputs!$B$38="pvp",15,Inputs!$B$43)-60)/(IF(Inputs!$B$38="pvp",15,Inputs!$B$43)),(3*IF(Inputs!$B$38="pvp",15,Inputs!$B$43)-120)/(IF(Inputs!$B$38="pvp",15,Inputs!$B$43))))))),0))/100)*I72) | L72: =K72*(MIN(Inputs!$B$22+(F92-Calc!F22),(Inputs!$B$23+(IF(ArtifactsInput!$M$15,CHOOSE(ArtifactsInput!$N$15+1,25,30,35,40,45,50)/100*(Inputs!$B$11-Inputs!$B$11),0))))/100+(Inputs!$B$23+(IF(ArtifactsInput!$M$15,CHOOSE(ArtifactsInput!$N$15+1,25,30,35,40,45,50)/100*(Inputs!$B$11-Inputs!$B$11),0)))/100)/2 | M72: =L72*(1+(Inputs!$B$10+(F91-Calc!F21)+(IF(ArtifactsInput!$M$24,CHOOSE(ArtifactsInput!$N$24+1,30,36,42,48,54,60)/100*(Inputs!$B$9-Inputs!$B$9),0)+IF(ArtifactsInput!$M$10,CHOOSE(ArtifactsInput!$N$10+1,20,24,28,32,36,40)*(IF(Inputs!$B$38="pvp",MIN(15,15)/15,IF(AND(Inputs!$B$38<>"pvp",Inputs!$B$43>0),MIN(15,Inputs!$B$43)/(Inputs!$B$43),0))),0)+IF(ArtifactsInput!$M$31,1.5*CHOOSE(ArtifactsInput!$N$31+1,20,24,28,32,36,40),0)))/100) | N72: =L72*(1-MIN((Inputs!$B$9+(F90-Calc!F20)+(ArtifactsInput!$M$24-ArtifactsInput!$M$24)*CHOOSE(ArtifactsInput!$N$24+1,10,12,14,16,18,20)+(IF(AND(ArtifactsInput!$M$42,((Inputs!$B$9+(ArtifactsInput!$M$24-ArtifactsInput!$M$24)*CHOOSE(ArtifactsInput!$N$24+1,10,12,14,16,18,20)+IF(ArtifactsInput!$M$10,CHOOSE(ArtifactsInput!$N$10+1,15,18,21,24,27,30)*(IF(Inputs!$B$38="pvp",MIN(15,15)/15,IF(AND(Inputs!$B$38<>"pvp",Inputs!$B$43>0),MIN(15,Inputs!$B$43)/(Inputs!$B$43),0))),0)))<100),CHOOSE(ArtifactsInput!$N$42+1,30,36,42,48,54,60),0)+IF(ArtifactsInput!$M$10,CHOOSE(ArtifactsInput!$N$10+1,15,18,21,24,27,30)*(IF(Inputs!$B$38="pvp",MIN(15,15)/15,IF(AND(Inputs!$B$38<>"pvp",Inputs!$B$43>0),MIN(15,Inputs!$B$43)/(Inputs!$B$43),0))),0))),100)/100)+M72*(MIN((Inputs!$B$9+(F90-Calc!F20)+(ArtifactsInput!$M$24-ArtifactsInput!$M$24)*CHOOSE(ArtifactsInput!$N$24+1,10,12,14,16,18,20)+(IF(AND(ArtifactsInput!$M$42,((Inputs!$B$9+(ArtifactsInput!$M$24-ArtifactsInput!$M$24)*CHOOSE(ArtifactsInput!$N$24+1,10,12,14,16,18,20)+IF(ArtifactsInput!$M$10,CHOOSE(ArtifactsInput!$N$10+1,15,18,21,24,27,30)*(IF(Inputs!$B$38="pvp",MIN(15,15)/15,IF(AND(Inputs!$B$38<>"pvp",Inputs!$B$43>0),MIN(15,Inputs!$B$43)/(Inputs!$B$43),0))),0)))<100),CHOOSE(ArtifactsInput!$N$42+1,30,36,42,48,54,60),0)+IF(ArtifactsInput!$M$10,CHOOSE(ArtifactsInput!$N$10+1,15,18,21,24,27,30)*(IF(Inputs!$B$38="pvp",MIN(15,15)/15,IF(AND(Inputs!$B$38<>"pvp",Inputs!$B$43>0),MIN(15,Inputs!$B$43)/(Inputs!$B$43),0))),0))),100)/100) | O72: =(1-Summary!$B$11)*S72+Summary!$B$11*U72 | P72: =IF(B111=0,0,O72/B111) | Q72: =IFERROR(1/(IF(Inputs!$B$38="pvp",15,MAX(0.1,Skills!E2-IF(Skills!F2=TRUE,Inputs!$B$32,0)))*(1-IF(AND(ArtifactsInput!$M$27,Inputs!$B$4="Chapter Hunt"),CHOOSE(ArtifactsInput!$N$27+1,20,24,28,32,36,40),0)/100)),0) | R72: 0 | S72: =(Skills!G2*N72*B106)*IF(Inputs!$B$38="pvp",1,1+(Inputs!$B$20+Skills!P2+(IF(AND(ArtifactsInput!$M$36,IF(Inputs!$B$38="pvp",TRUE,AND(Inputs!$B$38<>"pvp",Inputs!$B$43>0))),MAX(0,MIN(40,IF(Inputs!$B$38="pvp",15,Inputs!$B$43))-MAX(20,IF(Inputs!$B$4="Breakthrough",20,IF(Inputs!$B$4="Hero Dungeon",30,0))))/(IF(Inputs!$B$38="pvp",15,Inputs!$B$43)-IF(Inputs!$B$4="Breakthrough",20,IF(Inputs!$B$4="Hero Dungeon",30,0)))*CHOOSE(ArtifactsInput!$N$36+1,30,36,42,48,54,60),0)+IF(ArtifactsInput!$M$33,CHOOSE(ArtifactsInput!$N$33+1,10,12,14,16,18,20),0)+(ArtifactsInput!$M$23-ArtifactsInput!$M$23)*CHOOSE(ArtifactsInput!$N$23+1,50,60,70,80,90,100)))/100)*((((5000/(6000+Inputs!$B$42*(1-(100*(1-(1-(100*(1-(1-Inputs!$B$19/100)*(1-CHOOSE(ArtifactsInput!$N$40+1,5,6,7,8,9,10)/100)^(ArtifactsInput!$M$40-ArtifactsInput!$M$40)))/100)*(1-IF(ArtifactsInput!$M$40,CHOOSE(ArtifactsInput!$N$40+1,5,6,7,8,9,10),0)/100)^IF(Inputs!$B$38="pvp",1,2)))/100)))/(5000/(6000+Inputs!$B$42*(1-(100*(1-(1-Inputs!$B$19/100)*(1-CHOOSE(ArtifactsInput!$N$40+1,5,6,7,8,9,10)/100)^(ArtifactsInput!$M$40-ArtifactsInput!$M$40)))/100))))*((L72*(1-MIN(100,(Inputs!$B$9+(F90-Calc!F20)+(ArtifactsInput!$M$24-ArtifactsInput!$M$24)*CHOOSE(ArtifactsInput!$N$24+1,10,12,14,16,18,20)+(IF(AND(ArtifactsInput!$M$42,((Inputs!$B$9+(ArtifactsInput!$M$24-ArtifactsInput!$M$24)*CHOOSE(ArtifactsInput!$N$24+1,10,12,14,16,18,20)+IF(ArtifactsInput!$M$10,CHOOSE(ArtifactsInput!$N$10+1,15,18,21,24,27,30)*(IF(Inputs!$B$38="pvp",MIN(15,15)/15,IF(AND(Inputs!$B$38<>"pvp",Inputs!$B$43>0),MIN(15,Inputs!$B$43)/(Inputs!$B$43),0))),0)))<100),CHOOSE(ArtifactsInput!$N$42+1,30,36,42,48,54,60),0)+IF(ArtifactsInput!$M$10,CHOOSE(ArtifactsInput!$N$10+1,15,18,21,24,27,30)*(IF(Inputs!$B$38="pvp",MIN(15,15)/15,IF(AND(Inputs!$B$38<>"pvp",Inputs!$B$43>0),MIN(15,Inputs!$B$43)/(Inputs!$B$43),0))),0)))+IF(AND(ArtifactsInput!$M$8,Inputs!$B$38<>"pvp"),CHOOSE(ArtifactsInput!$N$8+1,8,9.6,11.2,12.8,14.4,16),0))/100)+M72*(MIN(100,(Inputs!$B$9+(F90-Calc!F20)+(ArtifactsInput!$M$24-ArtifactsInput!$M$24)*CHOOSE(ArtifactsInput!$N$24+1,10,12,14,16,18,20)+(IF(AND(ArtifactsInput!$M$42,((Inputs!$B$9+(ArtifactsInput!$M$24-ArtifactsInput!$M$24)*CHOOSE(ArtifactsInput!$N$24+1,10,12,14,16,18,20)+IF(ArtifactsInput!$M$10,CHOOSE(ArtifactsInput!$N$10+1,15,18,21,24,27,30)*(IF(Inputs!$B$38="pvp",MIN(15,15)/15,IF(AND(Inputs!$B$38<>"pvp",Inputs!$B$43>0),MIN(15,Inputs!$B$43)/(Inputs!$B$43),0))),0)))<100),CHOOSE(ArtifactsInput!$N$42+1,30,36,42,48,54,60),0)+IF(ArtifactsInput!$M$10,CHOOSE(ArtifactsInput!$N$10+1,15,18,21,24,27,30)*(IF(Inputs!$B$38="pvp",MIN(15,15)/15,IF(AND(Inputs!$B$38<>"pvp",Inputs!$B$43>0),MIN(15,Inputs!$B$43)/(Inputs!$B$43),0))),0)))+IF(AND(ArtifactsInput!$M$8,Inputs!$B$38<>"pvp"),CHOOSE(ArtifactsInput!$N$8+1,8,9.6,11.2,12.8,14.4,16),0))/100))/(L72*(1-MIN(100,(Inputs!$B$9+(F90-Calc!F20)+(ArtifactsInput!$M$24-ArtifactsInput!$M$24)*CHOOSE(ArtifactsInput!$N$24+1,10,12,14,16,18,20)+(IF(AND(ArtifactsInput!$M$42,((Inputs!$B$9+(ArtifactsInput!$M$24-ArtifactsInput!$M$24)*CHOOSE(ArtifactsInput!$N$24+1,10,12,14,16,18,20)+IF(ArtifactsInput!$M$10,CHOOSE(ArtifactsInput!$N$10+1,15,18,21,24,27,30)*(IF(Inputs!$B$38="pvp",MIN(15,15)/15,IF(AND(Inputs!$B$38<>"pvp",Inputs!$B$43>0),MIN(15,Inputs!$B$43)/(Inputs!$B$43),0))),0)))<100),CHOOSE(ArtifactsInput!$N$42+1,30,36,42,48,54,60),0)+IF(ArtifactsInput!$M$10,CHOOSE(ArtifactsInput!$N$10+1,15,18,21,24,27,30)*(IF(Inputs!$B$38="pvp",MIN(15,15)/15,IF(AND(Inputs!$B$38<>"pvp",Inputs!$B$43>0),MIN(15,Inputs!$B$43)/(Inputs!$B$43),0))),0))))/100)+M72*(MIN(100,(Inputs!$B$9+(F90-Calc!F20)+(ArtifactsInput!$M$24-ArtifactsInput!$M$24)*CHOOSE(ArtifactsInput!$N$24+1,10,12,14,16,18,20)+(IF(AND(ArtifactsInput!$M$42,((Inputs!$B$9+(ArtifactsInput!$M$24-ArtifactsInput!$M$24)*CHOOSE(ArtifactsInput!$N$24+1,10,12,14,16,18,20)+IF(ArtifactsInput!$M$10,CHOOSE(ArtifactsInput!$N$10+1,15,18,21,24,27,30)*(IF(Inputs!$B$38="pvp",MIN(15,15)/15,IF(AND(Inputs!$B$38<>"pvp",Inputs!$B$43>0),MIN(15,Inputs!$B$43)/(Inputs!$B$43),0))),0)))<100),CHOOSE(ArtifactsInput!$N$42+1,30,36,42,48,54,60),0)+IF(ArtifactsInput!$M$10,CHOOSE(ArtifactsInput!$N$10+1,15,18,21,24,27,30)*(IF(Inputs!$B$38="pvp",MIN(15,15)/15,IF(AND(Inputs!$B$38<>"pvp",Inputs!$B$43>0),MIN(15,Inputs!$B$43)/(Inputs!$B$43),0))),0))))/100)))*(1+(IF(ArtifactsInput!$M$26,1*CHOOSE(ArtifactsInput!$N$26+1,1,1.2,1.4,1.6,1.8,2),0)+IF(AND(ArtifactsInput!$M$20,OR(Inputs!$B$38="normal",Inputs!$B$38="breakthrough")),CHOOSE(ArtifactsInput!$N$20+1,15,18,21,24,27,30)*(IF((Inputs!$B$43-IF(Inputs!$B$38="breakthrough",IF(Inputs!$B$4="Breakthrough",20,IF(Inputs!$B$4="Hero Dungeon",30,0)),Inputs!$B$43))=0,0,MAX(0,Inputs!$B$43-MAX(MAX(0,Inputs!$B$43-30),IF(Inputs!$B$38="breakthrough",IF(Inputs!$B$4="Breakthrough",20,IF(Inputs!$B$4="Hero Dungeon",30,0)),Inputs!$B$43)))/(Inputs!$B$43-IF(Inputs!$B$38="breakthrough",IF(Inputs!$B$4="Breakthrough",20,IF(Inputs!$B$4="Hero Dungeon",30,0)),Inputs!$B$43)))),0))/100))) | T72: =MAX(0,(Inputs!$B$3-100)*3)+Inputs!$B$28+Inputs!$B$29 | U72: =(Skills!G2*N72*B106)*IF(Inputs!$B$38="pvp",1,(1+(Inputs!$B$21+Skills!Q2+(IF(ArtifactsInput!$M$33,CHOOSE(ArtifactsInput!$N$33+1,30,36,42,48,54,60),0)))/100)*(MIN((6+Inputs!$B$33+IF(Inputs!$B$3>=136,1,0)),Inputs!$B$37)))*((1+(IF(AND(ArtifactsInput!$M$41,Inputs!$B$38<>"pvp"),CHOOSE(ArtifactsInput!$N$41+1,5,6,7,8,9,10)*IF(OR(Inputs!$B$4="Weapon Dungeon",Inputs!$B$4="Equipment Dungeon",Inputs!$B$4="Enhancement Dungeon",Inputs!$B$4="EXP Dungeon",Inputs!$B$4="Hero Dungeon"),3,1),0)+IF(ArtifactsInput!$M$26,10*CHOOSE(ArtifactsInput!$N$26+1,1,1.2,1.4,1.6,1.8,2),0)+IF(AND(ArtifactsInput!$M$20,OR(Inputs!$B$38="normal",Inputs!$B$38="breakthrough")),CHOOSE(ArtifactsInput!$N$20+1,15,18,21,24,27,30)*(IF(OR(Inputs!$B$43=0,IF(Inputs!$B$38="breakthrough",IF(Inputs!$B$4="Breakthrough",20,IF(Inputs!$B$4="Hero Dungeon",30,0)),Inputs!$B$43)=0),0,MAX(0,IF(Inputs!$B$38="breakthrough",IF(Inputs!$B$4="Breakthrough",20,IF(Inputs!$B$4="Hero Dungeon",30,0)),Inputs!$B$43)-MAX(0,Inputs!$B$43-30))/IF(Inputs!$B$38="breakthrough",IF(Inputs!$B$4="Breakthrough",20,IF(Inputs!$B$4="Hero Dungeon",30,0)),Inputs!$B$43))),0))/100)) | Z72: =MAX(0,(Inputs!$B$3-100)*3)+Inputs!$B$28+Inputs!$B$29
A73: =Skills!A3 | B73: =Skills!B3 | C73: =TRUE | D73: =IF(Skills!C3=1,60+Inputs!$B$25+Inputs!$B$29,IF(Skills!C3=2,90+Inputs!$B$26+Inputs!$B$29,IF(Skills!C3=3,120+Inputs!$B$27+Inputs!$B$29,MAX(0,(Inputs!$B$3-100)*3)+Inputs!$B$28+Inputs!$B$29))) | E73: =INDEX(FactorTable!$B$2:$Y$301, MATCH(ROUND(MIN(300,MAX(1,D73)),0), FactorTable!$A$2:$A$301,0), Skills!M3+1) | F73: =IF(Skills!N3=TRUE,(Skills!L3/10)*(E73/1000),Skills!L3/10)+Skills!O3 | G73: =Calc!G3 | H73: =Calc!H3 | I73: =IF(Skills!X3<>"",1+(Skills!X3/10)*(Z73/1000)/100,1) | J73: =((Inputs!$B$6*(1+Inputs!$B$7/100))+((((Inputs!$B$12+1)*(1+Inputs!$B$13/100))-(Inputs!$B$12*(1+Inputs!$B$13/100)))+0.25*(Inputs!$B$14-Inputs!$B$14))*(1+Inputs!$B$7/100))*(F73/100) | K73: =J73*(1+(((Inputs!$B$12+1)*(1+Inputs!$B$13/100))*0.01+Inputs!$B$14*0.0025)/100)*(1+Inputs!$B$15/100)*(1+Inputs!$B$16/100)*(5000/(6000+Inputs!$B$42*(1-(100*(1-(1-Inputs!$B$19/100)*(1-CHOOSE(ArtifactsInput!$N$40+1,5,6,7,8,9,10)/100)^(ArtifactsInput!$M$40-ArtifactsInput!$M$40)))/100)))*(1+Inputs!$B$24/100)*(1+(((1+IF(AND(ArtifactsInput!$M$36,IF(Inputs!$B$38="pvp",TRUE,AND(Inputs!$B$38<>"pvp",Inputs!$B$43>0))),CHOOSE(ArtifactsInput!$N$36+1,8,9.6,11.2,12.8,14.4,16),0)/100)*(1+IF(AND(ArtifactsInput!$M$32,Inputs!$B$4<>"Chapter Hunt"),CHOOSE(ArtifactsInput!$N$32+1,8,9.6,11.2,12.8,14.4,16),0)/100)*(1+IF(AND(ArtifactsInput!$M$38,Inputs!$B$38<>"pvp",Inputs!$B$43>0),CHOOSE(ArtifactsInput!$N$38+1,10,12,14,16,18,20)*(MIN(30,MAX(0,Inputs!$B$43-7))/Inputs!$B$43)*IF(Inputs!$B$4="Chapter Boss",2,1),0)/100)-1)*100+(ArtifactsInput!$M$14-ArtifactsInput!$M$14)*IF(OR(Inputs!$B$4="Weapon Dungeon",Inputs!$B$4="Equipment Dungeon",Inputs!$B$4="Enhancement Dungeon",Inputs!$B$4="EXP Dungeon",Inputs!$B$4="Hero Dungeon"),CHOOSE(ArtifactsInput!$N$14+1,10,12,14,16,18,20),0)+(ArtifactsInput!$M$29-ArtifactsInput!$M$29)*IF(Inputs!$B$38="pvp",CHOOSE(ArtifactsInput!$N$29+1,20,24,28,32,36,40),0)+(ArtifactsInput!$M$39-ArtifactsInput!$M$39)*CHOOSE(ArtifactsInput!$N$39+1,7,8.4,9.8,11.2,12.6,14)+(ArtifactsInput!$M$28-ArtifactsInput!$M$28)*IF(Inputs!$B$4="World Boss",CHOOSE(ArtifactsInput!$N$28+1,20,24,28,32,36,40),0)+(IF(ArtifactsInput!$M$34,MIN(CHOOSE(ArtifactsInput!$N$34+1,10,12,14,16,18,20),MAX(0,(CHOOSE(ArtifactsInput!$N$34+1,0.5,0.6,0.7,0.8,0.9,1)/3)*(Inputs!$B$11-60))),0)-IF(ArtifactsInput!$M$34,MIN(CHOOSE(ArtifactsInput!$N$34+1,10,12,14,16,18,20),MAX(0,(CHOOSE(ArtifactsInput!$N$34+1,0.5,0.6,0.7,0.8,0.9,1)/3)*(Inputs!$B$11-60))),0)))/100)*(1+F93/100)*(1+IF(Inputs!$B$3>=120,F96,0)/100)^5*(1+(IF(Skills!A3="BASIC_ATTACK",Inputs!$B$17+(((IF(AND(ArtifactsInput!$M$42,((Inputs!$B$9+(ArtifactsInput!$M$24-ArtifactsInput!$M$24)*CHOOSE(ArtifactsInput!$N$24+1,10,12,14,16,18,20)+IF(ArtifactsInput!$M$10,CHOOSE(ArtifactsInput!$N$10+1,15,18,21,24,27,30)*(IF(Inputs!$B$38="pvp",MIN(15,15)/15,IF(AND(Inputs!$B$38<>"pvp",Inputs!$B$43>0),MIN(15,Inputs!$B$43)/(Inputs!$B$43),0))),0)))>=100),MIN(100,((Inputs!$B$9+(ArtifactsInput!$M$24-ArtifactsInput!$M$24)*CHOOSE(ArtifactsInput!$N$24+1,10,12,14,16,18,20)+IF(ArtifactsInput!$M$10,CHOOSE(ArtifactsInput!$N$10+1,15,18,21,24,27,30)*(IF(Inputs!$B$38="pvp",MIN(15,15)/15,IF(AND(Inputs!$B$38<>"pvp",Inputs!$B$43>0),MIN(15,Inputs!$B$43)/(Inputs!$B$43),0))),0)))-100),0))*CHOOSE(ArtifactsInput!$N$42+1,0.6,0.72,0.84,0.96,1.08,1.2))),Inputs!$B$18+(IF(AND(ArtifactsInput!$M$42,((Inputs!$B$9+(ArtifactsInput!$M$24-ArtifactsInput!$M$24)*CHOOSE(ArtifactsInput!$N$24+1,10,12,14,16,18,20)+IF(ArtifactsInput!$M$10,CHOOSE(ArtifactsInput!$N$10+1,15,18,21,24,27,30)*(IF(Inputs!$B$38="pvp",MIN(15,15)/15,IF(AND(Inputs!$B$38<>"pvp",Inputs!$B$43>0),MIN(15,Inputs!$B$43)/(Inputs!$B$43),0))),0)))>=100),CHOOSE(ArtifactsInput!$N$42+1,40,48,56,64,72,80),0))+IF(Inputs!$B$3>=125,F97*5,0)))/100)*(B100*B101*B102*(1+(IF(ArtifactsInput!$M$11,CHOOSE(ArtifactsInput!$N$11+1,15,18,21,24,27,30)*(IF(AND(Inputs!$B$38<>"pvp",Inputs!$B$43=0),3,IF(IF(Inputs!$B$38="pvp",15,Inputs!$B$43)<=20,0,IF(IF(Inputs!$B$38="pvp",15,Inputs!$B$43)<=40,(IF(Inputs!$B$38="pvp",15,Inputs!$B$43)-20)/(IF(Inputs!$B$38="pvp",15,Inputs!$B$43)),IF(IF(Inputs!$B$38="pvp",15,Inputs!$B$43)<=60,(2*IF(Inputs!$B$38="pvp",15,Inputs!$B$43)-60)/(IF(Inputs!$B$38="pvp",15,Inputs!$B$43)),(3*IF(Inputs!$B$38="pvp",15,Inputs!$B$43)-120)/(IF(Inputs!$B$38="pvp",15,Inputs!$B$43))))))),0))/100)*I73) | L73: =K73*(MIN(Inputs!$B$22+(F92-Calc!F22),(Inputs!$B$23+(IF(ArtifactsInput!$M$15,CHOOSE(ArtifactsInput!$N$15+1,25,30,35,40,45,50)/100*(Inputs!$B$11-Inputs!$B$11),0))))/100+(Inputs!$B$23+(IF(ArtifactsInput!$M$15,CHOOSE(ArtifactsInput!$N$15+1,25,30,35,40,45,50)/100*(Inputs!$B$11-Inputs!$B$11),0)))/100)/2 | M73: =L73*(1+(Inputs!$B$10+(F91-Calc!F21)+(IF(ArtifactsInput!$M$24,CHOOSE(ArtifactsInput!$N$24+1,30,36,42,48,54,60)/100*(Inputs!$B$9-Inputs!$B$9),0)+IF(ArtifactsInput!$M$10,CHOOSE(ArtifactsInput!$N$10+1,20,24,28,32,36,40)*(IF(Inputs!$B$38="pvp",MIN(15,15)/15,IF(AND(Inputs!$B$38<>"pvp",Inputs!$B$43>0),MIN(15,Inputs!$B$43)/(Inputs!$B$43),0))),0)+IF(ArtifactsInput!$M$31,1.5*CHOOSE(ArtifactsInput!$N$31+1,20,24,28,32,36,40),0)))/100) | N73: =L73*(1-MIN((Inputs!$B$9+(F90-Calc!F20)+(ArtifactsInput!$M$24-ArtifactsInput!$M$24)*CHOOSE(ArtifactsInput!$N$24+1,10,12,14,16,18,20)+(IF(AND(ArtifactsInput!$M$42,((Inputs!$B$9+(ArtifactsInput!$M$24-ArtifactsInput!$M$24)*CHOOSE(ArtifactsInput!$N$24+1,10,12,14,16,18,20)+IF(ArtifactsInput!$M$10,CHOOSE(ArtifactsInput!$N$10+1,15,18,21,24,27,30)*(IF(Inputs!$B$38="pvp",MIN(15,15)/15,IF(AND(Inputs!$B$38<>"pvp",Inputs!$B$43>0),MIN(15,Inputs!$B$43)/(Inputs!$B$43),0))),0)))<100),CHOOSE(ArtifactsInput!$N$42+1,30,36,42,48,54,60),0)+IF(ArtifactsInput!$M$10,CHOOSE(ArtifactsInput!$N$10+1,15,18,21,24,27,30)*(IF(Inputs!$B$38="pvp",MIN(15,15)/15,IF(AND(Inputs!$B$38<>"pvp",Inputs!$B$43>0),MIN(15,Inputs!$B$43)/(Inputs!$B$43),0))),0))),100)/100)+M73*(MIN((Inputs!$B$9+(F90-Calc!F20)+(ArtifactsInput!$M$24-ArtifactsInput!$M$24)*CHOOSE(ArtifactsInput!$N$24+1,10,12,14,16,18,20)+(IF(AND(ArtifactsInput!$M$42,((Inputs!$B$9+(ArtifactsInput!$M$24-ArtifactsInput!$M$24)*CHOOSE(ArtifactsInput!$N$24+1,10,12,14,16,18,20)+IF(ArtifactsInput!$M$10,CHOOSE(ArtifactsInput!$N$10+1,15,18,21,24,27,30)*(IF(Inputs!$B$38="pvp",MIN(15,15)/15,IF(AND(Inputs!$B$38<>"pvp",Inputs!$B$43>0),MIN(15,Inputs!$B$43)/(Inputs!$B$43),0))),0)))<100),CHOOSE(ArtifactsInput!$N$42+1,30,36,42,48,54,60),0)+IF(ArtifactsInput!$M$10,CHOOSE(ArtifactsInput!$N$10+1,15,18,21,24,27,30)*(IF(Inputs!$B$38="pvp",MIN(15,15)/15,IF(AND(Inputs!$B$38<>"pvp",Inputs!$B$43>0),MIN(15,Inputs!$B$43)/(Inputs!$B$43),0))),0))),100)/100) | O73: =(1-Summary!$B$11)*S73+Summary!$B$11*U73 | P73: =IF(B111=0,0,O73/B111) | Q73: =IFERROR(1/(IF(Inputs!$B$38="pvp",15,MAX(0.1,Skills!E3-IF(Skills!F3=TRUE,Inputs!$B$32,0)))*(1-IF(AND(ArtifactsInput!$M$27,Inputs!$B$4="Chapter Hunt"),CHOOSE(ArtifactsInput!$N$27+1,20,24,28,32,36,40),0)/100)),0) | R73: =IF(AND(Inputs!$B$38<>"pvp",Inputs!$B$43>0),IF(MAX(0,Inputs!$B$43-B108)<=0,0,(INT(MAX(0,Inputs!$B$43-B108)/(IF(Inputs!$B$38="pvp",15,MAX(0.1,Skills!E3-IF(Skills!F3=TRUE,Inputs!$B$32,0)))*(1-IF(AND(ArtifactsInput!$M$27,Inputs!$B$4="Chapter Hunt"),CHOOSE(ArtifactsInput!$N$27+1,20,24,28,32,36,40),0)/100)))+1)),0) | S73: =IF(C73,(H73*N73*IF(AND(Inputs!$B$38<>"pvp",Inputs!$B$43>0),((Skills!G3*((R73-1)*IF(Skills!H3>0,Skills!I3/Skills!H3,1)+IF(Skills!H3>0,MIN(Skills!I3,MAX(0,MAX(0,Inputs!$B$43-B108)-((R73-1)*(IF(Inputs!$B$38="pvp",15,MAX(0.1,Skills!E3-IF(Skills!F3=TRUE,Inputs!$B$32,0)))*(1-IF(AND(ArtifactsInput!$M$27,Inputs!$B$4="Chapter Hunt"),CHOOSE(ArtifactsInput!$N$27+1,20,24,28,32,36,40),0)/100)))))/Skills!H3,1)))/Inputs!$B$43),G73*Q73))*IF(Inputs!$B$38="pvp",1,1+(Inputs!$B$20+Skills!P3+(IF(AND(ArtifactsInput!$M$36,IF(Inputs!$B$38="pvp",TRUE,AND(Inputs!$B$38<>"pvp",Inputs!$B$43>0))),MAX(0,MIN(40,IF(Inputs!$B$38="pvp",15,Inputs!$B$43))-MAX(20,IF(Inputs!$B$4="Breakthrough",20,IF(Inputs!$B$4="Hero Dungeon",30,0))))/(IF(Inputs!$B$38="pvp",15,Inputs!$B$43)-IF(Inputs!$B$4="Breakthrough",20,IF(Inputs!$B$4="Hero Dungeon",30,0)))*CHOOSE(ArtifactsInput!$N$36+1,30,36,42,48,54,60),0)+IF(ArtifactsInput!$M$33,CHOOSE(ArtifactsInput!$N$33+1,10,12,14,16,18,20),0)+(ArtifactsInput!$M$23-ArtifactsInput!$M$23)*CHOOSE(ArtifactsInput!$N$23+1,50,60,70,80,90,100)))/100)*((((5000/(6000+Inputs!$B$42*(1-(100*(1-(1-(100*(1-(1-Inputs!$B$19/100)*(1-CHOOSE(ArtifactsInput!$N$40+1,5,6,7,8,9,10)/100)^(ArtifactsInput!$M$40-ArtifactsInput!$M$40)))/100)*(1-IF(ArtifactsInput!$M$40,CHOOSE(ArtifactsInput!$N$40+1,5,6,7,8,9,10),0)/100)^IF(Inputs!$B$38="pvp",1,2)))/100)))/(5000/(6000+Inputs!$B$42*(1-(100*(1-(1-Inputs!$B$19/100)*(1-CHOOSE(ArtifactsInput!$N$40+1,5,6,7,8,9,10)/100)^(ArtifactsInput!$M$40-ArtifactsInput!$M$40)))/100))))*((L73*(1-MIN(100,(Inputs!$B$9+(F90-Calc!F20)+(ArtifactsInput!$M$24-ArtifactsInput!$M$24)*CHOOSE(ArtifactsInput!$N$24+1,10,12,14,16,18,20)+(IF(AND(ArtifactsInput!$M$42,((Inputs!$B$9+(ArtifactsInput!$M$24-ArtifactsInput!$M$24)*CHOOSE(ArtifactsInput!$N$24+1,10,12,14,16,18,20)+IF(ArtifactsInput!$M$10,CHOOSE(ArtifactsInput!$N$10+1,15,18,21,24,27,30)*(IF(Inputs!$B$38="pvp",MIN(15,15)/15,IF(AND(Inputs!$B$38<>"pvp",Inputs!$B$43>0),MIN(15,Inputs!$B$43)/(Inputs!$B$43),0))),0)))<100),CHOOSE(ArtifactsInput!$N$42+1,30,36,42,48,54,60),0)+IF(ArtifactsInput!$M$10,CHOOSE(ArtifactsInput!$N$10+1,15,18,21,24,27,30)*(IF(Inputs!$B$38="pvp",MIN(15,15)/15,IF(AND(Inputs!$B$38<>"pvp",Inputs!$B$43>0),MIN(15,Inputs!$B$43)/(Inputs!$B$43),0))),0)))+IF(AND(ArtifactsInput!$M$8,Inputs!$B$38<>"pvp"),CHOOSE(ArtifactsInput!$N$8+1,8,9.6,11.2,12.8,14.4,16),0))/100)+M73*(MIN(100,(Inputs!$B$9+(F90-Calc!F20)+(ArtifactsInput!$M$24-ArtifactsInput!$M$24)*CHOOSE(ArtifactsInput!$N$24+1,10,12,14,16,18,20)+(IF(AND(ArtifactsInput!$M$42,((Inputs!$B$9+(ArtifactsInput!$M$24-ArtifactsInput!$M$24)*CHOOSE(ArtifactsInput!$N$24+1,10,12,14,16,18,20)+IF(ArtifactsInput!$M$10,CHOOSE(ArtifactsInput!$N$10+1,15,18,21,24,27,30)*(IF(Inputs!$B$38="pvp",MIN(15,15)/15,IF(AND(Inputs!$B$38<>"pvp",Inputs!$B$43>0),MIN(15,Inputs!$B$43)/(Inputs!$B$43),0))),0)))<100),CHOOSE(ArtifactsInput!$N$42+1,30,36,42,48,54,60),0)+IF(ArtifactsInput!$M$10,CHOOSE(ArtifactsInput!$N$10+1,15,18,21,24,27,30)*(IF(Inputs!$B$38="pvp",MIN(15,15)/15,IF(AND(Inputs!$B$38<>"pvp",Inputs!$B$43>0),MIN(15,Inputs!$B$43)/(Inputs!$B$43),0))),0)))+IF(AND(ArtifactsInput!$M$8,Inputs!$B$38<>"pvp"),CHOOSE(ArtifactsInput!$N$8+1,8,9.6,11.2,12.8,14.4,16),0))/100))/(L73*(1-MIN(100,(Inputs!$B$9+(F90-Calc!F20)+(ArtifactsInput!$M$24-ArtifactsInput!$M$24)*CHOOSE(ArtifactsInput!$N$24+1,10,12,14,16,18,20)+(IF(AND(ArtifactsInput!$M$42,((Inputs!$B$9+(ArtifactsInput!$M$24-ArtifactsInput!$M$24)*CHOOSE(ArtifactsInput!$N$24+1,10,12,14,16,18,20)+IF(ArtifactsInput!$M$10,CHOOSE(ArtifactsInput!$N$10+1,15,18,21,24,27,30)*(IF(Inputs!$B$38="pvp",MIN(15,15)/15,IF(AND(Inputs!$B$38<>"pvp",Inputs!$B$43>0),MIN(15,Inputs!$B$43)/(Inputs!$B$43),0))),0)))<100),CHOOSE(ArtifactsInput!$N$42+1,30,36,42,48,54,60),0)+IF(ArtifactsInput!$M$10,CHOOSE(ArtifactsInput!$N$10+1,15,18,21,24,27,30)*(IF(Inputs!$B$38="pvp",MIN(15,15)/15,IF(AND(Inputs!$B$38<>"pvp",Inputs!$B$43>0),MIN(15,Inputs!$B$43)/(Inputs!$B$43),0))),0))))/100)+M73*(MIN(100,(Inputs!$B$9+(F90-Calc!F20)+(ArtifactsInput!$M$24-ArtifactsInput!$M$24)*CHOOSE(ArtifactsInput!$N$24+1,10,12,14,16,18,20)+(IF(AND(ArtifactsInput!$M$42,((Inputs!$B$9+(ArtifactsInput!$M$24-ArtifactsInput!$M$24)*CHOOSE(ArtifactsInput!$N$24+1,10,12,14,16,18,20)+IF(ArtifactsInput!$M$10,CHOOSE(ArtifactsInput!$N$10+1,15,18,21,24,27,30)*(IF(Inputs!$B$38="pvp",MIN(15,15)/15,IF(AND(Inputs!$B$38<>"pvp",Inputs!$B$43>0),MIN(15,Inputs!$B$43)/(Inputs!$B$43),0))),0)))<100),CHOOSE(ArtifactsInput!$N$42+1,30,36,42,48,54,60),0)+IF(ArtifactsInput!$M$10,CHOOSE(ArtifactsInput!$N$10+1,15,18,21,24,27,30)*(IF(Inputs!$B$38="pvp",MIN(15,15)/15,IF(AND(Inputs!$B$38<>"pvp",Inputs!$B$43>0),MIN(15,Inputs!$B$43)/(Inputs!$B$43),0))),0))))/100)))*(1+(IF(ArtifactsInput!$M$26,1*CHOOSE(ArtifactsInput!$N$26+1,1,1.2,1.4,1.6,1.8,2),0)+IF(AND(ArtifactsInput!$M$20,OR(Inputs!$B$38="normal",Inputs!$B$38="breakthrough")),CHOOSE(ArtifactsInput!$N$20+1,15,18,21,24,27,30)*(IF((Inputs!$B$43-IF(Inputs!$B$38="breakthrough",IF(Inputs!$B$4="Breakthrough",20,IF(Inputs!$B$4="Hero Dungeon",30,0)),Inputs!$B$43))=0,0,MAX(0,Inputs!$B$43-MAX(MAX(0,Inputs!$B$43-30),IF(Inputs!$B$38="breakthrough",IF(Inputs!$B$4="Breakthrough",20,IF(Inputs!$B$4="Hero Dungeon",30,0)),Inputs!$B$43)))/(Inputs!$B$43-IF(Inputs!$B$38="breakthrough",IF(Inputs!$B$4="Breakthrough",20,IF(Inputs!$B$4="Hero Dungeon",30,0)),Inputs!$B$43)))),0))/100))),0) | T73: =INDEX(FactorTable!$B$2:$Y$301, MATCH(ROUND(MIN(300,MAX(1,T72)),0), FactorTable!$A$2:$A$301,0), 22) | U73: =IF(C73,(H73*N73*IF(AND(Inputs!$B$38<>"pvp",Inputs!$B$43>0),((Skills!G3*((R73-1)*IF(Skills!H3>0,Skills!I3/Skills!H3,1)+IF(Skills!H3>0,MIN(Skills!I3,MAX(0,MAX(0,Inputs!$B$43-B108)-((R73-1)*(IF(Inputs!$B$38="pvp",15,MAX(0.1,Skills!E3-IF(Skills!F3=TRUE,Inputs!$B$32,0)))*(1-IF(AND(ArtifactsInput!$M$27,Inputs!$B$4="Chapter Hunt"),CHOOSE(ArtifactsInput!$N$27+1,20,24,28,32,36,40),0)/100)))))/Skills!H3,1)))/Inputs!$B$43),G73*Q73))*IF(Inputs!$B$38="pvp",1,(1+(Inputs!$B$21+Skills!Q3+(IF(ArtifactsInput!$M$33,CHOOSE(ArtifactsInput!$N$33+1,30,36,42,48,54,60),0)))/100)*(MIN(Skills!R3,Inputs!$B$37)))*((1+(IF(AND(ArtifactsInput!$M$41,Inputs!$B$38<>"pvp"),CHOOSE(ArtifactsInput!$N$41+1,5,6,7,8,9,10)*IF(OR(Inputs!$B$4="Weapon Dungeon",Inputs!$B$4="Equipment Dungeon",Inputs!$B$4="Enhancement Dungeon",Inputs!$B$4="EXP Dungeon",Inputs!$B$4="Hero Dungeon"),3,1),0)+IF(ArtifactsInput!$M$26,10*CHOOSE(ArtifactsInput!$N$26+1,1,1.2,1.4,1.6,1.8,2),0)+IF(AND(ArtifactsInput!$M$20,OR(Inputs!$B$38="normal",Inputs!$B$38="breakthrough")),CHOOSE(ArtifactsInput!$N$20+1,15,18,21,24,27,30)*(IF(OR(Inputs!$B$43=0,IF(Inputs!$B$38="breakthrough",IF(Inputs!$B$4="Breakthrough",20,IF(Inputs!$B$4="Hero Dungeon",30,0)),Inputs!$B$43)=0),0,MAX(0,IF(Inputs!$B$38="breakthrough",IF(Inputs!$B$4="Breakthrough",20,IF(Inputs!$B$4="Hero Dungeon",30,0)),Inputs!$B$43)-MAX(0,Inputs!$B$43-30))/IF(Inputs!$B$38="breakthrough",IF(Inputs!$B$4="Breakthrough",20,IF(Inputs!$B$4="Hero Dungeon",30,0)),Inputs!$B$43))),0))/100)),0) | Z73: =INDEX(FactorTable!$B$2:$Y$301, MATCH(ROUND(MIN(300,MAX(1,Z72)),0), FactorTable!$A$2:$A$301,0), 24)
